"doc_id","passage","is_securitising","securitisation_type","referent_object","threat_actor","extraordinary_measure","confidence","coder_notes","batch_file","doc_date","doc_title","doc_source","doc_content_type","doc_url","juncture","year"
"016f01e23ad6","Тотальне нав'язування нехристиянських політичних поглядів, які до того ж цілком чужі більшості українців, поступово переростає у переслідування всіх інакомислячих — у даному випадку передовсім захисників чистоти православної віри... З вуст політично заангажованих проросійських архієреїв лунають ярлики і погрози, які безпосередньо застосовуються там, де вони мають владу — стосовно кліриків та мирян на церковних посадах.",TRUE,"ontological","faith","internal","other",2,"Written from within/sympathetic to the UOC (then MP-affiliated), this op-ed frames the 'russkiy mir' ideology, propagated by pro-Russian bishops inside the UOC hierarchy, as an aggressive, non-Christian force causing unprecedented internal conflict and persecuting clergy/laity who defend the 'purity of Orthodox faith'. Threat actor coded as 'internal' (pro-Russian bishops within the Ukrainian church) though the ideology is sourced from Moscow. Extraordinary measure is implicit (see next entry) rather than stated in this exact passage.","coded_batch_01.json","2010-12-24","Автокефалія УПЦ: переосмислення","risu.ua","poroshenko_speech","https://risu.ua/avtokefaliya-upc-pereosmislennya_n43597","outside_junctures","2010"
"016f01e23ad6","В обставинах такого шаленого тиску автокефалія може стати єдиним чинником цілісності Церкви, запорукою збереження невикривленого етнофілетизмом православного віровчення, навіть якщо не вести мову про об'єднання з УАПЦ і УПЦ КП.",TRUE,"both","faith","Russia","other",2,"Clear securitising move: identifies 'russkiy mir' ideology and pressure from Moscow as an existential threat to the Church's integrity and doctrinal purity, and frames autocephaly (administrative separation from the Moscow Patriarchate) as the 'only' safeguard -- i.e. an extraordinary ecclesiastical measure beyond continuing dialogue/normal church politics. Coded extraordinary_measure as 'other' since it is administrative separation/schism rather than ban/sanction/dissolution/seizure of a target church; referent object is the true/undistorted Orthodox faith of the UOC.","coded_batch_01.json","2010-12-24","Автокефалія УПЦ: переосмислення","risu.ua","poroshenko_speech","https://risu.ua/avtokefaliya-upc-pereosmislennya_n43597","outside_junctures","2010"
"016f01e23ad6","РПЦ є надзвичайно заполітизованою церквою, що завжди сповідувала ідеї цезаропапізму та етатизму, а за патріарха Кирила ще й відверту єресь етнофілетизму («русскій мір»). Адміністративний вихід з-під її юрисдикції дасть шанс звільнитися від цих хворобливих ідей різних кольорів і спрямувань.",TRUE,"ontological","faith","Russia","other",2,"Author explicitly labels the Moscow Patriarchate's 'russkiy mir' doctrine as heresy ('єресь етнофілетизму') threatening the Church's spiritual health, and calls for 'administrative exit' from ROC jurisdiction (i.e. autocephaly) as the remedy -- threat + existential framing + call for an extraordinary ecclesiastical/administrative break.","coded_batch_01.json","2010-12-24","Автокефалія УПЦ: переосмислення","risu.ua","poroshenko_speech","https://risu.ua/avtokefaliya-upc-pereosmislennya_n43597","outside_junctures","2010"
"b7779885292a","Наталья Витренко объявила с трибуны, что Собор православных женщин Украины не будет мириться с таким порядком вещей и уже присоединился к «народному сопротивлению евроколонизации».",TRUE,"ontological","other","UOC-MP","other",2,"Reverse-direction securitising move: pro-Russian activist Natalia Vytrenko, speaking at a Moscow Patriarchate forum in Moscow, frames the UOC-MP leadership (Metropolitan Onufriy) as having 'betrayed' Russian Orthodoxy/the 'Russian World' by pursuing an independent policy, recognising the Ukrainian government, and condemning separatism, and declares that her organisation has joined 'popular resistance to Euro-colonisation'. This inverts the codebook's usual Ukrainian-nationalist framing: here the referent object under threat is Russian Orthodox unity/'Russian World' (coded 'other') and the threat actor is the UOC-MP leadership itself for insufficient loyalty to Moscow. Not Poroshenko's own words despite the speaker tag -- Poroshenko is only referenced as a topic ('so-called president'), not a speaker. Included because it directly involves and targets UOC-MP leadership with existential betrayal-framing and a call to join organised 'resistance'.","coded_batch_01.json","2014-06-06","Зал церковных Соборов РПЦ аплодировал Наталье Витренко за осуждение руководства УПЦ и «так называемого президента Порошенко»","risu.ua","poroshenko_speech","https://risu.ua/zal-cerkovnyh-soborov-rpc-aplodiroval-natale-vitrenko-za-osuzhdenie-rukovodstva-upc-i-tak-nazyvaemogo-prezidenta-poroshenko_n69187","outside_junctures","2014"
"b7779885292a","Тот враг православия, тот враг нашего народа -- я это утверждаю с этой высокой трибуны, и пусть мне попробует кто-то сказать, что Порошенко православный человек!",TRUE,"ontological","other","UOC-MP","other",1,"Vytrenko frames recognition of Poroshenko's presidency (which UOC-MP leadership publicly supported) as making one 'an enemy of Orthodoxy, an enemy of our people' -- existential enemy-framing tied directly to criticism of UOC-MP's stance. Lower confidence as the explicit target here is Poroshenko rather than UOC-MP directly, though UOC-MP's supportive stance toward him is the proximate grievance discussed in surrounding text.","coded_batch_01.json","2014-06-06","Зал церковных Соборов РПЦ аплодировал Наталье Витренко за осуждение руководства УПЦ и «так называемого президента Порошенко»","risu.ua","poroshenko_speech","https://risu.ua/zal-cerkovnyh-soborov-rpc-aplodiroval-natale-vitrenko-za-osuzhdenie-rukovodstva-upc-i-tak-nazyvaemogo-prezidenta-poroshenko_n69187","outside_junctures","2014"
"4f71c420c380","Жодного сумніву, що нам вдасться відбити цю інформаційну агресію. Церковну карту ми розіграти не дамо.",TRUE,"both","nation","Russia","other",2,"Direct Poroshenko quote at a meeting with the All-Ukrainian Council of Churches. He states that Russia's information war 'touches on church matters' and is attempting 'to split Ukrainian society' (~20% of Russian propaganda concerns religious material), labels this 'informational aggression', and vows resistance ('we will not allow the church card to be played'). Threat actor is Russia using religious institutions (implicitly including UOC-MP) as a vector; referent object is national unity. Extraordinary measure is coded 'other' as a vague vow of active resistance/defence rather than a specific named measure.","coded_batch_02.json","2015-02-18","Ми не дамо Росії розіграти церковну карту — Порошенко","risu.ua","poroshenko_speech","https://risu.ua/mi-ne-damo-rosiji-rozigrati-cerkovnu-kartu-poroshenko_n73059","outside_junctures","2015"
"6d2b9ef409d9","Украина — никакая не братская, я вам об этом прямо и честно говорю... сама Украина со всей своей свинской идеологией, со своим бесовским менталитетом, бытовым сатанизмом никакая не братская.",TRUE,"both","nation","Russia","other",2,"Reported statements by Andrei Tkachev, former head of the Kyiv eparchy missionary department of UOC (MP) who relocated to Moscow/ROC in 2014. He frames Ukraine itself as an existential 'enemy'/'hostile' entity ('demonic mentality') opposed to sacred Russian civilisational values, expresses hope for Poroshenko's imminent death, and calls for the Russian military to strike targets with precision -- an explicit call for extraordinary violent action. Coded as involving UOC-MP because the article specifically identifies him as a former leading UOC(MP)/ROC missionary, illustrating a securitising narrative associated with Moscow-aligned clergy formerly embedded in UOC-MP structures; the threat here runs from this figure toward Ukraine/Poroshenko rather than being a Ukrainian securitisation of UOC-MP. The article itself is reporting his statements rather than making its own securitising claim.","coded_batch_02.json","2015-11-18","Ведущий миссионер УПЦ/РПЦ ждет скорой смерти Порошенко и желает новых побед Путину","risu.ua","poroshenko_speech","https://risu.ua/vedushchiy-missioner-upc-rpc-zhdet-skoroy-smerti-poroshenko-i-zhelaet-novyh-pobed-putinu_n77040","outside_junctures","2015"
"1dd3bdc331ba","Ми не будемо байдуже споглядати за втручанням іншої держави в наші церковні справи, за її спробами використати у своїх інтересах почуття частини українських православних.",TRUE,"both","state","Russia","other",3,"Direct Poroshenko quote in his annual address to parliament. Identifies a foreign state (unnamed but clearly Russia in context) interfering in Ukraine's church affairs and exploiting the religious feelings of part of the Ukrainian Orthodox community (i.e. UOC-MP's flock) for its own interests -- a threat to state sovereignty (material) combined with exploitation of religious identity (ontological). The extraordinary measure is the parliamentary appeal to Patriarch Bartholomew to annul the 1686 transfer of the Kyiv Metropolis to Moscow, seeking full ecclesiastical independence -- an action outside normal state-church separation practice, justified by this threat framing.","coded_batch_02.json","2016-06-16","Президент подякував ВР за звернення до Варфоломія I щодо автокефалії Православної Церкви в Україні","risu.ua","poroshenko_speech","https://risu.ua/prezident-podyakuvav-vr-za-zvernennya-do-varfolomiya-i-shchodo-avtokefaliji-pravoslavnoji-cerkvi-v-ukrajini_n81084","outside_junctures","2016"
"51ac5163e69a","Нині іде наступ однієї православної церкви на УПЦ МП. Ми вважаємо таке протистояння за посередництва державних органів неприпустимим, що може призвести до міжконфесійної ворожнечі. У нас і так непроста ситуація в країні, ідуть утиски за національною ознакою, мовною, нині ми додаємо ще і релігійну ознаку.",TRUE,"material","other","other","none",2,"Reverse-direction securitising move: Opposition Bloc MP Oleksandr Dolzhenkov, defending UOC-MP, frames the Verkhovna Rada's appeal to Patriarch Bartholomew as a state-backed 'offensive' ('наступ') against UOC-MP, calls it 'unacceptable', and warns it risks provoking 'inter-confessional strife' on top of alleged existing ethnic/linguistic persecution. This inverts the codebook's default direction: here the referent object under threat is UOC-MP itself (coded 'other') and the threat actor is the Ukrainian state/political establishment pushing autocephaly (coded 'other'). No specific extraordinary measure is proposed in this passage beyond political objection/procedural obstruction (Opposition Bloc MPs are reported elsewhere in the article to have blocked the podium during the Rada vote). Included per task scope as directly involving/defending UOC-MP. Article also reports Kremlin spokesperson Dmitry Peskov warning that Ukrainian autocephaly 'will cause a church schism' that ROC 'cannot support' -- a milder, more diplomatic objection not rising to the same level of securitising language.","coded_batch_02.json","2016-06-16","Православна революція. Чи встигне патріарх Варфоломій змінити історію?","risu.ua","poroshenko_speech","https://risu.ua/pravoslavna-revolyuciya-chi-vstigne-patriarh-varfolomiy-zminiti-istoriyu_n90494","outside_junctures","2016"
"dba09ff7182e","Почався процес прозріння деяких вірян УПЦ МП, які переконалися в тому, що ця структура у складі РПЦ займає антиукраїнські позиції, освячує зброю терористів та просуває «русский мир» в Україні.",TRUE,"both","nation","UOC-MP","other",2,"This 2022 retrospective article (on the third anniversary of the Tomos) makes its own editorial securitising claim: that the UOC-MP 'as part of the ROC occupies anti-Ukrainian positions, blesses terrorists' weapons, and promotes the russkiy mir [ideology] in Ukraine' -- explicitly framing UOC-MP as an active threat to the nation (material: blessing terrorist weapons; ontological: promoting russkiy mir). The extraordinary measure is the broader narrative arc of the article itself: believers 'awakening' and leaving UOC-MP for the newly formed PCU (autocephalous church) as the appropriate extraordinary response.","coded_batch_02.json","2016-06-16","ПЦУ відзначає третю річницю отримання Томосу","risu.ua","poroshenko_speech","https://risu.ua/pcu-vidznachaye-tretyu-richnicyu-otrimannya-tomosu_n124857","outside_junctures","2016"
"dba09ff7182e","Представники РПЦ та російські урядовці погрожували релігійною війною в Україні та проклинали всіх, хто підтримує автокефалію.",TRUE,"both","nation","Russia","other",2,"Article reports that ROC representatives and Russian officials themselves 'threatened religious war in Ukraine' and cursed supporters of autocephaly in response to the Tomos process -- this documents an explicit threat/securitising move by Russian church and state actors directed at Ukraine over the church independence issue.","coded_batch_02.json","2016-06-16","ПЦУ відзначає третю річницю отримання Томосу","risu.ua","poroshenko_speech","https://risu.ua/pcu-vidznachaye-tretyu-richnicyu-otrimannya-tomosu_n124857","outside_junctures","2016"
"81a7dc69e948","Незалежність від Москви буде абсолютно узаконеною можливістю тримати на території України навіть не лабораторії, а цілі своєрідні військові бази «русского міра». Замість такої гібридної автокефалії для нас значно безпечніший відрив єпархій від Москви без жодного дозволу патріарха Кирила.",TRUE,"material","state","Russia","dissolution",3,"Explicit securitising move using military/security metaphor: the author warns that a 'hybrid' autocephaly which leaves UOC-MP monasteries under Moscow's direct control would effectively legalise 'veritable military bases of the russkiy mir' on Ukrainian territory. This existential framing (military bases = direct security threat) leads directly to a call for an extraordinary measure: forcibly severing eparchies from Moscow's jurisdiction without patriarchal permission, deemed 'safer' than negotiated hybrid autocephaly. Coded extraordinary_measure as 'dissolution' (dissolving Moscow's administrative/jurisdictional authority over Ukrainian dioceses).","coded_batch_02.json","2016-06-24","Автокефалія для чайників","risu.ua","poroshenko_speech","https://risu.ua/avtokefaliya-dlya-chaynikiv_n80173","outside_junctures","2016"
"ab207526ef77","Саме від неї ми очікуємо визнання Автокефалії Української Церкви – рівної до інших помісних православних Церков. І, зрозуміло, духовно та адміністративно незалежної від Москви, від країни-агресора.",TRUE,"both","nation","Russia","other",2,"Direct Poroshenko quote (Facebook statement on the Day of the Baptism of Rus-Ukraine) explicitly labels Moscow/Russia as 'the aggressor country' from which the Ukrainian Church must become 'spiritually and administratively independent'. This links the material conflict (Russia as aggressor state) to the ontological/religious independence sought via autocephaly -- threat identification plus a call for the extraordinary ecclesiastical-political measure of full administrative separation from Moscow.","coded_batch_02.json","2017-07-28","Порошенко закликав Константинополь визнати автокефалію української Церкви","risu.ua","poroshenko_speech","https://risu.ua/poroshenko-zaklikav-konstantinopol-viznati-avtokefaliyu-ukrajinskoji-cerkvi_n85826","outside_junctures","2017"
"30a88b12ea0d","Влада не буде пасивно споглядати, коли інші держави використовують залежні від них релігійні інституції для досягнення своїх геополітичних цілей.",TRUE,"both","state","Russia","other",3,"Direct Poroshenko quote from his annual address to the Verkhovna Rada. Explicitly identifies foreign states (unnamed but understood as Russia) using 'religious institutions dependent on them' -- i.e. UOC-MP as a Moscow-dependent institution -- to pursue 'geopolitical goals', and declares the state 'will not passively watch'. This is a clear securitising move: threat identification (instrumentalised religious institutions), framing as a matter beyond normal church-state separation, and an explicit vow of state action, in support of the drive for autocephaly announced in the same speech.","coded_batch_02.json","2017-09-07","Президент Порошенко підтримує створення Помісної Церкви в Україні","risu.ua","poroshenko_speech","https://risu.ua/prezident-poroshenko-pidtrimuye-stvorennya-pomisnoji-cerkvi-v-ukrajini_n86469","outside_junctures","2017"
"afb0c2722b5d","Українську Православну Церкву Московського Патріархату Порошенко розглядав як інструмент Росії у війні з Україною. «Хіба можуть називатися українськими храми, в яких моляться за патріарха РПЦ Кирила, який зі свого боку, молиться за російське військо, що вбиває українських воїнів і цивільне населення? Прошу задуматися над цим і паству, і вірних цієї конфесії».",TRUE,"both","state","UOC-MP","other",3,"One of the clearest securitising moves in the batch. The investigative article states plainly that Poroshenko 'viewed the UOC MP as an instrument of Russia in the war against Ukraine', and quotes his own speech at the Feast of the Protection questioning whether churches praying for Patriarch Kirill -- who in turn prays for the Russian military 'killing Ukrainian soldiers and civilians' -- can even be called Ukrainian, explicitly urging UOC-MP's own flock to 'reflect on this'. This combines direct threat identification (UOC-MP as an instrument of the aggressor), existential framing (complicity with forces killing Ukrainians), and an implicit call for extraordinary action: delegitimising UOC-MP's national standing and encouraging believers to reconsider affiliation, in the context of the broader Tomos/autocephaly drive.","coded_batch_02.json","2017-12-08","Як Порошенко Константинополь брав: історія томосу для українського православ'я","risu.ua","poroshenko_speech","https://risu.ua/yak-poroshenko-konstantinopol-brav-istoriya-tomosu-dlya-ukrajinskogo-pravoslav-ya_n95776","outside_junctures","2017"
"afb0c2722b5d","Зусиллями президента Порошенка доля українського православ'я із внутрішньоцерковного перетворилася на питання національної безпеки.",TRUE,"both","state","Russia","other",2,"The article's own framing (repeated near the top and body of the piece) states that through Poroshenko's efforts the fate of Ukrainian Orthodoxy 'was transformed from an internal church matter into a question of national security', and separately recounts that in 2016 Poroshenko declared church independence 'a matter of national security and a component of state independence', later expanding it to 'national identity' in 2018. This is a meta-level securitising move -- explicitly relabelling a religious/ecclesiastical issue as a national-security issue -- that underpins and justifies the extraordinary diplomatic campaign (personal presidential lobbying of the Ecumenical Patriarch) to secure the Tomos.","coded_batch_02.json","2017-12-08","Як Порошенко Константинополь брав: історія томосу для українського православ'я","risu.ua","poroshenko_speech","https://risu.ua/yak-poroshenko-konstantinopol-brav-istoriya-tomosu-dlya-ukrajinskogo-pravoslav-ya_n95776","outside_junctures","2017"
"bc636669af35","Ігоря Артюшенка до Голови СБУ, міністра юстиції, Генпрокурора щодо злочинної діяльності окремих представників УПЦ МП та Громадської організації «Союз православний «Радомир» у місті Запоріжжя.",TRUE,"material","state","UOC-MP","other",3,"Formal parliamentary interpellation (registered deputy inquiry) by MP Ihor Artyushenko, addressed to the Head of the SBU (Security Service), the Minister of Justice, and the Prosecutor General, concerning the 'criminal activity of certain representatives of UOC-MP and the NGO Union of Orthodox 'Radomir'' in Zaporizhzhia. This corroborates the 'Radomir' paramilitary youth organisation described in the Fr. Ihor Savva interview (batch 4, doc 7c7ef5e82884). A clear, textbook securitising move: threat identification (criminal activity), referred directly to the state's security and law-enforcement apparatus (SBU) rather than routed through ordinary civil/administrative channels -- itself an extraordinary, securitised venue for addressing the matter.","coded_batch_03.json","2018-01-19","Засідання 51","rada.gov.ua","rada_stenogram","https://www.rada.gov.ua/meeting/stenogr/show/6704.html","J1_autocephaly_2018-19","2018"
"bc636669af35","Андрія Іллєнка до Ради нацбезпеки і оборони України, Департаменту у справах релігій та національностей Міністерства культури України, Міністерства юстиції України про необхідність вжиття заходів реагування щодо антидержавної діяльності представників Української Православної Церкви (Московський Патріархат).",TRUE,"material","state","UOC-MP","other",3,"Formal parliamentary interpellation by MP Andriy Illienko, addressed directly to the National Security and Defence Council of Ukraine (RNBO) -- the country's top security body -- as well as the Ministry of Culture's Religious Affairs Department and the Ministry of Justice, explicitly labelling UOC-MP representatives' conduct as 'anti-state activity' (антидержавна діяльність) and calling for 'response measures' (заходи реагування). This is one of the clearest possible securitising moves in the corpus: explicit threat identification framed in state-security terms, referent object is the state itself (антидержавна = directed against the state), and the extraordinary measure is an explicit request that Ukraine's national security council take countermeasures -- a paradigmatic move from normal politics into the security domain.","coded_batch_03.json","2018-01-19","Засідання 51","rada.gov.ua","rada_stenogram","https://www.rada.gov.ua/meeting/stenogr/show/6704.html","J1_autocephaly_2018-19","2018"
"7c7ef5e82884","В конце концов, это оказалось военизированной организацией... Я говорю: «Боже упаси меня от такой охраны. Меня надо охранять от этой охраны».",TRUE,"material","other","UOC-MP","other",2,"Duplicate of the document already coded in batch 4 (same doc_id/content): interview with Fr. Ihor Savva, a UOC-MP priest stripped of his Zaporizhzhia parish for pro-Ukrainian sympathies, describing 'Radomir' -- a youth organisation tied to his eparchy that turned into a paramilitary group ('titushki' of the Moscow Patriarchate) allegedly involved in beating pro-Ukrainian Maidan protesters. This corroborates the formal parliamentary interpellation by MP Ihor Artyushenko to the SBU/Justice Ministry/Prosecutor General regarding 'criminal activity of certain representatives of UOC-MP and the NGO Radomir in Zaporizhzhia' (coded in the re-uploaded batch 3, doc bc636669af35). Coded identically to the prior instance: material threat, threat_actor UOC-MP, confidence 2 given the testimonial rather than explicit-call-to-action nature of the passage.","coded_batch_05.json","2018-03-14","Опальный священник Игорь Савва о конфликте с Московским патриархатом: ""Там могут сказать про ДНР - “наши”, а про Порошенко - “каратели”","risu.ua","poroshenko_speech","https://risu.ua/opalnyy-svyashchennik-igor-savva-o-konflikte-s-moskovskim-patriarhatom-quot-tam-mogut-skazat-pro-dnr-nashi-a-pro-poroshenko-karateli_n89721","J1_autocephaly_2018-19","2018"
"7203fffdcdbd","Слідом за делегаціями з Константинополя, які об'їздили помісні церкви, їхали такі самі від РПЦ і лякали «кровопролиттями в Україні через томос».",TRUE,"material","nation","Russia","other",2,"Duplicate of the document already coded in batch 6 (same doc_id/content): detailed BBC-sourced retrospective on the 2018 road to the Tomos. Reports that ROC delegations warned/threatened other Local Churches with 'bloodshed in Ukraine because of the Tomos' while touring to counter Constantinople's outreach -- an explicit securitising move by Russia/ROC using a violence threat as diplomatic leverage. Coded identically to the prior instance.","coded_batch_08.json","2018-04-17","Томос очима ВВС: як українська церква йшла до автокефалії","risu.ua","poroshenko_speech","https://risu.ua/tomos-ochima-vvs-yak-ukrajinska-cerkva-yshla-do-avtokefaliji_n102002","J1_autocephaly_2018-19","2018"
"88e57ef1dccd","Вважаю це питання історичної ваги для України, для усіх нас. І дане питання – це питання в першу чергу релігії, але також це питання утвердження державності та національної безпеки.",TRUE,"both","state","Russia","other",3,"Opening remarks by the Chair (Andriy Parubiy) of the Verkhovna Rada, introducing the vote on the resolution supporting Poroshenko's Tomos appeal (19 Apr 2018). Explicitly frames the autocephaly question as 'first a matter of religion, but also a matter of state-building and national security' -- a direct, unambiguous securitising statement by the presiding officer of parliament immediately before the vote and Poroshenko's speech.","coded_batch_09.json","2018-04-19","Засідання 34","rada.gov.ua","rada_stenogram","https://www.rada.gov.ua/meeting/stenogr/show/6787.html","J1_autocephaly_2018-19","2018"
"88e57ef1dccd","Такий Томос... видалить рудименти того політичного проекту, який називається «руським миром» і який придумали, до речі, саме ієрархи Російської Православної Церкви. То вже потім цю небезпечну для України політичну єресь взяла на озброєння влада Російської Федерації.",TRUE,"ontological","identity","Russia","other",3,"From Poroshenko's plenary speech presenting the Tomos appeal for parliamentary support. He explicitly labels the 'russkiy mir' project a 'dangerous political heresy for Ukraine', attributing its invention to Russian Orthodox Church hierarchs and its subsequent weaponisation by the Russian state -- explicit threat identification (heresy/ideological threat to Ukrainian identity) with Russia/ROC as threat actor, tied directly to the extraordinary measure of the Tomos campaign underway.","coded_batch_09.json","2018-04-19","Засідання 34","rada.gov.ua","rada_stenogram","https://www.rada.gov.ua/meeting/stenogr/show/6787.html","J1_autocephaly_2018-19","2018"
"88e57ef1dccd","Церкву, яка буде євхаристійно, молитовно поєднана з іншими помісними церквами, але адміністративно незалежну від будь-яких закордонних церковних юрисдикцій, особливо від тієї, яка прямо пов'язана з країною-агресором.",TRUE,"both","state","UOC-MP","other",3,"Poroshenko explicitly characterises the (unnamed but clearly UOC-MP) jurisdiction as 'directly linked to the aggressor country', framing administrative independence from it as the goal of the Tomos process -- direct threat-actor identification (UOC-MP's Moscow linkage) tied to the extraordinary measure of full administrative separation.","coded_batch_09.json","2018-04-19","Засідання 34","rada.gov.ua","rada_stenogram","https://www.rada.gov.ua/meeting/stenogr/show/6787.html","J1_autocephaly_2018-19","2018"
"88e57ef1dccd","А я давно попереджав... що ми не будемо байдуже спозирати за іншою державою... втручання іншої держави в наші церковні справи, за її спробами використати в своїх інтересах почуття частини українських православних.",TRUE,"both","state","Russia","other",3,"Poroshenko self-quotes his own earlier securitising formula (previously coded in batch 2, doc 1dd3bdc331ba) about not passively watching foreign-state interference in Ukraine's church affairs, reaffirming it directly in front of parliament as the justification for the vote about to take place.","coded_batch_09.json","2018-04-19","Засідання 34","rada.gov.ua","rada_stenogram","https://www.rada.gov.ua/meeting/stenogr/show/6787.html","J1_autocephaly_2018-19","2018"
"88e57ef1dccd","Для всіх справжніх патріотів зміцнення єдності є пріоритетним завданням, бо єдність – це наша головна зброя в боротьбі із російським агресором.",TRUE,"material","nation","Russia","other",3,"Poroshenko explicitly frames church unity (via the Tomos) as 'our main weapon in the fight against the Russian aggressor' -- militarised, existential framing of the autocephaly campaign as an instrument of national defence.","coded_batch_09.json","2018-04-19","Засідання 34","rada.gov.ua","rada_stenogram","https://www.rada.gov.ua/meeting/stenogr/show/6787.html","J1_autocephaly_2018-19","2018"
"88e57ef1dccd","Шановні, тут не лише релігія – тут геополітика... Це питання національної безпеки і нашої оборони в цій...",TRUE,"both","state","Russia","other",3,"The clearest possible securitising statement in the speech: Poroshenko explicitly declares 'this is not just religion -- this is geopolitics' and states the Tomos/autocephaly campaign is 'a matter of national security and our defence', placing it on par with EU/NATO accession as existential state priorities. This is a textbook Copenhagen School securitising move: explicit relabelling of a religious-institutional matter as a national-security matter, delivered directly to parliament immediately before the vote.","coded_batch_09.json","2018-04-19","Засідання 34","rada.gov.ua","rada_stenogram","https://www.rada.gov.ua/meeting/stenogr/show/6787.html","J1_autocephaly_2018-19","2018"
"c1a357698e8c","Наибольшее давление сейчас будет оказываться на самого Варфоломея. Вплоть до самых радикальных методов. К которым, увы, россиянам не привыкать.",TRUE,"material","other","Russia","other",2,"LB.ua analytical article (journalist S.K., not Poroshenko's own words despite the speaker tag) explaining the geopolitics of the Tomos push. Quoting 'church circles' sources, it predicts that Russia will apply maximum pressure on Patriarch Bartholomew to block Ukrainian autocephaly, 'up to the most radical methods, which Russians are, alas, no strangers to' -- a euphemistic but clear insinuation of potential violent/extreme coercion. Coded as a securitising move documenting Russia as threat actor against the Ecumenical Patriarchate (referent_object 'other' since the immediate target is Bartholomew/Constantinople rather than Ukraine directly), extraordinary_measure 'other' (radical coercive methods). The rest of the article is largely descriptive/explanatory journalism about the Tomos process, MP reactions, and church demographics.","coded_batch_09.json","2018-04-19","Порошенко и автокефалия: последний бой, он важный самый","risu.ua","poroshenko_speech","https://risu.ua/poroshenko-i-avtokefaliya-posledniy-boy-on-vazhnyy-samyy_n90561","J1_autocephaly_2018-19","2018"
"8c4fbf2b36b6","Автокефалія і зараз залишається частиною нео-імперських проектів. Нео-радянська нео-імперія використовує цей чинник (усіляко блокуючи українську автокефалію) для свого збереження і розвитку. Між тим Україна через автокефалію намагається вийти з обрію імперії.",TRUE,"both","nation","Russia","other",2,"Scholarly historical essay on the theology and politics of autocephaly (largely academic/comparative in the remainder of the piece). Its opening framing explicitly identifies a 'neo-Soviet neo-empire' (Russia) as blocking Ukrainian autocephaly to preserve itself, and frames Ukraine's pursuit of autocephaly as an act of de-imperialisation/decolonisation. This is a milder, more academic register of the same securitising logic found in Poroshenko's speeches elsewhere in this batch -- threat identification (empire blocking Ukrainian sovereignty) with an implicit endorsement of the ongoing autocephaly campaign as the appropriate (extraordinary) response.","coded_batch_09.json","2018-04-22","Автокефалія та її український випадок","risu.ua","poroshenko_speech","https://risu.ua/avtokefaliya-ta-jiji-ukrajinskiy-vipadok_n91022","J1_autocephaly_2018-19","2018"
"85b72a1771bd","Коли Росія дізналася, що я звернувся до Вселенського Патріарха, вона щоденно змінювала свої дії і заяви... Потім вони стали казати, що зможуть зупинити цей процес. І лише зараз вони злякалися.",TRUE,"material","nation","Russia","other",2,"Direct Poroshenko interview quote describing Russia's shifting reactions to the Tomos request, culminating in threats 'that they could stop this process'. Poroshenko frames Russian panic/threats as validation that Ukraine is 'doing it right'. Coded as documenting a securitising move by Russia (threatening to halt the autocephaly process) as reported by Poroshenko, rather than Poroshenko's own securitising claim about UOC-MP; confidence moderated to 2 given the triumphalist, somewhat rhetorical framing.","coded_batch_09.json","2018-04-24","Петро Порошенко про автокефалію: Лише зараз Росія злякалася","risu.ua","poroshenko_speech","https://risu.ua/petro-poroshenko-pro-avtokefaliyu-lishe-zaraz-rosiya-zlyakalasya_n90461","J1_autocephaly_2018-19","2018"
"348f92370eb3","Зараз це дуже небезпечно, оскільки країна переповнена обуренням, угрупованнями бойовиків і зброєю... Ніби ось-ось почнуть палити по усім. Замість заспокоєння – влада створює все нові точки протистоянь у суспільстві.",TRUE,"material","nation","other","none",2,"Vasyl Anisimov, an unofficial pro-Russian UOC-MP-linked press figure, warns that Poroshenko's autocephaly push is 'playing with fire', comparing him to the devil tempting the Patriarch, and claims the country is dangerously 'full of resentment, armed groups and weapons' such that violence ('shooting at everyone') could erupt, accusing the authorities of creating 'new points of confrontation' instead of calming society. This is a reverse-direction securitising move: it identifies a threat (civil/religious violence) and implicitly calls for the extraordinary measure of halting the autocephaly process (redirecting to ending the war 'in two weeks' as originally promised) -- coded with threat_actor 'other' since the entity blamed for creating danger is the Ukrainian state/Poroshenko's initiative from this speaker's pro-Russian perspective, not UOC-MP itself.","coded_batch_10.json","2018-04-28","Неофіцйний спікер УПЦ (МП) порівняв Порошенка з дияволом","risu.ua","poroshenko_speech","https://risu.ua/neoficyniy-spiker-upc-mp-porivnyav-poroshenka-z-diyavolom_n90541","J1_autocephaly_2018-19","2018"
"93498d64ad34","Особливо, коли ця держава іноземна. Особливо, коли це країна-агресор. Особливо, коли оголошення української території канонічною територією церкви іншої держави. Це і є зазіхання на нашу територіальну цілісність.",TRUE,"material","state","Russia","other",3,"Poroshenko formally briefs the National Security and Defence Council (RNBO) on Tomos negotiations -- itself notable institutional framing, embedding a church matter within Ukraine's top security body. He explicitly equates the Moscow Patriarchate's claim over Ukrainian 'canonical territory' with 'an encroachment on our territorial integrity', directly analogising ecclesiastical jurisdiction to a sovereignty/territorial threat. A textbook securitising move: explicit threat identification (foreign church jurisdiction claim = territorial threat), aggressor-state framing, delivered to the security apparatus itself.","coded_batch_10.json","2018-05-04","Порошенко проінформував РНБО про хід переговорів зі Вселенським Патріархом Варфоломієм про Томос","risu.ua","poroshenko_speech","https://risu.ua/poroshenko-proinformuvav-rnbo-pro-hid-peregovoriv-zi-vselenskim-patriarhom-varfolomiyem-pro-tomos_n90624","J1_autocephaly_2018-19","2018"
"eb5cea5c4de4","Перед початком війни з Росією внутрішні сутички всередині Православної Церкви може й були б прийнятними. Але внаслідок російської агресії – більше ні. Російська Православна Церква діє за дорученням Росії.",TRUE,"both","state","Russia","other",3,"Poroshenko explicitly states 'the Russian Orthodox Church acts on Russia's orders/instructions' -- direct threat-actor framing casting ROC (and by extension its Ukrainian exarchate, UOC-MP) as an instrument of the Russian state, justified by reference to Russian aggression against Ukraine. Frames the pursuit of autocephaly as a matter of Ukraine's independence and civilisational reorientation toward Europe.","coded_batch_10.json","2018-05-06","Порошенко: Кожна країна повинна мати свою незалежну Церкву","risu.ua","poroshenko_speech","https://risu.ua/poroshenko-kozhna-krajina-povinna-mati-svoyu-nezalezhnu-cerkvu_n90657","J1_autocephaly_2018-19","2018"
"c549f6d3f7ed","Ключова позиція – це повинна бути українська церква, яка не керується з боку держави-агресора і в якій не славословлять окупантів, в якій не відмовляються відспівувати наших героїв.",TRUE,"both","state","Russia","other",3,"Poroshenko states the future Ukrainian church must not be 'controlled by the aggressor state', must not 'glorify occupiers', and must not 'refuse to hold funeral services for our heroes' -- referencing specific alleged incidents (echoing the UOC-MP bishops' refusal to stand for ATO heroes documented in batch 2) to frame UOC-MP's Moscow-controlled status as disqualifying and dangerous, with the extraordinary measure being the pursuit of a fully independent church via the Tomos.","coded_batch_10.json","2018-05-16","Україні не потрібні чотири різні православні Церкви, - Президент Порошенко","risu.ua","poroshenko_speech","https://risu.ua/ukrajini-ne-potribni-chotiri-rizni-pravoslavni-cerkvi-prezident-poroshenko_n90823","J1_autocephaly_2018-19","2018"
"da2a8a5d3538","Незважаючи на те, що емісари з сусідньої країни намагалися або підкупити, або зірвати цей процес, або спокусити, ніхто не піддався.",TRUE,"material","state","Russia","other",3,"Poroshenko publicly alleges that 'emissaries from a neighbouring country' (an unmistakable but unnamed reference to Russia) attempted to bribe or otherwise corrupt Ukrainian church hierarchs to sabotage the autocephaly process, and that none succumbed. This is a serious securitising claim -- alleging a covert foreign influence/bribery operation targeting Ukraine's church leadership -- framed as a threat successfully resisted, reinforcing the legitimacy and urgency of the ongoing Tomos campaign.","coded_batch_11.json","2018-05-20","Емісари з сусідньої країни намагалися підкупити єрархів, щоби зірвати процес автокефалії, - Порошенко","risu.ua","poroshenko_speech","https://risu.ua/emisari-z-susidnoji-krajini-namagalisya-pidkupiti-yerarhiv-shchobi-zirvati-proces-avtokefaliji-poroshenko_n90868","J1_autocephaly_2018-19","2018"
"da2a8a5d3538","Чотири церкви розколюють країну, одна Церква об'єднує країну, а нам як повітря потрібна єдність в умовах зовнішньої агресії проти нашої держави для того, щоб ми рухалися вперед.",TRUE,"material","nation","Russia","other",3,"Poroshenko frames Ukraine's church division (implicitly including UOC-MP as one of the 'four churches') as fracturing the country, while unity via a single church is framed as existentially necessary ('like air') given 'external aggression against our state'. Existential, survival-level framing directly tied to the ongoing war, justifying the extraordinary ecclesiastical-political unification project (the Tomos/unification council).","coded_batch_11.json","2018-05-20","Емісари з сусідньої країни намагалися підкупити єрархів, щоби зірвати процес автокефалії, - Порошенко","risu.ua","poroshenko_speech","https://risu.ua/emisari-z-susidnoji-krajini-namagalisya-pidkupiti-yerarhiv-shchobi-zirvati-proces-avtokefaliji-poroshenko_n90868","J1_autocephaly_2018-19","2018"
"800a311121f9","Ті, хто виступає проти начебто втручання української влади у церковні справи, спокійно ставляться та навіть толерують реальне втручання російської влади в українську релігійну ситуацію. В наслідок чого порушується суверенне право влади України самостійно діяти на власній території.",TRUE,"material","state","Russia","other",2,"Analytical article (author Dmytro Horovyi) surveying Ukrainian diplomatic outreach to Local Orthodox Churches in support of autocephaly. Explicitly frames real Russian interference in Ukraine's religious affairs as violating Ukraine's 'sovereign right to act independently on its own territory' -- a securitising claim (threat to sovereignty) used to justify the state's active diplomatic campaign as legitimate rather than improper state-church entanglement.","coded_batch_14.json","2018-06-21","Українська автокефалія: активність нашої дипломатії","risu.ua","poroshenko_speech","https://risu.ua/ukrajinska-avtokefaliya-aktivnist-nashoji-diplomatiji_n91385","J1_autocephaly_2018-19","2018"
"800a311121f9","Речник Президента РФ Дмитро Пєсков, коментуючи ситуації навколо УПЦ (МП), постійно вживає слова «наша Церква», очевидно, що в Путіна вважають це своїм інструментом впливу на Україну.",TRUE,"ontological","other","UOC-MP","other",2,"The article explicitly claims that Kremlin spokesperson Dmitry Peskov's habitual use of 'our Church' when discussing UOC-MP reveals that Putin regards it as 'his instrument of influence over Ukraine' -- direct threat-actor framing casting UOC-MP as a Russian influence instrument. The article also documents (and debunks) Patriarch Kirill's 2014 attempt to frame Russian aggression as a religious civil war/'genocide of the Orthodox' against 'Uniates and schismatics' -- itself a notable Russian/ROC securitising propaganda narrative, though the author presents it critically as having 'failed'.","coded_batch_14.json","2018-06-21","Українська автокефалія: активність нашої дипломатії","risu.ua","poroshenko_speech","https://risu.ua/ukrajinska-avtokefaliya-aktivnist-nashoji-diplomatiji_n91385","J1_autocephaly_2018-19","2018"
"8e699575f466","Є звичайно шлях прийняти парламентом законопроект № 5309 і змусити їх уточнити назву, додавши «Московського патріархату».",TRUE,"ontological","identity","UOC-MP","other",2,"Analytical piece (same author, Dmytro Horovyi) on likely consequences of autocephaly. Describes a real pending bill (No. 5309) that would legislatively compel UOC-MP to add 'Moscow Patriarchate' to its official name, on the grounds that it improperly claims the unqualified 'Ukrainian Orthodox Church' name while remaining subordinate to Moscow -- an explicit proposed extraordinary legislative/administrative measure targeting UOC-MP's identity/branding specifically. The same article also explicitly warns against any violence or seizure of monasteries ('я категорично проти будь-якого насильства чи беззаконня'), noting this would hand Russia/ROC exactly the 'Uniates and schismatics vs Orthodox' propaganda narrative it seeks -- i.e. the author argues against extraordinary coercive measures even while documenting Russia's own attempts to construct that narrative.","coded_batch_14.json","2018-06-25","До яких наслідків призведе українська автокефалія?","risu.ua","poroshenko_speech","https://risu.ua/do-yakih-naslidkiv-prizvede-ukrajinska-avtokefaliya_n91468","J1_autocephaly_2018-19","2018"
"4f523efa69f1","Церкві мучениці в Україні, яка грубим чином піддається переслідуванню з боку нинішнього режиму в Києві.",TRUE,"ontological","other","other","none",2,"Article on Poroshenko's meeting with Serbian Patriarch Irinej notes that the Serbian Orthodox Church's Synod (10 May 2018) expressed support for the 'martyr Church in Ukraine, which is being crudely persecuted by the current regime in Kyiv' -- a reverse-direction securitising statement from a Moscow-aligned church body, framing UOC-MP as a persecuted victim of the Ukrainian state ('regime in Kyiv'). Referent object coded 'other' (UOC-MP as the entity claimed to be under threat); threat actor coded 'other' (the Ukrainian state, from this pro-Moscow perspective). No specific extraordinary measure proposed in this passage beyond the expression of solidarity.","coded_batch_15.json","2018-07-04","Порошенко провів зустріч з Патріархом Сербської Православної Церкви Іринеєм","risu.ua","poroshenko_speech","https://risu.ua/poroshenko-proviv-zustrich-z-patriarhom-serbskoji-pravoslavnoji-cerkvi-irineyem_n91603","J1_autocephaly_2018-19","2018"
"4f523efa69f1","Сербська Церква повністю підтримує єдність і цілісність Руської Православної Церкви і рішуче засуджує дії уніатів і розкольників, які роздирають хітон Христовий... Всякий, хто допомагає українським розкольникам, це ворог не тільки Російської Церкви і «русского міра», але також і всіх православних слов'янських народів і всього православного світу.",TRUE,"ontological","other","other","other",3,"Patriarch Irinej of Serbia, speaking in Moscow (23 May 2018), delivers an extreme reverse-direction securitising statement: he declares that 'whoever helps the Ukrainian schismatics is an enemy... of all Orthodox Slavic peoples and the entire Orthodox world', explicitly declares Serbian Church support for 'the unity and integrity of the Russian Orthodox Church', and condemns pro-autocephaly Ukrainians ('Uniates and schismatics') using violent/martyrdom imagery ('opganized by blasphemy, violence and bloodshed'). This is a clear existential enemy-framing securitising move directed against Ukrainian autocephaly supporters from within the pro-Moscow ecclesiastical bloc; referent object coded 'other' (Russian Orthodox/Slavic Orthodox unity), threat actor 'other' (pro-autocephaly Ukrainians/'schismatics'), extraordinary measure 'other' (explicit condemnation/opposition as the called-for response).","coded_batch_15.json","2018-07-04","Порошенко провів зустріч з Патріархом Сербської Православної Церкви Іринеєм","risu.ua","poroshenko_speech","https://risu.ua/poroshenko-proviv-zustrich-z-patriarhom-serbskoji-pravoslavnoji-cerkvi-irineyem_n91603","J1_autocephaly_2018-19","2018"
"746786697c5f","Сьогодні Росія бажає перешкодити нам мати свою незалежну Церкву: Російська Церква - Церква країни-агресора. Українська Церква - Церква для українців.",TRUE,"both","nation","Russia","other",3,"Direct Poroshenko quote to Serbian television. Explicitly states Russia 'wants to prevent us from having our own independent Church' and directly labels the Russian Church 'the church of the aggressor country', contrasted with 'the Ukrainian Church, a church for Ukrainians'. Clear threat identification (Russia obstructing Ukrainian church independence) combined with aggressor-state/identity framing, delivered as international diplomatic messaging in support of the ongoing Tomos campaign.","coded_batch_15.json","2018-07-05","Порошенко: Україна була матір'ю для РПЦ, а не навпаки","risu.ua","poroshenko_speech","https://risu.ua/poroshenko-ukrajina-bula-matir-yu-dlya-rpc-a-ne-navpaki_n91616","J1_autocephaly_2018-19","2018"
"8cd3cc53026a","Це – питання нашої української незалежності. Це – один із стовпів Української держави, української нації, української національної безпеки. І, врешті-решт, всієї світової геополітики.",TRUE,"both","state","Russia","other",3,"Poroshenko's speech at the Zarvanytsia national pilgrimage (1030th anniversary events). Explicitly lists autocephaly as 'one of the pillars of the Ukrainian state, Ukrainian nation, Ukrainian national security', escalating from prior 'national security' framings to explicit pillar/foundational-institution language.","coded_batch_17.json","2018-07-15","Не можна зупинити ідею, час якої настав – Президент про надання автокефалії Українській православній Церкві","risu.ua","poroshenko_speech","https://risu.ua/ne-mozhna-zupiniti-ideyu-chas-yakoji-nastav-prezident-pro-nadannya-avtokefaliji-ukrajinskiy-pravoslavniy-cerkvi_n91802","J1_autocephaly_2018-19","2018"
"8cd3cc53026a","Саме тому і чинять такий шалений спротив Москва та її п'ята колона всередині України. І навіть деякі політики, яких прийнято вважати проукраїнськими, дозволяють собі передавати сигнали на зовні, що не варто поспішати з наданням автокефалії.",TRUE,"both","state","internal","other",3,"Poroshenko explicitly labels domestic opponents of autocephaly 'Moscow's fifth column inside Ukraine' -- a classic treason/subversion securitising trope -- and singles out even ostensibly 'pro-Ukrainian' politicians allegedly signalling not to rush the process. Threat actor coded 'internal' since the explicit target of this framing is domestic collaborators/critics, distinct from Russia itself (coded separately elsewhere).","coded_batch_17.json","2018-07-15","Не можна зупинити ідею, час якої настав – Президент про надання автокефалії Українській православній Церкві","risu.ua","poroshenko_speech","https://risu.ua/ne-mozhna-zupiniti-ideyu-chas-yakoji-nastav-prezident-pro-nadannya-avtokefaliji-ukrajinskiy-pravoslavniy-cerkvi_n91802","J1_autocephaly_2018-19","2018"
"518b6e01b007","Вплив Греко-Католицької Церкви на стан Православної Церкви в Україні має прихований характер.",TRUE,"ontological","other","other","none",1,"ROC's Metropolitan Hilarion (Alfeyev) claims UGCC is covertly lobbying for Orthodox unification in order to eventually convert Ukrainian Orthodox believers to Uniate Catholicism, and that UGCC's influence on the Ukrainian Orthodox situation 'has a hidden character' -- an insinuation of covert/conspiratorial influence. This is a reverse-direction securitising claim by a senior ROC hierarch, though its direct target is UGCC rather than UOC-MP; UOC-KP's spokesperson dismissed it as manipulation. Low confidence given its tangential relevance to UOC-MP specifically and its already-refuted framing within the same article.","coded_batch_17.json","2018-07-16","Патріарх УГКЦ та Президент розвінчали російський міф, що автокефалія веде до унії, - речник УПЦ КП","risu.ua","poroshenko_speech","https://risu.ua/patriarh-ugkc-ta-prezident-rozvinchali-rosiyskiy-mif-shcho-avtokefaliya-vede-do-uniji-rechnik-upc-kp_n91830","J1_autocephaly_2018-19","2018"
"4d5c0c02e9eb","Автокефалія – це питання нашої незалежності і нашої національної безпеки. Тому й чинять такий шалений опір Москва і її п'ята колона в Україні.",TRUE,"both","state","internal","other",3,"Poroshenko repeats via Twitter the same 'national security' and 'fifth column' framing delivered days earlier at Zarvanytsia (doc 8cd3cc53026a), now condensed into a standalone public statement. Coded identically given the substantively identical securitising content.","coded_batch_17.json","2018-07-24","Автокефалія – це питання нашої незалежності і нашої національної безпеки, - Петро Порошенко","risu.ua","poroshenko_speech","https://risu.ua/avtokefaliya-ce-pitannya-nashoji-nezalezhnosti-i-nashoji-nacionalnoji-bezpeki-petro-poroshenko_n91938","J1_autocephaly_2018-19","2018"
"5ed1a30791f2","Для того і вважаю конче необхідним обрубати всі щупальця, якими всередині нашого державного організму орудує країна-агресор.",TRUE,"material","state","Russia","other",3,"Poroshenko's major speech at Volodymyrska Hill marking the 1030th anniversary of the Baptism of Rus. Uses visceral 'tentacles' imagery -- 'it is essential to cut off all the tentacles with which the aggressor country operates inside our state organism' -- an extraordinary, almost surgical-excision metaphor for severing Russian-linked church structures, among the most forceful extraordinary-measure language in the corpus.","coded_batch_17.json","2018-07-28","«Автокефалія – питання незалежності України», -  Президент на Володимирській гірці","risu.ua","poroshenko_speech","https://risu.ua/avtokefaliya-pitannya-nezalezhnosti-ukrajini-prezident-na-volodimirskiy-girci_n92067","J1_autocephaly_2018-19","2018"
"5ed1a30791f2","І така ситуація – пряма загроза національній безпеці України, що просто зобов'язує нас діяти... Автокефалія – це питання нашої незалежності. Це – питання нашої національної безпеки. Це – питання всієї світової геополітики.",TRUE,"both","state","Russia","other",3,"Explicit, textbook securitising statement: Poroshenko directly declares the situation (UOC-MP's subordination to Moscow) 'a direct threat to Ukraine's national security, which simply obligates us to act', repeating and escalating the independence/national-security/geopolitics triad framing used throughout this period.","coded_batch_17.json","2018-07-28","«Автокефалія – питання незалежності України», -  Президент на Володимирській гірці","risu.ua","poroshenko_speech","https://risu.ua/avtokefaliya-pitannya-nezalezhnosti-ukrajini-prezident-na-volodimirskiy-girci_n92067","J1_autocephaly_2018-19","2018"
"5ed1a30791f2","Армія – боронить нашу землю. Мова – боронить наше серце. Віра – боронить нашу душу.",TRUE,"both","nation","Russia","other",3,"Poroshenko frames Army, Language, and Faith as a three-pronged national-defence trinity ('the Army defends our land, the language defends our heart, faith defends our soul'), explicitly militarising the church-independence campaign alongside the armed forces and language policy as pillars of national defence against Russia.","coded_batch_17.json","2018-07-28","«Автокефалія – питання незалежності України», -  Президент на Володимирській гірці","risu.ua","poroshenko_speech","https://risu.ua/avtokefaliya-pitannya-nezalezhnosti-ukrajini-prezident-na-volodimirskiy-girci_n92067","J1_autocephaly_2018-19","2018"
"ed0dda503dbf","УПЦ МП буде змушена перейменуватися в Російську православну церкву в Україні, зазначають експерти. Для цього Верховна Рада повинна ухвалити відповідні законодавчі зміни.",TRUE,"ontological","identity","UOC-MP","other",2,"Analytical news feature reporting expert predictions that UOC-MP will be legally compelled to rename itself 'Russian Orthodox Church in Ukraine' via Verkhovna Rada legislation once the Tomos is granted -- corroborating the naming-law measure (bill 5309/similar) previously flagged in batch 14. A concrete proposed extraordinary administrative/legislative measure targeting UOC-MP's identity and public branding.","coded_batch_17.json","2018-08-17","""Автокефалія довершить утвердження незалежності""","risu.ua","poroshenko_speech","https://risu.ua/quot-avtokefaliya-dovershit-utverdzhennya-nezalezhnosti-quot_n92498","J1_autocephaly_2018-19","2018"
"07732f32bda5","Ми маємо твердий намір розрубати останній вузол, яким імперія відчайдушно намагається нас прив'язати до себе. Ми сповнені рішучості покласти край протиприродному та неканонічному перебуванню вагомої частини нашої православної спільноти у залежності від російської церкви.",TRUE,"material","state","Russia","other",3,"Poroshenko's Independence Day military parade speech ('March of the New Army'). Uses knot-cutting imagery for severing the 'last knot' tying Ukraine to 'the Russian empire' -- the church tie -- delivered explicitly at a military ceremony, reinforcing the securitisation of the autocephaly campaign through its ceremonial/martial setting.","coded_batch_17.json","2018-08-24","«Нехай сьогодні нас почують у Константинополі, в Москві та Ватикані», - Порошенко на параді заявив про право УПЦ на автокефалію","risu.ua","poroshenko_speech","https://risu.ua/nehay-sogodni-nas-pochuyut-u-konstantinopoli-v-moskvi-ta-vatikani-poroshenko-na-paradi-zayaviv-pro-pravo-upc-na-avtokefaliyu_n92646","J1_autocephaly_2018-19","2018"
"07732f32bda5","Церкви, яка освячує гібридну війну Путіна проти України, яка день і ніч молиться за російську владу і за військо - теж російське... Питання Томосу про автокефалію... з того ж ряду, що зміцнення армії; що захист мови; що боротьба за членство в Євросоюзі та НАТО.",TRUE,"both","state","UOC-MP","other",3,"Poroshenko directly accuses the (unnamed but clearly UOC-MP) church of 'sanctifying Putin's hybrid war against Ukraine' and praying day and night 'for Russian authority and for the [Russian] army', and again places the Tomos question alongside army-building, language defence, and EU/NATO accession as strategic national priorities.","coded_batch_17.json","2018-08-24","«Нехай сьогодні нас почують у Константинополі, в Москві та Ватикані», - Порошенко на параді заявив про право УПЦ на автокефалію","risu.ua","poroshenko_speech","https://risu.ua/nehay-sogodni-nas-pochuyut-u-konstantinopoli-v-moskvi-ta-vatikani-poroshenko-na-paradi-zayaviv-pro-pravo-upc-na-avtokefaliyu_n92646","J1_autocephaly_2018-19","2018"
"e09d0aaed96e","Єдина Помісна Православна Соборна Церква - запорука громадської згоди та єдності нашої держави. Це гарантія нашої духовної незалежності від Москви, яка, на жаль, досі перебуває в полоні помилкового уявлення, що нібито тут у нас її канонічна територія.",TRUE,"both","state","Russia","other",2,"Poroshenko speech at the Yalta European Strategy (YES) conference, addressed to an international audience. Frames the united local church as 'a guarantee of civic accord and unity of our state' and 'a guarantee of our spiritual independence from Moscow', and declares that the September Synaxis 'dispelled Moscow's illusions' about canonical territory and caused the 'Third Rome' concept to 'crumble like a house of cards'. Reinforces the state-unity/independence-from-Moscow securitising framing established in earlier batches, delivered this time to a foreign investor/policy audience.","coded_batch_19.json","2018-09-17","Доля світового православ’я вирішується в Україні, - Порошенко","risu.ua","poroshenko_speech","https://risu.ua/dolya-svitovogo-pravoslav-ya-virishuyetsya-v-ukrajini-poroshenko_n93104","J1_autocephaly_2018-19","2018"
"59cc77bfc564","Ми повинні бути принциповими та послідовними і не піддаватися на спроби представників п'ятої колони Кремля і відвести нас в бік від нашої мети... надання автокефалії нашій церкві зміцнить фундамент незалежності і духовну самоідентичність української держави.",TRUE,"both","state","internal","other",2,"BPP faction leader Artur Herasymov, speaking on the constitutional NATO/EU accession amendment vote, warns against 'Kremlin's fifth column' attempting to derail Ukraine's course -- the same treason/subversion trope Poroshenko used in batch 17 -- and in the same speech states that granting the church autocephaly 'will strengthen the foundation of independence and the spiritual self-identity of the Ukrainian state'. The 'fifth column' reference itself is directed at the NATO/EU amendment broadly rather than autocephaly specifically, but the speech links both under a single anti-Russian-influence framing, with the autocephaly line reinforcing the state-identity securitising pattern documented throughout this corpus.","coded_batch_19.json","2018-09-18","Засідання 7","rada.gov.ua","rada_stenogram","https://www.rada.gov.ua/meeting/stenogr/show/6893.html","J1_autocephaly_2018-19","2018"
"ae2c679d6dda","Я гарантую, що держава поважатиме вибір тих, хто вирішить залишитися у тій церковній структурі, яка зберігатиме єдність РПЦ і називати її так само буде для того, щоби полегшити розуміння.",TRUE,"ontological","identity","UOC-MP","other",3,"Poroshenko's annual address to the Verkhovna Rada. Repeats the 'Church as a prop (skrepa) of the authoritarian regime' framing for Russia and calls the Tomos 'another act of Ukraine's independence' causing 'the empire to lose one of its last means of influence'. Most notably, he explicitly states that any structure remaining in union with the ROC will be 'named accordingly to ease understanding' -- i.e. endorses the mandated-renaming measure (corroborating bill 5309/similar tracked since batch 14) directly in his own annual address, the clearest first-person presidential endorsement of this specific administrative measure found in the corpus.","coded_batch_20.json","2018-09-20","В Україні зараз вирішується доля світового православ’я, - Президент до депутатів ВР","risu.ua","poroshenko_speech","https://risu.ua/v-ukrajini-zaraz-virishuyetsya-dolya-svitovogo-pravoslav-ya-prezident-do-deputativ-vr_n93176","J1_autocephaly_2018-19","2018"
"1f917ca83f4d","Інформаційна атака була вчергове здійснена проти Української помісної православної церкви, коли була вкинута в простір фейкова заява про те, що захоплюються храми... Правим сектором... Росія, в тому числі використовуючи деякі нібито українські засоби масової інформації, намагається дискредитовувати базові і основні фундаментальні речі українського буття, і Українську православну церкву, і українську мову, і українську армію.",TRUE,"both","identity","Russia","other",3,"Coordination Council transcript (1 Oct 2018). An MP describes a Russian disinformation campaign falsely claiming 'Pravyi Sektor' was seizing churches, framing it as part of Russia's broader effort -- 'using some ostensibly Ukrainian media' -- to discredit 'the fundamental things of Ukrainian existence: the Ukrainian church, the Ukrainian language, and the Ukrainian army', echoing the Army-Language-Faith trinity from batch 17. This reverses the usual direction (defending the new Ukrainian church from Russian propaganda rather than securitising UOC-MP itself) but is coded as securitising given its explicit threat identification (Russian info-war), existential framing (attacking 'fundamentals of Ukrainian being'), and implicit call for parliamentary action (a draft resolution/legislation on information security already under urgent committee consideration).","coded_batch_20.json","2018-10-01","Погоджувальна рада","rada.gov.ua","rada_stenogram","https://www.rada.gov.ua/meeting/stenogr/show/6906.html","J1_autocephaly_2018-19","2018"
"4895a13e0147","Бачу, що Росія не може змиритися з правом українців на власну Церкву. Вже й позови до суду з'явилися... боротьба за Томос про автокефалію відповідає національним інтересам і є питанням національної безпеки. У такій ситуації це не право, а обов'язок Президента діяти.",TRUE,"both","state","Russia","other",3,"Presidential spokesperson Sviatoslav Tsegolko responds to a lawsuit challenging Poroshenko's authority to petition Constantinople (the same or a related suit to the one covered in batch 12, doc b9aa4cc62bf0) by directly attributing it to Russia being unable to accept 'Ukrainians' right to their own Church', reframing a domestic legal/constitutional challenge as Russian-instigated. Reasserts the 'national security' framing and escalates it to a presidential 'duty' (obligation) rather than discretionary right -- delegitimising domestic legal opposition as foreign-directed, consistent with the 'fifth column' pattern seen elsewhere in the corpus.","coded_batch_20.json","2018-10-02","На Порошенка подали до суду через Томос","risu.ua","poroshenko_speech","https://risu.ua/na-poroshenka-podali-do-sudu-cherez-tomos_n93411","J1_autocephaly_2018-19","2018"
"5a2a60c2eb7d","Москва веде війну, щоб нав'язати нам русский мир з його русским языком, з Русской Церковью.",TRUE,"ontological","identity","Russia","other",3,"Plenary session transcript (Засідання 16, 4 Oct 2018), debate on the state-language bill (5670). Deputy Head of the Rada Iryna Herashchenko/another MP (identified via 'ЛУЦЕНКО І.В.' in transcript) declares 'Moscow is waging war to impose on us the russkiy mir with its Russian language, with the Russian Church' -- explicit threat identification framing the Russian Orthodox Church (and by extension UOC-MP) as a weapon of Russian 'war' to impose linguistic/cultural subjugation, used to justify support for the language bill.","coded_batch_21.json","2018-10-04","Засідання 16","rada.gov.ua","rada_stenogram","https://www.rada.gov.ua/meeting/stenogr/show/6915.html","J1_autocephaly_2018-19","2018"
"5a2a60c2eb7d","Мова, віра, культура, церква – це є фундамент єдності нації. І чим нація об'єднаніша, чим вона з'єднується більше, тим вона міцніша, вона здатна відстоювати всі загрози, які сьогодні нам випали на наш шлях.",TRUE,"ontological","nation","Russia","other",2,"Same debate: language, faith, culture, and church are described as 'the foundation of national unity' needed to withstand 'the threats that have befallen us', reprising the Army/Language/Church-type trinity framing seen elsewhere, this time explicitly deployed to support passage of the state-language law. The same session also features a rival MP mocking the 'Army. Language. Church' campaign-poster slogan as hollow pre-election posturing by a Russian-speaking Poroshenko -- a domestic political counter-critique of the securitising trinity itself, illustrating that this framing had become a contested electoral talking point by autumn 2018.","coded_batch_21.json","2018-10-04","Засідання 16","rada.gov.ua","rada_stenogram","https://www.rada.gov.ua/meeting/stenogr/show/6915.html","J1_autocephaly_2018-19","2018"
"2e324858b49d","Як тільки де побачите людей, які закликатимуть взяти силою лавру, монастир чи храм, знайте, то – московська агентура. Бо мета Кремля – розпалити в Україні релігійну війну.",TRUE,"material","state","Russia","other",3,"Poroshenko's statement following the Synod's decision (11 Oct 2018). While guaranteeing religious freedom and explicitly disavowing any forced conversion or violence, he warns that anyone calling for the forcible seizure of a lavra, monastery, or church should be presumed to be 'Moscow's agentura [covert agents]', asserting the Kremlin's goal is to 'ignite a religious war in Ukraine'. A significant covert-operation/conspiracy securitising claim, functionally pre-labelling future violence or provocations as Russian intelligence operations.","coded_batch_22.json","2018-10-11","Українська влада гарантує повне дотримання релігійної свободи для вірних усіх конфесій – Порошенко","risu.ua","poroshenko_speech","https://risu.ua/ukrajinska-vlada-garantuye-povne-dotrimannya-religiynoji-svobodi-dlya-virnih-usih-konfesiy-poroshenko_n93656","J1_autocephaly_2018-19","2018"
"567d422b9a30","Питання Томосу та автокефалії виходить далеко за межі церковного життя... Це є питання нашої незалежності. Це – питання нашої національної безпеки. Це – питання нашої державності. Це – питання всієї світової геополітики... Це – падіння Третього Риму як найдавнішої концептуальної заявки Москви на світове панування.",TRUE,"both","state","Russia","other",3,"Poroshenko's full victory speech following the Synod's 11 October 2018 decision. Escalates the independence/national-security/statehood/geopolitics quadrinity framing to its fullest form yet, declaring the decision 'the fall of the Third Rome' as Moscow's 'oldest conceptual claim to world domination'.","coded_batch_22.json","2018-10-11","Рішення Вселенського Патріарха розвіяло імперські ілюзії і шовіністичні фантазії Москви, - Президент Порошенко","risu.ua","poroshenko_speech","https://risu.ua/rishennya-vselenskogo-patriarha-rozviyalo-imperski-ilyuziji-i-shovinistichni-fantaziji-moskvi-prezident-poroshenko_n93644","J1_autocephaly_2018-19","2018"
"567d422b9a30","Звернення до Вселенського Патріарха з проханням надати автокефалію підтримала і група єпископів УПЦ Московського Патріархату. Вони витримали тиск, шантаж, погрози і залякування, але звернулись зі своїми підписами до Вселенського Патріарха.",TRUE,"material","other","Russia","other",3,"Poroshenko states that UOC-MP bishops who signed the appeal to Constantinople 'withstood pressure, blackmail, threats and intimidation' -- reinforcing and escalating the earlier bribery/coercion narrative (batch 11's 'emissaries tried to bribe hierarchs') into explicit claims of blackmail and threats against Ukrainian clergy.","coded_batch_22.json","2018-10-11","Рішення Вселенського Патріарха розвіяло імперські ілюзії і шовіністичні фантазії Москви, - Президент Порошенко","risu.ua","poroshenko_speech","https://risu.ua/rishennya-vselenskogo-patriarha-rozviyalo-imperski-ilyuziji-i-shovinistichni-fantaziji-moskvi-prezident-poroshenko_n93644","J1_autocephaly_2018-19","2018"
"567d422b9a30","Це – велика перемога боголюбивого українського народу над московськими демонами, перемога добра над злом, світла над темрявою.",TRUE,"ontological","nation","Russia","other",3,"Poroshenko frames the Synod's decision as 'a great victory of the God-loving Ukrainian people over Moscow demons, a victory of good over evil, light over darkness' -- explicit, near-apocalyptic existential enemy-framing, among the most extreme rhetorical instances in the corpus, literally demonising the opposing side.","coded_batch_22.json","2018-10-11","Рішення Вселенського Патріарха розвіяло імперські ілюзії і шовіністичні фантазії Москви, - Президент Порошенко","risu.ua","poroshenko_speech","https://risu.ua/rishennya-vselenskogo-patriarha-rozviyalo-imperski-ilyuziji-i-shovinistichni-fantaziji-moskvi-prezident-poroshenko_n93644","J1_autocephaly_2018-19","2018"
"d66d68af8656","Українська незалежність без наявності помісної автокефальної церкви, коли церква буде п'ятою колоною сусідньої держави, є не повна незалежність. Це є залишок колоніального статусу.",TRUE,"both","state","UOC-MP","other",3,"Poroshenko, meeting Patriarch Filaret after the Synod decision, explicitly states that Ukrainian independence without an autocephalous church -- 'when the church is a fifth column of a neighbouring state' -- is incomplete independence, 'a remnant of colonial status'. This directly labels the church itself (not merely its opponents of autocephaly, as in earlier 'fifth column' references) as a fifth column -- among the most explicit and direct threat_actor=UOC-MP formulations of this trope in the entire corpus.","coded_batch_22.json","2018-10-12","Патріарх Філарет привітав Президента з рішенням Синоду Вселенського Патріархату про автокефалію","risu.ua","poroshenko_speech","https://risu.ua/patriarh-filaret-privitav-prezidenta-z-rishennyam-sinodu-vselenskogo-patriarhatu-pro-avtokefaliyu_n93662","J1_autocephaly_2018-19","2018"
"3b325d1e7809","Спільна розбудова незалежної Церкви не може бути підставою для розбрату... як тільки де побачите людей, які закликатимуть взяти силою Лавру, монастир чи храм, знайте, то – московська агентура. І ми не дозволимо Кремлю розпалити релігійну війну всередині нашої держави.",TRUE,"material","state","Russia","other",3,"Poroshenko repeats the 'Moscow agentura' warning at a separate public event (prayer service, Sophia Square, 14 Oct 2018), adding an explicit vow: 'we will not allow the Kremlin to ignite a religious war within our state' -- an explicit statement of resolve/vigilance as the implied extraordinary response.","coded_batch_22.json","2018-10-14","Порошенко: Як тільки побачите людей, які закликатимуть взяти силою Лавру, знайте, то – московська агентура","risu.ua","poroshenko_speech","https://risu.ua/poroshenko-yak-tilki-pobachite-lyudey-yaki-zaklikatimut-vzyati-siloyu-lavru-znayte-to-moskovska-agentura_n93715","J1_autocephaly_2018-19","2018"
"5989b0ba723d","Завершити справу, яку Іван (Іларіон) Огієнко називав ділом «повного розмосковлення» Церкви, випало нашому поколінню. І ми з вами це робимо!",TRUE,"ontological","identity","Russia","other",2,"Poroshenko frames the autocephaly process using historic terminology from Ivan Ohienko -- 'complete de-Moscowization' (повне розмосковлення) of the Church -- explicitly linking it to the 1917-1921 national liberation movement's parallel struggles over statehood, language, and church. An ideologically loaded framing of the extraordinary transformative goal as removing/purging Moscow's presence from Ukrainian church life entirely.","coded_batch_22.json","2018-10-14","Нашому поколінню випало завершити ""повне розмосковлення"" Церкви, - Петро Порошенко","risu.ua","poroshenko_speech","https://risu.ua/nashomu-pokolinnyu-vipalo-zavershiti-quot-povne-rozmoskovlennya-quot-cerkvi-petro-poroshenko_n93710","J1_autocephaly_2018-19","2018"
"855ac16f60a4","Процитували в тижневику і заяви на російському телебаченні про можливе силове захоплення церков.",TRUE,"material","other","Russia","seizure",3,"Media analysis (weekly TV review) reports that Russian television floated the possibility of forcible seizure of churches in response to the Synod's decision -- documenting an explicit Russian-side threat of coercive/violent property seizure as a response option being discussed on Russian state media.","coded_batch_22.json","2018-10-14","Затомосилося. Огляд тижневиків 12-14 жовтня 2018 року","risu.ua","poroshenko_speech","https://risu.ua/zatomosilosya-oglyad-tizhnevikiv-12-14-zhovtnya-2018-roku_n94282","J1_autocephaly_2018-19","2018"
"855ac16f60a4","Офіційні погрози Кремля захистити православних в Україні, ну як захистили російськомовних на Донбасі, напевно.",TRUE,"material","state","Russia","other",3,"The same review documents 'official Kremlin threats to protect Orthodox believers in Ukraine -- well, the way they protected Russian speakers in Donbas' -- an extremely serious securitising claim, explicitly drawing a parallel between rhetoric used to justify the 2014 invasion/annexation and potential future action framed around 'protecting' Orthodox believers, i.e. documenting an implied military-intervention-style threat using the church issue as pretext.","coded_batch_22.json","2018-10-14","Затомосилося. Огляд тижневиків 12-14 жовтня 2018 року","risu.ua","poroshenko_speech","https://risu.ua/zatomosilosya-oglyad-tizhnevikiv-12-14-zhovtnya-2018-roku_n94282","J1_autocephaly_2018-19","2018"
"855ac16f60a4","Питання української автокефалії потім виніс на РЕДУ нацбезпеки Російської Федерації, чим остаточно довів, що церква і уряд Росії одна структура.",TRUE,"material","other","Russia","none",2,"The review also notes that Russia's own Security Council discussed the Ukrainian autocephaly question, cited by Ukrainian commentators as proof that 'church and Russian government are one structure' -- documenting that the issue was treated as a security matter on the Russian side as well, reinforcing the instrument-of-the-state framing applied to ROC/UOC-MP throughout the corpus.","coded_batch_22.json","2018-10-14","Затомосилося. Огляд тижневиків 12-14 жовтня 2018 року","risu.ua","poroshenko_speech","https://risu.ua/zatomosilosya-oglyad-tizhnevikiv-12-14-zhovtnya-2018-roku_n94282","J1_autocephaly_2018-19","2018"
"1f26363e0264","З подачі Кремля залежне від нього російське церковне начальство заявило про розрив євхаристійного спілкування з Константинопольським Патріархатом.",TRUE,"ontological","other","Russia","none",2,"Poroshenko tweets that ROC's break with Constantinople happened 'at the Kremlin's initiative', by church leadership 'dependent on it' -- reinforcing the recurring instrument-of-the-Kremlin framing applied to ROC (and by extension UOC-MP), moderate confidence given it largely restates the established pattern without new specifics.","coded_batch_22.json","2018-10-16","«Ми на правильному шляху», - Порошенко про розрив стосунків між Москвою та Константинополем","risu.ua","poroshenko_speech","https://risu.ua/mi-na-pravilnomu-shlyahu-poroshenko-pro-rozriv-stosunkiv-mizh-moskvoyu-ta-konstantinopolem_n93768","J1_autocephaly_2018-19","2018"
"e28f5b291aee","Скасована анексія Київської митрополії Москвою 1686 року. Це була анексія не тільки церкви, це була спроба анексії нашої пам'яті, нашої історії і нашої духовності.",TRUE,"ontological","identity","Russia","other",3,"Coordination Council transcript (16 Oct 2018). Speaker Andriy Parubiy frames the historical 1686 transfer of the Kyiv Metropolis to Moscow as an 'annexation' -- deliberately echoing territorial-annexation language (evoking Crimea) to describe a centuries-old ecclesiastical transfer, extending the annexation frame to memory, history, and spirituality themselves.","coded_batch_22.json","2018-10-16","Погоджувальна рада","rada.gov.ua","rada_stenogram","https://www.rada.gov.ua/meeting/stenogr/show/6921.html","J1_autocephaly_2018-19","2018"
"e28f5b291aee","Фактично Кремль через підконтрольну йому релігійну організацію фактично розв'язує міжнародний релігійний конфлікт між православними церквами.",TRUE,"material","other","Russia","none",3,"Parubiy explicitly states the Kremlin, 'through a religious organisation under its control' (ROC/by extension UOC-MP), is 'unleashing an international religious conflict between Orthodox churches' -- direct instrument-of-the-state threat-actor framing citing Russia's own National Security Council discussion of the issue as evidence.","coded_batch_22.json","2018-10-16","Погоджувальна рада","rada.gov.ua","rada_stenogram","https://www.rada.gov.ua/meeting/stenogr/show/6921.html","J1_autocephaly_2018-19","2018"
"e28f5b291aee","Православна Церква України буде незалежною і буде українською, і ніякі російські «кегебісти» в рясах цьому не завадять... Агентів-агресорів треба нейтралізувати, а канали їх фінансування назавжди перекрити.",TRUE,"both","state","UOC-MP","other",3,"Narodny Front faction leader Maksym Burbak explicitly calls Russian-aligned clergy 'KGB agents in cassocks' (кегебісти в рясах) -- a direct espionage/covert-agent accusation against clergy -- and, in the same speech, explicitly calls for 'agent-aggressors' to be 'neutralised' and their 'financing channels permanently cut off'. This is among the most extreme and explicit extraordinary-measure calls in the entire corpus: a sitting faction leader on the floor of parliament calling for the neutralisation of individuals and severing of funding, framed as part of a 'war for souls and bodies' against an enemy operating 'not only in the trenches of Donbas, but also inside the country'.","coded_batch_22.json","2018-10-16","Погоджувальна рада","rada.gov.ua","rada_stenogram","https://www.rada.gov.ua/meeting/stenogr/show/6921.html","J1_autocephaly_2018-19","2018"
"e28f5b291aee","Наш віковічний ворог – східна деспотія Росії робить, робила і буде робити все для того, щоб полонити українську людину і український край... російська деспотія відступати не буде, а буде провокувати і буде створювати дестабілізуючий фактор.",TRUE,"material","nation","Russia","none",2,"Samopomich faction leader Oleh Berezyuk frames Russia as Ukraine's 'age-old enemy' and 'eastern despotism' that will continue trying 'to enslave the Ukrainian person and Ukrainian land', warning it will keep provoking and destabilising in reaction to the autocephaly decision, and calls for 'stability and security above all' as the state's priority response.","coded_batch_22.json","2018-10-16","Погоджувальна рада","rada.gov.ua","rada_stenogram","https://www.rada.gov.ua/meeting/stenogr/show/6921.html","J1_autocephaly_2018-19","2018"
"e8e57e2da36c","Разом зі здобуттям духовної незалежності Україна буде і надалі відвойовувати незалежність територіальну... І українське суспільство, і агресор вкотре переконались - українське військо здатне дати відсіч ворогу.",TRUE,"both","state","Russia","none",2,"Plenary session transcript (Засідання 19, 16 Oct 2018). BPP faction leader Artur Herasymov explicitly links the church's 'spiritual independence' to Ukraine's ongoing pursuit of 'territorial independence', juxtaposing the Synod decision with recent military exercises near Azov -- reinforcing the church-army parallel established throughout the corpus.","coded_batch_22.json","2018-10-16","Засідання 19","rada.gov.ua","rada_stenogram","https://www.rada.gov.ua/meeting/stenogr/show/6922.html","J1_autocephaly_2018-19","2018"
"e8e57e2da36c","РПЦ вивела себе за межі світового православ'я, вони справжні розкольники і політикани, які вірно служать Кремлю... ніякі російські кегебісти в рясах цьому не завадять. Війна за незалежність триває, війна за душі і тіла.",TRUE,"both","state","UOC-MP","sanction",3,"Burbak repeats the 'KGB agents in cassocks' framing and 'war for souls and bodies' language from the same-day Coordination Council speech (doc e28f5b291aee), and in this plenary version explicitly calls for sanctions against media outlets that 'deny the fact of Russian aggression and broadcast Kremlin talking points', urging immediate consideration of related bills and unblocking a sanctions resolution against 'hostile TV channels'. Coded extraordinary_measure as 'sanction' given the explicit, concrete legislative call.","coded_batch_22.json","2018-10-16","Засідання 19","rada.gov.ua","rada_stenogram","https://www.rada.gov.ua/meeting/stenogr/show/6922.html","J1_autocephaly_2018-19","2018"
"ebca9c62e6a4","Це просто гундяєвство і демонструє, що це кегебістська секта! ...священники Гундяєва своїми руками вбивали полонених українських воїнів! Перші диверсійні групи переховувались у ваших, гундяєвських сховищах, вбиваючи українських громадян, як диверсійна група Стрєлкова!",TRUE,"material","other","UOC-MP","other",3,"Plenary session transcript (Засідання 23, 18 Oct 2018). Following Opposition Bloc MP Oleksandr Vilkul's accusation that parliament paid Patriarch Bartholomew a 'bribe' (transferring St. Andrew's Church) for supporting Poroshenko's campaign, the presiding chair erupts, calling Vilkul's faction's church affiliation a 'Gundyaev-ism' [derogatory reference to Patriarch Kirill Gundyaev] and 'a KGB sect', and directly accusing '(Patriarch) Gundyaev's priests' of having 'murdered captured Ukrainian soldiers with their own hands' and of 'the first sabotage groups' hiding in 'your Gundyaev hideouts... like Strelkov's sabotage group'. This is among the most extreme securitising accusations in the entire corpus: explicit war-crimes/murder allegations against clergy and claims that church property served as safe houses for Russian sabotage operations, delivered from the Speaker's podium in direct response to an opposing MP's remarks about the church-transfer bill.","coded_batch_23.json","2018-10-18","Засідання 23","rada.gov.ua","rada_stenogram","https://www.rada.gov.ua/meeting/stenogr/show/6931.html","J1_autocephaly_2018-19","2018"
"dcd52fce848c","Підписана угода дає мені впевненість сподіватись, що вже до кінця листопада буде проведено Всеукраїнський об'єднавчий собор. І я впевнений, що жодні темні сили не зможуть зупинити цей процес.",TRUE,"ontological","other","Russia","none",1,"Coordination Council transcript (5 Nov 2018), opening with condolences related to a recent murder investigation (unrelated to UOC-MP) before turning to the Ukraine-Constantinople agreement. Speaker Parubiy expresses confidence that 'no dark forces will be able to stop this process' -- a mild reiteration of the light/darkness securitising framing used elsewhere, without new specific claims. Low confidence given its brief, generic nature.","coded_batch_24.json","2018-11-05","Погоджувальна рада","rada.gov.ua","rada_stenogram","https://www.rada.gov.ua/meeting/stenogr/show/6934.html","J1_autocephaly_2018-19","2018"
"9413d56f723c","Не має жодного морального права московська церква в Україні називатися українською – це абсурд... І сьогодні ми повинні добитися, щоб екзархат Московської патріархії в Україні називався Російською православною церквою в Україні.",TRUE,"ontological","identity","UOC-MP","other",3,"Plenary session transcript (Засідання 30, 9 Nov 2018). An MP delivers a highly inflammatory floor speech (using the ethnic slur 'кацапи' for Russians, and comparing UOC-MP's 'Ukrainian' branding to Viktor Medvedchuk's 'Ukrainian Choice' organisation, given Medvedchuk's close ties to Putin) explicitly demanding that 'today we must achieve that the Moscow Patriarchate's exarchate in Ukraine be called the Russian Orthodox Church in Ukraine' -- a direct, explicit floor call for the mandated-renaming measure tracked since batch 14 (bill 5309/similar), delivered with markedly harsher rhetoric than earlier instances.","coded_batch_25.json","2018-11-09","Засідання 30","rada.gov.ua","rada_stenogram","https://www.rada.gov.ua/meeting/stenogr/show/6947.html","J1_autocephaly_2018-19","2018"
"a284f8a64d40","Церковь будет противостоять попыткам переименования «всеми законными методами»... Решения Собора близко к тексту пересказывают решения Минского собора РПЦ, которые, если верить российским коллегам, были сформулированы на экстренном заседании Совбеза РФ.",TRUE,"both","identity","Russia","other",3,"Extended opinion piece by journalist Kateryna Shchotkina analysing UOC-MP's emergency Council response to the Synod decision. Reports that the Council resolved to oppose the renaming law 'by all legal means' -- corroborating that this measure (tracked since batch 14) was a live, contested issue for UOC-MP -- and, more seriously, claims the Council's resolutions 'closely paraphrase' those of ROC's Minsk council, which 'if Russian colleagues are to be believed, were formulated at an emergency session of the Russian Federation's Security Council' -- an explicit claim that UOC-MP's official positions were directly scripted by Russia's security apparatus.","coded_batch_25.json","2018-11-14","Смелость от испуга. Почему митрополит Онуфрий пошел на конфликт с Порошенко","risu.ua","poroshenko_speech","https://risu.ua/smelost-ot-ispuga-pochemu-mitropolit-onufriy-poshel-na-konflikt-s-poroshenko_n94478","J1_autocephaly_2018-19","2018"
"a284f8a64d40","Она демонстрирует, напротив, свою крайнюю зависимость от власти - власти другой страны... троллинг украинского президента - продолжение политики Моспатриархии и Кремля по непризнанию легитимности нынешней украинской власти.",TRUE,"both","state","UOC-MP","other",3,"The article states UOC-MP's confrontational stance demonstrates 'its extreme dependence on the power of another country', and frames its conduct toward Poroshenko as 'a continuation of the Moscow Patriarchate and Kremlin's policy of non-recognition of the legitimacy of the current Ukrainian government' -- direct instrument-of-a-foreign-power framing, alleging a coordinated Kremlin-UOC MP political strategy to delegitimise Ukraine's president.","coded_batch_25.json","2018-11-14","Смелость от испуга. Почему митрополит Онуфрий пошел на конфликт с Порошенко","risu.ua","poroshenko_speech","https://risu.ua/smelost-ot-ispuga-pochemu-mitropolit-onufriy-poshel-na-konflikt-s-poroshenko_n94478","J1_autocephaly_2018-19","2018"
"a284f8a64d40","По мнению патриарха Кирилла... «царь наш ненастоящий», его скоро свергнут.",TRUE,"material","state","Russia","none",2,"The article reports that Patriarch Kirill allegedly told Patriarch Bartholomew that Poroshenko ('our tsar') is 'not real' and 'will soon be overthrown' -- a claim attributing to ROC's patriarch an expectation/anticipation of Poroshenko's political downfall, delegitimising Ukraine's head of state from within a religious-diplomatic channel. Confidence moderated given this is secondhand reporting of an alleged private remark.","coded_batch_25.json","2018-11-14","Смелость от испуга. Почему митрополит Онуфрий пошел на конфликт с Порошенко","risu.ua","poroshenko_speech","https://risu.ua/smelost-ot-ispuga-pochemu-mitropolit-onufriy-poshel-na-konflikt-s-poroshenko_n94478","J1_autocephaly_2018-19","2018"
"09d76919b5cc","Для мене отримання томосу – це реалізація дуже складної задачі, пов'язаної з національною безпекою. Президент так само розглядає це завдання, а тому ставив його за мету ще з перших днів президентства.",TRUE,"material","state","none","other",2,"Presidential advisor Rostyslav Pavlenko explicitly states that both he and Poroshenko have treated obtaining the Tomos as 'a very complex task related to national security' since the very first days of the presidency (2015) -- a direct confirmation from a senior official that the national-security framing was a deliberate strategic choice from the outset, rather than rhetoric that emerged later in the process.","coded_batch_25.json","2018-11-16","Томос став стратегією АП з перших днів Порошенка на посаді Президента, – Ростислав Павленко","risu.ua","poroshenko_speech","https://risu.ua/tomos-stav-strategiyeyu-ap-z-pershih-dniv-poroshenka-na-posadi-prezidenta-rostislav-pavlenko_n94572","J1_autocephaly_2018-19","2018"
"d59868971977","Сьогодні наш ворог є у Москві, це є Кремль, який хоче нас розбалансувати тут, який хоче сьогодні нас, щоб у нас тут не було єдності, який хоче зруйнувати нашу церкву сьогодні.",TRUE,"both","state","Russia","other",3,"Emergency plenary session (Позачергове засідання, 26 Nov 2018) convened following the Kerch Strait naval incident to debate martial law. A speaker explicitly states 'today our enemy is in Moscow, it is the Kremlin, which wants to destabilise us here, which wants us to have no unity here, which wants to destroy our church today' -- directly fusing the military crisis (martial law) and the church-independence campaign into a single narrative of coordinated Russian aggression, delivered during the emergency debate on declaring martial law itself.","coded_batch_26.json","2018-11-26","Позачергове засідання","rada.gov.ua","rada_stenogram","https://www.rada.gov.ua/meeting/stenogr/show/6966.html","J1_autocephaly_2018-19","2018"
"a2fd6c50419b","Москва – держава та російська церква, ефесбешники та церковники, хто в погонах, хто в рясах, хто в хрестах, хто в лампасах – не боялися жодного гріха, аби тільки зірвати це рішення.",TRUE,"both","state","Russia","none",3,"Poroshenko's address following the Synod's approval of the Tomos text. He explicitly lists 'the [Russian] state and the Russian church, FSB officers and clergymen, some in epaulets, some in cassocks, some with crosses, some with stripes' as a single undifferentiated hostile bloc that 'feared no sin at all, just to disrupt this decision' -- one of the most direct rhetorical equations of clergy with intelligence/security operatives found anywhere in the corpus, delivered by the president himself.","coded_batch_26.json","2018-11-29","«Тепер вже нашим єрархам належить провести об’єднавчий Собор і обраному предстоятелю випаде честь отримати Томос», - Президент Порошенко","risu.ua","poroshenko_speech","https://risu.ua/teper-vzhe-nashim-yerarham-nalezhit-provesti-ob-yednavchiy-sobor-i-obranomu-predstoyatelyu-vipade-chest-otrimati-tomos-prezident-poroshenko_n94804","J1_autocephaly_2018-19","2018"
"d2ae3214730f","Москва - держава і російська церква, ФСБшники та церковники, хто в погонах, хто в рясах, хто в хрестах, хто в лампасах - не боялися ніякого гріха, щоб тільки зірвати це рішення.",TRUE,"both","state","Russia","none",2,"Detailed BBC feature on the Synod proceedings in Istanbul, quoting the same Poroshenko statement already coded in doc a2fd6c50419b (FSB officers/clergy equation). The bulk of the article is narrative journalism about the Synod process itself with no additional securitising claims; coded to reflect the same quoted statement, at lower confidence since it is a secondary citation rather than the primary source.","coded_batch_26.json","2018-11-30","Томос у мішку: що Константинополь вирішив щодо України","risu.ua","poroshenko_speech","https://risu.ua/tomos-u-mishku-shcho-konstantinopol-virishiv-shchodo-ukrajini_n94837","J1_autocephaly_2018-19","2018"
"14637cf1a1ff","Українці повинні уникати провокаційних сутичок із захоплення храмів УПЦ МП, тому що саме цього очікує Росія... якщо у нас проллється крапля крові, так це те, чого хоче Путін... якщо хтось підійде до храму, я перший встану на захист цього храму.",TRUE,"material","nation","Russia","none",3,"Poroshenko states plainly that Russia/Putin actively wants violent clashes over UOC-MP church seizures as a provocation, and that any bloodshed would serve Moscow's goals -- an explicit threat-identification claim about Russian intent. Notably, his own response is protective rather than extraordinary/coercive: he personally pledges to be 'the first to stand in defence' of any UOC-MP church targeted for forcible seizure, explicitly working to prevent violence rather than calling for action against UOC-MP. Coded as securitising given the clear threat-actor/intent claim about Russia, despite the protective rather than coercive response.","coded_batch_27.json","2018-12-04","Порошенко про захоплення храмів УПЦ (МП): я першим стану на захист","risu.ua","poroshenko_speech","https://risu.ua/poroshenko-pro-zahoplennya-hramiv-upc-mp-ya-pershim-stanu-na-zahist_n94896","J1_autocephaly_2018-19","2018"
"ad2366e8a77e","Тут щойно переді мною виступав «сєпар», замість того, щоб сидіти в Лук'янівському СІЗО і відповідати за злочини проти української держави... а ви знаєте, що заважає створенню української помісної церкви, крім протидії Москви, агентура якої є в тому числі в залі, в тому числі переді мною депутат Скорик виступав?",TRUE,"material","state","internal","other",3,"Plenary session transcript (Засідання 39, 5 Dec 2018). Radical Party MP Andriy Lozovyi directly accuses a sitting fellow MP (Skoryk, Opposition Bloc) from the floor of being 'Moscow's agentura [agent]' obstructing the creation of the Ukrainian local church, having moments earlier called the same colleague a 'separatist' ('сєпар') who should be in pre-trial detention 'for crimes against the Ukrainian state' rather than sitting in parliament. This is among the most direct instances in the corpus of one sitting parliamentarian publicly accusing another, by name, of being a foreign agent -- explicitly naming an individual as Moscow's agentura rather than referring to opponents or UOC-MP in the abstract.","coded_batch_27.json","2018-12-05","Засідання 39","rada.gov.ua","rada_stenogram","https://www.rada.gov.ua/meeting/stenogr/show/6974.html","J1_autocephaly_2018-19","2018"
"a780c4d74dd5","В Росії негайно була скликана рада безпеки РФ з одним питанням – загроза Російській Православній Церкві в Україні... той шалений тиск і погрози, які сьогодні йому [Варфоломію] надходять з Москви.",TRUE,"material","state","Russia","none",2,"Poroshenko speech in Lviv days before the Unification Council. Repeats that Russia's own Security Council was convened specifically over 'the threat to the Russian Orthodox Church in Ukraine', and that Bartholomew faces 'frenzied pressure and threats' from Moscow -- consistent with, but not substantially adding to, previously documented claims about Russian state-security involvement and pressure campaigns.","coded_batch_28.json","2018-12-08","Держава і Вселенський Патріарх зробили свою справу, зараз вся відповідальність на учасниках об’єднавчого Собору, — Порошенко","risu.ua","poroshenko_speech","https://risu.ua/derzhava-i-vselenskiy-patriarh-zrobili-svoyu-spravu-zaraz-vsya-vidpovidalnist-na-uchasnikah-ob-yednavchogo-soboru-poroshenko_n94975","J1_autocephaly_2018-19","2018"
"5c186861b46a","Питання автокефалії – питання нашої української національної безпеки. Це – питання нашої української державності... Ми обрізаємо пута, які прив'язують нас до імперії.",TRUE,"both","state","Russia","none",2,"Poroshenko's full speech delivered in person at the Unification Council in St. Sophia's Cathedral (15 Dec 2018). Repeats and reaffirms the established national-security/statehood framing directly at the historic founding event of the PCU; consistent with, rather than escalating beyond, previously documented rhetoric.","coded_batch_28.json","2018-12-15","Петро Порошенко звернувся до учасників Cобору: «Від вас залежить майбутнє України»","risu.ua","poroshenko_speech","https://risu.ua/petro-poroshenko-zvernuvsya-do-uchasnikiv-coboru-vid-vas-zalezhit-maybutnye-ukrajini_n95145","J1_autocephaly_2018-19","2018"
"64300b4e33bd","Священник Московського патріархату благословляє російського полковника Ігоря Гіркіна (Стрєлкова)... Митрополит УПЦ (Московського патріархату) Платон благословляє російську зенітну ракетну систему... С-400 «Тріумф», розгорнуту в Феодосії.",TRUE,"material","state","UOC-MP","none",3,"Corrected date: 25 June 2020 (discussing a later Zelensky-era criminal investigation into Poroshenko over 'incitement of religious hostility' through creating the PCU; batch header date of 2018-12-15 was incorrect). Author Dmytro Horovyi (a recurring analyst in this corpus) cites specific, photographically documented instances -- a Moscow Patriarchate priest blessing DNR commander Igor 'Strelkov' Girkin in occupied Donetsk (July 2014), and a UOC-MP Metropolitan in occupied Crimea blessing a deployed Russian S-400 anti-aircraft missile system (January 2017) -- as concrete material evidence of clergy involvement with Russian-aligned military assets and personnel, contrasted with the absence of legal action against these instances compared to the case against Poroshenko. Higher confidence than typical analytical pieces given the specificity and photographic documentation cited.","coded_batch_28.json","2018-12-15","Томос і справа проти Порошенка за «створення ПЦУ». Якими будуть наслідки?","risu.ua","poroshenko_speech","https://risu.ua/tomos-i-sprava-proti-poroshenka-za-stvorennya-pcu-yakimi-budut-naslidki_n109448","J1_autocephaly_2018-19","2018"
"8d6a6e0a7572","Ті єпископи УПЦ (МП), які «попри тиск та погрози, прокльони Москви і п'ятої колони прийняли мужнє рішення і прийшли на Собор... Вони між Україною та Росією вибрали Україну».",TRUE,"material","state","internal","none",2,"Poroshenko's remarks after the Council's conclusion, praising the small number of UOC-MP bishops who attended 'despite pressure, threats, curses from Moscow and the fifth column' -- repeating the established 'fifth column' framing and pressure/threat narrative in the context of the Council's successful conclusion.","coded_batch_28.json","2018-12-15","«Українську  Помісну Автокефальну Церкву створено»,  - Петро Порошенко","risu.ua","poroshenko_speech","https://risu.ua/ukrajinsku-pomisnu-avtokefalnu-cerkvu-stvoreno-petro-poroshenko_n95147","J1_autocephaly_2018-19","2018"
"df7095e653db","Наша фракція у парламенті вимагає ухвалити закон про заборону церкви країни-агресора. Ми створили свою Церкву, і не потребуємо московської бутафорії, яка не має нічого спільного ані з церквою, ані з Богом.",TRUE,"both","state","UOC-MP","ban",3,"Corrected date: 16 December 2023 (fifth-anniversary retrospective post by Poroshenko, by then former president and opposition leader; batch header date of 2018-12-15 was incorrect). This is nonetheless a highly significant and explicit securitising statement: he directly calls on parliament to 'finally pass the law banning the church of the aggressor state', labelling UOC-MP 'Moscow's fakery/prop [бутафорія]' with 'nothing in common with either the church or God'. This is the single clearest, most explicit call for banning UOC-MP found anywhere in this corpus (as distinct from the earlier, narrower mandated-renaming measure), though it reflects the later political context of 2023 rather than the December 2018 period.","coded_batch_28.json","2018-12-15","Рада повинна заборонити УПЦ МП - бутафорію РФ, яка не має нічого спільного з Церквою, - Порошенко","risu.ua","poroshenko_speech","https://risu.ua/rada-povinna-zaboroniti-upc-mp---butaforiyu-rf-yaka-ne-maye-nichogo-spilnogo-z-cerkvoyu---poroshenko_n144775","J1_autocephaly_2018-19","2018"
"35e045706af0","З перших днів президентства боротьбу за автокефалію я розглядав не як церковне питання, а як питання національної безпеки... А коли вовки приходять в овечих шкурах, дуже легко стати здобиччю. Хіба Кремль колись приховував, що розглядає російську церкву як дуже гіпнотичний дурман для утримання сусідніх народів у сфері свого впливу?",TRUE,"both","state","Russia","none",3,"Poroshenko's 16 December press conference. He directly confirms that from 'the first days of the presidency' he treated the autocephaly struggle as a 'national security' matter rather than a religious one -- corroborating advisor Pavlenko's earlier claim (batch 25). He uses vivid infiltration imagery ('wolves in sheep's clothing') and explicitly likens the Russian church to 'a very hypnotic drug for keeping neighbouring peoples within its sphere of influence' -- a striking narcotic/mind-control metaphor for the church's function as a Russian instrument.","coded_batch_28.json","2018-12-16","«Аж зірки на кремлівських шпилях почорніли», - Порошенко про істеричну реакцію Кремля і РПЦ на Томос","risu.ua","poroshenko_speech","https://risu.ua/azh-zirki-na-kremlivskih-shpilyah-pochornili-poroshenko-pro-isterichnu-reakciyu-kremlya-i-rpc-na-tomos_n95181","J1_autocephaly_2018-19","2018"
"35e045706af0","Із понад 10 єрархів, які підписали звернення до Вселенського Патріарха або твердо пообіцяли прийти на Собор, прийшли тільки двоє. Це результат тиску, і точно не нашої держави.",TRUE,"material","other","internal","none",2,"Poroshenko notes that of over 10 UOC-MP hierarchs who had signed the appeal or promised to attend, only two actually came to the Council, attributing this to 'pressure -- and certainly not from our state', implicitly pointing to internal coercion within UOC-MP/from Moscow to prevent attendance.","coded_batch_28.json","2018-12-16","«Аж зірки на кремлівських шпилях почорніли», - Порошенко про істеричну реакцію Кремля і РПЦ на Томос","risu.ua","poroshenko_speech","https://risu.ua/azh-zirki-na-kremlivskih-shpilyah-pochornili-poroshenko-pro-isterichnu-reakciyu-kremlya-i-rpc-na-tomos_n95181","J1_autocephaly_2018-19","2018"
"b6b2c6c8f0a3","Ми всі знаємо, який неймовірний тиск чинився і чиниться на Всесвятійшого Патріарха від Москви і від усіх союзників, яких задіює Кремль у тиску на Варфоломія.",TRUE,"material","other","Russia","none",1,"Coordination Council transcript (17 Dec 2018). Speaker Parubiy celebrates the Unification Council's success and repeats the established claim of 'incredible pressure' on Patriarch Bartholomew 'from Moscow and all the allies the Kremlin deploys' -- consistent with, but not adding to, previously documented pressure/threat claims. Low confidence given its brief, celebratory, non-specific nature.","coded_batch_29.json","2018-12-17","Погоджувальна рада","rada.gov.ua","rada_stenogram","https://www.rada.gov.ua/meeting/stenogr/show/6981.html","J1_autocephaly_2018-19","2018"
"1981c3be1235","Народні депутати винесли кілька постанов... мають ствердити історичну справедливість, тобто Російську Православну Церкву в Україні назвати своїм іменем – не Українська Православна Церква (в кавичках) (МП) Московського Патріархату, а так, як вона є насправді – Російська Православна Церква... російський патріархат, або «паханат»...",TRUE,"ontological","identity","UOC-MP","other",3,"Plenary session transcript (Засідання 43, 18 Dec 2018). An MP discusses upcoming parliamentary resolutions to legally rename UOC-MP as 'the Russian Orthodox Church in Ukraine' to 'restore historical justice', and uses the derogatory slang term 'паханат' (a play on 'patriarchate' invoking 'пахан', a criminal-underworld boss) to describe the Moscow Patriarchate. Directly documents the mandated-renaming measure (tracked since batch 14/17/25) being actively legislated, with additional pejorative framing.","coded_batch_29.json","2018-12-18","Засідання 43","rada.gov.ua","rada_stenogram","https://www.rada.gov.ua/meeting/stenogr/show/6983.html","J1_autocephaly_2018-19","2018"
"05657e108c79","Закон 5309, про внесення змін до Закону України «Про свободу совісті та релігійні організації» щодо назви релігійних організацій, які входять до структури релігійної організації, керівний центр (управління) якої знаходиться за межами України в державі, яка законом визнана такою, що здійснила військову агресію проти України.",TRUE,"ontological","identity","UOC-MP","other",3,"Plenary session transcript (Засідання 46, 20 Dec 2018). Speaker Andriy Parubiy directly names and reads out the exact text of bill 5309 -- the mandated-renaming law requiring religious organisations whose governing centre is in a state legally recognised as having committed aggression against Ukraine to disclose this in their name -- explicitly on the floor at the personal request of Patriarch Filaret, urging MPs to support it. This confirms and names the specific legislative measure tracked since batch 14 (the naming law) and formally links it to Filaret's advocacy.","coded_batch_29.json","2018-12-20","Засідання 46","rada.gov.ua","rada_stenogram","https://www.rada.gov.ua/meeting/stenogr/show/6991.html","J1_autocephaly_2018-19","2018"
"486bf834d102","5309 Проект Закону про внесення змін до Закону України «Про свободу совісті та релігійні організації» щодо назви релігійних організацій (об'єднань)... Закон прийнято.",TRUE,"ontological","identity","UOC-MP","other",3,"Official Rada operational record (Оперативна інформація, 20 Dec 2018) confirming that bill 5309 -- the mandated-renaming law tracked since batch 14 -- was formally ADOPTED ('Закон прийнято') on this date, sponsored by MP Viktor Brychenko (submitted 28 Oct 2016). This is the definitive confirmation that the extraordinary administrative/legislative measure requiring UOC-MP to disclose its subordination to a state legally recognised as an aggressor in its official name was enacted into Ukrainian law.","coded_batch_29.json","2018-12-20","Оперативна інформація","rada.gov.ua","rada_stenogram","https://www.rada.gov.ua/meeting/stenogr/show/6992.html","J1_autocephaly_2018-19","2018"
"b72086d4bdca","Хочу вам повідомити, що я підписав проект Закону 5309 і невідкладно відправив його Президентові на підпис, чим закріпив історичне рішення українського парламенту.",TRUE,"ontological","identity","UOC-MP","other",2,"Plenary session transcript (Засідання 47, 20 Dec 2018). Speaker Parubiy announces he personally signed bill 5309 (the mandated-renaming law, confirmed adopted in batch 29) and urgently forwarded it to the President for signature. Additional corroboration of the measure's finalisation, though largely procedural confirmation rather than new rhetorical content.","coded_batch_30.json","2018-12-20","Засідання 47","rada.gov.ua","rada_stenogram","https://www.rada.gov.ua/meeting/stenogr/show/6994.html","J1_autocephaly_2018-19","2018"
"c645e5fbadad","Росія мертвою хваткою вчепилася у свою церковну мережу в Україні, розглядаючи її як розгалужений канал впливу. Російська православна церква — частина політичної системи РФ. Сам Путін порівняв РПЦ з ядерною зброєю. Було б злочином дивитися на все це крізь пальці.",TRUE,"material","state","Russia","none",3,"Poroshenko's New Year column for NV/The Economist special project (the full version of the excerpt also published separately as doc acd101f3525f). States Russia has a 'dead grip' on its church network in Ukraine as 'an extensive channel of influence', calls ROC 'part of the RF's political system', and -- most strikingly -- claims 'Putin himself compared ROC to nuclear weapons'. This is among the most extreme instrument-of-state-power claims in the corpus, directly equating a religious institution's strategic value with weapons of mass destruction. The same column separately warns of 'attempts by pro-Russian candidates to consolidate into a single fifth column' ahead of the 2019 elections.","coded_batch_30.json","2019-01-01","Тримати штурвал","risu.ua","poroshenko_speech","https://risu.ua/trimati-shturval_n95517","J1_autocephaly_2018-19","2019"
"acd101f3525f","Росія «мертвою хваткою» вчепилася у свою церковну мережу в Україні, розглядаючи її як розгалужений канал впливу... Сам Путін порівняв РПЦ з ядерною зброєю.",TRUE,"material","state","Russia","none",3,"Shorter excerpted republication of the same column fully coded in doc c645e5fbadad (the 'Putin compared ROC to nuclear weapons' claim). Coded identically given it is the same underlying statement.","coded_batch_30.json","2019-01-02","Росія мертво вчепилася в УПЦ МП, - Петро Порошенко","risu.ua","poroshenko_speech","https://risu.ua/rosiya-mertvo-vchepilasya-v-upc-mp-petro-poroshenko_n95505","J1_autocephaly_2018-19","2019"
"ea59be2ae578","Це день остаточного здобуття української незалежності від Росії. І Україна вже не буде пити, кажучи словами Тараса Шевченка, з московської чаші московську отруту.",TRUE,"ontological","nation","Russia","none",3,"Detailed BBC feature on the Unification Council (the article's shown publication date is 19 December 2018, close to but not matching the batch header of 6 Jan 2019). Poroshenko's own quote uses a striking 'poison' metaphor -- Ukraine will no longer 'drink Moscow's poison from the Moscow chalice', quoting Shevchenko -- an existential, near-toxicological framing of Russian religious/cultural influence.","coded_batch_30.json","2019-01-06","Об'єднавчий собор Української церкви: як все відбувалося","risu.ua","poroshenko_speech","https://risu.ua/ob-yednavchiy-sobor-ukrajinskoji-cerkvi-yak-vse-vidbuvalosya_n95245","J1_autocephaly_2018-19","2019"
"ea59be2ae578","Він [Філарет] вважає церкву Московського патріархату структурним підрозділом російських політичних і церковних кіл, інструментом проросійського впливу на державу, владу і суспільство в Україні.",TRUE,"material","state","UOC-MP","none",2,"The same BBC feature reports that Patriarch Filaret (Epifaniy's mentor) considers UOC-MP 'a structural subdivision of Russian political and church circles, an instrument of pro-Russian influence on the state, government and society in Ukraine' -- direct instrument-of-a-foreign-power framing attributed to Filaret. The article also documents that only 2 of ~80 UOC-MP bishops attended the Council (Drabinko and Symeon), both immediately excommunicated by UOC-MP for it, and that Patriarch Kirill wrote to world leaders (the Pope, UN Secretary-General) protesting the Council -- evidence of ROC's own diplomatic countermobilisation.","coded_batch_30.json","2019-01-06","Об'єднавчий собор Української церкви: як все відбувалося","risu.ua","poroshenko_speech","https://risu.ua/ob-yednavchiy-sobor-ukrajinskoji-cerkvi-yak-vse-vidbuvalosya_n95245","J1_autocephaly_2018-19","2019"
"073819dec981","333 роки українська Церква була під московським ярмом... Не слухайте ваших інструкцій з Москви, вони точно до добра не доведуть... Якщо вам дійсно щось не так, коли ви ходите до церкви, де службу Божу починають з молитви за Кирила і вам важко, то не ходіть туди... коли з-за кордону церква отримує інструкції і створює п'яту колону.",TRUE,"both","identity","Russia","other",3,"Poroshenko speaking in Lutsk explicitly and directly urges UOC-MP parishioners to leave churches that pray for Patriarch Kirill or the Russian military, telling them 'don't listen to your instructions from Moscow' and framing a church that 'receives instructions from abroad' as one that 'creates a fifth column'. This is the most direct behavioural call in the corpus for individual believers to abandon UOC-MP specifically, going beyond earlier rhetoric that focused on institutional/political framing rather than direct audience instruction. Uses '333-year Moscow yoke' as existential historical framing.","coded_batch_30.json","2019-01-15","Не ходіть до Церкви, де моляться за Кирила, - Порошенко у Луцьку","risu.ua","poroshenko_speech","https://risu.ua/ne-hodit-do-cerkvi-de-molyatsya-za-kirila-poroshenko-u-lucku_n95784","J1_autocephaly_2018-19","2019"
"e78b2b5b956c","Через різні елементи гібридної війни, включаючи Церкву, намагається підірвати стабільність України зсередини... Кирило, який молиться за Путіна, за російське військо і за російську владу, бере участь в засіданні колегії Міністерства оборони і Ради безпеки РФ.",TRUE,"both","state","Russia","none",3,"Poroshenko explicitly frames the church as 'one of the elements of hybrid war' Russia uses 'to undermine Ukraine's stability from within', and makes the specific institutional claim that Patriarch Kirill 'participates in meetings of the collegium of the Ministry of Defence and the Security Council of the Russian Federation' -- a concrete claim of direct fusion between ROC leadership and Russia's military/security apparatus. Notably, he simultaneously commits to protecting the free choice of those remaining with UOC-MP and explicitly rules out state pressure on the transition process ('without any pressure from the state').","coded_batch_31.json","2019-01-16","Захищатиму свободу релігійного вибору тих, хто прийме рішення перейти до ПЦУ – Президент","risu.ua","poroshenko_speech","https://risu.ua/zahishchatimu-svobodu-religiynogo-viboru-tih-hto-priyme-rishennya-pereyti-do-pcu-prezident_n95805","J1_autocephaly_2018-19","2019"
"fbdee9f7fc42","Маємо позбавити ворога такого інструменту – інструменту послаблення нашої державності, інструменту як залежність Церкви від Москви, від впливу країни-агресора.",TRUE,"both","state","Russia","other",3,"Poroshenko's Unity Day (Sobornosti) speech explicitly frames church dependency on Moscow as 'an instrument [used by] the enemy' to weaken Ukrainian statehood, and calls for 'depriving the enemy of this instrument' -- a direct call for the extraordinary measure of severing this dependency entirely, framed in adversarial military-instrumental terms.","coded_batch_31.json","2019-01-22","Фундамент нашого дому - єдина незалежна соборна Україна з нерозділеною Церквою, - Петро Порошенко у День Соборності","risu.ua","poroshenko_speech","https://risu.ua/fundament-nashogo-domu-yedina-nezalezhna-soborna-ukrajina-z-nerozdilenoyu-cerkvoyu-petro-poroshenko-u-den-sobornosti_n95929","J1_autocephaly_2018-19","2019"
"7e28e66dd875","После принятия Верховной Радой упрощенной процедуры по переходу церковных общин в новую «церковь» грядет большое кровопролитие и передел церковной собственности... у заокеанских кукловодов стоит задача отобрать все имущество у настоящей канонической УПЦ.",TRUE,"material","other","other","seizure",2,"Extensive risu.ua catalog of Russian state-media propaganda narratives responding to the Tomos. Russian television claims that Ukraine's simplified parish-transfer procedure will lead to 'great bloodshed and redistribution of church property', alleging 'overseas puppet-masters' (implying the US) aim 'to take away all the property of the true canonical UOC'. This is a reverse-direction securitising move: Russian state media identifies a threat (Ukrainian legislation/US involvement), frames it as leading to violence, and implicitly the extraordinary response is defending UOC-MP property against anticipated seizure. Coded with referent_object 'other' (UOC-MP as claimed victim) and threat_actor 'other' (Ukrainian state/US, from this reverse perspective).","coded_batch_31.json","2019-01-25","Что Иисус Христос сделал бы с Порошенко. Реакция российской пропаганды на томос","risu.ua","poroshenko_speech","https://risu.ua/chto-iisus-hristos-sdelal-by-s-poroshenko-reakciya-rossiyskoy-propagandy-na-tomos_n96076","J1_autocephaly_2018-19","2019"
"7e28e66dd875","Фактически Украина в шаге от кровавого гражданского противостояния на религиозной почве... заинтересованность представителя Госдепартамента США по свободе вероисповедания Сэма Браунбэка в вопросах религиозных дел на Украине... связи константинопольского патриарха с властями США.",TRUE,"material","other","other","none",2,"Commentator Ivan Meziukho, quoted in the same Russian-media catalog, claims 'Ukraine is one step from bloody civil confrontation on religious grounds' and alleges US State Department involvement (citing religious-freedom envoy Sam Brownback) and financial ties between the Ecumenical Patriarch and US authorities as evidence of an American-orchestrated plot -- another reverse-direction securitising claim from the Russian media ecosystem, this time explicitly invoking civil-war-level existential framing.","coded_batch_31.json","2019-01-25","Что Иисус Христос сделал бы с Порошенко. Реакция российской пропаганды на томос","risu.ua","poroshenko_speech","https://risu.ua/chto-iisus-hristos-sdelal-by-s-poroshenko-reakciya-rossiyskoy-propagandy-na-tomos_n96076","J1_autocephaly_2018-19","2019"
"1d1538b9c284","Хоча так чекала Москва, що у нас почне литися кров, будуть штурми храмів, захоплення монастирів. Не дочекались. Бо наша Церква іде з вірою і любов'ю.",TRUE,"material","nation","Russia","none",2,"Poroshenko states at a Tomos-tour stop that 'Moscow was waiting for blood to be spilled, for church stormings and monastery seizures to begin' but that this did not happen -- reaffirming the claim (first made in batch 27) that Russia wanted/expected violent provocations, framed here triumphantly as proof of Ukraine's restraint. Explicitly non-coercive/non-violent process emphasised throughout.","coded_batch_32.json","2019-02-18","До Маняви на Прикарпатті привезли Томос про автокефалію ПЦУ","risu.ua","poroshenko_speech","https://risu.ua/do-manyavi-na-prikarpatti-privezli-tomos-pro-avtokefaliyu-pcu_n96518","J1_autocephaly_2018-19","2019"
"4dd8c1a9628a","Сербський Патріарх за свою антиукраїнську позицію отримав хабара у 250 000 доларів США, а в Антіохійського Патріарха і вибору не було ‒ він знаходиться у Сирії, яка вщент набита російськими військовими.",TRUE,"material","other","Russia","none",2,"One-year retrospective column by Dmytro Horovyi (a recurring analyst in this corpus). Makes a specific, serious allegation that Serbian Patriarch Irinej (whose extreme anti-Tomos rhetoric was documented in batch 15) received a $250,000 bribe for his anti-Ukrainian position, and that the Patriarch of Antioch had no real choice given Syria being 'stuffed full of Russian troops'. Concrete corruption/coercion allegations against foreign church leaders tied to Russian influence.","coded_batch_38.json","2019-04-19","Колонка Дмитра Горєвого","risu.ua","poroshenko_speech","https://risu.ua/tomosniy-marafon-dovzhinoyu-u-rik_n97606","J1_autocephaly_2018-19","2019"
"4dd8c1a9628a","Російські хакери, яких пов'язують з Кремлем, намагалися зламати електронні скриньки митрополитів, особисто Патріарха Варфоломія звинувачували у різних гріхах.",TRUE,"material","other","Russia","none",2,"The same column alleges Kremlin-linked Russian hackers attempted to breach the email accounts of Ecumenical Patriarchate metropolitans during 2018 -- a concrete cyberattack allegation, part of a broader claimed pressure campaign against Constantinople.","coded_batch_38.json","2019-04-19","Колонка Дмитра Горєвого","risu.ua","poroshenko_speech","https://risu.ua/tomosniy-marafon-dovzhinoyu-u-rik_n97606","J1_autocephaly_2018-19","2019"
"4dd8c1a9628a","«Нас ніколи не полишало усвідомлення, що ми – [одна] країна та [один] народ. Неможливо відокремити Київ від нашої країни», ‒ сказав він [Кирило] Варфоломію під час зустрічі у Стамбулі 31 серпня.",TRUE,"ontological","identity","Russia","none",3,"The column quotes Patriarch Kirill telling Bartholomew directly that Russia and Ukraine are 'one country and one people' and that 'Kyiv cannot be separated from our country' -- itself a securitising/imperial claim by Kirill denying Ukrainian national distinctiveness and territorial integrity, presented by the author as evidence of ROC's 'true face' toward Ukraine.","coded_batch_38.json","2019-04-19","Колонка Дмитра Горєвого","risu.ua","poroshenko_speech","https://risu.ua/tomosniy-marafon-dovzhinoyu-u-rik_n97606","J1_autocephaly_2018-19","2019"
"59f483fc5447","Вчора народ України висловив позицію проти... гонінь на канонічну Українську Православну Церкву.",TRUE,"material","other","other","none",2,"Coordination Council transcript (22 Apr 2019), the morning after Poroshenko's runoff defeat. A critical MP frames the election result as a popular rejection of, among other things, 'persecution of the canonical Ukrainian Orthodox Church' -- a reverse-direction securitising framing casting the outgoing government's church policy itself as the harm being punished at the ballot box. Referent object coded 'other' (UOC-MP as the entity claimed persecuted); threat actor 'other' (the outgoing Ukrainian state).","coded_batch_38.json","2019-04-22","Погоджувальна рада","rada.gov.ua","rada_stenogram","https://www.rada.gov.ua/meeting/stenogr/show/7082.html","J1_autocephaly_2018-19","2019"
"59f483fc5447","Вперше за 333 роки українці підуть освячувати кошик у власну незалежну автокефальну Православну Церкву України... ми будемо відстоювати кожне з перелічених надбань і від ворога, і від некомпетентності, і від усіх бажаючих реваншу в Україні.",TRUE,"both","state","Russia","none",2,"In the same session, BPP faction leader Artur Herasymov repeats the '333-year' framing and explicitly vows to 'defend every one of these achievements from the enemy... and from all who want revanche in Ukraine' -- defensive securitising language anticipating a possible reversal of the church-independence achievement under the incoming administration.","coded_batch_38.json","2019-04-22","Погоджувальна рада","rada.gov.ua","rada_stenogram","https://www.rada.gov.ua/meeting/stenogr/show/7082.html","J1_autocephaly_2018-19","2019"
"63ecba79bcbc","Наша команда захищатиме Православну Церкву України від реваншу Московського Патріархату.",TRUE,"both","state","UOC-MP","none",2,"In his concession remarks after the runoff loss, Poroshenko pledges his (now opposition) team will 'defend the Orthodox Church of Ukraine from a revanche of the Moscow Patriarchate' -- framing his post-presidency political role partly around preventing an anticipated UOC-MP/ROC comeback under the incoming administration. Vague on specifics; part of a broader list of promised opposition commitments.","coded_batch_38.json","2019-04-22","Петро Порошенко заявив, що його команда захищатиме ПЦУ від реваншу Московського Патріархату","risu.ua","poroshenko_speech","https://risu.ua/petro-poroshenko-zayaviv-shcho-yogo-komanda-zahishchatime-pcu-vid-revanshu-moskovskogo-patriarhatu_n97646","J1_autocephaly_2018-19","2019"
"6b0703e97015","Мова про експерименти влади у сфері релігії, спроби знищити канонічну Українську Православну Церкву... вже можемо говорити про церковне рейдерство, яке набуло масового характеру... Розпорядженням голови Рівненської ОДА Муляренка та голови Волинської ОДА Савченка... незаконно переоформили 80 парафій Української Православної Церкви... Наслідком цього стало чисельні напади на храми, священиків, вірян УПЦ.",TRUE,"material","other","other","seizure",3,"Plenary session transcript (Засідання 33, 24 Apr 2019). Opposition Bloc/UOC-MP-linked MP Vadym Novynskyi delivers a detailed reverse-direction securitising speech, explicitly framing five years of state church policy as 'attempts to destroy the canonical Ukrainian Orthodox Church' and describing organised 'church raiding' -- naming specific regional administration heads (Rivne, Volyn oblasts) accused of illegally re-registering 80 UOC-MP parishes via fraudulent community meetings and forged protocols, resulting in 'numerous attacks on temples, priests, and worshippers of UOC-MP'. This is among the most detailed and specific reverse-direction securitising claims in the corpus, naming officials and regions rather than making general accusations.","coded_batch_38.json","2019-04-24","Засідання 33","rada.gov.ua","rada_stenogram","https://www.rada.gov.ua/meeting/stenogr/show/7089.html","J1_autocephaly_2018-19","2019"
"6b0703e97015","До чого ми дійшли? Ми, хто 100 років йшли до створення своєї церкви, вже понад 500 громад перейшли до Української церкви... Ви нам не погрожуйте, друзі... Реванш не пройде. Епоха тьми не повернеться.",TRUE,"both","state","UOC-MP","none",2,"The presiding chair responds furiously to Novynskyi's church-raiding allegations, characterising them as a 'threat' against the creation of the Ukrainian church, and declares defiantly 'revanche will not pass, the era of darkness will not return' -- a securitising counter-response casting the UOC-MP grievance itself as an attempted reversal of national progress, using explicit light/darkness existential framing.","coded_batch_38.json","2019-04-24","Засідання 33","rada.gov.ua","rada_stenogram","https://www.rada.gov.ua/meeting/stenogr/show/7089.html","J1_autocephaly_2018-19","2019"
"1953ace08074","Олега Осуховського до Прем'єр-міністра, Ради нацбезпеки і оборони, Глави Адміністрації Президента, Голови Вищої ради правосуддя, Голови СБУ, міністра внутрішніх справ, Генерального прокурора щодо ситуації навколо виконання Закону України «Про свободу совісті та релігійні організації».",TRUE,"material","other","other","other",1,"Plenary session transcript (Засідання 36, 26 Apr 2019) with a register of deputy interpellations. MP Oleh Osukhovskyi submits a formal inquiry to the National Security and Defence Council (RNBO), SBU, Prime Minister, and Prosecutor General regarding implementation of the Law on Freedom of Conscience and Religious Organisations -- routing a religious-organisations matter to the security apparatus, similar in structure to the Artyushenko/Illienko interpellations documented in the re-uploaded batch 3. The register does not specify the inquiry's substance or direction (concern for UOC-MP given the 'church raiding' allegations raised days earlier in batch 38, or a different angle), so coded with low confidence given this ambiguity.","coded_batch_39.json","2019-04-26","Засідання 36","rada.gov.ua","rada_stenogram","https://www.rada.gov.ua/meeting/stenogr/show/7095.html","J1_autocephaly_2018-19","2019"
"2a472197d7f7","Ми обрали курс на оборону нашої незалежності, на захист нашої землі, розбудову великої, добротної України з нашою канонічною Українською Православною Церквою... зараз як ніколи є загроза контрреволюції олігархату і Кремля через відміну мажоритарної системи виборів.",TRUE,"both","state","Russia","none",2,"Plenary session transcript (Засідання 39, 15 May 2019). MP Barna repeats the established Army/Language/Church trinity framing -- notably co-opting the term 'canonical' (usually claimed by UOC-MP itself) to describe PCU -- and warns of 'a threat of counter-revolution by oligarchy and the Kremlin' via proposed electoral system changes. Consistent with the established securitising pattern, now extended to domestic electoral-law debates in the post-election period.","coded_batch_39.json","2019-05-15","Засідання 39","rada.gov.ua","rada_stenogram","https://www.rada.gov.ua/meeting/stenogr/show/7103.html","J1_autocephaly_2018-19","2019"
"5b4035b6380a","Розкол в українському православ'ї лише поглиблюється подібними кроками керівництва Ради... нехтування правами тих, хто захищає позиції найбільшої і, головне, канонічної православної конфесії України – Української Православної Церкви, права якої порушуються останніх років.",TRUE,"material","other","other","none",2,"Plenary session transcript (Засідання 55, 18 June 2019). Opposition Bloc MP protests that UOC-MP-sympathetic deputies (Novynskyi, Dobkin) were excluded from the delegation to the Interparliamentary Assembly of Orthodoxy in Tbilisi via a closed-door committee decision, framing this as deepening the Orthodox schism and neglecting the rights of 'the largest and, most importantly, canonical Orthodox confession of Ukraine -- the Ukrainian Orthodox Church, whose rights have been violated in recent years'. A reverse-direction securitising complaint (referent object 'other' = UOC-MP; threat actor 'other' = Rada leadership), though without a specific proposed extraordinary measure beyond delegation inclusion.","coded_batch_43.json","2019-06-18","Засідання 55","rada.gov.ua","rada_stenogram","https://www.rada.gov.ua/meeting/stenogr/show/7144.html","interstitial_2019-2022","2019"
"5651b4ec9dc0","Московська церква в Україні не лише не бажає виконувати закон і чесно вказувати свій реальний центр – Москву, вони вже намагаються скасувати реєстрацію української вселенськи визнаної церкви, хочуть забрати в українців право мати свою церкву. Київський окружний адмінсуд повинен здати іспит на державність і українськість і однозначно підтвердити законність реєстрації Православної Церкви України.",TRUE,"both","state","UOC-MP","other",3,"Plenary session transcript (Засідання 58, 20 June 2019), the same day as Poroshenko's Facebook statement (doc 3cc62c43e1a7) on the UOC-MP lawsuit against PCU's registration. The presiding chair explicitly frames the lawsuit as UOC-MP trying to 'take away Ukrainians' right to have their own church' amid 'attempts at revanche... inside the country', and directly pressures the Kyiv District Administrative Court to 'pass a test of statehood and Ukrainian-ness' and rule to uphold PCU's registration -- an explicit attempt to politically pressure judicial proceedings, framed as a national-existential test.","coded_batch_44.json","2019-06-20","Засідання 58","rada.gov.ua","rada_stenogram","https://www.rada.gov.ua/meeting/stenogr/show/7151.html","interstitial_2019-2022","2019"
"3cc62c43e1a7","Позов УПЦ МП до Окружного адмінсуду Києва щодо «незаконної реєстрації» ПЦУ повинен бути винесений на обговорення в РНБО... Що ще краще може ілюструвати реальність російського реваншу? Все більш очевидним стає атака на наші цінності, на фундамент державності.",TRUE,"both","state","UOC-MP","other",3,"Poroshenko (now opposition leader) calls on Zelensky to convene the National Security and Defence Council (RNBO) to discuss UOC-MP's lawsuit challenging PCU's registration, explicitly rejecting the idea that 'Ukraine should not interfere in church affairs' as naive ('a nice theory' that in reality means 'indifference to Russian interference'). He frames the lawsuit as 'not a church matter', notes UOC-MP leadership recently visited Moscow with Opposition Bloc leader Novynskyi, and declares it 'an attack on our values, on the foundation of statehood' -- explicitly calling for the National Security Council, Ukraine's top security body, to review what is formally a civil lawsuit.","coded_batch_44.json","2019-06-21","Порошенко закликав Зеленського скликати РНБО за позовом УПЦ МП проти ПЦУ","risu.ua","poroshenko_speech","https://risu.ua/poroshenko-zaklikav-zelenskogo-sklikati-rnbo-za-pozovom-upc-mp-proti-pcu_n98729","interstitial_2019-2022","2019"
"b6deb5e05f66","Запит народного депутата Вадима Новинського до міністра внутрішніх справ України, Генерального прокурора щодо припинення організованої минулою владою кампанії з дискредитації канонічної Української Православної Церкви, переслідувань її священників та віруючих.",TRUE,"material","other","other","other",3,"Plenary session transcript (Засідання 9, 13 Sept 2019). MP Vadym Novynskyi (a recurring UOC-MP-linked figure since batch 38) submits a formal interpellation to the new government's Interior Minister and Prosecutor General demanding the 'termination of the organised campaign by the previous authorities to discredit the canonical Ukrainian Orthodox Church, persecution of its priests and believers'. This is a clear, official reverse-direction securitising claim -- explicitly labelling the outgoing Poroshenko-era church policy as an 'organised discreditation campaign' and 'persecution' -- now formally lodged with a potentially more receptive incoming administration. Coded with referent_object 'other' (UOC-MP as claimed victim) and threat_actor 'other' (the previous Ukrainian government).","coded_batch_48.json","2019-09-13","Засідання 9","rada.gov.ua","rada_stenogram","https://www.rada.gov.ua/meeting/stenogr/show/7212.html","interstitial_2019-2022","2019"
"796c9de5dc6e","Від самого початку руху за автокефалію Української Церкви 30 років тому в інформаційний простір проросійськими силами були вкинуті брехливі гасла на кшталт «Автокефалія – шлях до унії»... бачимо зовнішній деструктивний вплив на відносини між двома Церквами.",TRUE,"ontological","other","Russia","none",2,"PCU Metropolitan Epifaniy, during a US visit, states that pro-Russian forces planted the false slogan 'autocephaly is the path to Unia [with Rome]' three decades ago to sow discord between Orthodox believers and PCU-UGCC relations, and claims this 'external destructive influence' still affects perceptions even among other Local Churches (citing a similar narrative appearing before the Greek Church's recognition of PCU). A securitising claim about ongoing Russian disinformation targeting inter-church relations, though without a specific extraordinary-measure call beyond debunking the narrative.","coded_batch_50.json","2019-10-29","Митрополит Епіфаній назвав брехливим гасло: “Автокефалія – шлях до унії”","risu.ua","poroshenko_speech","https://risu.ua/mitropolit-epifaniy-nazvav-brehlivim-gaslo-avtokefaliya-shlyah-do-uniji_n100780","interstitial_2019-2022","2019"
"57977788e210","Ми бачимо, як російський уряд нападає на нашу Церкву, на тих, хто нас підтримує. Вони хочуть зробити з нашою церквою те саме, що вони зробили з Кримом і з Донбасом.",TRUE,"both","state","Russia","other",3,"Poroshenko lecture in Edmonton, Canada. Calls PCU 'the basis of Ukraine's independence and resistance to the Kremlin's spiritual aggression' and 'another battlefield for Ukraine'. Most strikingly, he states 'they want to do to our church the same thing they did with Crimea and Donbas' -- an extremely direct analogy equating a potential threat to PCU with territorial annexation/invasion, among the most extreme comparisons of its kind in the corpus. Calls on the diaspora and world to mobilise in the church's defence.","coded_batch_52.json","2019-11-26","Петро Порошенко закликав світ підтримати незалежність Православної Церкви України","risu.ua","poroshenko_speech","https://risu.ua/petro-poroshenko-zaklikav-svit-pidtrimati-nezalezhnist-pravoslavnoji-cerkvi-ukrajini_n101299","interstitial_2019-2022","2019"
"71338b8a818d","Ті парафіяни, які добровільно переходять у ПЦУ, зазнають переслідувань і потребують нашого захисту... Кремль вважає це державним завданням – руйнувати нашу Церкву.",TRUE,"both","state","Russia","other",3,"Poroshenko's speech marking the first anniversary of the Unification Council. States the state 'cannot ensure enforcement of the adopted law' requiring UOC-MP to rename itself (confirming the naming law, tracked since batch 14/29, remains unimplemented even a year after passage), that parishioners voluntarily transferring to PCU 'face persecution and need our protection', and explicitly claims 'the Kremlin considers it a state task to destroy our Church'.","coded_batch_52.json","2019-12-15","Порошенко: у 2020 році ще декілька Помісних Церков визнають ПЦУ, а РПЦ опиниться в ізоляції","risu.ua","poroshenko_speech","https://risu.ua/poroshenko-u-2020-roci-shche-dekilka-pomisnih-cerkov-viznayut-pcu-a-rpc-opinitsya-v-izolyaciji_n101667","interstitial_2019-2022","2019"
"fa67b0908059","Її президент Володимир Путін навіть говорив тоді, що це може призвести до кровопролиття. Він також різко критикував державного секретаря США Майка Помпео за його рішення обговорити це питання.",TRUE,"material","state","Russia","none",2,"RISU republishes a Forbes article on the religious dimension of the Russia-Ukraine conflict. Reports that Putin personally warned the Tomos 'could lead to bloodshed', and sharply criticised US Secretary of State Pompeo for discussing the issue during a Kyiv visit, calling it 'absolutely unacceptable'. A documented securitising/threatening statement attributed to Putin himself, reported via a Western outlet; confidence moderated given secondhand sourcing.","coded_batch_52.json","2020-03-04","Автокефалія ПЦУ дратує Росію, - Forbes","risu.ua","poroshenko_speech","https://risu.ua/avtokefaliya-pcu-dratuye-rosiyu-forbes_n103071","interstitial_2019-2022","2020"
"2434266b8f88","Россия пыталась использовать свою кампанию дезинформации для разжигания дальнейшего конфликта между двумя церквями... Агентура РПЦ назначается даже на должности заместителей председателей районных госадминистраций... По указанию Банковой заблокировано выполнение закона... УПЦ МП должна указывать свою принадлежность к РПЦ.",TRUE,"both","state","UOC-MP","other",3,"Major investigative piece (Yuriy Vyshnevsky). Cites the US State Department's 2019 religious freedom report explicitly documenting 'Russia's negative influence on the religious situation in Ukraine' and that 'Russia tried to use its disinformation campaign to incite further conflict between the two churches'; reports Secretary Pompeo personally warned Zelensky about 'protecting PCU from Russia'. The article's own reporting alleges that under Zelensky, Deputy Head of the Presidential Office Serhiy Trofimov is 'the main lobbyist for UOC-MP interests', that 'ROC's agentura is being appointed even to deputy district administration head positions', and that implementation of the 2018 mandated-renaming law (bill 5309, tracked since batch 14/29) has been deliberately blocked 'on instructions from Bankova [the Presidential Office]' specifically to let UOC-MP retain its 'hybrid name'. Also documents specific allegations of UOC-MP using 'titushky' (hired thugs) and mass lawsuits to block parish transfers to PCU. This represents a striking reversal of the securitisation apparatus previously aimed at UOC-MP now being alleged to work in UOC-MP's favour and against PCU under the new administration.","coded_batch_52.json","2020-06-18","Личная месть Порошенко. Как у Зеленского помогают УПЦ МП душить ПЦУ","risu.ua","poroshenko_speech","https://risu.ua/lichnaya-mest-poroshenko-kak-u-zelenskogo-pomogayut-upc-mp-dushit-pcu_n109266","interstitial_2019-2022","2020"
"ef537f739aff","Усі ці звинувачення написані в Кремлі, а правоохоронні органи лише транслюють їх... очолюють ці ДБРівські структури адвокати Януковича, які поставлені туди зеленою владою.",TRUE,"material","state","Russia","none",3,"Poroshenko, before a court hearing on a preventive-measure motion, claims the new criminal case against him over 'incitement of religious hostility through obtaining the Tomos and creating PCU' was 'written in the Kremlin', with Yanukovych-era lawyers now heading the investigative bureau 'placed there by the green [Zelensky] government' -- directly alleging Kremlin authorship of a domestic prosecution.","coded_batch_52.json","2020-06-18","Проти Порошенка хочуть порушити кримінальну справу за Томос та створення ПЦУ","risu.ua","poroshenko_speech","https://risu.ua/proti-poroshenka-hochut-porushiti-kriminalnu-spravu-za-tomos-ta-stvorennya-pcu_n109275","interstitial_2019-2022","2020"
"d924eac35ce6","Такі злочинні дії Порошенка викликали загострення релігійного (міжконфесійного) протистояння і ворожнечі в державі... дії Порошенка «становлять небезпеку для соціального миру і політичної стабільності в Україні» та містять ознаки кримінальних діянь, передбачених статтями 109... 161... 364 КК України.",TRUE,"material","state","other","other",3,"The article reproduces the actual text of pro-Russian former MP Mykhailo Dobkin's formal complaint to the DBR against Poroshenko. This is the most formally detailed reverse-direction securitising document in the corpus: Dobkin alleges Poroshenko's autocephaly campaign involved 'political interference and administrative pressure on believers of both UOC-MP and UOC-KP' to force acceptance of unification, that this 'constitutes a danger to social peace and political stability in Ukraine', and explicitly invokes Article 109 of the Criminal Code (violent seizure of state power/unconstitutional change of order) alongside religious-discrimination and abuse-of-power charges -- an extraordinarily serious legal framing of church-unification advocacy as tantamount to an attack on the constitutional order. Referent object coded 'state' (social peace/political stability); threat actor 'other' (Poroshenko/the state's autocephaly campaign, from this reverse perspective); extraordinary measure 'other' (criminal prosecution under a near-treason-level charge).","coded_batch_52.json","2020-06-19","Добкін каже, що це він ініціював справу проти Порошенка за Томос та ПЦУ","risu.ua","poroshenko_speech","https://risu.ua/dobkin-kazhe-shcho-ce-vin-iniciyuvav-spravu-proti-poroshenka-za-tomos-ta-pcu_n109284","interstitial_2019-2022","2020"
"c19c3b195d49","Обвинувачення йде проти одного зі стовпів духовної незалежності України. Проти того, щоби від московських попів, ні з території держави-агресора не було впливу на уми й серця українців.",TRUE,"both","state","Russia","none",2,"MP Rostyslav Pavlenko (former presidential advisor confirmed in batch 25 to have treated the Tomos as a national-security matter since 2015) frames the new criminal case against Poroshenko as 'the government acting against one of the pillars of Ukraine's spiritual independence' and against efforts to prevent influence 'from Moscow priests... from the territory of the aggressor state', calling the prosecution 'work against Ukraine and all Ukrainian society'.","coded_batch_52.json","2020-06-20","Влада виступає проти стовпів духовної незалежності Української держави, - Павленко","risu.ua","poroshenko_speech","https://risu.ua/vlada-vistupaye-proti-stovpiv-duhovnoyi-nezalezhnosti-ukrayinskoyi-derzhavi---pavlenko_n109317","interstitial_2019-2022","2020"
"e9ebf455ef18","УПЦ МП через своих людей на руководящих постах государства успешно манипулирует украинской властью, а вот власть так и не получила возможности влиять на УПЦ МП... промосковские товарищи сулили нам реки крови.",TRUE,"material","state","UOC-MP","none",2,"Extended analytical piece by Kateryna Shchotkina taking a balanced, critical view of the whole 'Tomos case' saga. States that 'UOC-MP, through its own people in leading government positions, successfully manipulates Ukrainian authorities' -- corroborating the Trofimov allegations from doc 2434266b8f88 via an independent analytical source -- and recalls that 'pro-Moscow comrades promised us rivers of blood' when autocephaly was established, contrasted with the actual bloodless outcome. Also confirms the US Secretary of State had to explicitly warn Zelensky that the 'attack on PCU' was 'absurd stupidity'.","coded_batch_52.json","2020-06-25","Томос или ""термос"". Как Филарет помогает власти посадить Порошенко","risu.ua","poroshenko_speech","https://risu.ua/tomos-ili-termos-kak-filaret-pomogaet-vlasti-posadit-poroshenko_n109444","interstitial_2019-2022","2020"
"72404230a023","На ключових посадах в офісі президента нині працюють люди, які відверто лобіюють інтереси російської церкви в Україні... Влада заблокувала закон, який зобов'язує російську церкву в Україні у своїй офіційній назві позначити зв'язок із Москвою.",TRUE,"both","state","UOC-MP","other",3,"Poroshenko directly states that 'people who openly lobby for the interests of the Russian church in Ukraine' now hold key positions in Zelensky's presidential office, and confirms 'the authorities have blocked the law requiring the Russian church in Ukraine to indicate its connection to Moscow in its official name' -- direct corroboration of the naming-law-blocking allegations from batch 52's investigative piece, this time from Poroshenko himself.","coded_batch_53.json","2020-07-28","""У Зеленського працюють люди, які лобіюють інтереси російської Церкви"", - Порошенко","risu.ua","poroshenko_speech","https://risu.ua/u-zelenskogo-pracyuyut-lyudi-yaki-lobiyuyut-interesi-rosijskoyi-cerkvi---poroshenko_n110689","interstitial_2019-2022","2020"
"4cf4b8178ca9","Для гонителів існує пастка, яку ніхто з них не помічає. Коли вони борються з Церквою, то неминуче стають богоборцями – послідовниками Сатани, місце яких у вічному пеклі.",TRUE,"ontological","faith","other","none",3,"UOC-MP Metropolitan Kliment (Vecherya), quoted via Russian outlet RIA Novosti, declares that former president Poroshenko is a 'follower of Satan' destined for 'eternal hell' for 'persecuting the Church', alleging he and Patriarch Bartholomew orchestrated persecution of UOC-MP through creating PCU. An extreme reverse-direction religious-existential securitising move: threat identification (Poroshenko/Bartholomew's actions), existential/theological framing (eternal damnation), implicit call for resistance to 'persecutors'. Referent object coded 'faith' (UOC-MP's religious standing/legitimacy); threat actor 'other' (Poroshenko/Constantinople from this reverse perspective).","coded_batch_53.json","2021-11-12","В УПЦ МП п'ятого президента прирівняли до послідовника Сатани","risu.ua","poroshenko_speech","https://risu.ua/v-upc-mp-pyatogo-prezidenta-pririvnyali-do-posldovnika-satani_n123337","interstitial_2019-2022","2021"
"72af594379ab","На сході нашої країни окупанти вирішили «демілітаризувати» та «денацифікувати» Святогірську лавру Української православної церкви Московської патріархії... Жодної військової цілі у лаврі чи поряд з нею не було.",TRUE,"material","other","Russia","none",2,"Zelensky's wartime address (14 Mar 2022) reports Russian forces struck the Sviatohirsk Lavra -- a UOC-MP monastery sheltering only monks and hundreds of refugees -- sarcastically noting occupiers claimed to 'demilitarise' and 'denazify' it. This documents Russia attacking its own ostensible religious affiliate in Ukraine, complicating any simple 'UOC-MP as Russian asset' narrative. Coded as securitising in the sense of identifying a threat (Russian military aggression) with UOC-MP's own property/personnel as the referent object/victim -- a notable reversal of the corpus's dominant framing.","coded_batch_53.json","2022-03-14","Переможемо завдяки нашому вмінню гуртуватися та завжди памʼятати про своїх – звернення Президента України Володимира Зеленського","president.gov.ua","speech","https://www.president.gov.ua/news/peremozhemo-zavdyaki-nashomu-vminnyu-gurtuvatisya-ta-zavzhdi-73541","J2_invasion_2022","2022"
"8e4821e9f609","Ґвалтують жінок, грабують будинки. Руйнують церкви! Всі. Навіть Московського патріархату.",TRUE,"material","other","Russia","none",2,"Zelensky's address to the European Council (25 Mar 2022) explicitly notes Russian forces destroy 'all' churches indiscriminately, 'even [those] of the Moscow Patriarchate' -- again documenting Russian aggression against UOC-MP's own property, undercutting any notion that Russia spares its ostensible religious affiliate during the invasion.","coded_batch_53.json","2022-03-25","Промова Президента України Володимира Зеленського на засіданні Європейської ради","president.gov.ua","speech","https://www.president.gov.ua/news/promova-prezidenta-ukrayini-volodimira-zelenskogo-na-zasidan-73809","J2_invasion_2022","2022"
"e31b7c9725dc","Російська Православна Церква виявила себе як організація, яка безпосередньо бере участь у воєнних злочинах та геноциді українців... Ми закликаємо світ застосувати санкції проти РПЦ як організації - посібника тероризму і співучасника геноциду, а також проти її Предстоятеля... Є всі підстави накласти арешт на майно і рахунки РПЦ.",TRUE,"both","state","Russia","sanction",3,"Poroshenko explicitly calls on the world to impose sanctions on the Russian Orthodox Church as an organisation and Patriarch Kirill personally, alleging direct ROC participation in war crimes and genocide (forced deportation of Ukrainians, blocking civilian evacuation). Also demands asset seizure of ROC property/accounts outside Russia to fund Ukraine's reconstruction, enforcement of the existing UOC-MP naming law, enforcement of anti-collaboration laws against cooperating clergy, and unobstructed parish transfers to PCU. This is the most comprehensive, explicit, formal call for extraordinary measures (sanctions, asset seizure, legal enforcement) against ROC/its Ukrainian affiliate found in the entire corpus.","coded_batch_53.json","2022-04-27","Порошенко закликав запровадити санкції проти РПЦ та її очільника Кирила","risu.ua","poroshenko_speech","https://risu.ua/poroshenko-zaklikav-zaprovaditi-sankciyi-proti-rpc-ta-yiyi-ochilnika-kirila_n128713","J2_invasion_2022","2022"
"7a844011b7ed","Окупанти, тікаючи з Київщини, залишили «розстрільні» списки людей з проукраїнською позицією... причетні до створення Православної Церкви України... Задача: способствовать переходу... неканонических религиозных приходов... УПЦ КП и ПЦУ вместе с храмами в состав канонической УПЦ.",TRUE,"material","nation","Russia","other",3,"An MP reveals that retreating Russian occupation forces in Kyiv Oblast left behind handwritten 'kill lists' (расстрельные списки) targeting people involved in creating PCU (including Poroshenko), plus detailed notebooks describing plans to forcibly convert 'non-canonical' PCU/UOC-KP parishes 'back into the canonical UOC' (i.e. UOC-MP) under occupation. This is concrete physical documentary evidence of a Russian military occupation plan combining targeted violence against pro-PCU figures with forced reconversion of parishes to UOC-MP/ROC control -- among the most severe findings in the entire corpus, directly tying UOC-MP's restoration to a documented Russian extermination/occupation plan.","coded_batch_53.json","2022-05-02","У “розстрільних списках” окупантів були Порошенко і всі причетні до створення ПЦУ","risu.ua","poroshenko_speech","https://risu.ua/u-rozstrilnih-spiskah-okupantiv-buli-poroshenko-i-vsi-prichetni-do-stvorennya-pcu_n128862","J2_invasion_2022","2022"
"af96cd10d26f","Це за вашим благословенням в Україні оце роблять з храмами, з церквами, з Божим домом... вашій кліці мають бути в усьому світі запроваджено санкції.",TRUE,"both","state","Russia","sanction",2,"Poroshenko, visiting a destroyed village on the southern front, directly addresses Patriarch Kirill at a bombed-out church, repeating his April 2022 call for worldwide sanctions against 'your clique' for blessing the destruction. Largely reaffirms the substantively identical sanctions call already coded in doc e31b7c9725dc, delivered this time in an emotionally charged on-site setting.","coded_batch_53.json","2022-07-13","Це з вашого благословення руйнують церкви. Порошенко у зруйнованому храмі звернувся до Кирила","risu.ua","poroshenko_speech","https://risu.ua/ce-z-vashogo-blagoslovennya-rujnuyut-cerkvi-poroshenko-u-zrujnovanomu-hrami-zvernuvsya-do-kirila_n130811","J2_invasion_2022","2022"
"94e07bdbfc7e","Важливо продовжити процес переходів громад до Православної Церкви України від Церкви країни-окупанта... Ми маємо зупинити спроби перешкоджати переходам парафій в лоно нашої Церкви від росіян... включення в санкційний список генерала Гундяєва.",TRUE,"both","state","UOC-MP","sanction",3,"Poroshenko explicitly labels UOC-MP 'the church of the occupying country' (Церква країни-окупанта) -- among the most direct enemy-institution framings of UOC-MP in the corpus -- and calls for stopping obstruction of parish transfers 'from the Russians' and adding 'General Gundyaev' (a mocking military title for Patriarch Kirill) to sanctions lists, reaffirming the sanctions demand from docs e31b7c9725dc and af96cd10d26f.","coded_batch_53.json","2022-07-28","""Важливо продовжити процес переходів громад ПЦУ від Церкви-окупанта"", - Порошенко","risu.ua","poroshenko_speech","https://risu.ua/vazhlivo-prodovzhiti-proces-perehodiv-gromad-pcu-vid-cerkvi-okupanta---poroshenko_n131181","J2_invasion_2022","2022"
"72c6ae74b540","Сьогодні відбулося засідання РНБО... розглянули численні факти зв'язків окремих релігійних кіл в Україні з державою-агресором... РНБО доручила уряду внести на розгляд Верховної Ради законопроект щодо унеможливлення діяльності в Україні афілійованих із центрами впливу в Російській Федерації релігійних організацій... застосувати персональні санкції.",TRUE,"both","state","UOC-MP","ban",3,"PIVOTAL DOCUMENT: Zelensky's address announcing the National Security and Defence Council's (RNBO) formal decisions launching the state campaign against UOC-MP. Explicitly frames this as guaranteeing Ukraine's 'spiritual independence'. Orders: (1) legislation to ban religious organisations affiliated with Russian influence centres, (2) canonical-legal review of UOC-MP's charter for structural ties to the Moscow Patriarchate, (3) property-rights verification for organisations using the Kyiv-Pechersk Lavra, (4) personal sanctions against individuals (names to be published), (5) strengthening the state religious-affairs regulator. This is the definitive, comprehensive extraordinary-measure package -- combining ban legislation, canonical review, property seizure groundwork, and personal sanctions -- announced by the president via the nation's top security body, representing the culmination of the entire securitisation campaign tracked throughout this corpus.","coded_batch_54.json","2022-12-01","Ми гарантуємо Україні духовну незалежність – звернення Президента Володимира Зеленського","president.gov.ua","speech","https://www.president.gov.ua/news/mi-garantuyemo-ukrayini-duhovnu-nezalezhnist-zvernennya-prez-79577","J2_invasion_2022","2022"
"4c66cd619096","Московська церква не має маскуватись під українську, церкві окупанта не місце в Україні!",TRUE,"both","state","UOC-MP","other",3,"Poroshenko welcomes the Constitutional Court's ruling upholding the 2018 naming law (bill 5309) after a three-year delay, repeating his 'occupier's church' framing and demanding the executive 'finish the work started in 2018'.","coded_batch_54.json","2022-12-27","«Церкві окупанта не місце в Україні», - Порошенко закликав владу завершити розпочату у 2018 році роботу","risu.ua","poroshenko_speech","https://risu.ua/okupanti-planuyut-zachistiti-zahopleni-teritoriyi-vid-nepidkontrolnih-kremlyu-cerkov--cns_n135219","J2_invasion_2022","2022"
"c368baf18256","Це не церква. Це КДБістський притон, який схвалює і благословляє вбивство українців... Ось цим зараз має займатися СБУ — виявити і притягти до відповідальності, бо вони працюють на агресора, коять кримінальний злочин і зраджують державу.",TRUE,"both","state","UOC-MP","other",3,"Poroshenko calls UOC-MP/ROC a 'KGB den' and 'not a church', explicitly calls on the SBU (Security Service) to 'identify and prosecute' clergy connected to collaboration, weapons, or pro-Russian propaganda, and explicitly reframes the entire campaign as 'not an attack on the church' but 'an attack on Russia' -- among the most extreme and explicit calls for security-service action against clergy in the corpus.","coded_batch_54.json","2022-12-29","«Московська Церква — це КДБістський притон, який благословляє вбивства українців», - Петро Порошенко","risu.ua","poroshenko_speech","https://risu.ua/moskovska-cerkva--ce-kdbistskij-priton-yakij-blagoslovlyaye-vbivstva-ukrayinciv---petro-poroshenko_n135282","J2_invasion_2022","2022"
"20bedfffdbac","Лавра — це наша національна святиня, яка має бути духовним центром Української Церкви, а не провінційним осередком псевдорелігійної структури країни-агресора.",TRUE,"ontological","identity","UOC-MP","seizure",2,"Poroshenko celebrates PCU's first Christmas service at the Kyiv-Pechersk Lavra, framing continued UOC-MP presence there as illegitimate 'occupation' by a 'pseudo-religious structure of the aggressor country' -- part of the property-transfer process ordered in the RNBO decision (doc 72c6ae74b540).","coded_batch_54.json","2023-01-05","Лавра має бути духовним центром Української Церкви — Порошенко","risu.ua","poroshenko_speech","https://risu.ua/lavra-maye-buti-duhovnim-centrom-ukrayinskoyi-cerkvi--poroshenko_n135493","J2_invasion_2022","2023"
"68e5fe347a9e","Дуже важливо, що у лаврі сьогодні прозвучала і ще звучатиме щира молитва за Україну. І що ніхто більше не буде робити українське чужим у лаврі.",TRUE,"ontological","identity","UOC-MP","seizure",2,"Zelensky celebrates PCU's first service at the Lavra as historically significant for 'spiritual independence', framing prior UOC-MP use of the site as having made 'Ukrainian things foreign' there. Also confirms a new RNBO sanctions list against Russia-linked individuals (not UOC-MP-specific in this passage).","coded_batch_54.json","2023-01-07","Дуже важливо, що у Києво-Печерській лаврі сьогодні прозвучала і ще звучатиме щира молитва за Україну – звернення Президента Володимира Зеленського","president.gov.ua","speech","https://www.president.gov.ua/news/duzhe-vazhlivo-sho-u-kiyevo-pecherskij-lavri-sogodni-prozvuc-80277","J2_invasion_2022","2023"
"21be3bbc40b1","Наша фракція вимагає поставити на голосування закон про Церкву країни-агресора... Верховна Рада 19 жовтня ухвалила в першому читанні урядовий законопроект щодо заборони діяльності в Україні релігійних організацій, пов'язаних з країною-агресором.",TRUE,"both","state","UOC-MP","ban",3,"Confirms the Rada passed the government's ban bill (targeting UOC-MP) in its first reading on 19 October 2023; Poroshenko demands the presidium bring it to a full vote. Also notes a court upheld the 2019 religious-expertise ruling establishing UOC-MP's structural subordination to ROC. Direct documentation of the ban legislation's progress through parliament.","coded_batch_54.json","2023-12-10","Порошенко закликав ВРУ заборонити в Україні Московський Патріархат","risu.ua","poroshenko_speech","https://risu.ua/poroshenko-zaklikav-vru-zaboroniti-upc-mp_n144612","J2_invasion_2022","2023"
"c9e3dfcc81ab","Через 5 років після отримання Томосу у нас все ще існує лобі Російської Православної Церкви, в тому числі в цьому залі, яке перешкоджає... ліквідацію цієї ФСБ-шної структури.",TRUE,"both","state","UOC-MP","ban",3,"Poroshenko explicitly alleges an 'ROC lobby... in this hall [parliament]' is blocking the ban bill's second reading, again calling UOC-MP an 'FSB structure' requiring 'liquidation'. Directly names parliamentary obstruction as evidence of institutional capture, extending the batch 52/53 capture allegations into the legislative arena itself.","coded_batch_54.json","2024-02-07","Порошенко закликав включити в порядок денний Ради закони про заборону Російської Церкви","risu.ua","poroshenko_speech","https://risu.ua/poroshenko-zaklikav-vklyuchiti-v-poryadok-dennij-radi-zakoni-pro-zaboronu-rosijskoyi-cerkvi_n146024","J3_law_2024","2024"
"8bfe407bc821","Прохання до вас як до журналістів... оприлюднений список, хто підписав. І щоб у вас були питання до тих, хто не підписує – які справжні причини. Чи вказівки опзж, чи вказівки Банкової?",TRUE,"both","state","UOC-MP","ban",3,"Poroshenko announces the Coordination Council approved bringing the UOC-MP ban bill to a second-reading vote, but reports part of the ruling majority was instructed not to sign the required petition of 226 signatures. He publicly asks journalists to publish the names of MPs who refuse to sign and demand answers -- alleging instructions from either the pro-Russian opposition or 'Bankova' (the Presidential Office itself) are blocking the vote, again alleging capture at the highest level of government.","coded_batch_54.json","2024-05-22","Порошенко закликав журналістів оприлюднити прізвища депутатів, які підтримують Московський Патріархат в Україні","risu.ua","poroshenko_speech","https://risu.ua/poroshenko-zaklikav-zhurnalistiv-oprilyudniti-prizvishcha-deputativ-pidtrimuyut-moskovskij-patriarhat-v-ukrayini_n148488","J3_law_2024","2024"
"7f5650a081e0","Питання про ухвалення закону про заборону російської псевдоцерковної ефесбешної структури, яка маскується під вивіскою упц мп... Цього тижня вступимо в бій з цієї нечистою силою, яка проти віри, а отже і проти армії, і проти мови, і проти України.",TRUE,"both","state","UOC-MP","ban",3,"Poroshenko announces the ban bill (No. 8371) will finally reach a second-reading vote, again citing 'numerous lobbyists in organs of power' blocking it for months, and reframes the vote in the established Army/Language/Faith trinity terms -- opposing UOC-MP is now explicitly equated with opposing 'the army, the language, and Ukraine' itself.","coded_batch_54.json","2024-07-16","Порошенко анонсував ухвалення законопректу про ""заборону"" УПЦ МП","risu.ua","poroshenko_speech","https://risu.ua/poroshenko-anonsuvav-uhvalennya-zakonoprektu-pro-zaboronu-upc-mp_n149621","J3_law_2024","2024"
"8f4ddba4f970","Це закон (№8371) про заборону Російської Православної Церкви – «п'ятої колони» в Україні... Наголошую – жодній українській Церкві нічого не загрожує. Ми говоримо про адекватні дії, які пов'язані з питаннями національної безпеки лише щодо РПЦ.",TRUE,"both","state","UOC-MP","ban",3,"Poroshenko calls delaying the ban bill 'a criminal act', explicitly labels the targeted structure 'the fifth column' and cites specific court convictions of UOC-MP-linked individuals for espionage against Ukrainian special forces and directing missile strikes on civilians as justification. Explicitly frames the measure as a 'national security' matter, not an attack on religious freedom broadly, and confirms consultations with the Council of Europe/Venice Commission on compliance.","coded_batch_54.json","2024-08-09","Відтермінування рішення про заборону Московської Церкви в Україні є злочином, – Порошенко","risu.ua","poroshenko_speech","https://risu.ua/vidterminuvannya-rishennya-pro-zaboronu-moskovskoyi-cerkvi-v-ukrayini-ye-zlochinom--poroshenko_n150122","J3_law_2024","2024"
"a477fa2d0ffd","Наша мета – припинити діяльність п'ятої колони рф, негідників, які здають позиції наших військ, передають росії патріотів... Хотів би наголосити, що ми будемо вимагати і неухильного дотримання закону від 2019 року про назву церков.",TRUE,"both","state","UOC-MP","ban",3,"Poroshenko confirms the Coordination Council scheduled the ban bill (No. 8371) as the first agenda item for the 19 August 2024 session, reiterates the 'fifth column' framing, explicitly clarifies the bill's aim is not to close houses of worship to believers but to 'stop the activity of the RF's fifth column', and separately demands strict enforcement of the still-unenforced 2019 naming law with judicial/Justice Ministry consequences for non-compliance.","coded_batch_54.json","2024-08-15","Порошенко анонсував розгляд законопроекту про заборону УПЦ МП на найближчому засіданні ВР","risu.ua","poroshenko_speech","https://risu.ua/poroshenko-anonsuvav-rozglyad-zakonoproektu-pro-zaboronu-upc-mp-na-najblizhchomu-zasidanni-vr_n150237","J3_law_2024","2024"
"f02520647cf9","УПЦ Московського Патріархату має бути визнана тим, чим вона є насправді: структурою Російської Православної Церкви, яка діє в інтересах країни-агресорки. Сьогодні держава офіційно заявила: УПЦ МП афілійована з РПЦ, діяльність якої заборонена в Україні.",TRUE,"both","state","UOC-MP","ban",3,"FINAL RESOLUTION: Poroshenko confirms the State Service for Ethnopolitics and Freedom of Conscience officially declared UOC-MP's Kyiv Metropolia 'affiliated' with the now-banned Russian Orthodox Church -- the culminating official state determination of the multi-year securitisation and ban campaign tracked throughout this corpus, five years after the initial 2020 demands. Poroshenko cites specific prior convictions of UOC-MP priests for leaking military coordinates and pro-Kremlin propaganda as justification.","coded_batch_54.json","2025-08-30","""Рішення запізніле, але правильне"", - Порошенко про визнання УПЦ МП афілійованою з РПЦ","risu.ua","poroshenko_speech","https://risu.ua/poroshenko-nazvav-zapiznilim-ale-pravilnim-rishennya-viznati-upc-mp-afilijovanoyu-z-rpc_n158448","J4_enforcement_2025","2025"
"01ba75ec5b89","СБУ засудило заочно архімандрита УПЦ (МП), який благословив «приєднання» Херсона до складу рф... 15 років тюрми за держзраду.",TRUE,"material","state","UOC-MP","other",3,"SBU announcement: an in-absentia conviction (15 years) of a UOC-MP archimandrite in Kherson for treason -- he collaborated with the Russian-installed 'governor' Saldo, blessed the sham annexation referendum, and personally petitioned Patriarch Kirill to incorporate the local cathedral into ROC, receiving seized property as reward. One of a recurring series of official SBU announcements of concrete criminal prosecutions against UOC-MP clergy for collaboration/treason.","coded_batch_54.json",NA,"Новини","ssu.gov.ua","sbu_press_release","https://ssu.gov.ua/novyny/za-materialamy-sbu-zaochno-zasudzheno-arkhimandryta-upts-mp-yakyi-blahoslovyv-pryiednannia-khersona-do-skladu-rf","unknown",NA
"01e97b1f24f9","СБУ затримала настоятеля храму УПЦ (МП), який збирав для фсб розвіддані про оборону Сумщини.",TRUE,"material","state","UOC-MP","other",3,"SBU announcement (3 Mar 2023): detention of a UOC-MP parish priest in Sumy Oblast for gathering intelligence on Ukrainian defence positions for the FSB, including reconnaissance of command posts and artillery depots.","coded_batch_54.json",NA,"Новини","ssu.gov.ua","sbu_press_release","https://ssu.gov.ua/novyny/sbu-zatrymala-nastoiatelia-khramu-upts-mp-yakyi-zbyrav-dlia-fsb-rozviddani-pro-oboronu-sumshchyny","unknown",NA
"05d67ecc5662","До 12 років ув'язнення засуджено священника УПЦ (МП), який «зливав» позиції ЗСУ в Сєвєродонецьку.",TRUE,"material","state","UOC-MP","other",3,"SBU announcement (7 Dec 2022): a UOC-MP priest in Lysychansk sentenced to 12 years for passing Ukrainian troop positions and personnel/equipment data to Russian forces in the Luhansk direction.","coded_batch_54.json",NA,"Новини","ssu.gov.ua","sbu_press_release","https://ssu.gov.ua/novyny/za-materialamy-sbu-do-12-rokiv-uviaznennia-zasudzheno-sviashchennyka-upts-mp-yakyi-zlyvav-pozytsii-zsu-v-sievierodonetsku","unknown",NA
"07adcb8de689","Агенти фсб, які «під прикриттям» УПЦ (МП) проводили інформдиверсії проти України.",TRUE,"material","state","UOC-MP","other",3,"SBU announcement (25 Oct 2024): a UOC-MP parish head in Kyiv identified as part of an FSB agent network coordinating 'political experts' who spread Kremlin narratives justifying the war and inciting interconfessional hatred.","coded_batch_54.json",NA,"Новини","ssu.gov.ua","sbu_press_release","https://ssu.gov.ua/novyny/za-materialamy-sbu-pered-sudom-postanut-ahenty-fsb-yaki-pid-prykryttiam-upts-mp-provodyly-informdyversii-proty-ukrainy","unknown",NA
"09b074511740","СБУ проводить безпекові заходи у Києво-Печерській Лаврі... недопущення використання Лаври як осередку «русского міра»; перевірки даних про використання приміщень УПЦ для переховування диверсійно-розвідувальних груп.",TRUE,"material","state","UOC-MP","other",3,"SBU announcement (22 Nov 2022) of counter-intelligence/security operations at the Kyiv-Pechersk Lavra, explicitly citing risk of the site being used as a 'russkiy mir' hub or hideout for Russian sabotage-reconnaissance groups -- among the earliest concrete security operations preceding the formal RNBO decision weeks later.","coded_batch_54.json",NA,"Новини","ssu.gov.ua","sbu_press_release","https://ssu.gov.ua/novyny/sbu-provodyt-bezpekovi-zakhody-u-kyievopecherskii-lavri","unknown",NA
"0e9d0effdc23","СБУ затримала церковну хористку УПЦ (МП), яка «наводила» ворожі ракети на позиції ЗСУ поблизу Запоріжжя.",TRUE,"material","state","UOC-MP","other",3,"SBU announcement: detention of a UOC-MP church choir member near Zaporizhzhia for directing Russian missile strikes onto Ukrainian military positions.","coded_batch_54.json",NA,"Новини","ssu.gov.ua","sbu_press_release","https://ssu.gov.ua/novyny/sbu-zatrymala-tserkovnu-khorystku-upts-mp-yaka-navodyla-vorozhi-rakety-na-pozytsii-zsu-poblyzu-zaporizhzhia","unknown",NA
"10969b09b962","СБУ повідомила про підозру митрополиту і секретарю УПЦ (МП) з Житомирщини, які провокували релігійну ворожнечу.",TRUE,"material","state","UOC-MP","other",3,"SBU announcement: a UOC-MP metropolitan and secretary in Zhytomyr Oblast notified of suspicion for allegedly provoking religious hostility.","coded_batch_54.json",NA,"Новини","ssu.gov.ua","sbu_press_release","https://ssu.gov.ua/novyny/sbu-povidomyla-pro-pidozru-mytropolytu-i-sekretariu-upts-mp-z-zhytomyrshchyny-yaki-provokuvaly-relihiinu-vorozhnechu","unknown",NA
"117efa86b2be","СБУ повідомила про підозру послушнику УПЦ (МП), який виправдовував російську агресію.",TRUE,"material","state","UOC-MP","other",3,"SBU announcement: a UOC-MP novice notified of suspicion for publicly justifying Russian aggression.","coded_batch_54.json",NA,"Новини","ssu.gov.ua","sbu_press_release","https://ssu.gov.ua/novyny/sbu-povidomyla-pro-pidozru-poslushnyku-upts-mp-yakyi-vypravdovuvav-rosiisku-ahresiiu","unknown",NA
"11e5f70d9a12","СБУ затримала на Донеччині агентку фсб, яка працювала на рашистів через «зв'язкового» з УПЦ (МП).",TRUE,"material","state","UOC-MP","other",3,"SBU announcement: detention of an FSB agent in Donetsk Oblast who operated through a UOC-MP-linked intermediary.","coded_batch_54.json",NA,"Новини","ssu.gov.ua","sbu_press_release","https://ssu.gov.ua/novyny/sbu-zatrymala-na-donechchyni-ahentku-fsb-yaka-pratsiuvala-na-rashystiv-cherez-zviazkovoho-z-upts-mp","unknown",NA
"1422fa02cf1b","СБУ виявила в єпархіях УПЦ (МП) російські паспорти, склади пропагандистської літератури та перепустки окупантів.",TRUE,"material","state","UOC-MP","other",3,"SBU announcement: searches of UOC-MP diocesan premises uncovered Russian passports, stockpiles of propaganda literature, and occupation-authority passes -- material evidence supporting the broader securitisation narrative about UOC-MP institutional ties to Russian occupation infrastructure.","coded_batch_54.json",NA,"Новини","ssu.gov.ua","sbu_press_release","https://ssu.gov.ua/novyny/sbu-vyiavyla-v-yeparkhiiakh-upts-mp-rosiiski-pasporty-sklady-propahandystskoi-literatury-ta-perepustky-okupantiv","unknown",NA
"16a3423478ef","СБУ проводить безпекові заходи на об'єктах УПЦ (МП) у трьох областях України.",TRUE,"material","state","UOC-MP","other",3,"SBU announcement of coordinated security operations at UOC-MP facilities across three oblasts, part of the systematic post-RNBO-decision security campaign.","coded_batch_54.json",NA,"Новини","ssu.gov.ua","sbu_press_release","https://ssu.gov.ua/novyny/sbu-provodyt-bezpekovi-zakhody-na-obiektakh-upts-mp-u-trokh-oblastiakh-ukrainy","unknown",NA
"175ee5b4a423","За матеріалами СБУ в Україні вперше винесли вирок митрополиту УПЦ (МП): він визнав, що винен у злочинах.",TRUE,"material","state","UOC-MP","other",3,"SBU announcement of the first-ever criminal conviction of a UOC-MP metropolitan in Ukraine, who pleaded guilty -- a landmark prosecutorial milestone in the campaign.","coded_batch_54.json",NA,"Новини","ssu.gov.ua","sbu_press_release","https://ssu.gov.ua/novyny/za-materialamy-sbu-v-ukraini-vpershe-vynesly-vyrok-mytropolytu-upts-mp-vin-vyznav-shcho-vynen-u-zlochynakh","unknown",NA
"17fd72ceb863","СБУ повідомила про підозру одному із очільників УПЦ (МП), який закликав помолитися за рашистів у війні проти України.",TRUE,"material","state","UOC-MP","other",3,"SBU announcement: a senior UOC-MP figure notified of suspicion for publicly calling on congregants to pray for Russian forces in the war against Ukraine.","coded_batch_54.json",NA,"Новини","ssu.gov.ua","sbu_press_release","https://ssu.gov.ua/novyny/sbu-povidomyla-pro-pidozru-odnomu-iz-ochilnykiv-upts-mp-yakyi-zaklykav-pomolytysia-za-rashystiv-u-viini-proty-ukrainy","unknown",NA
"1909812ab26e","За матеріалами СБУ підозру отримав настоятель храму УПЦ (МП) на Закарпатті.",TRUE,"material","state","UOC-MP","other",3,"SBU announcement: a UOC-MP parish priest in Zakarpattia Oblast notified of suspicion (specific allegation not detailed in available excerpt).","coded_batch_54.json",NA,"Новини","ssu.gov.ua","sbu_press_release","https://ssu.gov.ua/novyny/za-materialamy-sbu-pidozru-otrymav-nastoiatel-khramu-upts-mp-na-zakarpatti","unknown",NA
"197f5a056576","СБУ затримала диякона УПЦ (МП) та психотерапевта, які на замовлення фсб шпигували за оборонцями Харкова.",TRUE,"material","state","UOC-MP","other",3,"SBU announcement: detention of a UOC-MP deacon and a psychotherapist for espionage against Kharkiv's defenders on FSB orders.","coded_batch_54.json",NA,"Новини","ssu.gov.ua","sbu_press_release","https://ssu.gov.ua/novyny/sbu-zatrymala-dyiakona-upts-mp-ta-psykhoterapevta-yaki-na-zamovlennia-fsb-shpyhuvaly-za-oborontsiamy-kharkova","unknown",NA
"1a1e882232b1","СБУ викрила РПЦ на створенні «православних ПВК» для війни в Україні.",TRUE,"material","state","Russia","other",3,"SBU announcement alleging ROC's involvement in organising 'Orthodox private military companies' to support Russia's war effort -- a distinct and serious allegation of direct ROC paramilitary involvement, threat actor coded Russia given the claim concerns ROC/Russia's own organisational structures rather than UOC-MP specifically.","coded_batch_54.json",NA,"Новини","ssu.gov.ua","sbu_press_release","https://ssu.gov.ua/novyny/sbu-vykryla-rpts-na-stvorenni-pravoslavnykh-pvk-dlia-viiny-v-ukraini","unknown",NA
"1cc4a374b6da","СБУ викрила на земельних оборудках настоятельку храму УПЦ (МП) на Черкащині.",TRUE,"material","state","UOC-MP","other",2,"SBU announcement of a UOC-MP abbess in Cherkasy Oblast exposed in land-related fraud schemes -- concerns financial/administrative wrongdoing rather than treason/collaboration specifically, so coded with somewhat lower confidence relative to the espionage-related entries.","coded_batch_54.json",NA,"Новини","ssu.gov.ua","sbu_press_release","https://ssu.gov.ua/novyny/sbu-vykryla-na-zemelnykh-oborudkakh-nastoiatelku-khramu-upts-mp-na-cherkashchyni","unknown",NA
"1e3b94a75a29","СБУ повідомила про підозру клірику УПЦ (МП), який разом із Сальдо закликав до «приєднання» Херсонщини до рф.",TRUE,"material","state","UOC-MP","other",3,"SBU announcement: a UOC-MP cleric notified of suspicion for jointly calling, alongside Russian-installed official Saldo, for Kherson Oblast's annexation to Russia.","coded_batch_54.json",NA,"Новини","ssu.gov.ua","sbu_press_release","https://ssu.gov.ua/novyny/sbu-povidomyla-pro-pidozru-kliryku-upts-mp-yakyi-razom-iz-saldo-zaklykav-do-pryiednannia-khersonshchyny-do-rf","unknown",NA
"256fbaf74197","СБУ повідомила про підозру ще 3-м проросійським агітаторам, серед яких блогер РПЦ та шкільна вчителька з Києва",TRUE,"material","state","UOC-MP","other",3,"Official SBU announcement of a criminal investigation, prosecution, conviction, or security operation targeting a UOC-MP cleric or facility for treason, collaboration, espionage, propaganda, or related offences amid the full-scale war -- part of the extensive, ongoing wave of SBU actions implementing the securitisation campaign against UOC-MP documented throughout this corpus (see batch 54's pivotal RNBO decision, 72c6ae74b540). Specific allegation per headline: СБУ повідомила про підозру ще 3-м проросійським агітаторам, серед яких блогер РПЦ та шкільна вчителька з Києва","coded_batch_55.json",NA,"Новини","ssu.gov.ua","sbu_press_release","https://ssu.gov.ua/novyny/sbu-povidomyla-pro-pidozru-shche-3m-prorosiiskym-ahitatoram-sered-yakykh-bloher-rpts-ta-shkilna-vchytelka-z-kyieva","unknown",NA
"29e1b2defe0f","СБУ викрила ворожого поплічника в рясі, який працював на гауляйтера Харківщини",TRUE,"material","state","UOC-MP","other",3,"Official SBU announcement of a criminal investigation, prosecution, conviction, or security operation targeting a UOC-MP cleric or facility for treason, collaboration, espionage, propaganda, or related offences amid the full-scale war -- part of the extensive, ongoing wave of SBU actions implementing the securitisation campaign against UOC-MP documented throughout this corpus (see batch 54's pivotal RNBO decision, 72c6ae74b540). Specific allegation per headline: СБУ викрила ворожого поплічника в рясі, який працював на гауляйтера Харківщини","coded_batch_55.json",NA,"Новини","ssu.gov.ua","sbu_press_release","https://ssu.gov.ua/novyny/sbu-vykryla-vorozhoho-poplichnyka-v-riasi-yakyi-pratsiuvav-na-hauliaitera-kharkivshchyny","unknown",NA
"29ff7ea3a669","СБУ виявила на території Харківської єпархії УПЦ (МП) сотні тисяч готівки, прокремлівську літературу та сухпайки окупантів",TRUE,"material","state","UOC-MP","other",3,"Official SBU announcement of a criminal investigation, prosecution, conviction, or security operation targeting a UOC-MP cleric or facility for treason, collaboration, espionage, propaganda, or related offences amid the full-scale war -- part of the extensive, ongoing wave of SBU actions implementing the securitisation campaign against UOC-MP documented throughout this corpus (see batch 54's pivotal RNBO decision, 72c6ae74b540). Specific allegation per headline: СБУ виявила на території Харківської єпархії УПЦ (МП) сотні тисяч готівки, прокремлівську літературу та сухпайки окупантів","coded_batch_55.json",NA,"Новини","ssu.gov.ua","sbu_press_release","https://ssu.gov.ua/novyny/sbu-vyiavyla-na-terytorii-kharkivskoi-yeparkhii-upts-mp-sotni-tysiach-hotivky-prokremlivsku-literaturu-ta-sukhpaiky-okupantiv","unknown",NA
"2a288a56ed5e","СБУ викрила диякона УПЦ (МП), який агітував за «приєднання» Запоріжжя до рф",TRUE,"material","state","UOC-MP","other",3,"Official SBU announcement of a criminal investigation, prosecution, conviction, or security operation targeting a UOC-MP cleric or facility for treason, collaboration, espionage, propaganda, or related offences amid the full-scale war -- part of the extensive, ongoing wave of SBU actions implementing the securitisation campaign against UOC-MP documented throughout this corpus (see batch 54's pivotal RNBO decision, 72c6ae74b540). Specific allegation per headline: СБУ викрила диякона УПЦ (МП), який агітував за «приєднання» Запоріжжя до рф","coded_batch_55.json",NA,"Новини","ssu.gov.ua","sbu_press_release","https://ssu.gov.ua/novyny/sbu-vykryla-dyiakona-upts-mp-yakyi-ahituvav-za-pryiednannia-zaporizhzhia-do-rf","unknown",NA
"2f907b0ee1cc","СБУ повідомила про підозру архімандриту УПЦ (МП) з Мелітополя, який закликав людей «голосувати» на псевдореферендумі",TRUE,"material","state","UOC-MP","other",3,"Official SBU announcement of a criminal investigation, prosecution, conviction, or security operation targeting a UOC-MP cleric or facility for treason, collaboration, espionage, propaganda, or related offences amid the full-scale war -- part of the extensive, ongoing wave of SBU actions implementing the securitisation campaign against UOC-MP documented throughout this corpus (see batch 54's pivotal RNBO decision, 72c6ae74b540). Specific allegation per headline: СБУ повідомила про підозру архімандриту УПЦ (МП) з Мелітополя, який закликав людей «голосувати» на псевдореферендумі","coded_batch_55.json",NA,"Новини","ssu.gov.ua","sbu_press_release","https://ssu.gov.ua/novyny/sbu-povidomyla-pro-pidozru-arkhimandrytu-upts-mp-z-melitopolia-yakyi-zaklykav-liudei-holosuvaty-na-psevdoreferendumi","unknown",NA
"2fc6365161e5","СБУ знешкодила масштабну агентурну мережу фсб, яка «під прикриттям» УПЦ (МП) намагалася дестабілізувати ситуацію в Україні (відео)",TRUE,"material","state","UOC-MP","other",3,"Official SBU announcement of a criminal investigation, prosecution, conviction, or security operation targeting a UOC-MP cleric or facility for treason, collaboration, espionage, propaganda, or related offences amid the full-scale war -- part of the extensive, ongoing wave of SBU actions implementing the securitisation campaign against UOC-MP documented throughout this corpus (see batch 54's pivotal RNBO decision, 72c6ae74b540). Specific allegation per headline: СБУ знешкодила масштабну агентурну мережу фсб, яка «під прикриттям» УПЦ (МП) намагалася дестабілізувати ситуацію в Україні (відео)","coded_batch_55.json",NA,"Новини","ssu.gov.ua","sbu_press_release","https://ssu.gov.ua/novyny/sbu-zneshkodyla-masshtabnu-ahenturnu-merezhu-fsb-yaka-pid-prykryttiam-upts-mp-namahalasia-destabilizuvaty-sytuatsiiu-v-ukraini-video","unknown",NA
"30773fd69f77","За матеріалами СБУ підозру отримав експослушник УПЦ (МП), який виправдовував тимчасову окупацію Донецька та Луганська",TRUE,"material","state","UOC-MP","other",3,"Official SBU announcement of a criminal investigation, prosecution, conviction, or security operation targeting a UOC-MP cleric or facility for treason, collaboration, espionage, propaganda, or related offences amid the full-scale war -- part of the extensive, ongoing wave of SBU actions implementing the securitisation campaign against UOC-MP documented throughout this corpus (see batch 54's pivotal RNBO decision, 72c6ae74b540). Specific allegation per headline: За матеріалами СБУ підозру отримав експослушник УПЦ (МП), який виправдовував тимчасову окупацію Донецька та Луганська","coded_batch_55.json",NA,"Новини","ssu.gov.ua","sbu_press_release","https://ssu.gov.ua/novyny/za-materialamy-sbu-pidozru-otrymav-eksposlushnyk-upts-mp-yakyi-vypravdovuvav-tymchasovu-okupatsiiu-donetska-ta-luhanska","unknown",NA
"3387d9da8e50","СБУ виявила антиукраїнську літературу в мережі церковних лавок УПЦ (МП)",TRUE,"material","state","UOC-MP","other",3,"Official SBU announcement of a criminal investigation, prosecution, conviction, or security operation targeting a UOC-MP cleric or facility for treason, collaboration, espionage, propaganda, or related offences amid the full-scale war -- part of the extensive, ongoing wave of SBU actions implementing the securitisation campaign against UOC-MP documented throughout this corpus (see batch 54's pivotal RNBO decision, 72c6ae74b540). Specific allegation per headline: СБУ виявила антиукраїнську літературу в мережі церковних лавок УПЦ (МП)","coded_batch_55.json",NA,"Новини","ssu.gov.ua","sbu_press_release","https://ssu.gov.ua/novyny/sbu-vyiavyla-antyukrainsku-literaturu-v-merezhi-tserkovnykh-lavok-upts-mp","unknown",NA
"3612136da855","СБУ виявила в єпархіях УПЦ (МП) російські паспорти, «перепустки федеральних радників рф» та прапор «новоросії»",TRUE,"material","state","UOC-MP","other",3,"Official SBU announcement of a criminal investigation, prosecution, conviction, or security operation targeting a UOC-MP cleric or facility for treason, collaboration, espionage, propaganda, or related offences amid the full-scale war -- part of the extensive, ongoing wave of SBU actions implementing the securitisation campaign against UOC-MP documented throughout this corpus (see batch 54's pivotal RNBO decision, 72c6ae74b540). Specific allegation per headline: СБУ виявила в єпархіях УПЦ (МП) російські паспорти, «перепустки федеральних радників рф» та прапор «новоросії»","coded_batch_55.json",NA,"Новини","ssu.gov.ua","sbu_press_release","https://ssu.gov.ua/novyny/sbu-vyiavyla-v-yeparkhiiakh-upts-mp-rosiiski-pasporty-perepustky-federalnykh-radnykiv-rf-ta-prapor-novorosii","unknown",NA
"3a1bf8699977","СБУ та Нацполіція викрили настоятеля храму УПЦ (МП), який «приватизував» церкву на Київщині",TRUE,"material","state","UOC-MP","other",3,"Official SBU announcement of a criminal investigation, prosecution, conviction, or security operation targeting a UOC-MP cleric or facility for treason, collaboration, espionage, propaganda, or related offences amid the full-scale war -- part of the extensive, ongoing wave of SBU actions implementing the securitisation campaign against UOC-MP documented throughout this corpus (see batch 54's pivotal RNBO decision, 72c6ae74b540). Specific allegation per headline: СБУ та Нацполіція викрили настоятеля храму УПЦ (МП), який «приватизував» церкву на Київщині","coded_batch_55.json",NA,"Новини","ssu.gov.ua","sbu_press_release","https://ssu.gov.ua/novyny/sbu-ta-natspolitsiia-vykryly-nastoiatelia-khramu-upts-mp-yakyi-pryvatyzuvav-tserkvu-na-kyivshchyni","unknown",NA
"3b6e2065753a","СБУ викрила у Запоріжжі агентурну мережу воєнної розвідки рф, яку координував священник УПЦ (МП)",TRUE,"material","state","UOC-MP","other",3,"Official SBU announcement of a criminal investigation, prosecution, conviction, or security operation targeting a UOC-MP cleric or facility for treason, collaboration, espionage, propaganda, or related offences amid the full-scale war -- part of the extensive, ongoing wave of SBU actions implementing the securitisation campaign against UOC-MP documented throughout this corpus (see batch 54's pivotal RNBO decision, 72c6ae74b540). Specific allegation per headline: СБУ викрила у Запоріжжі агентурну мережу воєнної розвідки рф, яку координував священник УПЦ (МП)","coded_batch_55.json",NA,"Новини","ssu.gov.ua","sbu_press_release","https://ssu.gov.ua/novyny/sbu-vykryla-u-zaporizhzhi-ahenturnu-merezhu-voiennoi-rozvidky-rf-yaku-koordynuvav-sviashchennyk-upts-mp","unknown",NA
"3d61eb675d70","СБУ повідомила про підозру митрополиту-втікачу УПЦ (МП) на Сумщині, який благословляв російських окупантів",TRUE,"material","state","UOC-MP","other",3,"Official SBU announcement of a criminal investigation, prosecution, conviction, or security operation targeting a UOC-MP cleric or facility for treason, collaboration, espionage, propaganda, or related offences amid the full-scale war -- part of the extensive, ongoing wave of SBU actions implementing the securitisation campaign against UOC-MP documented throughout this corpus (see batch 54's pivotal RNBO decision, 72c6ae74b540). Specific allegation per headline: СБУ повідомила про підозру митрополиту-втікачу УПЦ (МП) на Сумщині, який благословляв російських окупантів","coded_batch_55.json",NA,"Новини","ssu.gov.ua","sbu_press_release","https://ssu.gov.ua/novyny/sbu-povidomyla-pro-pidozru-mytropolytuvtikachu-upts-mp-na-sumshchyni-yakyi-blahoslovliav-rosiiskykh-okupantiv","unknown",NA
"3eb385a41ec3","СБУ виявила в єпархіях УПЦ (МП) агітаційні листівки об’єднання Медведчука, російські «триколори» та колишні склади окупантів",TRUE,"material","state","UOC-MP","other",3,"Official SBU announcement of a criminal investigation, prosecution, conviction, or security operation targeting a UOC-MP cleric or facility for treason, collaboration, espionage, propaganda, or related offences amid the full-scale war -- part of the extensive, ongoing wave of SBU actions implementing the securitisation campaign against UOC-MP documented throughout this corpus (see batch 54's pivotal RNBO decision, 72c6ae74b540). Specific allegation per headline: СБУ виявила в єпархіях УПЦ (МП) агітаційні листівки об’єднання Медведчука, російські «триколори» та колишні склади окупантів","coded_batch_55.json",NA,"Новини","ssu.gov.ua","sbu_press_release","https://ssu.gov.ua/novyny/sbu-vyiavyla-v-yeparkhiiakh-upts-mp-ahitatsiini-lystivky-obiednannia-medvedchuka-rosiiski-trykolory-ta-kolyshni-sklady-okupantiv","unknown",NA
"41b626bcdfac","За матеріалами СБУ тюремний строк отримав настоятель храму УПЦ (МП), який вихваляв терористів Захарченка, Гіві та Моторолу",TRUE,"material","state","UOC-MP","other",3,"Official SBU announcement of a criminal investigation, prosecution, conviction, or security operation targeting a UOC-MP cleric or facility for treason, collaboration, espionage, propaganda, or related offences amid the full-scale war -- part of the extensive, ongoing wave of SBU actions implementing the securitisation campaign against UOC-MP documented throughout this corpus (see batch 54's pivotal RNBO decision, 72c6ae74b540). Specific allegation per headline: За матеріалами СБУ тюремний строк отримав настоятель храму УПЦ (МП), який вихваляв терористів Захарченка, Гіві та Моторолу","coded_batch_55.json",NA,"Новини","ssu.gov.ua","sbu_press_release","https://ssu.gov.ua/novyny/za-materialamy-sbu-tiuremnyi-strok-otrymav-nastoiatel-khramu-upts-mp-yakyi-vykhvaliav-terorystiv-zakharchenka-hivi-ta-motorolu","unknown",NA
"462dacabaed1","СБУ повідомила про підозру клірику УПЦ (МП) на Черкащині, який героїзував рашистів",TRUE,"material","state","UOC-MP","other",3,"Official SBU announcement of a criminal investigation, prosecution, conviction, or security operation targeting a UOC-MP cleric or facility for treason, collaboration, espionage, propaganda, or related offences amid the full-scale war -- part of the extensive, ongoing wave of SBU actions implementing the securitisation campaign against UOC-MP documented throughout this corpus (see batch 54's pivotal RNBO decision, 72c6ae74b540). Specific allegation per headline: СБУ повідомила про підозру клірику УПЦ (МП) на Черкащині, який героїзував рашистів","coded_batch_55.json",NA,"Новини","ssu.gov.ua","sbu_press_release","https://ssu.gov.ua/novyny/sbu-povidomyla-pro-pidozru-kliryku-upts-mp-na-cherkashchyni-yakyi-heroizuvav-rashystiv","unknown",NA
"47075247449e","За матеріалами СБУ перед судом постане митрополит однієї із Вінницьких єпархій УПЦ (МП)",TRUE,"material","state","UOC-MP","other",3,"Official SBU announcement of a criminal investigation, prosecution, conviction, or security operation targeting a UOC-MP cleric or facility for treason, collaboration, espionage, propaganda, or related offences amid the full-scale war -- part of the extensive, ongoing wave of SBU actions implementing the securitisation campaign against UOC-MP documented throughout this corpus (see batch 54's pivotal RNBO decision, 72c6ae74b540). Specific allegation per headline: За матеріалами СБУ перед судом постане митрополит однієї із Вінницьких єпархій УПЦ (МП)","coded_batch_55.json",NA,"Новини","ssu.gov.ua","sbu_press_release","https://ssu.gov.ua/novyny/za-materialamy-sbu-pered-sudom-postane-mytropolyt-vinnytskoi-yeparkhii-upts-mp","unknown",NA
"482e680ce03f","СБУ викрила колишнього настоятеля храму УПЦ (МП), який благословляв російських військових під час окупації Харківщини",TRUE,"material","state","UOC-MP","other",3,"Official SBU announcement of a criminal investigation, prosecution, conviction, or security operation targeting a UOC-MP cleric or facility for treason, collaboration, espionage, propaganda, or related offences amid the full-scale war -- part of the extensive, ongoing wave of SBU actions implementing the securitisation campaign against UOC-MP documented throughout this corpus (see batch 54's pivotal RNBO decision, 72c6ae74b540). Specific allegation per headline: СБУ викрила колишнього настоятеля храму УПЦ (МП), який благословляв російських військових під час окупації Харківщини","coded_batch_55.json",NA,"Новини","ssu.gov.ua","sbu_press_release","https://ssu.gov.ua/novyny/sbu-vykryla-kolyshnoho-nastoiatelia-khramu-upts-mp-yakyi-blahoslovliav-rosiiskykh-viiskovykh-pid-chas-okupatsii-kharkivshchyny","unknown",NA
"48c01e4624bd","СБУ повідомила про підозру митрополиту УПЦ (МП) на Донеччині, який поширював фейки про оборонців України",TRUE,"material","state","UOC-MP","other",3,"Official SBU announcement of a criminal investigation, prosecution, conviction, or security operation targeting a UOC-MP cleric or facility for treason, collaboration, espionage, propaganda, or related offences amid the full-scale war -- part of the extensive, ongoing wave of SBU actions implementing the securitisation campaign against UOC-MP documented throughout this corpus (see batch 54's pivotal RNBO decision, 72c6ae74b540). Specific allegation per headline: СБУ повідомила про підозру митрополиту УПЦ (МП) на Донеччині, який поширював фейки про оборонців України","coded_batch_55.json",NA,"Новини","ssu.gov.ua","sbu_press_release","https://ssu.gov.ua/novyny/sbu-povidomyla-pro-pidozru-mytropolytu-upts-mp-na-donechchyni-yakyi-poshyriuvav-feiky-pro-oborontsiv-ukrainy","unknown",NA
"49fc458ef846","СБУ знайшла в об’єктах УПЦ (МП) на Тернопільщині та Прикарпатті пропагандистські матеріали, що заперечують існування України",TRUE,"material","state","UOC-MP","other",3,"Official SBU announcement of a criminal investigation, prosecution, conviction, or security operation targeting a UOC-MP cleric or facility for treason, collaboration, espionage, propaganda, or related offences amid the full-scale war -- part of the extensive, ongoing wave of SBU actions implementing the securitisation campaign against UOC-MP documented throughout this corpus (see batch 54's pivotal RNBO decision, 72c6ae74b540). Specific allegation per headline: СБУ знайшла в об’єктах УПЦ (МП) на Тернопільщині та Прикарпатті пропагандистські матеріали, що заперечують існування України","coded_batch_55.json",NA,"Новини","ssu.gov.ua","sbu_press_release","https://ssu.gov.ua/novyny/sbu-znaishla-v-obiektakh-upts-mp-na-ternopilshchyni-ta-prykarpatti-propahandystski-materialy-shcho-zaperechuiut-isnuvannia-ukrainy","unknown",NA
"4e11317d9706","СБУ затримала у Херсоні священника УПЦ (МП), який торгував російською зброєю та боєприпасами (відео)",TRUE,"material","state","UOC-MP","other",3,"Official SBU announcement of a criminal investigation, prosecution, conviction, or security operation targeting a UOC-MP cleric or facility for treason, collaboration, espionage, propaganda, or related offences amid the full-scale war -- part of the extensive, ongoing wave of SBU actions implementing the securitisation campaign against UOC-MP documented throughout this corpus (see batch 54's pivotal RNBO decision, 72c6ae74b540). Specific allegation per headline: СБУ затримала у Херсоні священника УПЦ (МП), який торгував російською зброєю та боєприпасами (відео)","coded_batch_55.json",NA,"Новини","ssu.gov.ua","sbu_press_release","https://ssu.gov.ua/novyny/sbu-zatrymala-u-khersoni-sviashchennyka-upts-mp-yakyi-torhuvav-rosiiskoiu-zbroieiu-ta-boieprypasamy-video","unknown",NA
"4f0e0ac49bbf","СБУ викрила на Хмельниччині настоятеля храму УПЦ (МП), який вихваляв путіна перед вірянами",TRUE,"material","state","UOC-MP","other",3,"Official SBU announcement of a criminal investigation, prosecution, conviction, or security operation targeting a UOC-MP cleric or facility for treason, collaboration, espionage, propaganda, or related offences amid the full-scale war -- part of the extensive, ongoing wave of SBU actions implementing the securitisation campaign against UOC-MP documented throughout this corpus (see batch 54's pivotal RNBO decision, 72c6ae74b540). Specific allegation per headline: СБУ викрила на Хмельниччині настоятеля храму УПЦ (МП), який вихваляв путіна перед вірянами","coded_batch_55.json",NA,"Новини","ssu.gov.ua","sbu_press_release","https://ssu.gov.ua/novyny/sbu-vykryla-na-khmelnychchyni-nastoiatelia-khramu-upts-mp-yakyi-vykhvaliav-putina-pered-virianamy","unknown",NA
"50b3543f82ca","За матеріалами СБУ тюремний строк отримав клірик УПЦ (МП) на Дніпропетровщині, який закликав вірян допомагати рашистам",TRUE,"material","state","UOC-MP","other",3,"Official SBU announcement of a criminal investigation, prosecution, conviction, or security operation targeting a UOC-MP cleric or facility for treason, collaboration, espionage, propaganda, or related offences amid the full-scale war -- part of the extensive, ongoing wave of SBU actions implementing the securitisation campaign against UOC-MP documented throughout this corpus (see batch 54's pivotal RNBO decision, 72c6ae74b540). Specific allegation per headline: За матеріалами СБУ тюремний строк отримав клірик УПЦ (МП) на Дніпропетровщині, який закликав вірян допомагати рашистам","coded_batch_55.json",NA,"Новини","ssu.gov.ua","sbu_press_release","https://ssu.gov.ua/novyny/za-materialamy-sbu-tiuremnyi-strok-otrymav-kliryk-upts-mp-na-dnipropetrovshchyni-yakyi-zaklykav-virian-dopomahaty-rashystam","unknown",NA
"523f6466eaca","СБУ повідомила про підозру клірику київського монастиря УПЦ (МП), який виправдовував війну рф проти України",TRUE,"material","state","UOC-MP","other",3,"Official SBU announcement of a criminal investigation, prosecution, conviction, or security operation targeting a UOC-MP cleric or facility for treason, collaboration, espionage, propaganda, or related offences amid the full-scale war -- part of the extensive, ongoing wave of SBU actions implementing the securitisation campaign against UOC-MP documented throughout this corpus (see batch 54's pivotal RNBO decision, 72c6ae74b540). Specific allegation per headline: СБУ повідомила про підозру клірику київського монастиря УПЦ (МП), який виправдовував війну рф проти України","coded_batch_55.json",NA,"Новини","ssu.gov.ua","sbu_press_release","https://ssu.gov.ua/novyny/sbu-povidomyla-pro-pidozru-kliryku-kyivskoho-monastyria-upts-mp-yakyi-vypravdovuvav-viinu-rf-proty-ukrainy","unknown",NA
"5641e23f5983","СБУ затримала священника УПЦ (МП), який був агентом російського гру і готував удар по ешелонах ЗСУ на Харківщині (відео)",TRUE,"material","state","UOC-MP","other",3,"Official SBU announcement of a criminal investigation, prosecution, conviction, or security operation targeting a UOC-MP cleric or facility for treason, collaboration, espionage, propaganda, or related offences amid the full-scale war -- part of the extensive, ongoing wave of SBU actions implementing the securitisation campaign against UOC-MP documented throughout this corpus (see batch 54's pivotal RNBO decision, 72c6ae74b540). Specific allegation per headline: СБУ затримала священника УПЦ (МП), який був агентом російського гру і готував удар по ешелонах ЗСУ на Харківщині (відео)","coded_batch_55.json",NA,"Новини","ssu.gov.ua","sbu_press_release","https://ssu.gov.ua/novyny/sbu-zatrymala-sviashchennyka-upts-mp-yakyi-buv-ahentom-rosiiskoho-hru-i-hotuvav-udar-po-eshelonakh-zsu-na-kharkivshchyni-video","unknown",NA
"58bf7be14b1c","СБУ перевірила приміщення УПЦ (МП) на Буковині: знайшли методички з москви, російське громадянство та посвідчення окупантів",TRUE,"material","state","UOC-MP","other",3,"Official SBU announcement of a criminal investigation, prosecution, conviction, or security operation targeting a UOC-MP cleric or facility for treason, collaboration, espionage, propaganda, or related offences amid the full-scale war -- part of the extensive, ongoing wave of SBU actions implementing the securitisation campaign against UOC-MP documented throughout this corpus (see batch 54's pivotal RNBO decision, 72c6ae74b540). Specific allegation per headline: СБУ перевірила приміщення УПЦ (МП) на Буковині: знайшли методички з москви, російське громадянство та посвідчення окупантів","coded_batch_55.json",NA,"Новини","ssu.gov.ua","sbu_press_release","https://ssu.gov.ua/novyny/sbu-pereviryla-prymishchennia-upts-mp-na-bukovyni-znaishly-metodychky-z-moskvy-rosiiske-hromadianstvo-ta-posvidchennia-okupantiv","unknown",NA
"5a7aceccf26b","З початку повномасштабного вторгнення за матеріалами СБУ розпочато понад 200 кримінальних проваджень щодо кліриків УПЦ (МП)",TRUE,"material","state","UOC-MP","other",3,"Official SBU summary statistic on the scale of criminal proceedings against UOC-MP clergy since the full-scale invasion (over 200 proceedings / over 60 clerics respectively) -- direct quantitative evidence of the scale of the state's ongoing prosecutorial campaign against UOC-MP-linked individuals.","coded_batch_55.json",NA,"Новини","ssu.gov.ua","sbu_press_release","https://ssu.gov.ua/novyny/z-pochatku-povnomasshtabnoho-vtorhnennia-za-materialamy-sbu-rozpochato-ponad-200-kryminalnykh-provadzhen-shchodo-klirykiv-upts-mp","unknown",NA
"5fafa045bc74","За матеріалами СБУ 5 років тюрми отримав настоятель храму УПЦ (МП), який вихваляв путіна та очікував на захоплення Вінниччини",TRUE,"material","state","UOC-MP","other",3,"Official SBU announcement of a criminal investigation, prosecution, conviction, or security operation targeting a UOC-MP cleric or facility for treason, collaboration, espionage, propaganda, or related offences amid the full-scale war -- part of the extensive, ongoing wave of SBU actions implementing the securitisation campaign against UOC-MP documented throughout this corpus (see batch 54's pivotal RNBO decision, 72c6ae74b540). Specific allegation per headline: За матеріалами СБУ 5 років тюрми отримав настоятель храму УПЦ (МП), який вихваляв путіна та очікував на захоплення Вінниччини","coded_batch_55.json",NA,"Новини","ssu.gov.ua","sbu_press_release","https://ssu.gov.ua/novyny/za-materialamy-sbu-5-rokiv-tiurmy-otrymav-nastoiatel-khramu-upts-mp-yakyi-vykhvaliav-putina-ta-ochikuvav-na-zakhoplennia-vinnychchyny","unknown",NA
"601e6ec85fc8","СБУ повідомила про підозру клірику УПЦ (МП) із Харківщини, який прославляв рашистів на Телеграм-каналі партії «єдина росія»",TRUE,"material","state","UOC-MP","other",3,"Official SBU announcement of a criminal investigation, prosecution, conviction, or security operation targeting a UOC-MP cleric or facility for treason, collaboration, espionage, propaganda, or related offences amid the full-scale war -- part of the extensive, ongoing wave of SBU actions implementing the securitisation campaign against UOC-MP documented throughout this corpus (see batch 54's pivotal RNBO decision, 72c6ae74b540). Specific allegation per headline: СБУ повідомила про підозру клірику УПЦ (МП) із Харківщини, який прославляв рашистів на Телеграм-каналі партії «єдина росія»","coded_batch_55.json",NA,"Новини","ssu.gov.ua","sbu_press_release","https://ssu.gov.ua/novyny/sbu-povidomyla-pro-pidozru-kliryku-upts-mp-iz-kharkivshchyny-yakyi-proslavliav-rashystiv-na-telehramkanali-partii-iedyna-rosiia","unknown",NA
"60e715b8f97e","СБУ викрила двох настоятелів храмів УПЦ (МП), які вихваляли путіна та поширювали антисемітські заклики",TRUE,"material","state","UOC-MP","other",3,"Official SBU announcement of a criminal investigation, prosecution, conviction, or security operation targeting a UOC-MP cleric or facility for treason, collaboration, espionage, propaganda, or related offences amid the full-scale war -- part of the extensive, ongoing wave of SBU actions implementing the securitisation campaign against UOC-MP documented throughout this corpus (see batch 54's pivotal RNBO decision, 72c6ae74b540). Specific allegation per headline: СБУ викрила двох настоятелів храмів УПЦ (МП), які вихваляли путіна та поширювали антисемітські заклики","coded_batch_55.json",NA,"Новини","ssu.gov.ua","sbu_press_release","https://ssu.gov.ua/novyny/sbu-vykryla-dvokh-nastoiateliv-khramiv-upts-mp-yaki-vykhvalialy-putina-ta-poshyriuvaly-antysemitski-zaklyky","unknown",NA
"637f50728880","СБУ заочно повідомила про підозру головному військовому «капелану» рф, який благословив рашистів на війну проти України",TRUE,"material","state","UOC-MP","other",3,"Official SBU announcement of a criminal investigation, prosecution, conviction, or security operation targeting a UOC-MP cleric or facility for treason, collaboration, espionage, propaganda, or related offences amid the full-scale war -- part of the extensive, ongoing wave of SBU actions implementing the securitisation campaign against UOC-MP documented throughout this corpus (see batch 54's pivotal RNBO decision, 72c6ae74b540). Specific allegation per headline: СБУ заочно повідомила про підозру головному військовому «капелану» рф, який благословив рашистів на війну проти України","coded_batch_55.json",NA,"Новини","ssu.gov.ua","sbu_press_release","https://ssu.gov.ua/novyny/sbu-zaochno-povidomyla-pro-pidozru-holovnomu-viiskovomu-kapelanu-rf-yakyi-blahoslovyv-rashystiv-na-viinu-proty-ukrainy","unknown",NA
"64b6c3d53ecf","СБУ викрила митрополита УПЦ (МП) Павла на нових фактах підривної діяльності проти України (відео)",TRUE,"material","state","UOC-MP","other",3,"Official SBU announcement of a criminal investigation, prosecution, conviction, or security operation targeting a UOC-MP cleric or facility for treason, collaboration, espionage, propaganda, or related offences amid the full-scale war -- part of the extensive, ongoing wave of SBU actions implementing the securitisation campaign against UOC-MP documented throughout this corpus (see batch 54's pivotal RNBO decision, 72c6ae74b540). Specific allegation per headline: СБУ викрила митрополита УПЦ (МП) Павла на нових фактах підривної діяльності проти України (відео)","coded_batch_55.json",NA,"Новини","ssu.gov.ua","sbu_press_release","https://ssu.gov.ua/novyny/sbu-vykryla-mytropolyta-upts-mp-pavla-na-novykh-faktakh-pidryvnoi-diialnosti-proty-ukrainy-video","unknown",NA
"64e3d771d07d","За матеріалами СБУ 11 років тюрми заочно отримав митрополит УПЦ (МП), який благословив війну рф проти України",TRUE,"material","state","UOC-MP","other",3,"Official SBU announcement of a criminal investigation, prosecution, conviction, or security operation targeting a UOC-MP cleric or facility for treason, collaboration, espionage, propaganda, or related offences amid the full-scale war -- part of the extensive, ongoing wave of SBU actions implementing the securitisation campaign against UOC-MP documented throughout this corpus (see batch 54's pivotal RNBO decision, 72c6ae74b540). Specific allegation per headline: За матеріалами СБУ 11 років тюрми заочно отримав митрополит УПЦ (МП), який благословив війну рф проти України","coded_batch_55.json",NA,"Новини","ssu.gov.ua","sbu_press_release","https://ssu.gov.ua/novyny/za-materialamy-sbu-11-rokiv-tiurmy-zaochno-otrymav-mytropolyt-upts-mp-yakyi-blahoslovyv-viinu-rf-proty-ukrainy","unknown",NA
"6648a9e45216","СБУ викрила в Одесі кліриків УПЦ (МП), які вихваляли рашизм і виправдовували воєнні злочини рф",TRUE,"material","state","UOC-MP","other",3,"Official SBU announcement of a criminal investigation, prosecution, conviction, or security operation targeting a UOC-MP cleric or facility for treason, collaboration, espionage, propaganda, or related offences amid the full-scale war -- part of the extensive, ongoing wave of SBU actions implementing the securitisation campaign against UOC-MP documented throughout this corpus (see batch 54's pivotal RNBO decision, 72c6ae74b540). Specific allegation per headline: СБУ викрила в Одесі кліриків УПЦ (МП), які вихваляли рашизм і виправдовували воєнні злочини рф","coded_batch_55.json",NA,"Новини","ssu.gov.ua","sbu_press_release","https://ssu.gov.ua/novyny/sbu-vykryla-v-odesi-klirykiv-upts-mp-yaki-vykhvalialy-rashyzm-i-vypravdovuvaly-voienni-zlochyny-rf","unknown",NA
"6670af37ec12","СБУ повідомила про підозру клірику УПЦ (МП), який організовував провокації у Києво-Печерській лаврі",TRUE,"material","state","UOC-MP","other",3,"Official SBU announcement of a criminal investigation, prosecution, conviction, or security operation targeting a UOC-MP cleric or facility for treason, collaboration, espionage, propaganda, or related offences amid the full-scale war -- part of the extensive, ongoing wave of SBU actions implementing the securitisation campaign against UOC-MP documented throughout this corpus (see batch 54's pivotal RNBO decision, 72c6ae74b540). Specific allegation per headline: СБУ повідомила про підозру клірику УПЦ (МП), який організовував провокації у Києво-Печерській лаврі","coded_batch_55.json",NA,"Новини","ssu.gov.ua","sbu_press_release","https://ssu.gov.ua/novyny/sbu-povidomyla-pro-pidozru-kliryku-upts-mp-yakyi-orhanizovuvav-provokatsii-u-kyievopecherskii-lavri","unknown",NA
"686619460f66","СБУ повідомила про підозру митрополиту Святогірської лаври, який «підказав» рашистам позиції ЗСУ на Донеччині",TRUE,"material","state","UOC-MP","other",3,"Official SBU announcement of a criminal investigation, prosecution, conviction, or security operation targeting a UOC-MP cleric or facility for treason, collaboration, espionage, propaganda, or related offences amid the full-scale war -- part of the extensive, ongoing wave of SBU actions implementing the securitisation campaign against UOC-MP documented throughout this corpus (see batch 54's pivotal RNBO decision, 72c6ae74b540). Specific allegation per headline: СБУ повідомила про підозру митрополиту Святогірської лаври, який «підказав» рашистам позиції ЗСУ на Донеччині","coded_batch_55.json",NA,"Новини","ssu.gov.ua","sbu_press_release","https://ssu.gov.ua/novyny/sbu-povidomyla-pro-pidozru-mytropolytu-sviatohirskoi-lavry-yakyi-pidkazav-rashystam-pozytsii-zsu-na-donechchyni","unknown",NA
"6dea661bc9dc","СБУ затримала клірика УПЦ (МП), який був інформатором рф і шпигував за оборонцями Харкова",TRUE,"material","state","UOC-MP","other",3,"Official SBU announcement of a criminal investigation, prosecution, conviction, or security operation targeting a UOC-MP cleric or facility for treason, collaboration, espionage, propaganda, or related offences amid the full-scale war -- part of the extensive, ongoing wave of SBU actions implementing the securitisation campaign against UOC-MP documented throughout this corpus (see batch 54's pivotal RNBO decision, 72c6ae74b540). Specific allegation per headline: СБУ затримала клірика УПЦ (МП), який був інформатором рф і шпигував за оборонцями Харкова","coded_batch_55.json",NA,"Новини","ssu.gov.ua","sbu_press_release","https://ssu.gov.ua/novyny/sbu-zatrymala-kliryka-upts-mp-yakyi-buv-informatorom-rf-i-shpyhuvav-za-oborontsiamy-kharkova","unknown",NA
"736c94ff41fd","СБУ викрила митрополита однієї з єпархій УПЦ МП на роботі в інтересах рф",TRUE,"material","state","UOC-MP","other",3,"Official SBU announcement of a criminal investigation, prosecution, conviction, or security operation targeting a UOC-MP cleric or facility for treason, collaboration, espionage, propaganda, or related offences amid the full-scale war -- part of the extensive, ongoing wave of SBU actions implementing the securitisation campaign against UOC-MP documented throughout this corpus (see batch 54's pivotal RNBO decision, 72c6ae74b540). Specific allegation per headline: СБУ викрила митрополита однієї з єпархій УПЦ МП на роботі в інтересах рф","coded_batch_55.json",NA,"Новини","ssu.gov.ua","sbu_press_release","https://ssu.gov.ua/novyny/sbu-vykryla-mytropolyta-odniiei-z-yeparkhii-upts-mp-na-roboti-v-interesakh-rf","unknown",NA
"77f08479a03a","За матеріалами СБУ 15 років тюрми отримав клірик УПЦ (МП), який коригував обстріли Донеччини",TRUE,"material","state","UOC-MP","other",3,"Official SBU announcement of a criminal investigation, prosecution, conviction, or security operation targeting a UOC-MP cleric or facility for treason, collaboration, espionage, propaganda, or related offences amid the full-scale war -- part of the extensive, ongoing wave of SBU actions implementing the securitisation campaign against UOC-MP documented throughout this corpus (see batch 54's pivotal RNBO decision, 72c6ae74b540). Specific allegation per headline: За матеріалами СБУ 15 років тюрми отримав клірик УПЦ (МП), який коригував обстріли Донеччини","coded_batch_55.json",NA,"Новини","ssu.gov.ua","sbu_press_release","https://ssu.gov.ua/novyny/za-materialamy-sbu-15-rokiv-tiurmy-otrymav-kliryk-upts-mp-yakyi-koryhuvav-obstrily-donechchyny","unknown",NA
"7d1573b75f4f","З початку повномасштабної війни СБУ викрила понад 60 кліриків УПЦ (МП), які працювали на рф, продавали зброю і дитячу порнографію",TRUE,"material","state","UOC-MP","other",3,"Official SBU summary statistic on the scale of criminal proceedings against UOC-MP clergy since the full-scale invasion (over 200 proceedings / over 60 clerics respectively) -- direct quantitative evidence of the scale of the state's ongoing prosecutorial campaign against UOC-MP-linked individuals.","coded_batch_55.json",NA,"Новини","ssu.gov.ua","sbu_press_release","https://ssu.gov.ua/novyny/z-pochatku-povnomasshtabnoi-viiny-sbu-vykryla-ponad-60-klirykiv-upts-mp-yaki-pratsiuvaly-na-rf-prodavaly-zbroiu-i-dytiachu-pornohrafiiu","unknown",NA
"7dbfca093b5c","СБУ опублікувала перелік осіб, які потрапили у «церковний список» санкцій РНБО",TRUE,"both","state","UOC-MP","sanction",3,"SBU publishes the official list of individuals subject to the RNBO's 'church sanctions' package (ordered in the pivotal December 2022 RNBO decision, batch 54 doc 72c6ae74b540) -- the direct, concrete implementation of personal sanctions specifically targeting religious figures connected to UOC-MP/ROC.","coded_batch_55.json",NA,"Новини","ssu.gov.ua","sbu_press_release","https://ssu.gov.ua/novyny/sbu-opublikuvala-perelik-osib-yaki-potrapyly-u-tserkovnyi-spysok-sanktsii-rnbo","unknown",NA
"7f91c2a08d22","За матеріалами СБУ повідомлено про нову підозру митрополиту Черкаської єпархії УПЦ (МП), який під час домашнього арешту розпалював релігійну ворожнечу",TRUE,"material","state","UOC-MP","other",3,"Official SBU announcement of a criminal investigation, prosecution, conviction, or security operation targeting a UOC-MP cleric or facility for treason, collaboration, espionage, propaganda, or related offences amid the full-scale war -- part of the extensive, ongoing wave of SBU actions implementing the securitisation campaign against UOC-MP documented throughout this corpus (see batch 54's pivotal RNBO decision, 72c6ae74b540). Specific allegation per headline: За матеріалами СБУ повідомлено про нову підозру митрополиту Черкаської єпархії УПЦ (МП), який під час домашнього арешту розпалював релігійну ворожнечу","coded_batch_55.json",NA,"Новини","ssu.gov.ua","sbu_press_release","https://ssu.gov.ua/novyny/za-materialamy-sbu-povidomleno-pro-novu-pidozru-mytropolytu-cherkaskoi-yeparkhii-upts-mp-yakyi-pid-chas-domashnoho-areshtu-rozpaliuvav-relihiinu-vorozhnechu","unknown",NA
"8506ca476ef0","СБУ повідомила про підозру настоятелю храму УПЦ (МП) на Вінниччині, який вихваляв терористів Захарченка, Гіві та Моторолу",TRUE,"material","state","UOC-MP","other",3,"Official SBU announcement of a criminal investigation, prosecution, conviction, or security operation targeting a UOC-MP cleric or facility for treason, collaboration, espionage, propaganda, or related offences amid the full-scale war -- part of the extensive, ongoing wave of SBU actions implementing the securitisation campaign against UOC-MP documented throughout this corpus (see batch 54's pivotal RNBO decision, 72c6ae74b540). Specific allegation per headline: СБУ повідомила про підозру настоятелю храму УПЦ (МП) на Вінниччині, який вихваляв терористів Захарченка, Гіві та Моторолу","coded_batch_55.json",NA,"Новини","ssu.gov.ua","sbu_press_release","https://ssu.gov.ua/novyny/sbu-povidomyla-pro-pidozru-nastoiateliu-khramu-upts-mp-na-vinnychchyni-yakyi-vykhvaliav-terorystiv-zakharchenka-hivi-ta-motorolu","unknown",NA
"85584ac197f8","СБУ проводить безпекові заходи на об’єктах УПЦ (МП) у Полтавській області",TRUE,"material","state","UOC-MP","other",3,"Official SBU announcement of a criminal investigation, prosecution, conviction, or security operation targeting a UOC-MP cleric or facility for treason, collaboration, espionage, propaganda, or related offences amid the full-scale war -- part of the extensive, ongoing wave of SBU actions implementing the securitisation campaign against UOC-MP documented throughout this corpus (see batch 54's pivotal RNBO decision, 72c6ae74b540). Specific allegation per headline: СБУ проводить безпекові заходи на об’єктах УПЦ (МП) у Полтавській області","coded_batch_55.json",NA,"Новини","ssu.gov.ua","sbu_press_release","https://ssu.gov.ua/novyny/sbu-provodyt-bezpekovi-zakhody-na-obiektakh-upts-mp-u-poltavskii-oblasti","unknown",NA
"8586d6c1ddcd","СБУ повідомила про підозру протоієрею РПЦ із Криму, який займається постачанням ударних дронів окупантам",TRUE,"material","state","UOC-MP","other",3,"Official SBU announcement of a criminal investigation, prosecution, conviction, or security operation targeting a UOC-MP cleric or facility for treason, collaboration, espionage, propaganda, or related offences amid the full-scale war -- part of the extensive, ongoing wave of SBU actions implementing the securitisation campaign against UOC-MP documented throughout this corpus (see batch 54's pivotal RNBO decision, 72c6ae74b540). Specific allegation per headline: СБУ повідомила про підозру протоієрею РПЦ із Криму, який займається постачанням ударних дронів окупантам","coded_batch_55.json",NA,"Новини","ssu.gov.ua","sbu_press_release","https://ssu.gov.ua/novyny/sbu-povidomyla-pro-pidozru-protoiiereiu-rpts-iz-krymu-yakyi-zaimaietsia-postachanniam-udarnykh-droniv-okupantam","unknown",NA
"876651522c96","СБУ проводить безпекові заходи на об’єктах УПЦ (МП) у дев’яти областях України",TRUE,"material","state","UOC-MP","other",3,"Official SBU announcement of a criminal investigation, prosecution, conviction, or security operation targeting a UOC-MP cleric or facility for treason, collaboration, espionage, propaganda, or related offences amid the full-scale war -- part of the extensive, ongoing wave of SBU actions implementing the securitisation campaign against UOC-MP documented throughout this corpus (see batch 54's pivotal RNBO decision, 72c6ae74b540). Specific allegation per headline: СБУ проводить безпекові заходи на об’єктах УПЦ (МП) у дев’яти областях України","coded_batch_55.json",NA,"Новини","ssu.gov.ua","sbu_press_release","https://ssu.gov.ua/novyny/sbu-provodyt-bezpekovi-zakhody-na-obiektakh-upts-mp-u-deviaty-oblastiakh-ukrainy","unknown",NA
"8a836c4aa480","СБУ проводить обшуки у Почаївській лаврі УПЦ (МП)",TRUE,"material","state","UOC-MP","other",3,"Official SBU announcement of a criminal investigation, prosecution, conviction, or security operation targeting a UOC-MP cleric or facility for treason, collaboration, espionage, propaganda, or related offences amid the full-scale war -- part of the extensive, ongoing wave of SBU actions implementing the securitisation campaign against UOC-MP documented throughout this corpus (see batch 54's pivotal RNBO decision, 72c6ae74b540). Specific allegation per headline: СБУ проводить обшуки у Почаївській лаврі УПЦ (МП)","coded_batch_55.json",NA,"Новини","ssu.gov.ua","sbu_press_release","https://ssu.gov.ua/novyny/sbu-provodyt-obshuky-u-pochaivskii-lavri-upts-mp","unknown",NA
"8ec7f1285a03","СБУ затримала інтернет-провокатора з Черкас, який вихваляв рашистів і 2,5 року переховувався в монастирях УПЦ (МП)",TRUE,"material","state","UOC-MP","other",3,"Official SBU announcement of a criminal investigation, prosecution, conviction, or security operation targeting a UOC-MP cleric or facility for treason, collaboration, espionage, propaganda, or related offences amid the full-scale war -- part of the extensive, ongoing wave of SBU actions implementing the securitisation campaign against UOC-MP documented throughout this corpus (see batch 54's pivotal RNBO decision, 72c6ae74b540). Specific allegation per headline: СБУ затримала інтернет-провокатора з Черкас, який вихваляв рашистів і 2,5 року переховувався в монастирях УПЦ (МП)","coded_batch_55.json",NA,"Новини","ssu.gov.ua","sbu_press_release","https://ssu.gov.ua/novyny/sbu-zatrymala-internetprovokatora-z-cherkas-yakyi-vykhvaliav-rashystiv-i-25-roku-perekhovuvavsia-v-monastyriakh-upts-mp","unknown",NA
"90c62b3cb133","За матеріалами СБУ підозру отримав священнослужитель УПЦ (МП) на Буковині, який допомагав ухилянтам утікати від мобілізації",TRUE,"material","state","UOC-MP","other",3,"Official SBU announcement of a criminal investigation, prosecution, conviction, or security operation targeting a UOC-MP cleric or facility for treason, collaboration, espionage, propaganda, or related offences amid the full-scale war -- part of the extensive, ongoing wave of SBU actions implementing the securitisation campaign against UOC-MP documented throughout this corpus (see batch 54's pivotal RNBO decision, 72c6ae74b540). Specific allegation per headline: За матеріалами СБУ підозру отримав священнослужитель УПЦ (МП) на Буковині, який допомагав ухилянтам утікати від мобілізації","coded_batch_55.json",NA,"Новини","ssu.gov.ua","sbu_press_release","https://ssu.gov.ua/novyny/za-materialamy-sbu-pidozru-otrymav-sviashchennosluzhytel-upts-mp-na-bukovyni-yakyi-dopomahav-ukhyliantam-utikaty-vid-mobilizatsii","unknown",NA
"927edd20f265","За матеріалами СБУ підозру отримав митрополит УПЦ (МП) з Буковини",TRUE,"material","state","UOC-MP","other",3,"Official SBU announcement of a criminal investigation, prosecution, conviction, or security operation targeting a UOC-MP cleric or facility for treason, collaboration, espionage, propaganda, or related offences amid the full-scale war -- part of the extensive, ongoing wave of SBU actions implementing the securitisation campaign against UOC-MP documented throughout this corpus (see batch 54's pivotal RNBO decision, 72c6ae74b540). Specific allegation per headline: За матеріалами СБУ підозру отримав митрополит УПЦ (МП) з Буковини","coded_batch_55.json",NA,"Новини","ssu.gov.ua","sbu_press_release","https://ssu.gov.ua/novyny/za-materialamy-sbu-pidozru-otrymav-mytropolyt-upts-mp-z-bukovyny","unknown",NA
"92b2493920b8","СБУ викрила настоятеля храму УПЦ (МП), який вихваляв окупантів і очікував їх приходу на Вінниччину",TRUE,"material","state","UOC-MP","other",3,"Official SBU announcement of a criminal investigation, prosecution, conviction, or security operation targeting a UOC-MP cleric or facility for treason, collaboration, espionage, propaganda, or related offences amid the full-scale war -- part of the extensive, ongoing wave of SBU actions implementing the securitisation campaign against UOC-MP documented throughout this corpus (see batch 54's pivotal RNBO decision, 72c6ae74b540). Specific allegation per headline: СБУ викрила настоятеля храму УПЦ (МП), який вихваляв окупантів і очікував їх приходу на Вінниччину","coded_batch_55.json",NA,"Новини","ssu.gov.ua","sbu_press_release","https://ssu.gov.ua/novyny/sbu-vykryla-nastoiatelia-khramu-upts-mp-yakyi-vykhvaliav-okupantiv-i-ochikuvav-yikh-prykhodu-na-vinnychchynu","unknown",NA
"949032e87576","СБУ повідомила про нові підозри митрополиту на Вінниччині, який виправдовував російську агресію",TRUE,"material","state","UOC-MP","other",3,"Official SBU announcement of a criminal investigation, prosecution, conviction, or security operation targeting a UOC-MP cleric or facility for treason, collaboration, espionage, propaganda, or related offences amid the full-scale war -- part of the extensive, ongoing wave of SBU actions implementing the securitisation campaign against UOC-MP documented throughout this corpus (see batch 54's pivotal RNBO decision, 72c6ae74b540). Specific allegation per headline: СБУ повідомила про нові підозри митрополиту на Вінниччині, який виправдовував російську агресію","coded_batch_55.json",NA,"Новини","ssu.gov.ua","sbu_press_release","https://ssu.gov.ua/novyny/sbu-povidomyla-pro-novi-pidozry-mytropolytu-na-vinnychchyni-yakyi-vypravdovuvav-rosiisku-ahresiiu","unknown",NA
"949be9bca38b","СБУ знайшла проросійську літературу, мільйони готівки у різній валюті та «сумнівних» громадян рф під час безпекових заходів у приміщеннях УПЦ (МП) (відео)",TRUE,"material","state","UOC-MP","other",3,"Official SBU announcement of a criminal investigation, prosecution, conviction, or security operation targeting a UOC-MP cleric or facility for treason, collaboration, espionage, propaganda, or related offences amid the full-scale war -- part of the extensive, ongoing wave of SBU actions implementing the securitisation campaign against UOC-MP documented throughout this corpus (see batch 54's pivotal RNBO decision, 72c6ae74b540). Specific allegation per headline: СБУ знайшла проросійську літературу, мільйони готівки у різній валюті та «сумнівних» громадян рф під час безпекових заходів у приміщеннях УПЦ (МП) (відео)","coded_batch_55.json",NA,"Новини","ssu.gov.ua","sbu_press_release","https://ssu.gov.ua/novyny/sbu-znaishla-prorosiisku-literaturu-miliony-hotivky-u-riznii-valiuti-ta-sumnivnykh-hromadian-rf-pid-chas-bezpekovykh-zakhodiv-u-prymishchenniakh-upts-mp-video","unknown",NA
"954554991070","За матеріалами СБУ підозру отримав керівник Сумської єпархії УПЦ (МП), який закликав вірян до релігійної ненависті",TRUE,"material","state","UOC-MP","other",3,"Official SBU announcement of a criminal investigation, prosecution, conviction, or security operation targeting a UOC-MP cleric or facility for treason, collaboration, espionage, propaganda, or related offences amid the full-scale war -- part of the extensive, ongoing wave of SBU actions implementing the securitisation campaign against UOC-MP documented throughout this corpus (see batch 54's pivotal RNBO decision, 72c6ae74b540). Specific allegation per headline: За матеріалами СБУ підозру отримав керівник Сумської єпархії УПЦ (МП), який закликав вірян до релігійної ненависті","coded_batch_55.json",NA,"Новини","ssu.gov.ua","sbu_press_release","https://ssu.gov.ua/novyny/za-materialamy-sbu-pidozru-otrymav-kerivnyk-sumskoi-yeparkhii-upts-mp-yakyi-zaklykav-virian-do-relihiinoi-nenavysti","unknown",NA
"95698f881259","СБУ повідомила про підозру російському священнику-блогеру РПЦ, який закликав російських військових вбивати українців",TRUE,"material","state","UOC-MP","other",3,"Official SBU announcement of a criminal investigation, prosecution, conviction, or security operation targeting a UOC-MP cleric or facility for treason, collaboration, espionage, propaganda, or related offences amid the full-scale war -- part of the extensive, ongoing wave of SBU actions implementing the securitisation campaign against UOC-MP documented throughout this corpus (see batch 54's pivotal RNBO decision, 72c6ae74b540). Specific allegation per headline: СБУ повідомила про підозру російському священнику-блогеру РПЦ, який закликав російських військових вбивати українців","coded_batch_55.json",NA,"Новини","ssu.gov.ua","sbu_press_release","https://ssu.gov.ua/novyny/sbu-povidomyla-pro-pidozru-rosiiskomu-sviashchennykubloheru-rpts-yakyi-zaklykav-rosiiskykh-viiskovykh-vbyvaty-ukraintsiv","unknown",NA
"962fe8be5c2c","СБУ затримала ексдиякона УПЦ (МП), який відправляв ухилянтів за кордон під виглядом «церковних місіонерів»",TRUE,"material","state","UOC-MP","other",3,"Official SBU announcement of a criminal investigation, prosecution, conviction, or security operation targeting a UOC-MP cleric or facility for treason, collaboration, espionage, propaganda, or related offences amid the full-scale war -- part of the extensive, ongoing wave of SBU actions implementing the securitisation campaign against UOC-MP documented throughout this corpus (see batch 54's pivotal RNBO decision, 72c6ae74b540). Specific allegation per headline: СБУ затримала ексдиякона УПЦ (МП), який відправляв ухилянтів за кордон під виглядом «церковних місіонерів»","coded_batch_55.json",NA,"Новини","ssu.gov.ua","sbu_press_release","https://ssu.gov.ua/novyny/sbu-zatrymala-eksdyiakona-upts-mp-yakyi-vidpravliav-ukhyliantiv-za-kordon-pid-vyhliadom-tserkovnykh-misioneriv","unknown",NA
"9dd2a56bd1d5","СБУ повідомила про підозру митрополиту УПЦ (МП) Павлу (відео)",TRUE,"material","state","UOC-MP","other",3,"Official SBU announcement of a criminal investigation, prosecution, conviction, or security operation targeting a UOC-MP cleric or facility for treason, collaboration, espionage, propaganda, or related offences amid the full-scale war -- part of the extensive, ongoing wave of SBU actions implementing the securitisation campaign against UOC-MP documented throughout this corpus (see batch 54's pivotal RNBO decision, 72c6ae74b540). Specific allegation per headline: СБУ повідомила про підозру митрополиту УПЦ (МП) Павлу (відео)","coded_batch_55.json",NA,"Новини","ssu.gov.ua","sbu_press_release","https://ssu.gov.ua/novyny/sbu-povidomyla-pro-pidozru-mytropolytu-upts-mp-pavlu-video","unknown",NA
"9f1d4cac448c","СБУ викрила прислужника монастиря УПЦ (МП) на закликах до захоплення Києва",TRUE,"material","state","UOC-MP","other",3,"Official SBU announcement of a criminal investigation, prosecution, conviction, or security operation targeting a UOC-MP cleric or facility for treason, collaboration, espionage, propaganda, or related offences amid the full-scale war -- part of the extensive, ongoing wave of SBU actions implementing the securitisation campaign against UOC-MP documented throughout this corpus (see batch 54's pivotal RNBO decision, 72c6ae74b540). Specific allegation per headline: СБУ викрила прислужника монастиря УПЦ (МП) на закликах до захоплення Києва","coded_batch_55.json",NA,"Новини","ssu.gov.ua","sbu_press_release","https://ssu.gov.ua/novyny/sbu-vykryla-prysluzhnyka-monastyria-upts-mp-na-zaklykakh-do-zakhoplennia-kyieva","unknown",NA
"a30842d0b121","СБУ проводить безпекові заходи в Мукачівській єпархії УПЦ (МП)",TRUE,"material","state","UOC-MP","other",3,"Official SBU announcement of a criminal investigation, prosecution, conviction, or security operation targeting a UOC-MP cleric or facility for treason, collaboration, espionage, propaganda, or related offences amid the full-scale war -- part of the extensive, ongoing wave of SBU actions implementing the securitisation campaign against UOC-MP documented throughout this corpus (see batch 54's pivotal RNBO decision, 72c6ae74b540). Specific allegation per headline: СБУ проводить безпекові заходи в Мукачівській єпархії УПЦ (МП)","coded_batch_55.json",NA,"Новини","ssu.gov.ua","sbu_press_release","https://ssu.gov.ua/novyny/sbu-provodyt-bezpekovi-zakhody-v-mukachivskii-yeparkhii-upts-mp","unknown",NA
"a544e49efa67","СБУ повідомила про підозру клірику УПЦ (МП) з Черкащини, який закликав рф захопити всю Україну",TRUE,"material","state","UOC-MP","other",3,"Official SBU announcement of a criminal investigation, prosecution, conviction, or security operation targeting a UOC-MP cleric or facility for treason, collaboration, espionage, propaganda, or related offences amid the full-scale war -- part of the extensive, ongoing wave of SBU actions implementing the securitisation campaign against UOC-MP documented throughout this corpus (see batch 54's pivotal RNBO decision, 72c6ae74b540). Specific allegation per headline: СБУ повідомила про підозру клірику УПЦ (МП) з Черкащини, який закликав рф захопити всю Україну","coded_batch_55.json",NA,"Новини","ssu.gov.ua","sbu_press_release","https://ssu.gov.ua/novyny/sbu-povidomyla-pro-pidozru-kliryku-upts-mp-z-cherkashchyny-yakyi-zaklykav-rf-zakhopyty-vsiu-ukrainu","unknown",NA
"a7e4d267da32","СБУ викрила клірика УПЦ (МП), який освячував російських військових під час окупації Ізюма",TRUE,"material","state","UOC-MP","other",3,"Official SBU announcement of a criminal investigation, prosecution, conviction, or security operation targeting a UOC-MP cleric or facility for treason, collaboration, espionage, propaganda, or related offences amid the full-scale war -- part of the extensive, ongoing wave of SBU actions implementing the securitisation campaign against UOC-MP documented throughout this corpus (see batch 54's pivotal RNBO decision, 72c6ae74b540). Specific allegation per headline: СБУ викрила клірика УПЦ (МП), який освячував російських військових під час окупації Ізюма","coded_batch_55.json",NA,"Новини","ssu.gov.ua","sbu_press_release","https://ssu.gov.ua/novyny/sbu-vykryla-kliryka-upts-mp-yakyi-osviachuvav-rosiiskykh-viiskovykh-pid-chas-okupatsii-iziuma","unknown",NA
"a87610713424","СБУ повідомила про підозру клірику УПЦ (МП), який агітував за приєднання Херсонщини до рф і розфарбував в’їзну стелу в «триколор»",TRUE,"material","state","UOC-MP","other",3,"Official SBU announcement of a criminal investigation, prosecution, conviction, or security operation targeting a UOC-MP cleric or facility for treason, collaboration, espionage, propaganda, or related offences amid the full-scale war -- part of the extensive, ongoing wave of SBU actions implementing the securitisation campaign against UOC-MP documented throughout this corpus (see batch 54's pivotal RNBO decision, 72c6ae74b540). Specific allegation per headline: СБУ повідомила про підозру клірику УПЦ (МП), який агітував за приєднання Херсонщини до рф і розфарбував в’їзну стелу в «триколор»","coded_batch_55.json",NA,"Новини","ssu.gov.ua","sbu_press_release","https://ssu.gov.ua/novyny/sbu-povidomyla-pro-pidozru-kliryku-upts-mp-yakyi-ahituvav-za-pryiednannia-khersonshchyny-do-rf-i-rozfarbuvav-viznu-stelu-v-trykolor","unknown",NA
"aac079bbc32b","За матеріалами СБУ 15 років тюрми отримав клірик УПЦ (МП), який «зливав» до фсб інформацію про оборону Сумщини",TRUE,"material","state","UOC-MP","other",3,"Official SBU announcement of a criminal investigation, prosecution, conviction, or security operation targeting a UOC-MP cleric or facility for treason, collaboration, espionage, propaganda, or related offences amid the full-scale war -- part of the extensive, ongoing wave of SBU actions implementing the securitisation campaign against UOC-MP documented throughout this corpus (see batch 54's pivotal RNBO decision, 72c6ae74b540). Specific allegation per headline: За матеріалами СБУ 15 років тюрми отримав клірик УПЦ (МП), який «зливав» до фсб інформацію про оборону Сумщини","coded_batch_55.json",NA,"Новини","ssu.gov.ua","sbu_press_release","https://ssu.gov.ua/novyny/za-materialamy-sbu-15-rokiv-tiurmy-otrymav-kliryk-upts-mp-yakyi-zlyvav-do-fsb-informatsiiu-pro-oboronu-sumshchyny","unknown",NA
"b17ce3677466","За матеріалами СБУ та Нацполіції заочну підозру отримав митрополит УПЦ (МП), який благословив окупантів на захоплення Ізюма",TRUE,"material","state","UOC-MP","other",3,"Official SBU announcement of a criminal investigation, prosecution, conviction, or security operation targeting a UOC-MP cleric or facility for treason, collaboration, espionage, propaganda, or related offences amid the full-scale war -- part of the extensive, ongoing wave of SBU actions implementing the securitisation campaign against UOC-MP documented throughout this corpus (see batch 54's pivotal RNBO decision, 72c6ae74b540). Specific allegation per headline: За матеріалами СБУ та Нацполіції заочну підозру отримав митрополит УПЦ (МП), який благословив окупантів на захоплення Ізюма","coded_batch_55.json",NA,"Новини","ssu.gov.ua","sbu_press_release","https://ssu.gov.ua/novyny/za-materialamy-sbu-ta-natspolitsii-zaochnu-pidozru-otrymav-mytropolyt-upts-mp-yakyi-blahoslovyv-okupantiv-na-zakhoplennia-iziuma","unknown",NA
"b1ae0ee5c36d","СБУ затримала у Києві прокремлівського блогера, який переховувався від правосуддя в монастирі УПЦ (МП)",TRUE,"material","state","UOC-MP","other",3,"Official SBU announcement of a criminal investigation, prosecution, conviction, or security operation targeting a UOC-MP cleric or facility for treason, collaboration, espionage, propaganda, or related offences amid the full-scale war -- part of the extensive, ongoing wave of SBU actions implementing the securitisation campaign against UOC-MP documented throughout this corpus (see batch 54's pivotal RNBO decision, 72c6ae74b540). Specific allegation per headline: СБУ затримала у Києві прокремлівського блогера, який переховувався від правосуддя в монастирі УПЦ (МП)","coded_batch_55.json",NA,"Новини","ssu.gov.ua","sbu_press_release","https://ssu.gov.ua/novyny/sbu-zatrymala-u-kyievi-prokremlivskoho-blohera-yakyi-perekhovuvavsia-vid-pravosuddia-v-monastyri-upts-mp","unknown",NA
"b23fd369fd77","СБУ повідомила про підозру клірику УПЦ (МП) на Житомирщині, який виправдовував війну рф проти України",TRUE,"material","state","UOC-MP","other",3,"Official SBU announcement of a criminal investigation, prosecution, conviction, or security operation targeting a UOC-MP cleric or facility for treason, collaboration, espionage, propaganda, or related offences amid the full-scale war -- part of the extensive, ongoing wave of SBU actions implementing the securitisation campaign against UOC-MP documented throughout this corpus (see batch 54's pivotal RNBO decision, 72c6ae74b540). Specific allegation per headline: СБУ повідомила про підозру клірику УПЦ (МП) на Житомирщині, який виправдовував війну рф проти України","coded_batch_55.json",NA,"Новини","ssu.gov.ua","sbu_press_release","https://ssu.gov.ua/novyny/sbu-povidomyla-pro-pidozru-kliryku-upts-mp-na-zhytomyrshchyni-yakyi-vypravdovuvav-viinu-rf-proty-ukrainy","unknown",NA
"b2b003d2f9db","СБУ повідомила про підозру митрополиту однієї з єпархій УПЦ МП",TRUE,"material","state","UOC-MP","other",3,"Official SBU announcement of a criminal investigation, prosecution, conviction, or security operation targeting a UOC-MP cleric or facility for treason, collaboration, espionage, propaganda, or related offences amid the full-scale war -- part of the extensive, ongoing wave of SBU actions implementing the securitisation campaign against UOC-MP documented throughout this corpus (see batch 54's pivotal RNBO decision, 72c6ae74b540). Specific allegation per headline: СБУ повідомила про підозру митрополиту однієї з єпархій УПЦ МП","coded_batch_55.json",NA,"Новини","ssu.gov.ua","sbu_press_release","https://ssu.gov.ua/novyny/sbu-povidomyla-pro-pidozru-mytropolytu-odniiei-z-yeparkhii-upts-mp","unknown",NA
"b6b4d0792153","На Запоріжжі до 7 років ув’язнення засуджено агента терористів «ДНР», який хотів підпалити храм УПЦ",TRUE,"material","other","other","none",2,"SBU announcement of a conviction for a 'DNR' terrorist agent who attempted to set fire to a UOC church in Zaporizhzhia -- a reverse-direction case where the church (UOC, unspecified branch in title) is the target of Russian-linked terrorism rather than a security concern in itself.","coded_batch_55.json",NA,"Новини","ssu.gov.ua","sbu_press_release","https://ssu.gov.ua/novyny/na-zaporizhzhi-do-7-rokiv-uviaznennia-zasudzheno-ahenta-terorystiv-dnr-yakyi-khotiv-pidpalyty-khram-upts","unknown",NA
"b8f948530a20","СБУ повідомила про підозру митрополиту Черкаської єпархії УПЦ (МП) (відео)",TRUE,"material","state","UOC-MP","other",3,"Official SBU announcement of a criminal investigation, prosecution, conviction, or security operation targeting a UOC-MP cleric or facility for treason, collaboration, espionage, propaganda, or related offences amid the full-scale war -- part of the extensive, ongoing wave of SBU actions implementing the securitisation campaign against UOC-MP documented throughout this corpus (see batch 54's pivotal RNBO decision, 72c6ae74b540). Specific allegation per headline: СБУ повідомила про підозру митрополиту Черкаської єпархії УПЦ (МП) (відео)","coded_batch_55.json",NA,"Новини","ssu.gov.ua","sbu_press_release","https://ssu.gov.ua/novyny/sbu-povidomyla-pro-pidozru-mytropolytu-cherkaskoi-yeparkhii-upts-mp-video","unknown",NA
"bb7440a8720b","СБУ повідомила про підозру керівнику Черкаської єпархії УПЦ (МП)",TRUE,"material","state","UOC-MP","other",3,"Official SBU announcement of a criminal investigation, prosecution, conviction, or security operation targeting a UOC-MP cleric or facility for treason, collaboration, espionage, propaganda, or related offences amid the full-scale war -- part of the extensive, ongoing wave of SBU actions implementing the securitisation campaign against UOC-MP documented throughout this corpus (see batch 54's pivotal RNBO decision, 72c6ae74b540). Specific allegation per headline: СБУ повідомила про підозру керівнику Черкаської єпархії УПЦ (МП)","coded_batch_55.json",NA,"Новини","ssu.gov.ua","sbu_press_release","https://ssu.gov.ua/novyny/sbu-povidomyla-pro-pidozru-kerivnyku-cherkaskoi-yeparkhii-upts-mp","unknown",NA
"bccf6cf71c96","За матеріалами СБУ повідомлено про підозру клірику УПЦ (МП) на Житомирщині, який роздавав вірянам кремлівські «агітки»",TRUE,"material","state","UOC-MP","other",3,"Official SBU announcement of a criminal investigation, prosecution, conviction, or security operation targeting a UOC-MP cleric or facility for treason, collaboration, espionage, propaganda, or related offences amid the full-scale war -- part of the extensive, ongoing wave of SBU actions implementing the securitisation campaign against UOC-MP documented throughout this corpus (see batch 54's pivotal RNBO decision, 72c6ae74b540). Specific allegation per headline: За матеріалами СБУ повідомлено про підозру клірику УПЦ (МП) на Житомирщині, який роздавав вірянам кремлівські «агітки»","coded_batch_55.json",NA,"Новини","ssu.gov.ua","sbu_press_release","https://ssu.gov.ua/novyny/za-materialamy-sbu-povidomleno-pro-pidozru-kliryku-upts-mp-na-zhytomyrshchyni-yakyi-rozdavav-virianam-kremlivski-ahitky","unknown",NA
"bd21dbc96cac","СБУ повідомила про підозру архімандриту УПЦ (МП), який благословив Сальдо на фейковий референдум рф",TRUE,"material","state","UOC-MP","other",3,"Official SBU announcement of a criminal investigation, prosecution, conviction, or security operation targeting a UOC-MP cleric or facility for treason, collaboration, espionage, propaganda, or related offences amid the full-scale war -- part of the extensive, ongoing wave of SBU actions implementing the securitisation campaign against UOC-MP documented throughout this corpus (see batch 54's pivotal RNBO decision, 72c6ae74b540). Specific allegation per headline: СБУ повідомила про підозру архімандриту УПЦ (МП), який благословив Сальдо на фейковий референдум рф","coded_batch_55.json",NA,"Новини","ssu.gov.ua","sbu_press_release","https://ssu.gov.ua/novyny/sbu-povidomyla-pro-pidozru-arkhimandrytu-upts-mp-yakyi-blahoslovyv-saldo-na-feikovyi-referendum-rf","unknown",NA
"bd250f974928","За матеріалами СБУ послушник УПЦ (МП), який вихваляв рашистів, проведе 5 років за ґратами",TRUE,"material","state","UOC-MP","other",3,"Official SBU announcement of a criminal investigation, prosecution, conviction, or security operation targeting a UOC-MP cleric or facility for treason, collaboration, espionage, propaganda, or related offences amid the full-scale war -- part of the extensive, ongoing wave of SBU actions implementing the securitisation campaign against UOC-MP documented throughout this corpus (see batch 54's pivotal RNBO decision, 72c6ae74b540). Specific allegation per headline: За матеріалами СБУ послушник УПЦ (МП), який вихваляв рашистів, проведе 5 років за ґратами","coded_batch_55.json",NA,"Новини","ssu.gov.ua","sbu_press_release","https://ssu.gov.ua/novyny/za-materialamy-sbu-poslushnyk-upts-mp-yakyi-vykhvaliav-rashystiv-provede-5-rokiv-za-gratamy","unknown",NA
"c26f4a3b3843","За матеріалами СБУ митрополит Черкаської єпархії УПЦ (МП) отримав уже четверту підозру",TRUE,"material","state","UOC-MP","other",3,"Official SBU announcement of a criminal investigation, prosecution, conviction, or security operation targeting a UOC-MP cleric or facility for treason, collaboration, espionage, propaganda, or related offences amid the full-scale war -- part of the extensive, ongoing wave of SBU actions implementing the securitisation campaign against UOC-MP documented throughout this corpus (see batch 54's pivotal RNBO decision, 72c6ae74b540). Specific allegation per headline: За матеріалами СБУ митрополит Черкаської єпархії УПЦ (МП) отримав уже четверту підозру","coded_batch_55.json",NA,"Новини","ssu.gov.ua","sbu_press_release","https://ssu.gov.ua/novyny/za-materialamy-sbu-mytropolyt-cherkaskoi-yeparkhii-upts-mp-otrymav-uzhe-chetvertu-pidozru","unknown",NA
"c2e777ad2f69","За матеріалами СБУ припинено громадянство України Ореста Березовського (так званого митрополита УПЦ (МП) Онуфрія)",TRUE,"both","state","UOC-MP","other",3,"SBU announces the revocation of Ukrainian citizenship of UOC-MP Metropolitan Onufriy (referred to by his secular name Orest Berezovsky) -- a significant individual extraordinary measure against UOC-MP's own primate, the most senior figure targeted by name in this entire dataset.","coded_batch_55.json",NA,"Новини","ssu.gov.ua","sbu_press_release","https://ssu.gov.ua/novyny/za-materialamy-sbu-prypyneno-hromadianstvo-ukrainy-oresta-berezovskoho-tak-zvanoho-mytropolyta-upts-mp-onufriia","unknown",NA
"c6d032df7d85","За матеріалами СБУ 7 років за ґратами проведе священик УПЦ (МП), який закликав мешканців Донеччини підтримати рф на псевдореферендумі",TRUE,"material","state","UOC-MP","other",3,"Official SBU announcement of a criminal investigation, prosecution, conviction, or security operation targeting a UOC-MP cleric or facility for treason, collaboration, espionage, propaganda, or related offences amid the full-scale war -- part of the extensive, ongoing wave of SBU actions implementing the securitisation campaign against UOC-MP documented throughout this corpus (see batch 54's pivotal RNBO decision, 72c6ae74b540). Specific allegation per headline: За матеріалами СБУ 7 років за ґратами проведе священик УПЦ (МП), який закликав мешканців Донеччини підтримати рф на псевдореферендумі","coded_batch_55.json",NA,"Новини","ssu.gov.ua","sbu_press_release","https://ssu.gov.ua/novyny/za-materialamy-sbu-7-rokiv-za-gratamy-provede-sviashchenyk-upts-mp-yakyi-zaklykav-meshkantsiv-donechchyny-pidtrymaty-rf-na-psevdoreferendumi","unknown",NA
"c8785b80da11","СБУ викрила на Черкащині настоятеля храму УПЦ (МП), який виправдовував воєнні злочини рашистів",TRUE,"material","state","UOC-MP","other",3,"Official SBU announcement of a criminal investigation, prosecution, conviction, or security operation targeting a UOC-MP cleric or facility for treason, collaboration, espionage, propaganda, or related offences amid the full-scale war -- part of the extensive, ongoing wave of SBU actions implementing the securitisation campaign against UOC-MP documented throughout this corpus (see batch 54's pivotal RNBO decision, 72c6ae74b540). Specific allegation per headline: СБУ викрила на Черкащині настоятеля храму УПЦ (МП), який виправдовував воєнні злочини рашистів","coded_batch_55.json",NA,"Новини","ssu.gov.ua","sbu_press_release","https://ssu.gov.ua/novyny/sbu-vykryla-na-cherkashchyni-nastoiatelia-khramu-upts-mp-yakyi-vypravdovuvav-voienni-zlochyny-rashystiv","unknown",NA
"cc0db9f8e753","За матеріалами СБУ підозру отримали два клірики-комуністи УПЦ (МП) на Закарпатті",TRUE,"material","state","UOC-MP","other",3,"Official SBU announcement of a criminal investigation, prosecution, conviction, or security operation targeting a UOC-MP cleric or facility for treason, collaboration, espionage, propaganda, or related offences amid the full-scale war -- part of the extensive, ongoing wave of SBU actions implementing the securitisation campaign against UOC-MP documented throughout this corpus (see batch 54's pivotal RNBO decision, 72c6ae74b540). Specific allegation per headline: За матеріалами СБУ підозру отримали два клірики-комуністи УПЦ (МП) на Закарпатті","coded_batch_55.json",NA,"Новини","ssu.gov.ua","sbu_press_release","https://ssu.gov.ua/novyny/za-materialamy-sbu-pidozru-otrymaly-dva-klirykykomunisty-upts-mp-na-zakarpatti","unknown",NA
"cde6bfb9d8b9","СБУ ліквідувала ще 4 «схеми для ухилянтів»: однією з них скористався клірик УПЦ (МП)",TRUE,"material","state","UOC-MP","other",3,"Official SBU announcement of a criminal investigation, prosecution, conviction, or security operation targeting a UOC-MP cleric or facility for treason, collaboration, espionage, propaganda, or related offences amid the full-scale war -- part of the extensive, ongoing wave of SBU actions implementing the securitisation campaign against UOC-MP documented throughout this corpus (see batch 54's pivotal RNBO decision, 72c6ae74b540). Specific allegation per headline: СБУ ліквідувала ще 4 «схеми для ухилянтів»: однією з них скористався клірик УПЦ (МП)","coded_batch_55.json",NA,"Новини","ssu.gov.ua","sbu_press_release","https://ssu.gov.ua/novyny/sbu-likviduvala-shche-4-skhemy-dlia-ukhyliantiv-odniieiu-z-nykh-skorystavsia-kliryk-upts-mp","unknown",NA
"cf76f738b400","СБУ викрила на Закарпатті клірика-антисеміта УПЦ (МП), який поширював фейки про війну в Україні",TRUE,"material","state","UOC-MP","other",3,"Official SBU announcement of a criminal investigation, prosecution, conviction, or security operation targeting a UOC-MP cleric or facility for treason, collaboration, espionage, propaganda, or related offences amid the full-scale war -- part of the extensive, ongoing wave of SBU actions implementing the securitisation campaign against UOC-MP documented throughout this corpus (see batch 54's pivotal RNBO decision, 72c6ae74b540). Specific allegation per headline: СБУ викрила на Закарпатті клірика-антисеміта УПЦ (МП), який поширював фейки про війну в Україні","coded_batch_55.json",NA,"Новини","ssu.gov.ua","sbu_press_release","https://ssu.gov.ua/novyny/sbu-vykryla-na-zakarpatti-klirykaantysemita-upts-mp-yakyi-poshyriuvav-feiky-pro-viinu-v-ukraini","unknown",NA
"cf8438cf092d","СБУ повідомила про заочну підозру митрополиту УПЦ (МП), який благословив «приєднання» Луганська до рф",TRUE,"material","state","UOC-MP","other",3,"Official SBU announcement of a criminal investigation, prosecution, conviction, or security operation targeting a UOC-MP cleric or facility for treason, collaboration, espionage, propaganda, or related offences amid the full-scale war -- part of the extensive ongoing wave of SBU actions implementing the securitisation campaign against UOC-MP documented throughout this corpus. Specific allegation per headline: СБУ повідомила про заочну підозру митрополиту УПЦ (МП), який благословив «приєднання» Луганська до рф","coded_batch_56.json",NA,"Новини","ssu.gov.ua","sbu_press_release","https://ssu.gov.ua/novyny/sbu-povidomyla-pro-zaochnu-pidozru-mytropolytu-upts-mp-yakyi-blahoslovyv-pryiednannia-luhanska-do-rf","unknown",NA
"d1c96bc29f4b","СБУ затримала протоієрея УПЦ (МП), який на замовлення воєнної розвідки рф коригував удари рашистів по Сумщині",TRUE,"material","state","UOC-MP","other",3,"Official SBU announcement of a criminal investigation, prosecution, conviction, or security operation targeting a UOC-MP cleric or facility for treason, collaboration, espionage, propaganda, or related offences amid the full-scale war -- part of the extensive ongoing wave of SBU actions implementing the securitisation campaign against UOC-MP documented throughout this corpus. Specific allegation per headline: СБУ затримала протоієрея УПЦ (МП), який на замовлення воєнної розвідки рф коригував удари рашистів по Сумщині","coded_batch_56.json",NA,"Новини","ssu.gov.ua","sbu_press_release","https://ssu.gov.ua/novyny/sbu-zatrymala-protoiiereia-upts-mp-yakyi-na-zamovlennia-voiennoi-rozvidky-rf-koryhuvav-udary-rashystiv-po-sumshchyni","unknown",NA
"d3f6bb75b581","За матеріалами СБУ під нові «церковні санкції» РНБО потрапили ще 7 кліриків УПЦ (МП)",TRUE,"both","state","UOC-MP","sanction",3,"SBU announces 7 more UOC-MP clerics added to the RNBO's ongoing 'church sanctions' list (expansion of the list first published in batch 55, doc 7dbfca093b5c) -- continued concrete implementation of the December 2022 RNBO decision.","coded_batch_56.json",NA,"Новини","ssu.gov.ua","sbu_press_release","https://ssu.gov.ua/novyny/za-materialamy-sbu-pid-novi-tserkovni-sanktsii-rnbo-potrapyly-shche-7-klirykiv-upts-mp","unknown",NA
"d4c50e87fe77","Коментар пресслужби СБУ щодо запобіжного заходу митрополиту Павлу (Лебідю)",TRUE,"material","state","UOC-MP","other",3,"SBU press service comment on the preventive measure (pre-trial restriction) imposed on Metropolitan Pavlo (Lebid), the prominent former Kyiv-Pechersk Lavra abbot -- one of the highest-profile individual UOC-MP prosecutions, connected to the ongoing case referenced again in doc e0ac042bcb98 of the same batch.","coded_batch_56.json",NA,"Новини","ssu.gov.ua","sbu_press_release","https://ssu.gov.ua/novyny/komentar-pressluzhby-sbu-shchodo-zapobizhnoho-zakhodu-mytropolytu-pavlu-lebidiu","unknown",NA
"d4f88c6e5179","СБУ затримала клірика УПЦ (МП), який навів «Іскандери» по Одесі у березні 2024 року",TRUE,"material","state","UOC-MP","other",3,"Official SBU announcement of a criminal investigation, prosecution, conviction, or security operation targeting a UOC-MP cleric or facility for treason, collaboration, espionage, propaganda, or related offences amid the full-scale war -- part of the extensive ongoing wave of SBU actions implementing the securitisation campaign against UOC-MP documented throughout this corpus. Specific allegation per headline: СБУ затримала клірика УПЦ (МП), який навів «Іскандери» по Одесі у березні 2024 року","coded_batch_56.json",NA,"Новини","ssu.gov.ua","sbu_press_release","https://ssu.gov.ua/novyny/sbu-zatrymala-kliryka-upts-mp-yakyi-naviv-iskandery-po-odesi-u-berezni-2024-roku","unknown",NA
"d4fe67fbf81a","СБУ проводить безпекові заходи на об’єктах УПЦ (МП) у трьох областях України",TRUE,"material","state","UOC-MP","other",3,"Official SBU announcement of a criminal investigation, prosecution, conviction, or security operation targeting a UOC-MP cleric or facility for treason, collaboration, espionage, propaganda, or related offences amid the full-scale war -- part of the extensive ongoing wave of SBU actions implementing the securitisation campaign against UOC-MP documented throughout this corpus. Specific allegation per headline: СБУ проводить безпекові заходи на об’єктах УПЦ (МП) у трьох областях України","coded_batch_56.json",NA,"Новини","ssu.gov.ua","sbu_press_release","https://ssu.gov.ua/novyny/sbu-provodyt-bezpekovi-zakhody-na-obiektakh-upts-mp-u-trokh-oblastiakh-ukrainy-2","unknown",NA
"d646a4685d55","СБУ викрила ще 3-х ворожих агітаторів: серед них – провокатор УПЦ (МП), який сподівався отримати від путіна російський паспорт",TRUE,"material","state","UOC-MP","other",3,"Official SBU announcement of a criminal investigation, prosecution, conviction, or security operation targeting a UOC-MP cleric or facility for treason, collaboration, espionage, propaganda, or related offences amid the full-scale war -- part of the extensive ongoing wave of SBU actions implementing the securitisation campaign against UOC-MP documented throughout this corpus. Specific allegation per headline: СБУ викрила ще 3-х ворожих агітаторів: серед них – провокатор УПЦ (МП), який сподівався отримати від путіна російський паспорт","coded_batch_56.json",NA,"Новини","ssu.gov.ua","sbu_press_release","https://ssu.gov.ua/novyny/sbu-vykryla-shche-3kh-vorozhykh-ahitatoriv-sered-nykh-provokator-upts-mp-yakyi-spodivavsia-otrymaty-vid-putina-rosiiskyi-pasport","unknown",NA
"d75b83b73ba7","СБУ викрила настоятеля одного із храмів УПЦ (МП) в Одесі, який вихваляв путіна та героїзував російських окупантів",TRUE,"material","state","UOC-MP","other",3,"Official SBU announcement of a criminal investigation, prosecution, conviction, or security operation targeting a UOC-MP cleric or facility for treason, collaboration, espionage, propaganda, or related offences amid the full-scale war -- part of the extensive ongoing wave of SBU actions implementing the securitisation campaign against UOC-MP documented throughout this corpus. Specific allegation per headline: СБУ викрила настоятеля одного із храмів УПЦ (МП) в Одесі, який вихваляв путіна та героїзував російських окупантів","coded_batch_56.json",NA,"Новини","ssu.gov.ua","sbu_press_release","https://ssu.gov.ua/novyny/sbu-vykryla-nastoiatelia-odnoho-iz-khramiv-upts-mp-v-odesi-yakyi-vykhvaliav-putina-ta-heroizuvav-rosiiskykh-okupantiv","unknown",NA
"d7d239fff130","СБУ викрила трьох кліриків УПЦ (МП), які героїзували рашистів і чекали на захоплення Київської та Черкаської областей",TRUE,"material","state","UOC-MP","other",3,"Official SBU announcement of a criminal investigation, prosecution, conviction, or security operation targeting a UOC-MP cleric or facility for treason, collaboration, espionage, propaganda, or related offences amid the full-scale war -- part of the extensive ongoing wave of SBU actions implementing the securitisation campaign against UOC-MP documented throughout this corpus. Specific allegation per headline: СБУ викрила трьох кліриків УПЦ (МП), які героїзували рашистів і чекали на захоплення Київської та Черкаської областей","coded_batch_56.json",NA,"Новини","ssu.gov.ua","sbu_press_release","https://ssu.gov.ua/novyny/sbu-vykryla-trokh-klirykiv-upts-mp-yaki-heroizuvaly-rashystiv-i-chekaly-na-zakhoplennia-kyivskoi-ta-cherkaskoi-oblastei","unknown",NA
"dd29743005be","СБУ відкрила кримінальне провадження щодо настоятеля храму УПЦ (МП), який допомагав рашистам під час окупації Київщини",TRUE,"material","state","UOC-MP","other",3,"Official SBU announcement of a criminal investigation, prosecution, conviction, or security operation targeting a UOC-MP cleric or facility for treason, collaboration, espionage, propaganda, or related offences amid the full-scale war -- part of the extensive ongoing wave of SBU actions implementing the securitisation campaign against UOC-MP documented throughout this corpus. Specific allegation per headline: СБУ відкрила кримінальне провадження щодо настоятеля храму УПЦ (МП), який допомагав рашистам під час окупації Київщини","coded_batch_56.json",NA,"Новини","ssu.gov.ua","sbu_press_release","https://ssu.gov.ua/novyny/sbu-vidkryla-kryminalne-provadzhennia-shchodo-nastoiatelia-khramu-upts-mp-yakyi-dopomahav-rashystam-pid-chas-okupatsii-kyivshchyny","unknown",NA
"dd44919a44f4","За матеріалами СБУ до 5 років тюрми засуджено митрополита однієї з Вінницьких єпархій УПЦ (МП), який виправдовував повномасштабне вторгнення рф",TRUE,"material","state","UOC-MP","other",3,"Official SBU announcement of a criminal investigation, prosecution, conviction, or security operation targeting a UOC-MP cleric or facility for treason, collaboration, espionage, propaganda, or related offences amid the full-scale war -- part of the extensive ongoing wave of SBU actions implementing the securitisation campaign against UOC-MP documented throughout this corpus. Specific allegation per headline: За матеріалами СБУ до 5 років тюрми засуджено митрополита однієї з Вінницьких єпархій УПЦ (МП), який виправдовував повномасштабне вторгнення рф","coded_batch_56.json",NA,"Новини","ssu.gov.ua","sbu_press_release","https://ssu.gov.ua/novyny/za-materialamy-sbu-do-5-rokiv-tiurmy-zasudzheno-mytropolyta-odniiei-z-vinnytskykh-yeparkhii-upts-mp-yakyi-vypravdovuvav-povnomasshtabne-vtorhnennia-rf","unknown",NA
"e02fa85ad41a","СБУ перевірила монастир УПЦ (МП) на Закарпатті, де черниці закликали до «пробуждения матушки-Руси»",TRUE,"material","state","UOC-MP","other",3,"Official SBU announcement of a criminal investigation, prosecution, conviction, or security operation targeting a UOC-MP cleric or facility for treason, collaboration, espionage, propaganda, or related offences amid the full-scale war -- part of the extensive ongoing wave of SBU actions implementing the securitisation campaign against UOC-MP documented throughout this corpus. Specific allegation per headline: СБУ перевірила монастир УПЦ (МП) на Закарпатті, де черниці закликали до «пробуждения матушки-Руси»","coded_batch_56.json",NA,"Новини","ssu.gov.ua","sbu_press_release","https://ssu.gov.ua/novyny/sbu-pereviryla-monastyr-upts-mp-na-zakarpatti-de-chernytsi-zaklykaly-do-probuzhdenyia-matushkyrusy","unknown",NA
"e0ac042bcb98","СБУ завершила розслідування і передала до суду справу митрополита УПЦ (МП) Павла",TRUE,"material","state","UOC-MP","other",3,"SBU completes its investigation and refers Metropolitan Pavlo (Lebid)'s case to court -- the prosecutorial conclusion of one of the highest-profile individual UOC-MP cases in the corpus (see also doc d4c50e87fe77 in this same batch).","coded_batch_56.json",NA,"Новини","ssu.gov.ua","sbu_press_release","https://ssu.gov.ua/novyny/sbu-zavershyla-rozsliduvannia-i-peredala-do-sudu-spravu-mytropolyta-upts-mp-pavla","unknown",NA
"e3190ef16c43","СБУ затримала клірика УПЦ (МП), який погодився шпигувати для фсб на Донеччині в обмін на «евакуацію» його сім’ї до росії",TRUE,"material","state","UOC-MP","other",3,"Official SBU announcement of a criminal investigation, prosecution, conviction, or security operation targeting a UOC-MP cleric or facility for treason, collaboration, espionage, propaganda, or related offences amid the full-scale war -- part of the extensive ongoing wave of SBU actions implementing the securitisation campaign against UOC-MP documented throughout this corpus. Specific allegation per headline: СБУ затримала клірика УПЦ (МП), який погодився шпигувати для фсб на Донеччині в обмін на «евакуацію» його сім’ї до росії","coded_batch_56.json",NA,"Новини","ssu.gov.ua","sbu_press_release","https://ssu.gov.ua/novyny/sbu-zatrymala-kliryka-upts-mp-yakyi-pohodyvsia-shpyhuvaty-dlia-fsb-na-donechchyni-v-obmin-na-evakuatsiiu-yoho-simi-do-rosii","unknown",NA
"e829634b6bb5","СБУ повідомила про заочну підозру клірику-ювеліру УПЦ (МП) із Луганщини, який продає золоті вироби до росії",TRUE,"material","state","UOC-MP","other",3,"Official SBU announcement of a criminal investigation, prosecution, conviction, or security operation targeting a UOC-MP cleric or facility for treason, collaboration, espionage, propaganda, or related offences amid the full-scale war -- part of the extensive ongoing wave of SBU actions implementing the securitisation campaign against UOC-MP documented throughout this corpus. Specific allegation per headline: СБУ повідомила про заочну підозру клірику-ювеліру УПЦ (МП) із Луганщини, який продає золоті вироби до росії","coded_batch_56.json",NA,"Новини","ssu.gov.ua","sbu_press_release","https://ssu.gov.ua/novyny/sbu-povidomyla-pro-zaochnu-pidozru-klirykuiuveliru-upts-mp-iz-luhanshchyny-yakyi-prodaie-zoloti-vyroby-do-rosii","unknown",NA
"eec1b5ab4f26","СБУ виявила в єпархіях УПЦ (МП) пропагандистські «методички» кремля, «вчення про сатанізм» і нацистську символіку",TRUE,"material","state","UOC-MP","other",3,"Official SBU announcement of a criminal investigation, prosecution, conviction, or security operation targeting a UOC-MP cleric or facility for treason, collaboration, espionage, propaganda, or related offences amid the full-scale war -- part of the extensive ongoing wave of SBU actions implementing the securitisation campaign against UOC-MP documented throughout this corpus. Specific allegation per headline: СБУ виявила в єпархіях УПЦ (МП) пропагандистські «методички» кремля, «вчення про сатанізм» і нацистську символіку","coded_batch_56.json",NA,"Новини","ssu.gov.ua","sbu_press_release","https://ssu.gov.ua/novyny/sbu-vyiavyla-v-yeparkhiiakh-upts-mp-propahandystski-metodychky-kremlia-vchennia-pro-satanizm-i-natsystsku-symvoliku","unknown",NA
"f046ac667c25","СБУ виявила підозрілих осіб, незареєстровану зброю і російські агітки на об'єктах УПЦ (МП)",TRUE,"material","state","UOC-MP","other",3,"Official SBU announcement of a criminal investigation, prosecution, conviction, or security operation targeting a UOC-MP cleric or facility for treason, collaboration, espionage, propaganda, or related offences amid the full-scale war -- part of the extensive ongoing wave of SBU actions implementing the securitisation campaign against UOC-MP documented throughout this corpus. Specific allegation per headline: СБУ виявила підозрілих осіб, незареєстровану зброю і російські агітки на об'єктах УПЦ (МП)","coded_batch_56.json",NA,"Новини","ssu.gov.ua","sbu_press_release","https://ssu.gov.ua/novyny/sbu-vyiavyla-pidozrilykh-osib-nezareiestrovanu-zbroiu-i-rosiiski-ahitky-na-obiektakh-upts-mp","unknown",NA
"f2a7f613c839","СБУ повідомила про підозру ректору Почаївської духовної семінарії УПЦ (МП), який здійснював антиукраїнську діяльність",TRUE,"material","state","UOC-MP","other",3,"Official SBU announcement of a criminal investigation, prosecution, conviction, or security operation targeting a UOC-MP cleric or facility for treason, collaboration, espionage, propaganda, or related offences amid the full-scale war -- part of the extensive ongoing wave of SBU actions implementing the securitisation campaign against UOC-MP documented throughout this corpus. Specific allegation per headline: СБУ повідомила про підозру ректору Почаївської духовної семінарії УПЦ (МП), який здійснював антиукраїнську діяльність","coded_batch_56.json",NA,"Новини","ssu.gov.ua","sbu_press_release","https://ssu.gov.ua/novyny/sbu-povidomyla-pro-pidozru-rektoru-pochaivskoi-dukhovnoi-seminarii-upts-mp-yakyi-zdiisniuvav-antyukrainsku-diialnist","unknown",NA
"f5a863d683d7","СБУ повідомила про підозру митрополиту Кіровоградської єпархії УПЦ (МП), який виправдовував захоплення Криму",TRUE,"material","state","UOC-MP","other",3,"Official SBU announcement of a criminal investigation, prosecution, conviction, or security operation targeting a UOC-MP cleric or facility for treason, collaboration, espionage, propaganda, or related offences amid the full-scale war -- part of the extensive ongoing wave of SBU actions implementing the securitisation campaign against UOC-MP documented throughout this corpus. Specific allegation per headline: СБУ повідомила про підозру митрополиту Кіровоградської єпархії УПЦ (МП), який виправдовував захоплення Криму","coded_batch_56.json",NA,"Новини","ssu.gov.ua","sbu_press_release","https://ssu.gov.ua/novyny/sbu-povidomyla-pro-pidozru-mytropolytu-kirovohradskoi-yeparkhii-upts-mp-yakyi-vypravdovuvav-zakhoplennia-krymu","unknown",NA
"f972e4074728","СБУ провела обшуки у керівництва УПЦ МП у Кіровоградській області",TRUE,"material","state","UOC-MP","other",3,"Official SBU announcement of a criminal investigation, prosecution, conviction, or security operation targeting a UOC-MP cleric or facility for treason, collaboration, espionage, propaganda, or related offences amid the full-scale war -- part of the extensive ongoing wave of SBU actions implementing the securitisation campaign against UOC-MP documented throughout this corpus. Specific allegation per headline: СБУ провела обшуки у керівництва УПЦ МП у Кіровоградській області","coded_batch_56.json",NA,"Новини","ssu.gov.ua","sbu_press_release","https://ssu.gov.ua/novyny/sbu-provela-obshuky-u-kerivnytstva-upts-mp-u-kirovohradskii-oblasti","unknown",NA
"fcebad9861ac","СБУ повідомила про підозру патріарху РПЦ Кирилу, який благословив рашистів на вбивства українців",TRUE,"both","state","Russia","other",3,"SBU formally notifies Patriarch Kirill of the Russian Orthodox Church himself of suspicion, alleging he blessed Russian forces to kill Ukrainians -- the single most senior figure targeted by Ukrainian law enforcement in this entire corpus, extending the campaign from UOC-MP's Ukrainian clergy to ROC's supreme leadership directly.","coded_batch_56.json",NA,"Новини","ssu.gov.ua","sbu_press_release","https://ssu.gov.ua/novyny/sbu-povidomyla-pro-pidozru-patriarkhu-rpts-kyrylu-yakyi-blahoslovyv-rashystiv-na-vbyvstva-ukraintsiv","unknown",NA
"fd32810322fe","СБУ повідомила про підозру підсанкційному митрополиту УПЦ (МП) із Запоріжжя, який провокував релігійну ненависть",TRUE,"material","state","UOC-MP","other",3,"Official SBU announcement of a criminal investigation, prosecution, conviction, or security operation targeting a UOC-MP cleric or facility for treason, collaboration, espionage, propaganda, or related offences amid the full-scale war -- part of the extensive ongoing wave of SBU actions implementing the securitisation campaign against UOC-MP documented throughout this corpus. Specific allegation per headline: СБУ повідомила про підозру підсанкційному митрополиту УПЦ (МП) із Запоріжжя, який провокував релігійну ненависть","coded_batch_56.json",NA,"Новини","ssu.gov.ua","sbu_press_release","https://ssu.gov.ua/novyny/sbu-povidomyla-pro-pidozru-pidsanktsiinomu-mytropolytu-upts-mp-iz-zaporizhzhia-yakyi-provokuvav-relihiinu-nenavyst","unknown",NA
"2bee6bb5ee16","Готуємо угоди та домовленості, які будуть у цьому серпні – звернення Президента ===",TRUE,"both","state","UOC-MP","ban",3,"Zelensky announces a bill has been submitted to the Verkhovna Rada 'that can genuinely guarantee there will be no manipulations from Moscow of the Ukrainian church', thanking the Council of Churches for supporting Ukraine's 'course toward spiritual independence' -- direct presidential confirmation of the ban legislation (No. 8371) moving forward, dated 16 Aug 2024, shortly before Poroshenko's own announcements of the same process in batch 54.","coded_batch_58.json","2024-08-01","Готуємо угоди та домовленості, які будуть у цьому серпні – звернення Президента","president.gov.ua","speech","https://www.president.gov.ua/news/gotuyemo-ugodi-ta-domovlenosti-yaki-budut-u-comu-serpni-zver-92465","J3_law_2024","2024"
"6bfa627ecdab","Від нашої спільної роботи залежить, яка зброя в руках у наших воїнів – виступ Президента на нараді керівників закордонних дипломатичних установ України «Воєнна дипломатія: стійкість, зброя, перемога» ===",TRUE,"both","nation","Russia","other",3,"Zelensky proposes creating a new state institution -- effectively 'a ministry of Ukrainian unity and countering Russian influence on Ukrainians' -- explicitly justified in part by the observation that 'Russia uses its own church structures for agent work and sowing discord', particularly targeting diaspora communities abroad. A concrete new institutional extraordinary measure proposed specifically in response to alleged church-based Russian influence operations.","coded_batch_58.json","2024-08-19","Від нашої спільної роботи залежить, яка зброя в руках у наших воїнів – виступ Президента на нараді керівників закордонних дипломатичних установ України «Воєнна дипломатія: стійкість, зброя, перемога»","president.gov.ua","speech","https://www.president.gov.ua/news/vid-nashoyi-spilnoyi-roboti-zalezhit-yaka-zbroya-v-rukah-u-n-92669","J3_law_2024","2024"
"4aaca8be34af","Обговорили з партнерами роботу щодо ППО – нових систем для України; готуємо посилення – звернення Президента ===",TRUE,"both","state","UOC-MP","ban",3,"Zelensky confirms: 'The Verkhovna Rada has adopted the law on our spiritual independence' -- the presidential confirmation of the ban bill's (No. 8371) passage on 20 August 2024, directly connected to prior discussions with the Council of Churches and plans to speak with Patriarch Bartholomew's representatives. This is the definitive presidential-level confirmation of the ban law's enactment.","coded_batch_58.json","2024-08-20","Обговорили з партнерами роботу щодо ППО – нових систем для України; готуємо посилення – звернення Президента","president.gov.ua","speech","https://www.president.gov.ua/news/obgovorili-z-partnerami-robotu-shodo-ppo-novih-sistem-dlya-u-92713","J3_law_2024","2024"
"7fa17a24c64c","Звернення Президента до учасників саміту Міжнародної коаліції за повернення українських дітей на рівні лідерів ===",TRUE,"both","nation","Russia","sanction",3,"Zelensky's address to the International Coalition for the Return of Ukrainian Children summit explicitly names 'structures of the Russian state church, which are used to destroy Ukrainian children's identity' among the institutions complicit in the child-abduction/re-education programme, calling for sanctions against everyone in Russia involved in the abduction, 're-education', and abuse of children. A serious securitising claim directly implicating ROC/its structures in one of Russia's most serious alleged war crimes, with an explicit call for sanctions.","coded_batch_59.json","2025-09-23","Звернення Президента до учасників саміту Міжнародної коаліції за повернення українських дітей на рівні лідерів","president.gov.ua","speech","https://www.president.gov.ua/news/zvernennya-prezidenta-do-uchasnikiv-samitu-mizhnarodnoyi-koa-100285","J4_enforcement_2025","2025"
"01ba75ec5b89","СБУ засудило заочно архімандрита УПЦ (МП), який благословив «приєднання» Херсона до складу рф... 15 років тюрми за держзраду.",TRUE,"material","state","UOC-MP","other",3,"[Duplicate of entry already coded in batch 54/55.] SBU announcement: an in-absentia conviction (15 years) of a UOC-MP archimandrite in Kherson for treason -- he collaborated with the Russian-installed 'governor' Saldo, blessed the sham annexation referendum, and personally petitioned Patriarch Kirill to incorporate the local cathedral into ROC, receiving seized property as reward. One of a recurring series of official SBU announcements of concrete criminal prosecutions against UOC-MP clergy for collaboration/treason.","coded_batch_59.json",NA,"Новини","ssu.gov.ua","sbu_press_release","https://ssu.gov.ua/novyny/za-materialamy-sbu-zaochno-zasudzheno-arkhimandryta-upts-mp-yakyi-blahoslovyv-pryiednannia-khersona-do-skladu-rf","unknown",NA
"01e97b1f24f9","СБУ затримала настоятеля храму УПЦ (МП), який збирав для фсб розвіддані про оборону Сумщини.",TRUE,"material","state","UOC-MP","other",3,"[Duplicate of entry already coded in batch 54/55.] SBU announcement (3 Mar 2023): detention of a UOC-MP parish priest in Sumy Oblast for gathering intelligence on Ukrainian defence positions for the FSB, including reconnaissance of command posts and artillery depots.","coded_batch_59.json",NA,"Новини","ssu.gov.ua","sbu_press_release","https://ssu.gov.ua/novyny/sbu-zatrymala-nastoiatelia-khramu-upts-mp-yakyi-zbyrav-dlia-fsb-rozviddani-pro-oboronu-sumshchyny","unknown",NA
"05d67ecc5662","До 12 років ув'язнення засуджено священника УПЦ (МП), який «зливав» позиції ЗСУ в Сєвєродонецьку.",TRUE,"material","state","UOC-MP","other",3,"[Duplicate of entry already coded in batch 54/55.] SBU announcement (7 Dec 2022): a UOC-MP priest in Lysychansk sentenced to 12 years for passing Ukrainian troop positions and personnel/equipment data to Russian forces in the Luhansk direction.","coded_batch_59.json",NA,"Новини","ssu.gov.ua","sbu_press_release","https://ssu.gov.ua/novyny/za-materialamy-sbu-do-12-rokiv-uviaznennia-zasudzheno-sviashchennyka-upts-mp-yakyi-zlyvav-pozytsii-zsu-v-sievierodonetsku","unknown",NA
"07adcb8de689","Агенти фсб, які «під прикриттям» УПЦ (МП) проводили інформдиверсії проти України.",TRUE,"material","state","UOC-MP","other",3,"[Duplicate of entry already coded in batch 54/55.] SBU announcement (25 Oct 2024): a UOC-MP parish head in Kyiv identified as part of an FSB agent network coordinating 'political experts' who spread Kremlin narratives justifying the war and inciting interconfessional hatred.","coded_batch_59.json",NA,"Новини","ssu.gov.ua","sbu_press_release","https://ssu.gov.ua/novyny/za-materialamy-sbu-pered-sudom-postanut-ahenty-fsb-yaki-pid-prykryttiam-upts-mp-provodyly-informdyversii-proty-ukrainy","unknown",NA
"09b074511740","СБУ проводить безпекові заходи у Києво-Печерській Лаврі... недопущення використання Лаври як осередку «русского міра»; перевірки даних про використання приміщень УПЦ для переховування диверсійно-розвідувальних груп.",TRUE,"material","state","UOC-MP","other",3,"[Duplicate of entry already coded in batch 54/55.] SBU announcement (22 Nov 2022) of counter-intelligence/security operations at the Kyiv-Pechersk Lavra, explicitly citing risk of the site being used as a 'russkiy mir' hub or hideout for Russian sabotage-reconnaissance groups -- among the earliest concrete security operations preceding the formal RNBO decision weeks later.","coded_batch_59.json",NA,"Новини","ssu.gov.ua","sbu_press_release","https://ssu.gov.ua/novyny/sbu-provodyt-bezpekovi-zakhody-u-kyievopecherskii-lavri","unknown",NA
"0e9d0effdc23","СБУ затримала церковну хористку УПЦ (МП), яка «наводила» ворожі ракети на позиції ЗСУ поблизу Запоріжжя.",TRUE,"material","state","UOC-MP","other",3,"[Duplicate of entry already coded in batch 54/55.] SBU announcement: detention of a UOC-MP church choir member near Zaporizhzhia for directing Russian missile strikes onto Ukrainian military positions.","coded_batch_59.json",NA,"Новини","ssu.gov.ua","sbu_press_release","https://ssu.gov.ua/novyny/sbu-zatrymala-tserkovnu-khorystku-upts-mp-yaka-navodyla-vorozhi-rakety-na-pozytsii-zsu-poblyzu-zaporizhzhia","unknown",NA
"10969b09b962","СБУ повідомила про підозру митрополиту і секретарю УПЦ (МП) з Житомирщини, які провокували релігійну ворожнечу.",TRUE,"material","state","UOC-MP","other",3,"[Duplicate of entry already coded in batch 54/55.] SBU announcement: a UOC-MP metropolitan and secretary in Zhytomyr Oblast notified of suspicion for allegedly provoking religious hostility.","coded_batch_59.json",NA,"Новини","ssu.gov.ua","sbu_press_release","https://ssu.gov.ua/novyny/sbu-povidomyla-pro-pidozru-mytropolytu-i-sekretariu-upts-mp-z-zhytomyrshchyny-yaki-provokuvaly-relihiinu-vorozhnechu","unknown",NA
"117efa86b2be","СБУ повідомила про підозру послушнику УПЦ (МП), який виправдовував російську агресію.",TRUE,"material","state","UOC-MP","other",3,"[Duplicate of entry already coded in batch 54/55.] SBU announcement: a UOC-MP novice notified of suspicion for publicly justifying Russian aggression.","coded_batch_59.json",NA,"Новини","ssu.gov.ua","sbu_press_release","https://ssu.gov.ua/novyny/sbu-povidomyla-pro-pidozru-poslushnyku-upts-mp-yakyi-vypravdovuvav-rosiisku-ahresiiu","unknown",NA
"11e5f70d9a12","СБУ затримала на Донеччині агентку фсб, яка працювала на рашистів через «зв'язкового» з УПЦ (МП).",TRUE,"material","state","UOC-MP","other",3,"[Duplicate of entry already coded in batch 54/55.] SBU announcement: detention of an FSB agent in Donetsk Oblast who operated through a UOC-MP-linked intermediary.","coded_batch_59.json",NA,"Новини","ssu.gov.ua","sbu_press_release","https://ssu.gov.ua/novyny/sbu-zatrymala-na-donechchyni-ahentku-fsb-yaka-pratsiuvala-na-rashystiv-cherez-zviazkovoho-z-upts-mp","unknown",NA
"1422fa02cf1b","СБУ виявила в єпархіях УПЦ (МП) російські паспорти, склади пропагандистської літератури та перепустки окупантів.",TRUE,"material","state","UOC-MP","other",3,"[Duplicate of entry already coded in batch 54/55.] SBU announcement: searches of UOC-MP diocesan premises uncovered Russian passports, stockpiles of propaganda literature, and occupation-authority passes -- material evidence supporting the broader securitisation narrative about UOC-MP institutional ties to Russian occupation infrastructure.","coded_batch_59.json",NA,"Новини","ssu.gov.ua","sbu_press_release","https://ssu.gov.ua/novyny/sbu-vyiavyla-v-yeparkhiiakh-upts-mp-rosiiski-pasporty-sklady-propahandystskoi-literatury-ta-perepustky-okupantiv","unknown",NA
"16a3423478ef","СБУ проводить безпекові заходи на об'єктах УПЦ (МП) у трьох областях України.",TRUE,"material","state","UOC-MP","other",3,"[Duplicate of entry already coded in batch 54/55.] SBU announcement of coordinated security operations at UOC-MP facilities across three oblasts, part of the systematic post-RNBO-decision security campaign.","coded_batch_59.json",NA,"Новини","ssu.gov.ua","sbu_press_release","https://ssu.gov.ua/novyny/sbu-provodyt-bezpekovi-zakhody-na-obiektakh-upts-mp-u-trokh-oblastiakh-ukrainy","unknown",NA
"175ee5b4a423","За матеріалами СБУ в Україні вперше винесли вирок митрополиту УПЦ (МП): він визнав, що винен у злочинах.",TRUE,"material","state","UOC-MP","other",3,"[Duplicate of entry already coded in batch 54/55.] SBU announcement of the first-ever criminal conviction of a UOC-MP metropolitan in Ukraine, who pleaded guilty -- a landmark prosecutorial milestone in the campaign.","coded_batch_59.json",NA,"Новини","ssu.gov.ua","sbu_press_release","https://ssu.gov.ua/novyny/za-materialamy-sbu-v-ukraini-vpershe-vynesly-vyrok-mytropolytu-upts-mp-vin-vyznav-shcho-vynen-u-zlochynakh","unknown",NA
"17fd72ceb863","СБУ повідомила про підозру одному із очільників УПЦ (МП), який закликав помолитися за рашистів у війні проти України.",TRUE,"material","state","UOC-MP","other",3,"[Duplicate of entry already coded in batch 54/55.] SBU announcement: a senior UOC-MP figure notified of suspicion for publicly calling on congregants to pray for Russian forces in the war against Ukraine.","coded_batch_59.json",NA,"Новини","ssu.gov.ua","sbu_press_release","https://ssu.gov.ua/novyny/sbu-povidomyla-pro-pidozru-odnomu-iz-ochilnykiv-upts-mp-yakyi-zaklykav-pomolytysia-za-rashystiv-u-viini-proty-ukrainy","unknown",NA
"1909812ab26e","За матеріалами СБУ підозру отримав настоятель храму УПЦ (МП) на Закарпатті.",TRUE,"material","state","UOC-MP","other",3,"[Duplicate of entry already coded in batch 54/55.] SBU announcement: a UOC-MP parish priest in Zakarpattia Oblast notified of suspicion (specific allegation not detailed in available excerpt).","coded_batch_59.json",NA,"Новини","ssu.gov.ua","sbu_press_release","https://ssu.gov.ua/novyny/za-materialamy-sbu-pidozru-otrymav-nastoiatel-khramu-upts-mp-na-zakarpatti","unknown",NA
"197f5a056576","СБУ затримала диякона УПЦ (МП) та психотерапевта, які на замовлення фсб шпигували за оборонцями Харкова.",TRUE,"material","state","UOC-MP","other",3,"[Duplicate of entry already coded in batch 54/55.] SBU announcement: detention of a UOC-MP deacon and a psychotherapist for espionage against Kharkiv's defenders on FSB orders.","coded_batch_59.json",NA,"Новини","ssu.gov.ua","sbu_press_release","https://ssu.gov.ua/novyny/sbu-zatrymala-dyiakona-upts-mp-ta-psykhoterapevta-yaki-na-zamovlennia-fsb-shpyhuvaly-za-oborontsiamy-kharkova","unknown",NA
"1a1e882232b1","СБУ викрила РПЦ на створенні «православних ПВК» для війни в Україні.",TRUE,"material","state","Russia","other",3,"[Duplicate of entry already coded in batch 54/55.] SBU announcement alleging ROC's involvement in organising 'Orthodox private military companies' to support Russia's war effort -- a distinct and serious allegation of direct ROC paramilitary involvement, threat actor coded Russia given the claim concerns ROC/Russia's own organisational structures rather than UOC-MP specifically.","coded_batch_59.json",NA,"Новини","ssu.gov.ua","sbu_press_release","https://ssu.gov.ua/novyny/sbu-vykryla-rpts-na-stvorenni-pravoslavnykh-pvk-dlia-viiny-v-ukraini","unknown",NA
"1cc4a374b6da","СБУ викрила на земельних оборудках настоятельку храму УПЦ (МП) на Черкащині.",TRUE,"material","state","UOC-MP","other",2,"[Duplicate of entry already coded in batch 54/55.] SBU announcement of a UOC-MP abbess in Cherkasy Oblast exposed in land-related fraud schemes -- concerns financial/administrative wrongdoing rather than treason/collaboration specifically, so coded with somewhat lower confidence relative to the espionage-related entries.","coded_batch_59.json",NA,"Новини","ssu.gov.ua","sbu_press_release","https://ssu.gov.ua/novyny/sbu-vykryla-na-zemelnykh-oborudkakh-nastoiatelku-khramu-upts-mp-na-cherkashchyni","unknown",NA
"1e3b94a75a29","СБУ повідомила про підозру клірику УПЦ (МП), який разом із Сальдо закликав до «приєднання» Херсонщини до рф.",TRUE,"material","state","UOC-MP","other",3,"[Duplicate of entry already coded in batch 54/55.] SBU announcement: a UOC-MP cleric notified of suspicion for jointly calling, alongside Russian-installed official Saldo, for Kherson Oblast's annexation to Russia.","coded_batch_59.json",NA,"Новини","ssu.gov.ua","sbu_press_release","https://ssu.gov.ua/novyny/sbu-povidomyla-pro-pidozru-kliryku-upts-mp-yakyi-razom-iz-saldo-zaklykav-do-pryiednannia-khersonshchyny-do-rf","unknown",NA
"256fbaf74197","СБУ повідомила про підозру ще 3-м проросійським агітаторам, серед яких блогер РПЦ та шкільна вчителька з Києва",TRUE,"material","state","UOC-MP","other",3,"[Duplicate of entry already coded in batch 54/55.] Official SBU announcement of a criminal investigation, prosecution, conviction, or security operation targeting a UOC-MP cleric or facility for treason, collaboration, espionage, propaganda, or related offences amid the full-scale war -- part of the extensive, ongoing wave of SBU actions implementing the securitisation campaign against UOC-MP documented throughout this corpus (see batch 54's pivotal RNBO decision, 72c6ae74b540). Specific allegation per headline: СБУ повідомила про підозру ще 3-м проросійським агітаторам, серед яких блогер РПЦ та шкільна вчителька з Києва","coded_batch_59.json",NA,"Новини","ssu.gov.ua","sbu_press_release","https://ssu.gov.ua/novyny/sbu-povidomyla-pro-pidozru-shche-3m-prorosiiskym-ahitatoram-sered-yakykh-bloher-rpts-ta-shkilna-vchytelka-z-kyieva","unknown",NA
"29e1b2defe0f","СБУ викрила ворожого поплічника в рясі, який працював на гауляйтера Харківщини",TRUE,"material","state","UOC-MP","other",3,"[Duplicate of entry already coded in batch 54/55.] Official SBU announcement of a criminal investigation, prosecution, conviction, or security operation targeting a UOC-MP cleric or facility for treason, collaboration, espionage, propaganda, or related offences amid the full-scale war -- part of the extensive, ongoing wave of SBU actions implementing the securitisation campaign against UOC-MP documented throughout this corpus (see batch 54's pivotal RNBO decision, 72c6ae74b540). Specific allegation per headline: СБУ викрила ворожого поплічника в рясі, який працював на гауляйтера Харківщини","coded_batch_59.json",NA,"Новини","ssu.gov.ua","sbu_press_release","https://ssu.gov.ua/novyny/sbu-vykryla-vorozhoho-poplichnyka-v-riasi-yakyi-pratsiuvav-na-hauliaitera-kharkivshchyny","unknown",NA
"29ff7ea3a669","СБУ виявила на території Харківської єпархії УПЦ (МП) сотні тисяч готівки, прокремлівську літературу та сухпайки окупантів",TRUE,"material","state","UOC-MP","other",3,"[Duplicate of entry already coded in batch 54/55.] Official SBU announcement of a criminal investigation, prosecution, conviction, or security operation targeting a UOC-MP cleric or facility for treason, collaboration, espionage, propaganda, or related offences amid the full-scale war -- part of the extensive, ongoing wave of SBU actions implementing the securitisation campaign against UOC-MP documented throughout this corpus (see batch 54's pivotal RNBO decision, 72c6ae74b540). Specific allegation per headline: СБУ виявила на території Харківської єпархії УПЦ (МП) сотні тисяч готівки, прокремлівську літературу та сухпайки окупантів","coded_batch_59.json",NA,"Новини","ssu.gov.ua","sbu_press_release","https://ssu.gov.ua/novyny/sbu-vyiavyla-na-terytorii-kharkivskoi-yeparkhii-upts-mp-sotni-tysiach-hotivky-prokremlivsku-literaturu-ta-sukhpaiky-okupantiv","unknown",NA
"2a288a56ed5e","СБУ викрила диякона УПЦ (МП), який агітував за «приєднання» Запоріжжя до рф",TRUE,"material","state","UOC-MP","other",3,"[Duplicate of entry already coded in batch 54/55.] Official SBU announcement of a criminal investigation, prosecution, conviction, or security operation targeting a UOC-MP cleric or facility for treason, collaboration, espionage, propaganda, or related offences amid the full-scale war -- part of the extensive, ongoing wave of SBU actions implementing the securitisation campaign against UOC-MP documented throughout this corpus (see batch 54's pivotal RNBO decision, 72c6ae74b540). Specific allegation per headline: СБУ викрила диякона УПЦ (МП), який агітував за «приєднання» Запоріжжя до рф","coded_batch_59.json",NA,"Новини","ssu.gov.ua","sbu_press_release","https://ssu.gov.ua/novyny/sbu-vykryla-dyiakona-upts-mp-yakyi-ahituvav-za-pryiednannia-zaporizhzhia-do-rf","unknown",NA
"2f907b0ee1cc","СБУ повідомила про підозру архімандриту УПЦ (МП) з Мелітополя, який закликав людей «голосувати» на псевдореферендумі",TRUE,"material","state","UOC-MP","other",3,"[Duplicate of entry already coded in batch 54/55.] Official SBU announcement of a criminal investigation, prosecution, conviction, or security operation targeting a UOC-MP cleric or facility for treason, collaboration, espionage, propaganda, or related offences amid the full-scale war -- part of the extensive, ongoing wave of SBU actions implementing the securitisation campaign against UOC-MP documented throughout this corpus (see batch 54's pivotal RNBO decision, 72c6ae74b540). Specific allegation per headline: СБУ повідомила про підозру архімандриту УПЦ (МП) з Мелітополя, який закликав людей «голосувати» на псевдореферендумі","coded_batch_59.json",NA,"Новини","ssu.gov.ua","sbu_press_release","https://ssu.gov.ua/novyny/sbu-povidomyla-pro-pidozru-arkhimandrytu-upts-mp-z-melitopolia-yakyi-zaklykav-liudei-holosuvaty-na-psevdoreferendumi","unknown",NA
"2fc6365161e5","СБУ знешкодила масштабну агентурну мережу фсб, яка «під прикриттям» УПЦ (МП) намагалася дестабілізувати ситуацію в Україні (відео)",TRUE,"material","state","UOC-MP","other",3,"[Duplicate of entry already coded in batch 54/55.] Official SBU announcement of a criminal investigation, prosecution, conviction, or security operation targeting a UOC-MP cleric or facility for treason, collaboration, espionage, propaganda, or related offences amid the full-scale war -- part of the extensive, ongoing wave of SBU actions implementing the securitisation campaign against UOC-MP documented throughout this corpus (see batch 54's pivotal RNBO decision, 72c6ae74b540). Specific allegation per headline: СБУ знешкодила масштабну агентурну мережу фсб, яка «під прикриттям» УПЦ (МП) намагалася дестабілізувати ситуацію в Україні (відео)","coded_batch_59.json",NA,"Новини","ssu.gov.ua","sbu_press_release","https://ssu.gov.ua/novyny/sbu-zneshkodyla-masshtabnu-ahenturnu-merezhu-fsb-yaka-pid-prykryttiam-upts-mp-namahalasia-destabilizuvaty-sytuatsiiu-v-ukraini-video","unknown",NA
"30773fd69f77","За матеріалами СБУ підозру отримав експослушник УПЦ (МП), який виправдовував тимчасову окупацію Донецька та Луганська",TRUE,"material","state","UOC-MP","other",3,"[Duplicate of entry already coded in batch 54/55.] Official SBU announcement of a criminal investigation, prosecution, conviction, or security operation targeting a UOC-MP cleric or facility for treason, collaboration, espionage, propaganda, or related offences amid the full-scale war -- part of the extensive, ongoing wave of SBU actions implementing the securitisation campaign against UOC-MP documented throughout this corpus (see batch 54's pivotal RNBO decision, 72c6ae74b540). Specific allegation per headline: За матеріалами СБУ підозру отримав експослушник УПЦ (МП), який виправдовував тимчасову окупацію Донецька та Луганська","coded_batch_59.json",NA,"Новини","ssu.gov.ua","sbu_press_release","https://ssu.gov.ua/novyny/za-materialamy-sbu-pidozru-otrymav-eksposlushnyk-upts-mp-yakyi-vypravdovuvav-tymchasovu-okupatsiiu-donetska-ta-luhanska","unknown",NA
"3387d9da8e50","СБУ виявила антиукраїнську літературу в мережі церковних лавок УПЦ (МП)",TRUE,"material","state","UOC-MP","other",3,"[Duplicate of entry already coded in batch 54/55.] Official SBU announcement of a criminal investigation, prosecution, conviction, or security operation targeting a UOC-MP cleric or facility for treason, collaboration, espionage, propaganda, or related offences amid the full-scale war -- part of the extensive, ongoing wave of SBU actions implementing the securitisation campaign against UOC-MP documented throughout this corpus (see batch 54's pivotal RNBO decision, 72c6ae74b540). Specific allegation per headline: СБУ виявила антиукраїнську літературу в мережі церковних лавок УПЦ (МП)","coded_batch_59.json",NA,"Новини","ssu.gov.ua","sbu_press_release","https://ssu.gov.ua/novyny/sbu-vyiavyla-antyukrainsku-literaturu-v-merezhi-tserkovnykh-lavok-upts-mp","unknown",NA
"3612136da855","СБУ виявила в єпархіях УПЦ (МП) російські паспорти, «перепустки федеральних радників рф» та прапор «новоросії»",TRUE,"material","state","UOC-MP","other",3,"[Duplicate of entry already coded in batch 54/55.] Official SBU announcement of a criminal investigation, prosecution, conviction, or security operation targeting a UOC-MP cleric or facility for treason, collaboration, espionage, propaganda, or related offences amid the full-scale war -- part of the extensive, ongoing wave of SBU actions implementing the securitisation campaign against UOC-MP documented throughout this corpus (see batch 54's pivotal RNBO decision, 72c6ae74b540). Specific allegation per headline: СБУ виявила в єпархіях УПЦ (МП) російські паспорти, «перепустки федеральних радників рф» та прапор «новоросії»","coded_batch_59.json",NA,"Новини","ssu.gov.ua","sbu_press_release","https://ssu.gov.ua/novyny/sbu-vyiavyla-v-yeparkhiiakh-upts-mp-rosiiski-pasporty-perepustky-federalnykh-radnykiv-rf-ta-prapor-novorosii","unknown",NA
"3a1bf8699977","СБУ та Нацполіція викрили настоятеля храму УПЦ (МП), який «приватизував» церкву на Київщині",TRUE,"material","state","UOC-MP","other",3,"[Duplicate of entry already coded in batch 54/55.] Official SBU announcement of a criminal investigation, prosecution, conviction, or security operation targeting a UOC-MP cleric or facility for treason, collaboration, espionage, propaganda, or related offences amid the full-scale war -- part of the extensive, ongoing wave of SBU actions implementing the securitisation campaign against UOC-MP documented throughout this corpus (see batch 54's pivotal RNBO decision, 72c6ae74b540). Specific allegation per headline: СБУ та Нацполіція викрили настоятеля храму УПЦ (МП), який «приватизував» церкву на Київщині","coded_batch_59.json",NA,"Новини","ssu.gov.ua","sbu_press_release","https://ssu.gov.ua/novyny/sbu-ta-natspolitsiia-vykryly-nastoiatelia-khramu-upts-mp-yakyi-pryvatyzuvav-tserkvu-na-kyivshchyni","unknown",NA
"3b6e2065753a","СБУ викрила у Запоріжжі агентурну мережу воєнної розвідки рф, яку координував священник УПЦ (МП)",TRUE,"material","state","UOC-MP","other",3,"[Duplicate of entry already coded in batch 54/55.] Official SBU announcement of a criminal investigation, prosecution, conviction, or security operation targeting a UOC-MP cleric or facility for treason, collaboration, espionage, propaganda, or related offences amid the full-scale war -- part of the extensive, ongoing wave of SBU actions implementing the securitisation campaign against UOC-MP documented throughout this corpus (see batch 54's pivotal RNBO decision, 72c6ae74b540). Specific allegation per headline: СБУ викрила у Запоріжжі агентурну мережу воєнної розвідки рф, яку координував священник УПЦ (МП)","coded_batch_59.json",NA,"Новини","ssu.gov.ua","sbu_press_release","https://ssu.gov.ua/novyny/sbu-vykryla-u-zaporizhzhi-ahenturnu-merezhu-voiennoi-rozvidky-rf-yaku-koordynuvav-sviashchennyk-upts-mp","unknown",NA
"3d61eb675d70","СБУ повідомила про підозру митрополиту-втікачу УПЦ (МП) на Сумщині, який благословляв російських окупантів",TRUE,"material","state","UOC-MP","other",3,"[Duplicate of entry already coded in batch 54/55.] Official SBU announcement of a criminal investigation, prosecution, conviction, or security operation targeting a UOC-MP cleric or facility for treason, collaboration, espionage, propaganda, or related offences amid the full-scale war -- part of the extensive, ongoing wave of SBU actions implementing the securitisation campaign against UOC-MP documented throughout this corpus (see batch 54's pivotal RNBO decision, 72c6ae74b540). Specific allegation per headline: СБУ повідомила про підозру митрополиту-втікачу УПЦ (МП) на Сумщині, який благословляв російських окупантів","coded_batch_59.json",NA,"Новини","ssu.gov.ua","sbu_press_release","https://ssu.gov.ua/novyny/sbu-povidomyla-pro-pidozru-mytropolytuvtikachu-upts-mp-na-sumshchyni-yakyi-blahoslovliav-rosiiskykh-okupantiv","unknown",NA
"3eb385a41ec3","СБУ виявила в єпархіях УПЦ (МП) агітаційні листівки об’єднання Медведчука, російські «триколори» та колишні склади окупантів",TRUE,"material","state","UOC-MP","other",3,"[Duplicate of entry already coded in batch 54/55.] Official SBU announcement of a criminal investigation, prosecution, conviction, or security operation targeting a UOC-MP cleric or facility for treason, collaboration, espionage, propaganda, or related offences amid the full-scale war -- part of the extensive, ongoing wave of SBU actions implementing the securitisation campaign against UOC-MP documented throughout this corpus (see batch 54's pivotal RNBO decision, 72c6ae74b540). Specific allegation per headline: СБУ виявила в єпархіях УПЦ (МП) агітаційні листівки об’єднання Медведчука, російські «триколори» та колишні склади окупантів","coded_batch_59.json",NA,"Новини","ssu.gov.ua","sbu_press_release","https://ssu.gov.ua/novyny/sbu-vyiavyla-v-yeparkhiiakh-upts-mp-ahitatsiini-lystivky-obiednannia-medvedchuka-rosiiski-trykolory-ta-kolyshni-sklady-okupantiv","unknown",NA
"41b626bcdfac","За матеріалами СБУ тюремний строк отримав настоятель храму УПЦ (МП), який вихваляв терористів Захарченка, Гіві та Моторолу",TRUE,"material","state","UOC-MP","other",3,"[Duplicate of entry already coded in batch 54/55.] Official SBU announcement of a criminal investigation, prosecution, conviction, or security operation targeting a UOC-MP cleric or facility for treason, collaboration, espionage, propaganda, or related offences amid the full-scale war -- part of the extensive, ongoing wave of SBU actions implementing the securitisation campaign against UOC-MP documented throughout this corpus (see batch 54's pivotal RNBO decision, 72c6ae74b540). Specific allegation per headline: За матеріалами СБУ тюремний строк отримав настоятель храму УПЦ (МП), який вихваляв терористів Захарченка, Гіві та Моторолу","coded_batch_59.json",NA,"Новини","ssu.gov.ua","sbu_press_release","https://ssu.gov.ua/novyny/za-materialamy-sbu-tiuremnyi-strok-otrymav-nastoiatel-khramu-upts-mp-yakyi-vykhvaliav-terorystiv-zakharchenka-hivi-ta-motorolu","unknown",NA
"462dacabaed1","СБУ повідомила про підозру клірику УПЦ (МП) на Черкащині, який героїзував рашистів",TRUE,"material","state","UOC-MP","other",3,"[Duplicate of entry already coded in batch 54/55.] Official SBU announcement of a criminal investigation, prosecution, conviction, or security operation targeting a UOC-MP cleric or facility for treason, collaboration, espionage, propaganda, or related offences amid the full-scale war -- part of the extensive, ongoing wave of SBU actions implementing the securitisation campaign against UOC-MP documented throughout this corpus (see batch 54's pivotal RNBO decision, 72c6ae74b540). Specific allegation per headline: СБУ повідомила про підозру клірику УПЦ (МП) на Черкащині, який героїзував рашистів","coded_batch_59.json",NA,"Новини","ssu.gov.ua","sbu_press_release","https://ssu.gov.ua/novyny/sbu-povidomyla-pro-pidozru-kliryku-upts-mp-na-cherkashchyni-yakyi-heroizuvav-rashystiv","unknown",NA
"47075247449e","За матеріалами СБУ перед судом постане митрополит однієї із Вінницьких єпархій УПЦ (МП)",TRUE,"material","state","UOC-MP","other",3,"[Duplicate of entry already coded in batch 54/55.] Official SBU announcement of a criminal investigation, prosecution, conviction, or security operation targeting a UOC-MP cleric or facility for treason, collaboration, espionage, propaganda, or related offences amid the full-scale war -- part of the extensive, ongoing wave of SBU actions implementing the securitisation campaign against UOC-MP documented throughout this corpus (see batch 54's pivotal RNBO decision, 72c6ae74b540). Specific allegation per headline: За матеріалами СБУ перед судом постане митрополит однієї із Вінницьких єпархій УПЦ (МП)","coded_batch_59.json",NA,"Новини","ssu.gov.ua","sbu_press_release","https://ssu.gov.ua/novyny/za-materialamy-sbu-pered-sudom-postane-mytropolyt-vinnytskoi-yeparkhii-upts-mp","unknown",NA
"482e680ce03f","СБУ викрила колишнього настоятеля храму УПЦ (МП), який благословляв російських військових під час окупації Харківщини",TRUE,"material","state","UOC-MP","other",3,"[Duplicate of entry already coded in batch 54/55.] Official SBU announcement of a criminal investigation, prosecution, conviction, or security operation targeting a UOC-MP cleric or facility for treason, collaboration, espionage, propaganda, or related offences amid the full-scale war -- part of the extensive, ongoing wave of SBU actions implementing the securitisation campaign against UOC-MP documented throughout this corpus (see batch 54's pivotal RNBO decision, 72c6ae74b540). Specific allegation per headline: СБУ викрила колишнього настоятеля храму УПЦ (МП), який благословляв російських військових під час окупації Харківщини","coded_batch_59.json",NA,"Новини","ssu.gov.ua","sbu_press_release","https://ssu.gov.ua/novyny/sbu-vykryla-kolyshnoho-nastoiatelia-khramu-upts-mp-yakyi-blahoslovliav-rosiiskykh-viiskovykh-pid-chas-okupatsii-kharkivshchyny","unknown",NA
"48c01e4624bd","СБУ повідомила про підозру митрополиту УПЦ (МП) на Донеччині, який поширював фейки про оборонців України",TRUE,"material","state","UOC-MP","other",3,"[Duplicate of entry already coded in batch 54/55.] Official SBU announcement of a criminal investigation, prosecution, conviction, or security operation targeting a UOC-MP cleric or facility for treason, collaboration, espionage, propaganda, or related offences amid the full-scale war -- part of the extensive, ongoing wave of SBU actions implementing the securitisation campaign against UOC-MP documented throughout this corpus (see batch 54's pivotal RNBO decision, 72c6ae74b540). Specific allegation per headline: СБУ повідомила про підозру митрополиту УПЦ (МП) на Донеччині, який поширював фейки про оборонців України","coded_batch_59.json",NA,"Новини","ssu.gov.ua","sbu_press_release","https://ssu.gov.ua/novyny/sbu-povidomyla-pro-pidozru-mytropolytu-upts-mp-na-donechchyni-yakyi-poshyriuvav-feiky-pro-oborontsiv-ukrainy","unknown",NA
"49fc458ef846","СБУ знайшла в об’єктах УПЦ (МП) на Тернопільщині та Прикарпатті пропагандистські матеріали, що заперечують існування України",TRUE,"material","state","UOC-MP","other",3,"[Duplicate of entry already coded in batch 54/55.] Official SBU announcement of a criminal investigation, prosecution, conviction, or security operation targeting a UOC-MP cleric or facility for treason, collaboration, espionage, propaganda, or related offences amid the full-scale war -- part of the extensive, ongoing wave of SBU actions implementing the securitisation campaign against UOC-MP documented throughout this corpus (see batch 54's pivotal RNBO decision, 72c6ae74b540). Specific allegation per headline: СБУ знайшла в об’єктах УПЦ (МП) на Тернопільщині та Прикарпатті пропагандистські матеріали, що заперечують існування України","coded_batch_59.json",NA,"Новини","ssu.gov.ua","sbu_press_release","https://ssu.gov.ua/novyny/sbu-znaishla-v-obiektakh-upts-mp-na-ternopilshchyni-ta-prykarpatti-propahandystski-materialy-shcho-zaperechuiut-isnuvannia-ukrainy","unknown",NA
"4e11317d9706","СБУ затримала у Херсоні священника УПЦ (МП), який торгував російською зброєю та боєприпасами (відео)",TRUE,"material","state","UOC-MP","other",3,"[Duplicate of entry already coded in batch 54/55.] Official SBU announcement of a criminal investigation, prosecution, conviction, or security operation targeting a UOC-MP cleric or facility for treason, collaboration, espionage, propaganda, or related offences amid the full-scale war -- part of the extensive, ongoing wave of SBU actions implementing the securitisation campaign against UOC-MP documented throughout this corpus (see batch 54's pivotal RNBO decision, 72c6ae74b540). Specific allegation per headline: СБУ затримала у Херсоні священника УПЦ (МП), який торгував російською зброєю та боєприпасами (відео)","coded_batch_59.json",NA,"Новини","ssu.gov.ua","sbu_press_release","https://ssu.gov.ua/novyny/sbu-zatrymala-u-khersoni-sviashchennyka-upts-mp-yakyi-torhuvav-rosiiskoiu-zbroieiu-ta-boieprypasamy-video","unknown",NA
"4f0e0ac49bbf","СБУ викрила на Хмельниччині настоятеля храму УПЦ (МП), який вихваляв путіна перед вірянами",TRUE,"material","state","UOC-MP","other",3,"[Duplicate of entry already coded in batch 54/55.] Official SBU announcement of a criminal investigation, prosecution, conviction, or security operation targeting a UOC-MP cleric or facility for treason, collaboration, espionage, propaganda, or related offences amid the full-scale war -- part of the extensive, ongoing wave of SBU actions implementing the securitisation campaign against UOC-MP documented throughout this corpus (see batch 54's pivotal RNBO decision, 72c6ae74b540). Specific allegation per headline: СБУ викрила на Хмельниччині настоятеля храму УПЦ (МП), який вихваляв путіна перед вірянами","coded_batch_59.json",NA,"Новини","ssu.gov.ua","sbu_press_release","https://ssu.gov.ua/novyny/sbu-vykryla-na-khmelnychchyni-nastoiatelia-khramu-upts-mp-yakyi-vykhvaliav-putina-pered-virianamy","unknown",NA
"50b3543f82ca","За матеріалами СБУ тюремний строк отримав клірик УПЦ (МП) на Дніпропетровщині, який закликав вірян допомагати рашистам",TRUE,"material","state","UOC-MP","other",3,"[Duplicate of entry already coded in batch 54/55.] Official SBU announcement of a criminal investigation, prosecution, conviction, or security operation targeting a UOC-MP cleric or facility for treason, collaboration, espionage, propaganda, or related offences amid the full-scale war -- part of the extensive, ongoing wave of SBU actions implementing the securitisation campaign against UOC-MP documented throughout this corpus (see batch 54's pivotal RNBO decision, 72c6ae74b540). Specific allegation per headline: За матеріалами СБУ тюремний строк отримав клірик УПЦ (МП) на Дніпропетровщині, який закликав вірян допомагати рашистам","coded_batch_59.json",NA,"Новини","ssu.gov.ua","sbu_press_release","https://ssu.gov.ua/novyny/za-materialamy-sbu-tiuremnyi-strok-otrymav-kliryk-upts-mp-na-dnipropetrovshchyni-yakyi-zaklykav-virian-dopomahaty-rashystam","unknown",NA
"523f6466eaca","СБУ повідомила про підозру клірику київського монастиря УПЦ (МП), який виправдовував війну рф проти України",TRUE,"material","state","UOC-MP","other",3,"[Duplicate of entry already coded in batch 54/55.] Official SBU announcement of a criminal investigation, prosecution, conviction, or security operation targeting a UOC-MP cleric or facility for treason, collaboration, espionage, propaganda, or related offences amid the full-scale war -- part of the extensive, ongoing wave of SBU actions implementing the securitisation campaign against UOC-MP documented throughout this corpus (see batch 54's pivotal RNBO decision, 72c6ae74b540). Specific allegation per headline: СБУ повідомила про підозру клірику київського монастиря УПЦ (МП), який виправдовував війну рф проти України","coded_batch_59.json",NA,"Новини","ssu.gov.ua","sbu_press_release","https://ssu.gov.ua/novyny/sbu-povidomyla-pro-pidozru-kliryku-kyivskoho-monastyria-upts-mp-yakyi-vypravdovuvav-viinu-rf-proty-ukrainy","unknown",NA
"5641e23f5983","СБУ затримала священника УПЦ (МП), який був агентом російського гру і готував удар по ешелонах ЗСУ на Харківщині (відео)",TRUE,"material","state","UOC-MP","other",3,"[Duplicate of entry already coded in batch 54/55.] Official SBU announcement of a criminal investigation, prosecution, conviction, or security operation targeting a UOC-MP cleric or facility for treason, collaboration, espionage, propaganda, or related offences amid the full-scale war -- part of the extensive, ongoing wave of SBU actions implementing the securitisation campaign against UOC-MP documented throughout this corpus (see batch 54's pivotal RNBO decision, 72c6ae74b540). Specific allegation per headline: СБУ затримала священника УПЦ (МП), який був агентом російського гру і готував удар по ешелонах ЗСУ на Харківщині (відео)","coded_batch_59.json",NA,"Новини","ssu.gov.ua","sbu_press_release","https://ssu.gov.ua/novyny/sbu-zatrymala-sviashchennyka-upts-mp-yakyi-buv-ahentom-rosiiskoho-hru-i-hotuvav-udar-po-eshelonakh-zsu-na-kharkivshchyni-video","unknown",NA
"58bf7be14b1c","СБУ перевірила приміщення УПЦ (МП) на Буковині: знайшли методички з москви, російське громадянство та посвідчення окупантів",TRUE,"material","state","UOC-MP","other",3,"[Duplicate of entry already coded in batch 54/55.] Official SBU announcement of a criminal investigation, prosecution, conviction, or security operation targeting a UOC-MP cleric or facility for treason, collaboration, espionage, propaganda, or related offences amid the full-scale war -- part of the extensive, ongoing wave of SBU actions implementing the securitisation campaign against UOC-MP documented throughout this corpus (see batch 54's pivotal RNBO decision, 72c6ae74b540). Specific allegation per headline: СБУ перевірила приміщення УПЦ (МП) на Буковині: знайшли методички з москви, російське громадянство та посвідчення окупантів","coded_batch_59.json",NA,"Новини","ssu.gov.ua","sbu_press_release","https://ssu.gov.ua/novyny/sbu-pereviryla-prymishchennia-upts-mp-na-bukovyni-znaishly-metodychky-z-moskvy-rosiiske-hromadianstvo-ta-posvidchennia-okupantiv","unknown",NA
"5a7aceccf26b","З початку повномасштабного вторгнення за матеріалами СБУ розпочато понад 200 кримінальних проваджень щодо кліриків УПЦ (МП)",TRUE,"material","state","UOC-MP","other",3,"[Duplicate of entry already coded in batch 54/55.] Official SBU summary statistic on the scale of criminal proceedings against UOC-MP clergy since the full-scale invasion (over 200 proceedings / over 60 clerics respectively) -- direct quantitative evidence of the scale of the state's ongoing prosecutorial campaign against UOC-MP-linked individuals.","coded_batch_59.json",NA,"Новини","ssu.gov.ua","sbu_press_release","https://ssu.gov.ua/novyny/z-pochatku-povnomasshtabnoho-vtorhnennia-za-materialamy-sbu-rozpochato-ponad-200-kryminalnykh-provadzhen-shchodo-klirykiv-upts-mp","unknown",NA
"5fafa045bc74","За матеріалами СБУ 5 років тюрми отримав настоятель храму УПЦ (МП), який вихваляв путіна та очікував на захоплення Вінниччини",TRUE,"material","state","UOC-MP","other",3,"[Duplicate of entry already coded in batch 54/55.] Official SBU announcement of a criminal investigation, prosecution, conviction, or security operation targeting a UOC-MP cleric or facility for treason, collaboration, espionage, propaganda, or related offences amid the full-scale war -- part of the extensive, ongoing wave of SBU actions implementing the securitisation campaign against UOC-MP documented throughout this corpus (see batch 54's pivotal RNBO decision, 72c6ae74b540). Specific allegation per headline: За матеріалами СБУ 5 років тюрми отримав настоятель храму УПЦ (МП), який вихваляв путіна та очікував на захоплення Вінниччини","coded_batch_59.json",NA,"Новини","ssu.gov.ua","sbu_press_release","https://ssu.gov.ua/novyny/za-materialamy-sbu-5-rokiv-tiurmy-otrymav-nastoiatel-khramu-upts-mp-yakyi-vykhvaliav-putina-ta-ochikuvav-na-zakhoplennia-vinnychchyny","unknown",NA
"601e6ec85fc8","СБУ повідомила про підозру клірику УПЦ (МП) із Харківщини, який прославляв рашистів на Телеграм-каналі партії «єдина росія»",TRUE,"material","state","UOC-MP","other",3,"[Duplicate of entry already coded in batch 54/55.] Official SBU announcement of a criminal investigation, prosecution, conviction, or security operation targeting a UOC-MP cleric or facility for treason, collaboration, espionage, propaganda, or related offences amid the full-scale war -- part of the extensive, ongoing wave of SBU actions implementing the securitisation campaign against UOC-MP documented throughout this corpus (see batch 54's pivotal RNBO decision, 72c6ae74b540). Specific allegation per headline: СБУ повідомила про підозру клірику УПЦ (МП) із Харківщини, який прославляв рашистів на Телеграм-каналі партії «єдина росія»","coded_batch_59.json",NA,"Новини","ssu.gov.ua","sbu_press_release","https://ssu.gov.ua/novyny/sbu-povidomyla-pro-pidozru-kliryku-upts-mp-iz-kharkivshchyny-yakyi-proslavliav-rashystiv-na-telehramkanali-partii-iedyna-rosiia","unknown",NA
"60e715b8f97e","СБУ викрила двох настоятелів храмів УПЦ (МП), які вихваляли путіна та поширювали антисемітські заклики",TRUE,"material","state","UOC-MP","other",3,"[Duplicate of entry already coded in batch 54/55.] Official SBU announcement of a criminal investigation, prosecution, conviction, or security operation targeting a UOC-MP cleric or facility for treason, collaboration, espionage, propaganda, or related offences amid the full-scale war -- part of the extensive, ongoing wave of SBU actions implementing the securitisation campaign against UOC-MP documented throughout this corpus (see batch 54's pivotal RNBO decision, 72c6ae74b540). Specific allegation per headline: СБУ викрила двох настоятелів храмів УПЦ (МП), які вихваляли путіна та поширювали антисемітські заклики","coded_batch_59.json",NA,"Новини","ssu.gov.ua","sbu_press_release","https://ssu.gov.ua/novyny/sbu-vykryla-dvokh-nastoiateliv-khramiv-upts-mp-yaki-vykhvalialy-putina-ta-poshyriuvaly-antysemitski-zaklyky","unknown",NA
"637f50728880","СБУ заочно повідомила про підозру головному військовому «капелану» рф, який благословив рашистів на війну проти України",TRUE,"material","state","UOC-MP","other",3,"[Duplicate of entry already coded in batch 54/55.] Official SBU announcement of a criminal investigation, prosecution, conviction, or security operation targeting a UOC-MP cleric or facility for treason, collaboration, espionage, propaganda, or related offences amid the full-scale war -- part of the extensive, ongoing wave of SBU actions implementing the securitisation campaign against UOC-MP documented throughout this corpus (see batch 54's pivotal RNBO decision, 72c6ae74b540). Specific allegation per headline: СБУ заочно повідомила про підозру головному військовому «капелану» рф, який благословив рашистів на війну проти України","coded_batch_59.json",NA,"Новини","ssu.gov.ua","sbu_press_release","https://ssu.gov.ua/novyny/sbu-zaochno-povidomyla-pro-pidozru-holovnomu-viiskovomu-kapelanu-rf-yakyi-blahoslovyv-rashystiv-na-viinu-proty-ukrainy","unknown",NA
"64b6c3d53ecf","СБУ викрила митрополита УПЦ (МП) Павла на нових фактах підривної діяльності проти України (відео)",TRUE,"material","state","UOC-MP","other",3,"[Duplicate of entry already coded in batch 54/55.] Official SBU announcement of a criminal investigation, prosecution, conviction, or security operation targeting a UOC-MP cleric or facility for treason, collaboration, espionage, propaganda, or related offences amid the full-scale war -- part of the extensive, ongoing wave of SBU actions implementing the securitisation campaign against UOC-MP documented throughout this corpus (see batch 54's pivotal RNBO decision, 72c6ae74b540). Specific allegation per headline: СБУ викрила митрополита УПЦ (МП) Павла на нових фактах підривної діяльності проти України (відео)","coded_batch_59.json",NA,"Новини","ssu.gov.ua","sbu_press_release","https://ssu.gov.ua/novyny/sbu-vykryla-mytropolyta-upts-mp-pavla-na-novykh-faktakh-pidryvnoi-diialnosti-proty-ukrainy-video","unknown",NA
"64e3d771d07d","За матеріалами СБУ 11 років тюрми заочно отримав митрополит УПЦ (МП), який благословив війну рф проти України",TRUE,"material","state","UOC-MP","other",3,"[Duplicate of entry already coded in batch 54/55.] Official SBU announcement of a criminal investigation, prosecution, conviction, or security operation targeting a UOC-MP cleric or facility for treason, collaboration, espionage, propaganda, or related offences amid the full-scale war -- part of the extensive, ongoing wave of SBU actions implementing the securitisation campaign against UOC-MP documented throughout this corpus (see batch 54's pivotal RNBO decision, 72c6ae74b540). Specific allegation per headline: За матеріалами СБУ 11 років тюрми заочно отримав митрополит УПЦ (МП), який благословив війну рф проти України","coded_batch_59.json",NA,"Новини","ssu.gov.ua","sbu_press_release","https://ssu.gov.ua/novyny/za-materialamy-sbu-11-rokiv-tiurmy-zaochno-otrymav-mytropolyt-upts-mp-yakyi-blahoslovyv-viinu-rf-proty-ukrainy","unknown",NA
"6648a9e45216","СБУ викрила в Одесі кліриків УПЦ (МП), які вихваляли рашизм і виправдовували воєнні злочини рф",TRUE,"material","state","UOC-MP","other",3,"[Duplicate of entry already coded in batch 55/56.] Official SBU announcement of a criminal investigation, prosecution, conviction, or security operation targeting a UOC-MP cleric or facility for treason, collaboration, espionage, propaganda, or related offences amid the full-scale war -- part of the extensive, ongoing wave of SBU actions implementing the securitisation campaign against UOC-MP documented throughout this corpus (see batch 54's pivotal RNBO decision, 72c6ae74b540). Specific allegation per headline: СБУ викрила в Одесі кліриків УПЦ (МП), які вихваляли рашизм і виправдовували воєнні злочини рф","coded_batch_60.json",NA,"Новини","ssu.gov.ua","sbu_press_release","https://ssu.gov.ua/novyny/sbu-vykryla-v-odesi-klirykiv-upts-mp-yaki-vykhvalialy-rashyzm-i-vypravdovuvaly-voienni-zlochyny-rf","unknown",NA
"6670af37ec12","СБУ повідомила про підозру клірику УПЦ (МП), який організовував провокації у Києво-Печерській лаврі",TRUE,"material","state","UOC-MP","other",3,"[Duplicate of entry already coded in batch 55/56.] Official SBU announcement of a criminal investigation, prosecution, conviction, or security operation targeting a UOC-MP cleric or facility for treason, collaboration, espionage, propaganda, or related offences amid the full-scale war -- part of the extensive, ongoing wave of SBU actions implementing the securitisation campaign against UOC-MP documented throughout this corpus (see batch 54's pivotal RNBO decision, 72c6ae74b540). Specific allegation per headline: СБУ повідомила про підозру клірику УПЦ (МП), який організовував провокації у Києво-Печерській лаврі","coded_batch_60.json",NA,"Новини","ssu.gov.ua","sbu_press_release","https://ssu.gov.ua/novyny/sbu-povidomyla-pro-pidozru-kliryku-upts-mp-yakyi-orhanizovuvav-provokatsii-u-kyievopecherskii-lavri","unknown",NA
"686619460f66","СБУ повідомила про підозру митрополиту Святогірської лаври, який «підказав» рашистам позиції ЗСУ на Донеччині",TRUE,"material","state","UOC-MP","other",3,"[Duplicate of entry already coded in batch 55/56.] Official SBU announcement of a criminal investigation, prosecution, conviction, or security operation targeting a UOC-MP cleric or facility for treason, collaboration, espionage, propaganda, or related offences amid the full-scale war -- part of the extensive, ongoing wave of SBU actions implementing the securitisation campaign against UOC-MP documented throughout this corpus (see batch 54's pivotal RNBO decision, 72c6ae74b540). Specific allegation per headline: СБУ повідомила про підозру митрополиту Святогірської лаври, який «підказав» рашистам позиції ЗСУ на Донеччині","coded_batch_60.json",NA,"Новини","ssu.gov.ua","sbu_press_release","https://ssu.gov.ua/novyny/sbu-povidomyla-pro-pidozru-mytropolytu-sviatohirskoi-lavry-yakyi-pidkazav-rashystam-pozytsii-zsu-na-donechchyni","unknown",NA
"6dea661bc9dc","СБУ затримала клірика УПЦ (МП), який був інформатором рф і шпигував за оборонцями Харкова",TRUE,"material","state","UOC-MP","other",3,"[Duplicate of entry already coded in batch 55/56.] Official SBU announcement of a criminal investigation, prosecution, conviction, or security operation targeting a UOC-MP cleric or facility for treason, collaboration, espionage, propaganda, or related offences amid the full-scale war -- part of the extensive, ongoing wave of SBU actions implementing the securitisation campaign against UOC-MP documented throughout this corpus (see batch 54's pivotal RNBO decision, 72c6ae74b540). Specific allegation per headline: СБУ затримала клірика УПЦ (МП), який був інформатором рф і шпигував за оборонцями Харкова","coded_batch_60.json",NA,"Новини","ssu.gov.ua","sbu_press_release","https://ssu.gov.ua/novyny/sbu-zatrymala-kliryka-upts-mp-yakyi-buv-informatorom-rf-i-shpyhuvav-za-oborontsiamy-kharkova","unknown",NA
"736c94ff41fd","СБУ викрила митрополита однієї з єпархій УПЦ МП на роботі в інтересах рф",TRUE,"material","state","UOC-MP","other",3,"[Duplicate of entry already coded in batch 55/56.] Official SBU announcement of a criminal investigation, prosecution, conviction, or security operation targeting a UOC-MP cleric or facility for treason, collaboration, espionage, propaganda, or related offences amid the full-scale war -- part of the extensive, ongoing wave of SBU actions implementing the securitisation campaign against UOC-MP documented throughout this corpus (see batch 54's pivotal RNBO decision, 72c6ae74b540). Specific allegation per headline: СБУ викрила митрополита однієї з єпархій УПЦ МП на роботі в інтересах рф","coded_batch_60.json",NA,"Новини","ssu.gov.ua","sbu_press_release","https://ssu.gov.ua/novyny/sbu-vykryla-mytropolyta-odniiei-z-yeparkhii-upts-mp-na-roboti-v-interesakh-rf","unknown",NA
"77f08479a03a","За матеріалами СБУ 15 років тюрми отримав клірик УПЦ (МП), який коригував обстріли Донеччини",TRUE,"material","state","UOC-MP","other",3,"[Duplicate of entry already coded in batch 55/56.] Official SBU announcement of a criminal investigation, prosecution, conviction, or security operation targeting a UOC-MP cleric or facility for treason, collaboration, espionage, propaganda, or related offences amid the full-scale war -- part of the extensive, ongoing wave of SBU actions implementing the securitisation campaign against UOC-MP documented throughout this corpus (see batch 54's pivotal RNBO decision, 72c6ae74b540). Specific allegation per headline: За матеріалами СБУ 15 років тюрми отримав клірик УПЦ (МП), який коригував обстріли Донеччини","coded_batch_60.json",NA,"Новини","ssu.gov.ua","sbu_press_release","https://ssu.gov.ua/novyny/za-materialamy-sbu-15-rokiv-tiurmy-otrymav-kliryk-upts-mp-yakyi-koryhuvav-obstrily-donechchyny","unknown",NA
"7d1573b75f4f","З початку повномасштабної війни СБУ викрила понад 60 кліриків УПЦ (МП), які працювали на рф, продавали зброю і дитячу порнографію",TRUE,"material","state","UOC-MP","other",3,"[Duplicate of entry already coded in batch 55/56.] Official SBU summary statistic on the scale of criminal proceedings against UOC-MP clergy since the full-scale invasion (over 200 proceedings / over 60 clerics respectively) -- direct quantitative evidence of the scale of the state's ongoing prosecutorial campaign against UOC-MP-linked individuals.","coded_batch_60.json",NA,"Новини","ssu.gov.ua","sbu_press_release","https://ssu.gov.ua/novyny/z-pochatku-povnomasshtabnoi-viiny-sbu-vykryla-ponad-60-klirykiv-upts-mp-yaki-pratsiuvaly-na-rf-prodavaly-zbroiu-i-dytiachu-pornohrafiiu","unknown",NA
"7dbfca093b5c","СБУ опублікувала перелік осіб, які потрапили у «церковний список» санкцій РНБО",TRUE,"both","state","UOC-MP","sanction",3,"[Duplicate of entry already coded in batch 55/56.] SBU publishes the official list of individuals subject to the RNBO's 'church sanctions' package (ordered in the pivotal December 2022 RNBO decision, batch 54 doc 72c6ae74b540) -- the direct, concrete implementation of personal sanctions specifically targeting religious figures connected to UOC-MP/ROC.","coded_batch_60.json",NA,"Новини","ssu.gov.ua","sbu_press_release","https://ssu.gov.ua/novyny/sbu-opublikuvala-perelik-osib-yaki-potrapyly-u-tserkovnyi-spysok-sanktsii-rnbo","unknown",NA
"7f91c2a08d22","За матеріалами СБУ повідомлено про нову підозру митрополиту Черкаської єпархії УПЦ (МП), який під час домашнього арешту розпалював релігійну ворожнечу",TRUE,"material","state","UOC-MP","other",3,"[Duplicate of entry already coded in batch 55/56.] Official SBU announcement of a criminal investigation, prosecution, conviction, or security operation targeting a UOC-MP cleric or facility for treason, collaboration, espionage, propaganda, or related offences amid the full-scale war -- part of the extensive, ongoing wave of SBU actions implementing the securitisation campaign against UOC-MP documented throughout this corpus (see batch 54's pivotal RNBO decision, 72c6ae74b540). Specific allegation per headline: За матеріалами СБУ повідомлено про нову підозру митрополиту Черкаської єпархії УПЦ (МП), який під час домашнього арешту розпалював релігійну ворожнечу","coded_batch_60.json",NA,"Новини","ssu.gov.ua","sbu_press_release","https://ssu.gov.ua/novyny/za-materialamy-sbu-povidomleno-pro-novu-pidozru-mytropolytu-cherkaskoi-yeparkhii-upts-mp-yakyi-pid-chas-domashnoho-areshtu-rozpaliuvav-relihiinu-vorozhnechu","unknown",NA
"8506ca476ef0","СБУ повідомила про підозру настоятелю храму УПЦ (МП) на Вінниччині, який вихваляв терористів Захарченка, Гіві та Моторолу",TRUE,"material","state","UOC-MP","other",3,"[Duplicate of entry already coded in batch 55/56.] Official SBU announcement of a criminal investigation, prosecution, conviction, or security operation targeting a UOC-MP cleric or facility for treason, collaboration, espionage, propaganda, or related offences amid the full-scale war -- part of the extensive, ongoing wave of SBU actions implementing the securitisation campaign against UOC-MP documented throughout this corpus (see batch 54's pivotal RNBO decision, 72c6ae74b540). Specific allegation per headline: СБУ повідомила про підозру настоятелю храму УПЦ (МП) на Вінниччині, який вихваляв терористів Захарченка, Гіві та Моторолу","coded_batch_60.json",NA,"Новини","ssu.gov.ua","sbu_press_release","https://ssu.gov.ua/novyny/sbu-povidomyla-pro-pidozru-nastoiateliu-khramu-upts-mp-na-vinnychchyni-yakyi-vykhvaliav-terorystiv-zakharchenka-hivi-ta-motorolu","unknown",NA
"85584ac197f8","СБУ проводить безпекові заходи на об’єктах УПЦ (МП) у Полтавській області",TRUE,"material","state","UOC-MP","other",3,"[Duplicate of entry already coded in batch 55/56.] Official SBU announcement of a criminal investigation, prosecution, conviction, or security operation targeting a UOC-MP cleric or facility for treason, collaboration, espionage, propaganda, or related offences amid the full-scale war -- part of the extensive, ongoing wave of SBU actions implementing the securitisation campaign against UOC-MP documented throughout this corpus (see batch 54's pivotal RNBO decision, 72c6ae74b540). Specific allegation per headline: СБУ проводить безпекові заходи на об’єктах УПЦ (МП) у Полтавській області","coded_batch_60.json",NA,"Новини","ssu.gov.ua","sbu_press_release","https://ssu.gov.ua/novyny/sbu-provodyt-bezpekovi-zakhody-na-obiektakh-upts-mp-u-poltavskii-oblasti","unknown",NA
"8586d6c1ddcd","СБУ повідомила про підозру протоієрею РПЦ із Криму, який займається постачанням ударних дронів окупантам",TRUE,"material","state","UOC-MP","other",3,"[Duplicate of entry already coded in batch 55/56.] Official SBU announcement of a criminal investigation, prosecution, conviction, or security operation targeting a UOC-MP cleric or facility for treason, collaboration, espionage, propaganda, or related offences amid the full-scale war -- part of the extensive, ongoing wave of SBU actions implementing the securitisation campaign against UOC-MP documented throughout this corpus (see batch 54's pivotal RNBO decision, 72c6ae74b540). Specific allegation per headline: СБУ повідомила про підозру протоієрею РПЦ із Криму, який займається постачанням ударних дронів окупантам","coded_batch_60.json",NA,"Новини","ssu.gov.ua","sbu_press_release","https://ssu.gov.ua/novyny/sbu-povidomyla-pro-pidozru-protoiiereiu-rpts-iz-krymu-yakyi-zaimaietsia-postachanniam-udarnykh-droniv-okupantam","unknown",NA
"876651522c96","СБУ проводить безпекові заходи на об’єктах УПЦ (МП) у дев’яти областях України",TRUE,"material","state","UOC-MP","other",3,"[Duplicate of entry already coded in batch 55/56.] Official SBU announcement of a criminal investigation, prosecution, conviction, or security operation targeting a UOC-MP cleric or facility for treason, collaboration, espionage, propaganda, or related offences amid the full-scale war -- part of the extensive, ongoing wave of SBU actions implementing the securitisation campaign against UOC-MP documented throughout this corpus (see batch 54's pivotal RNBO decision, 72c6ae74b540). Specific allegation per headline: СБУ проводить безпекові заходи на об’єктах УПЦ (МП) у дев’яти областях України","coded_batch_60.json",NA,"Новини","ssu.gov.ua","sbu_press_release","https://ssu.gov.ua/novyny/sbu-provodyt-bezpekovi-zakhody-na-obiektakh-upts-mp-u-deviaty-oblastiakh-ukrainy","unknown",NA
"8a836c4aa480","СБУ проводить обшуки у Почаївській лаврі УПЦ (МП)",TRUE,"material","state","UOC-MP","other",3,"[Duplicate of entry already coded in batch 55/56.] Official SBU announcement of a criminal investigation, prosecution, conviction, or security operation targeting a UOC-MP cleric or facility for treason, collaboration, espionage, propaganda, or related offences amid the full-scale war -- part of the extensive, ongoing wave of SBU actions implementing the securitisation campaign against UOC-MP documented throughout this corpus (see batch 54's pivotal RNBO decision, 72c6ae74b540). Specific allegation per headline: СБУ проводить обшуки у Почаївській лаврі УПЦ (МП)","coded_batch_60.json",NA,"Новини","ssu.gov.ua","sbu_press_release","https://ssu.gov.ua/novyny/sbu-provodyt-obshuky-u-pochaivskii-lavri-upts-mp","unknown",NA
"8ec7f1285a03","СБУ затримала інтернет-провокатора з Черкас, який вихваляв рашистів і 2,5 року переховувався в монастирях УПЦ (МП)",TRUE,"material","state","UOC-MP","other",3,"[Duplicate of entry already coded in batch 55/56.] Official SBU announcement of a criminal investigation, prosecution, conviction, or security operation targeting a UOC-MP cleric or facility for treason, collaboration, espionage, propaganda, or related offences amid the full-scale war -- part of the extensive, ongoing wave of SBU actions implementing the securitisation campaign against UOC-MP documented throughout this corpus (see batch 54's pivotal RNBO decision, 72c6ae74b540). Specific allegation per headline: СБУ затримала інтернет-провокатора з Черкас, який вихваляв рашистів і 2,5 року переховувався в монастирях УПЦ (МП)","coded_batch_60.json",NA,"Новини","ssu.gov.ua","sbu_press_release","https://ssu.gov.ua/novyny/sbu-zatrymala-internetprovokatora-z-cherkas-yakyi-vykhvaliav-rashystiv-i-25-roku-perekhovuvavsia-v-monastyriakh-upts-mp","unknown",NA
"90c62b3cb133","За матеріалами СБУ підозру отримав священнослужитель УПЦ (МП) на Буковині, який допомагав ухилянтам утікати від мобілізації",TRUE,"material","state","UOC-MP","other",3,"[Duplicate of entry already coded in batch 55/56.] Official SBU announcement of a criminal investigation, prosecution, conviction, or security operation targeting a UOC-MP cleric or facility for treason, collaboration, espionage, propaganda, or related offences amid the full-scale war -- part of the extensive, ongoing wave of SBU actions implementing the securitisation campaign against UOC-MP documented throughout this corpus (see batch 54's pivotal RNBO decision, 72c6ae74b540). Specific allegation per headline: За матеріалами СБУ підозру отримав священнослужитель УПЦ (МП) на Буковині, який допомагав ухилянтам утікати від мобілізації","coded_batch_60.json",NA,"Новини","ssu.gov.ua","sbu_press_release","https://ssu.gov.ua/novyny/za-materialamy-sbu-pidozru-otrymav-sviashchennosluzhytel-upts-mp-na-bukovyni-yakyi-dopomahav-ukhyliantam-utikaty-vid-mobilizatsii","unknown",NA
"927edd20f265","За матеріалами СБУ підозру отримав митрополит УПЦ (МП) з Буковини",TRUE,"material","state","UOC-MP","other",3,"[Duplicate of entry already coded in batch 55/56.] Official SBU announcement of a criminal investigation, prosecution, conviction, or security operation targeting a UOC-MP cleric or facility for treason, collaboration, espionage, propaganda, or related offences amid the full-scale war -- part of the extensive, ongoing wave of SBU actions implementing the securitisation campaign against UOC-MP documented throughout this corpus (see batch 54's pivotal RNBO decision, 72c6ae74b540). Specific allegation per headline: За матеріалами СБУ підозру отримав митрополит УПЦ (МП) з Буковини","coded_batch_60.json",NA,"Новини","ssu.gov.ua","sbu_press_release","https://ssu.gov.ua/novyny/za-materialamy-sbu-pidozru-otrymav-mytropolyt-upts-mp-z-bukovyny","unknown",NA
"92b2493920b8","СБУ викрила настоятеля храму УПЦ (МП), який вихваляв окупантів і очікував їх приходу на Вінниччину",TRUE,"material","state","UOC-MP","other",3,"[Duplicate of entry already coded in batch 55/56.] Official SBU announcement of a criminal investigation, prosecution, conviction, or security operation targeting a UOC-MP cleric or facility for treason, collaboration, espionage, propaganda, or related offences amid the full-scale war -- part of the extensive, ongoing wave of SBU actions implementing the securitisation campaign against UOC-MP documented throughout this corpus (see batch 54's pivotal RNBO decision, 72c6ae74b540). Specific allegation per headline: СБУ викрила настоятеля храму УПЦ (МП), який вихваляв окупантів і очікував їх приходу на Вінниччину","coded_batch_60.json",NA,"Новини","ssu.gov.ua","sbu_press_release","https://ssu.gov.ua/novyny/sbu-vykryla-nastoiatelia-khramu-upts-mp-yakyi-vykhvaliav-okupantiv-i-ochikuvav-yikh-prykhodu-na-vinnychchynu","unknown",NA
"949032e87576","СБУ повідомила про нові підозри митрополиту на Вінниччині, який виправдовував російську агресію",TRUE,"material","state","UOC-MP","other",3,"[Duplicate of entry already coded in batch 55/56.] Official SBU announcement of a criminal investigation, prosecution, conviction, or security operation targeting a UOC-MP cleric or facility for treason, collaboration, espionage, propaganda, or related offences amid the full-scale war -- part of the extensive, ongoing wave of SBU actions implementing the securitisation campaign against UOC-MP documented throughout this corpus (see batch 54's pivotal RNBO decision, 72c6ae74b540). Specific allegation per headline: СБУ повідомила про нові підозри митрополиту на Вінниччині, який виправдовував російську агресію","coded_batch_60.json",NA,"Новини","ssu.gov.ua","sbu_press_release","https://ssu.gov.ua/novyny/sbu-povidomyla-pro-novi-pidozry-mytropolytu-na-vinnychchyni-yakyi-vypravdovuvav-rosiisku-ahresiiu","unknown",NA
"949be9bca38b","СБУ знайшла проросійську літературу, мільйони готівки у різній валюті та «сумнівних» громадян рф під час безпекових заходів у приміщеннях УПЦ (МП) (відео)",TRUE,"material","state","UOC-MP","other",3,"[Duplicate of entry already coded in batch 55/56.] Official SBU announcement of a criminal investigation, prosecution, conviction, or security operation targeting a UOC-MP cleric or facility for treason, collaboration, espionage, propaganda, or related offences amid the full-scale war -- part of the extensive, ongoing wave of SBU actions implementing the securitisation campaign against UOC-MP documented throughout this corpus (see batch 54's pivotal RNBO decision, 72c6ae74b540). Specific allegation per headline: СБУ знайшла проросійську літературу, мільйони готівки у різній валюті та «сумнівних» громадян рф під час безпекових заходів у приміщеннях УПЦ (МП) (відео)","coded_batch_60.json",NA,"Новини","ssu.gov.ua","sbu_press_release","https://ssu.gov.ua/novyny/sbu-znaishla-prorosiisku-literaturu-miliony-hotivky-u-riznii-valiuti-ta-sumnivnykh-hromadian-rf-pid-chas-bezpekovykh-zakhodiv-u-prymishchenniakh-upts-mp-video","unknown",NA
"954554991070","За матеріалами СБУ підозру отримав керівник Сумської єпархії УПЦ (МП), який закликав вірян до релігійної ненависті",TRUE,"material","state","UOC-MP","other",3,"[Duplicate of entry already coded in batch 55/56.] Official SBU announcement of a criminal investigation, prosecution, conviction, or security operation targeting a UOC-MP cleric or facility for treason, collaboration, espionage, propaganda, or related offences amid the full-scale war -- part of the extensive, ongoing wave of SBU actions implementing the securitisation campaign against UOC-MP documented throughout this corpus (see batch 54's pivotal RNBO decision, 72c6ae74b540). Specific allegation per headline: За матеріалами СБУ підозру отримав керівник Сумської єпархії УПЦ (МП), який закликав вірян до релігійної ненависті","coded_batch_60.json",NA,"Новини","ssu.gov.ua","sbu_press_release","https://ssu.gov.ua/novyny/za-materialamy-sbu-pidozru-otrymav-kerivnyk-sumskoi-yeparkhii-upts-mp-yakyi-zaklykav-virian-do-relihiinoi-nenavysti","unknown",NA
"95698f881259","СБУ повідомила про підозру російському священнику-блогеру РПЦ, який закликав російських військових вбивати українців",TRUE,"material","state","UOC-MP","other",3,"[Duplicate of entry already coded in batch 55/56.] Official SBU announcement of a criminal investigation, prosecution, conviction, or security operation targeting a UOC-MP cleric or facility for treason, collaboration, espionage, propaganda, or related offences amid the full-scale war -- part of the extensive, ongoing wave of SBU actions implementing the securitisation campaign against UOC-MP documented throughout this corpus (see batch 54's pivotal RNBO decision, 72c6ae74b540). Specific allegation per headline: СБУ повідомила про підозру російському священнику-блогеру РПЦ, який закликав російських військових вбивати українців","coded_batch_60.json",NA,"Новини","ssu.gov.ua","sbu_press_release","https://ssu.gov.ua/novyny/sbu-povidomyla-pro-pidozru-rosiiskomu-sviashchennykubloheru-rpts-yakyi-zaklykav-rosiiskykh-viiskovykh-vbyvaty-ukraintsiv","unknown",NA
"962fe8be5c2c","СБУ затримала ексдиякона УПЦ (МП), який відправляв ухилянтів за кордон під виглядом «церковних місіонерів»",TRUE,"material","state","UOC-MP","other",3,"[Duplicate of entry already coded in batch 55/56.] Official SBU announcement of a criminal investigation, prosecution, conviction, or security operation targeting a UOC-MP cleric or facility for treason, collaboration, espionage, propaganda, or related offences amid the full-scale war -- part of the extensive, ongoing wave of SBU actions implementing the securitisation campaign against UOC-MP documented throughout this corpus (see batch 54's pivotal RNBO decision, 72c6ae74b540). Specific allegation per headline: СБУ затримала ексдиякона УПЦ (МП), який відправляв ухилянтів за кордон під виглядом «церковних місіонерів»","coded_batch_60.json",NA,"Новини","ssu.gov.ua","sbu_press_release","https://ssu.gov.ua/novyny/sbu-zatrymala-eksdyiakona-upts-mp-yakyi-vidpravliav-ukhyliantiv-za-kordon-pid-vyhliadom-tserkovnykh-misioneriv","unknown",NA
"9dd2a56bd1d5","СБУ повідомила про підозру митрополиту УПЦ (МП) Павлу (відео)",TRUE,"material","state","UOC-MP","other",3,"[Duplicate of entry already coded in batch 55/56.] Official SBU announcement of a criminal investigation, prosecution, conviction, or security operation targeting a UOC-MP cleric or facility for treason, collaboration, espionage, propaganda, or related offences amid the full-scale war -- part of the extensive, ongoing wave of SBU actions implementing the securitisation campaign against UOC-MP documented throughout this corpus (see batch 54's pivotal RNBO decision, 72c6ae74b540). Specific allegation per headline: СБУ повідомила про підозру митрополиту УПЦ (МП) Павлу (відео)","coded_batch_60.json",NA,"Новини","ssu.gov.ua","sbu_press_release","https://ssu.gov.ua/novyny/sbu-povidomyla-pro-pidozru-mytropolytu-upts-mp-pavlu-video","unknown",NA
"9f1d4cac448c","СБУ викрила прислужника монастиря УПЦ (МП) на закликах до захоплення Києва",TRUE,"material","state","UOC-MP","other",3,"[Duplicate of entry already coded in batch 55/56.] Official SBU announcement of a criminal investigation, prosecution, conviction, or security operation targeting a UOC-MP cleric or facility for treason, collaboration, espionage, propaganda, or related offences amid the full-scale war -- part of the extensive, ongoing wave of SBU actions implementing the securitisation campaign against UOC-MP documented throughout this corpus (see batch 54's pivotal RNBO decision, 72c6ae74b540). Specific allegation per headline: СБУ викрила прислужника монастиря УПЦ (МП) на закликах до захоплення Києва","coded_batch_60.json",NA,"Новини","ssu.gov.ua","sbu_press_release","https://ssu.gov.ua/novyny/sbu-vykryla-prysluzhnyka-monastyria-upts-mp-na-zaklykakh-do-zakhoplennia-kyieva","unknown",NA
"a30842d0b121","СБУ проводить безпекові заходи в Мукачівській єпархії УПЦ (МП)",TRUE,"material","state","UOC-MP","other",3,"[Duplicate of entry already coded in batch 55/56.] Official SBU announcement of a criminal investigation, prosecution, conviction, or security operation targeting a UOC-MP cleric or facility for treason, collaboration, espionage, propaganda, or related offences amid the full-scale war -- part of the extensive, ongoing wave of SBU actions implementing the securitisation campaign against UOC-MP documented throughout this corpus (see batch 54's pivotal RNBO decision, 72c6ae74b540). Specific allegation per headline: СБУ проводить безпекові заходи в Мукачівській єпархії УПЦ (МП)","coded_batch_60.json",NA,"Новини","ssu.gov.ua","sbu_press_release","https://ssu.gov.ua/novyny/sbu-provodyt-bezpekovi-zakhody-v-mukachivskii-yeparkhii-upts-mp","unknown",NA
"a544e49efa67","СБУ повідомила про підозру клірику УПЦ (МП) з Черкащини, який закликав рф захопити всю Україну",TRUE,"material","state","UOC-MP","other",3,"[Duplicate of entry already coded in batch 55/56.] Official SBU announcement of a criminal investigation, prosecution, conviction, or security operation targeting a UOC-MP cleric or facility for treason, collaboration, espionage, propaganda, or related offences amid the full-scale war -- part of the extensive, ongoing wave of SBU actions implementing the securitisation campaign against UOC-MP documented throughout this corpus (see batch 54's pivotal RNBO decision, 72c6ae74b540). Specific allegation per headline: СБУ повідомила про підозру клірику УПЦ (МП) з Черкащини, який закликав рф захопити всю Україну","coded_batch_60.json",NA,"Новини","ssu.gov.ua","sbu_press_release","https://ssu.gov.ua/novyny/sbu-povidomyla-pro-pidozru-kliryku-upts-mp-z-cherkashchyny-yakyi-zaklykav-rf-zakhopyty-vsiu-ukrainu","unknown",NA
"a7e4d267da32","СБУ викрила клірика УПЦ (МП), який освячував російських військових під час окупації Ізюма",TRUE,"material","state","UOC-MP","other",3,"[Duplicate of entry already coded in batch 55/56.] Official SBU announcement of a criminal investigation, prosecution, conviction, or security operation targeting a UOC-MP cleric or facility for treason, collaboration, espionage, propaganda, or related offences amid the full-scale war -- part of the extensive, ongoing wave of SBU actions implementing the securitisation campaign against UOC-MP documented throughout this corpus (see batch 54's pivotal RNBO decision, 72c6ae74b540). Specific allegation per headline: СБУ викрила клірика УПЦ (МП), який освячував російських військових під час окупації Ізюма","coded_batch_60.json",NA,"Новини","ssu.gov.ua","sbu_press_release","https://ssu.gov.ua/novyny/sbu-vykryla-kliryka-upts-mp-yakyi-osviachuvav-rosiiskykh-viiskovykh-pid-chas-okupatsii-iziuma","unknown",NA
"a87610713424","СБУ повідомила про підозру клірику УПЦ (МП), який агітував за приєднання Херсонщини до рф і розфарбував в’їзну стелу в «триколор»",TRUE,"material","state","UOC-MP","other",3,"[Duplicate of entry already coded in batch 55/56.] Official SBU announcement of a criminal investigation, prosecution, conviction, or security operation targeting a UOC-MP cleric or facility for treason, collaboration, espionage, propaganda, or related offences amid the full-scale war -- part of the extensive, ongoing wave of SBU actions implementing the securitisation campaign against UOC-MP documented throughout this corpus (see batch 54's pivotal RNBO decision, 72c6ae74b540). Specific allegation per headline: СБУ повідомила про підозру клірику УПЦ (МП), який агітував за приєднання Херсонщини до рф і розфарбував в’їзну стелу в «триколор»","coded_batch_60.json",NA,"Новини","ssu.gov.ua","sbu_press_release","https://ssu.gov.ua/novyny/sbu-povidomyla-pro-pidozru-kliryku-upts-mp-yakyi-ahituvav-za-pryiednannia-khersonshchyny-do-rf-i-rozfarbuvav-viznu-stelu-v-trykolor","unknown",NA
"aac079bbc32b","За матеріалами СБУ 15 років тюрми отримав клірик УПЦ (МП), який «зливав» до фсб інформацію про оборону Сумщини",TRUE,"material","state","UOC-MP","other",3,"[Duplicate of entry already coded in batch 55/56.] Official SBU announcement of a criminal investigation, prosecution, conviction, or security operation targeting a UOC-MP cleric or facility for treason, collaboration, espionage, propaganda, or related offences amid the full-scale war -- part of the extensive, ongoing wave of SBU actions implementing the securitisation campaign against UOC-MP documented throughout this corpus (see batch 54's pivotal RNBO decision, 72c6ae74b540). Specific allegation per headline: За матеріалами СБУ 15 років тюрми отримав клірик УПЦ (МП), який «зливав» до фсб інформацію про оборону Сумщини","coded_batch_60.json",NA,"Новини","ssu.gov.ua","sbu_press_release","https://ssu.gov.ua/novyny/za-materialamy-sbu-15-rokiv-tiurmy-otrymav-kliryk-upts-mp-yakyi-zlyvav-do-fsb-informatsiiu-pro-oboronu-sumshchyny","unknown",NA
"b17ce3677466","За матеріалами СБУ та Нацполіції заочну підозру отримав митрополит УПЦ (МП), який благословив окупантів на захоплення Ізюма",TRUE,"material","state","UOC-MP","other",3,"[Duplicate of entry already coded in batch 55/56.] Official SBU announcement of a criminal investigation, prosecution, conviction, or security operation targeting a UOC-MP cleric or facility for treason, collaboration, espionage, propaganda, or related offences amid the full-scale war -- part of the extensive, ongoing wave of SBU actions implementing the securitisation campaign against UOC-MP documented throughout this corpus (see batch 54's pivotal RNBO decision, 72c6ae74b540). Specific allegation per headline: За матеріалами СБУ та Нацполіції заочну підозру отримав митрополит УПЦ (МП), який благословив окупантів на захоплення Ізюма","coded_batch_60.json",NA,"Новини","ssu.gov.ua","sbu_press_release","https://ssu.gov.ua/novyny/za-materialamy-sbu-ta-natspolitsii-zaochnu-pidozru-otrymav-mytropolyt-upts-mp-yakyi-blahoslovyv-okupantiv-na-zakhoplennia-iziuma","unknown",NA
"b1ae0ee5c36d","СБУ затримала у Києві прокремлівського блогера, який переховувався від правосуддя в монастирі УПЦ (МП)",TRUE,"material","state","UOC-MP","other",3,"[Duplicate of entry already coded in batch 55/56.] Official SBU announcement of a criminal investigation, prosecution, conviction, or security operation targeting a UOC-MP cleric or facility for treason, collaboration, espionage, propaganda, or related offences amid the full-scale war -- part of the extensive, ongoing wave of SBU actions implementing the securitisation campaign against UOC-MP documented throughout this corpus (see batch 54's pivotal RNBO decision, 72c6ae74b540). Specific allegation per headline: СБУ затримала у Києві прокремлівського блогера, який переховувався від правосуддя в монастирі УПЦ (МП)","coded_batch_60.json",NA,"Новини","ssu.gov.ua","sbu_press_release","https://ssu.gov.ua/novyny/sbu-zatrymala-u-kyievi-prokremlivskoho-blohera-yakyi-perekhovuvavsia-vid-pravosuddia-v-monastyri-upts-mp","unknown",NA
"b23fd369fd77","СБУ повідомила про підозру клірику УПЦ (МП) на Житомирщині, який виправдовував війну рф проти України",TRUE,"material","state","UOC-MP","other",3,"[Duplicate of entry already coded in batch 55/56.] Official SBU announcement of a criminal investigation, prosecution, conviction, or security operation targeting a UOC-MP cleric or facility for treason, collaboration, espionage, propaganda, or related offences amid the full-scale war -- part of the extensive, ongoing wave of SBU actions implementing the securitisation campaign against UOC-MP documented throughout this corpus (see batch 54's pivotal RNBO decision, 72c6ae74b540). Specific allegation per headline: СБУ повідомила про підозру клірику УПЦ (МП) на Житомирщині, який виправдовував війну рф проти України","coded_batch_60.json",NA,"Новини","ssu.gov.ua","sbu_press_release","https://ssu.gov.ua/novyny/sbu-povidomyla-pro-pidozru-kliryku-upts-mp-na-zhytomyrshchyni-yakyi-vypravdovuvav-viinu-rf-proty-ukrainy","unknown",NA
"b2b003d2f9db","СБУ повідомила про підозру митрополиту однієї з єпархій УПЦ МП",TRUE,"material","state","UOC-MP","other",3,"[Duplicate of entry already coded in batch 55/56.] Official SBU announcement of a criminal investigation, prosecution, conviction, or security operation targeting a UOC-MP cleric or facility for treason, collaboration, espionage, propaganda, or related offences amid the full-scale war -- part of the extensive, ongoing wave of SBU actions implementing the securitisation campaign against UOC-MP documented throughout this corpus (see batch 54's pivotal RNBO decision, 72c6ae74b540). Specific allegation per headline: СБУ повідомила про підозру митрополиту однієї з єпархій УПЦ МП","coded_batch_60.json",NA,"Новини","ssu.gov.ua","sbu_press_release","https://ssu.gov.ua/novyny/sbu-povidomyla-pro-pidozru-mytropolytu-odniiei-z-yeparkhii-upts-mp","unknown",NA
"b6b4d0792153","На Запоріжжі до 7 років ув’язнення засуджено агента терористів «ДНР», який хотів підпалити храм УПЦ",TRUE,"material","other","other","none",2,"[Duplicate of entry already coded in batch 55/56.] SBU announcement of a conviction for a 'DNR' terrorist agent who attempted to set fire to a UOC church in Zaporizhzhia -- a reverse-direction case where the church (UOC, unspecified branch in title) is the target of Russian-linked terrorism rather than a security concern in itself.","coded_batch_60.json",NA,"Новини","ssu.gov.ua","sbu_press_release","https://ssu.gov.ua/novyny/na-zaporizhzhi-do-7-rokiv-uviaznennia-zasudzheno-ahenta-terorystiv-dnr-yakyi-khotiv-pidpalyty-khram-upts","unknown",NA
"b8f948530a20","СБУ повідомила про підозру митрополиту Черкаської єпархії УПЦ (МП) (відео)",TRUE,"material","state","UOC-MP","other",3,"[Duplicate of entry already coded in batch 55/56.] Official SBU announcement of a criminal investigation, prosecution, conviction, or security operation targeting a UOC-MP cleric or facility for treason, collaboration, espionage, propaganda, or related offences amid the full-scale war -- part of the extensive, ongoing wave of SBU actions implementing the securitisation campaign against UOC-MP documented throughout this corpus (see batch 54's pivotal RNBO decision, 72c6ae74b540). Specific allegation per headline: СБУ повідомила про підозру митрополиту Черкаської єпархії УПЦ (МП) (відео)","coded_batch_60.json",NA,"Новини","ssu.gov.ua","sbu_press_release","https://ssu.gov.ua/novyny/sbu-povidomyla-pro-pidozru-mytropolytu-cherkaskoi-yeparkhii-upts-mp-video","unknown",NA
"bb7440a8720b","СБУ повідомила про підозру керівнику Черкаської єпархії УПЦ (МП)",TRUE,"material","state","UOC-MP","other",3,"[Duplicate of entry already coded in batch 55/56.] Official SBU announcement of a criminal investigation, prosecution, conviction, or security operation targeting a UOC-MP cleric or facility for treason, collaboration, espionage, propaganda, or related offences amid the full-scale war -- part of the extensive, ongoing wave of SBU actions implementing the securitisation campaign against UOC-MP documented throughout this corpus (see batch 54's pivotal RNBO decision, 72c6ae74b540). Specific allegation per headline: СБУ повідомила про підозру керівнику Черкаської єпархії УПЦ (МП)","coded_batch_60.json",NA,"Новини","ssu.gov.ua","sbu_press_release","https://ssu.gov.ua/novyny/sbu-povidomyla-pro-pidozru-kerivnyku-cherkaskoi-yeparkhii-upts-mp","unknown",NA
"bccf6cf71c96","За матеріалами СБУ повідомлено про підозру клірику УПЦ (МП) на Житомирщині, який роздавав вірянам кремлівські «агітки»",TRUE,"material","state","UOC-MP","other",3,"[Duplicate of entry already coded in batch 55/56.] Official SBU announcement of a criminal investigation, prosecution, conviction, or security operation targeting a UOC-MP cleric or facility for treason, collaboration, espionage, propaganda, or related offences amid the full-scale war -- part of the extensive, ongoing wave of SBU actions implementing the securitisation campaign against UOC-MP documented throughout this corpus (see batch 54's pivotal RNBO decision, 72c6ae74b540). Specific allegation per headline: За матеріалами СБУ повідомлено про підозру клірику УПЦ (МП) на Житомирщині, який роздавав вірянам кремлівські «агітки»","coded_batch_60.json",NA,"Новини","ssu.gov.ua","sbu_press_release","https://ssu.gov.ua/novyny/za-materialamy-sbu-povidomleno-pro-pidozru-kliryku-upts-mp-na-zhytomyrshchyni-yakyi-rozdavav-virianam-kremlivski-ahitky","unknown",NA
"bd21dbc96cac","СБУ повідомила про підозру архімандриту УПЦ (МП), який благословив Сальдо на фейковий референдум рф",TRUE,"material","state","UOC-MP","other",3,"[Duplicate of entry already coded in batch 55/56.] Official SBU announcement of a criminal investigation, prosecution, conviction, or security operation targeting a UOC-MP cleric or facility for treason, collaboration, espionage, propaganda, or related offences amid the full-scale war -- part of the extensive, ongoing wave of SBU actions implementing the securitisation campaign against UOC-MP documented throughout this corpus (see batch 54's pivotal RNBO decision, 72c6ae74b540). Specific allegation per headline: СБУ повідомила про підозру архімандриту УПЦ (МП), який благословив Сальдо на фейковий референдум рф","coded_batch_60.json",NA,"Новини","ssu.gov.ua","sbu_press_release","https://ssu.gov.ua/novyny/sbu-povidomyla-pro-pidozru-arkhimandrytu-upts-mp-yakyi-blahoslovyv-saldo-na-feikovyi-referendum-rf","unknown",NA
"bd250f974928","За матеріалами СБУ послушник УПЦ (МП), який вихваляв рашистів, проведе 5 років за ґратами",TRUE,"material","state","UOC-MP","other",3,"[Duplicate of entry already coded in batch 55/56.] Official SBU announcement of a criminal investigation, prosecution, conviction, or security operation targeting a UOC-MP cleric or facility for treason, collaboration, espionage, propaganda, or related offences amid the full-scale war -- part of the extensive, ongoing wave of SBU actions implementing the securitisation campaign against UOC-MP documented throughout this corpus (see batch 54's pivotal RNBO decision, 72c6ae74b540). Specific allegation per headline: За матеріалами СБУ послушник УПЦ (МП), який вихваляв рашистів, проведе 5 років за ґратами","coded_batch_60.json",NA,"Новини","ssu.gov.ua","sbu_press_release","https://ssu.gov.ua/novyny/za-materialamy-sbu-poslushnyk-upts-mp-yakyi-vykhvaliav-rashystiv-provede-5-rokiv-za-gratamy","unknown",NA
"c26f4a3b3843","За матеріалами СБУ митрополит Черкаської єпархії УПЦ (МП) отримав уже четверту підозру",TRUE,"material","state","UOC-MP","other",3,"[Duplicate of entry already coded in batch 55/56.] Official SBU announcement of a criminal investigation, prosecution, conviction, or security operation targeting a UOC-MP cleric or facility for treason, collaboration, espionage, propaganda, or related offences amid the full-scale war -- part of the extensive, ongoing wave of SBU actions implementing the securitisation campaign against UOC-MP documented throughout this corpus (see batch 54's pivotal RNBO decision, 72c6ae74b540). Specific allegation per headline: За матеріалами СБУ митрополит Черкаської єпархії УПЦ (МП) отримав уже четверту підозру","coded_batch_60.json",NA,"Новини","ssu.gov.ua","sbu_press_release","https://ssu.gov.ua/novyny/za-materialamy-sbu-mytropolyt-cherkaskoi-yeparkhii-upts-mp-otrymav-uzhe-chetvertu-pidozru","unknown",NA
"c2e777ad2f69","За матеріалами СБУ припинено громадянство України Ореста Березовського (так званого митрополита УПЦ (МП) Онуфрія)",TRUE,"both","state","UOC-MP","other",3,"[Duplicate of entry already coded in batch 55/56.] SBU announces the revocation of Ukrainian citizenship of UOC-MP Metropolitan Onufriy (referred to by his secular name Orest Berezovsky) -- a significant individual extraordinary measure against UOC-MP's own primate, the most senior figure targeted by name in this entire dataset.","coded_batch_60.json",NA,"Новини","ssu.gov.ua","sbu_press_release","https://ssu.gov.ua/novyny/za-materialamy-sbu-prypyneno-hromadianstvo-ukrainy-oresta-berezovskoho-tak-zvanoho-mytropolyta-upts-mp-onufriia","unknown",NA
"c6d032df7d85","За матеріалами СБУ 7 років за ґратами проведе священик УПЦ (МП), який закликав мешканців Донеччини підтримати рф на псевдореферендумі",TRUE,"material","state","UOC-MP","other",3,"[Duplicate of entry already coded in batch 55/56.] Official SBU announcement of a criminal investigation, prosecution, conviction, or security operation targeting a UOC-MP cleric or facility for treason, collaboration, espionage, propaganda, or related offences amid the full-scale war -- part of the extensive, ongoing wave of SBU actions implementing the securitisation campaign against UOC-MP documented throughout this corpus (see batch 54's pivotal RNBO decision, 72c6ae74b540). Specific allegation per headline: За матеріалами СБУ 7 років за ґратами проведе священик УПЦ (МП), який закликав мешканців Донеччини підтримати рф на псевдореферендумі","coded_batch_60.json",NA,"Новини","ssu.gov.ua","sbu_press_release","https://ssu.gov.ua/novyny/za-materialamy-sbu-7-rokiv-za-gratamy-provede-sviashchenyk-upts-mp-yakyi-zaklykav-meshkantsiv-donechchyny-pidtrymaty-rf-na-psevdoreferendumi","unknown",NA
"c8785b80da11","СБУ викрила на Черкащині настоятеля храму УПЦ (МП), який виправдовував воєнні злочини рашистів",TRUE,"material","state","UOC-MP","other",3,"[Duplicate of entry already coded in batch 55/56.] Official SBU announcement of a criminal investigation, prosecution, conviction, or security operation targeting a UOC-MP cleric or facility for treason, collaboration, espionage, propaganda, or related offences amid the full-scale war -- part of the extensive, ongoing wave of SBU actions implementing the securitisation campaign against UOC-MP documented throughout this corpus (see batch 54's pivotal RNBO decision, 72c6ae74b540). Specific allegation per headline: СБУ викрила на Черкащині настоятеля храму УПЦ (МП), який виправдовував воєнні злочини рашистів","coded_batch_60.json",NA,"Новини","ssu.gov.ua","sbu_press_release","https://ssu.gov.ua/novyny/sbu-vykryla-na-cherkashchyni-nastoiatelia-khramu-upts-mp-yakyi-vypravdovuvav-voienni-zlochyny-rashystiv","unknown",NA
"cc0db9f8e753","За матеріалами СБУ підозру отримали два клірики-комуністи УПЦ (МП) на Закарпатті",TRUE,"material","state","UOC-MP","other",3,"[Duplicate of entry already coded in batch 55/56.] Official SBU announcement of a criminal investigation, prosecution, conviction, or security operation targeting a UOC-MP cleric or facility for treason, collaboration, espionage, propaganda, or related offences amid the full-scale war -- part of the extensive, ongoing wave of SBU actions implementing the securitisation campaign against UOC-MP documented throughout this corpus (see batch 54's pivotal RNBO decision, 72c6ae74b540). Specific allegation per headline: За матеріалами СБУ підозру отримали два клірики-комуністи УПЦ (МП) на Закарпатті","coded_batch_60.json",NA,"Новини","ssu.gov.ua","sbu_press_release","https://ssu.gov.ua/novyny/za-materialamy-sbu-pidozru-otrymaly-dva-klirykykomunisty-upts-mp-na-zakarpatti","unknown",NA
"cde6bfb9d8b9","СБУ ліквідувала ще 4 «схеми для ухилянтів»: однією з них скористався клірик УПЦ (МП)",TRUE,"material","state","UOC-MP","other",3,"[Duplicate of entry already coded in batch 55/56.] Official SBU announcement of a criminal investigation, prosecution, conviction, or security operation targeting a UOC-MP cleric or facility for treason, collaboration, espionage, propaganda, or related offences amid the full-scale war -- part of the extensive, ongoing wave of SBU actions implementing the securitisation campaign against UOC-MP documented throughout this corpus (see batch 54's pivotal RNBO decision, 72c6ae74b540). Specific allegation per headline: СБУ ліквідувала ще 4 «схеми для ухилянтів»: однією з них скористався клірик УПЦ (МП)","coded_batch_60.json",NA,"Новини","ssu.gov.ua","sbu_press_release","https://ssu.gov.ua/novyny/sbu-likviduvala-shche-4-skhemy-dlia-ukhyliantiv-odniieiu-z-nykh-skorystavsia-kliryk-upts-mp","unknown",NA
"cf76f738b400","СБУ викрила на Закарпатті клірика-антисеміта УПЦ (МП), який поширював фейки про війну в Україні",TRUE,"material","state","UOC-MP","other",3,"[Duplicate of entry already coded in batch 55/56.] Official SBU announcement of a criminal investigation, prosecution, conviction, or security operation targeting a UOC-MP cleric or facility for treason, collaboration, espionage, propaganda, or related offences amid the full-scale war -- part of the extensive, ongoing wave of SBU actions implementing the securitisation campaign against UOC-MP documented throughout this corpus (see batch 54's pivotal RNBO decision, 72c6ae74b540). Specific allegation per headline: СБУ викрила на Закарпатті клірика-антисеміта УПЦ (МП), який поширював фейки про війну в Україні","coded_batch_60.json",NA,"Новини","ssu.gov.ua","sbu_press_release","https://ssu.gov.ua/novyny/sbu-vykryla-na-zakarpatti-klirykaantysemita-upts-mp-yakyi-poshyriuvav-feiky-pro-viinu-v-ukraini","unknown",NA
"cf8438cf092d","СБУ повідомила про заочну підозру митрополиту УПЦ (МП), який благословив «приєднання» Луганська до рф",TRUE,"material","state","UOC-MP","other",3,"[Duplicate of entry already coded in batch 55/56.] Official SBU announcement of a criminal investigation, prosecution, conviction, or security operation targeting a UOC-MP cleric or facility for treason, collaboration, espionage, propaganda, or related offences amid the full-scale war -- part of the extensive ongoing wave of SBU actions implementing the securitisation campaign against UOC-MP documented throughout this corpus. Specific allegation per headline: СБУ повідомила про заочну підозру митрополиту УПЦ (МП), який благословив «приєднання» Луганська до рф","coded_batch_60.json",NA,"Новини","ssu.gov.ua","sbu_press_release","https://ssu.gov.ua/novyny/sbu-povidomyla-pro-zaochnu-pidozru-mytropolytu-upts-mp-yakyi-blahoslovyv-pryiednannia-luhanska-do-rf","unknown",NA
"d1c96bc29f4b","СБУ затримала протоієрея УПЦ (МП), який на замовлення воєнної розвідки рф коригував удари рашистів по Сумщині",TRUE,"material","state","UOC-MP","other",3,"[Duplicate of entry already coded in batch 55/56.] Official SBU announcement of a criminal investigation, prosecution, conviction, or security operation targeting a UOC-MP cleric or facility for treason, collaboration, espionage, propaganda, or related offences amid the full-scale war -- part of the extensive ongoing wave of SBU actions implementing the securitisation campaign against UOC-MP documented throughout this corpus. Specific allegation per headline: СБУ затримала протоієрея УПЦ (МП), який на замовлення воєнної розвідки рф коригував удари рашистів по Сумщині","coded_batch_60.json",NA,"Новини","ssu.gov.ua","sbu_press_release","https://ssu.gov.ua/novyny/sbu-zatrymala-protoiiereia-upts-mp-yakyi-na-zamovlennia-voiennoi-rozvidky-rf-koryhuvav-udary-rashystiv-po-sumshchyni","unknown",NA
"d3f6bb75b581","За матеріалами СБУ під нові «церковні санкції» РНБО потрапили ще 7 кліриків УПЦ (МП)",TRUE,"both","state","UOC-MP","sanction",3,"[Duplicate of entry already coded in batch 55/56.] SBU announces 7 more UOC-MP clerics added to the RNBO's ongoing 'church sanctions' list (expansion of the list first published in batch 55, doc 7dbfca093b5c) -- continued concrete implementation of the December 2022 RNBO decision.","coded_batch_60.json",NA,"Новини","ssu.gov.ua","sbu_press_release","https://ssu.gov.ua/novyny/za-materialamy-sbu-pid-novi-tserkovni-sanktsii-rnbo-potrapyly-shche-7-klirykiv-upts-mp","unknown",NA
"d4c50e87fe77","Коментар пресслужби СБУ щодо запобіжного заходу митрополиту Павлу (Лебідю)",TRUE,"material","state","UOC-MP","other",3,"[Duplicate of entry already coded in batch 55/56.] SBU press service comment on the preventive measure (pre-trial restriction) imposed on Metropolitan Pavlo (Lebid), the prominent former Kyiv-Pechersk Lavra abbot -- one of the highest-profile individual UOC-MP prosecutions, connected to the ongoing case referenced again in doc e0ac042bcb98 of the same batch.","coded_batch_60.json",NA,"Новини","ssu.gov.ua","sbu_press_release","https://ssu.gov.ua/novyny/komentar-pressluzhby-sbu-shchodo-zapobizhnoho-zakhodu-mytropolytu-pavlu-lebidiu","unknown",NA
"d4f88c6e5179","СБУ затримала клірика УПЦ (МП), який навів «Іскандери» по Одесі у березні 2024 року",TRUE,"material","state","UOC-MP","other",3,"[Duplicate of entry already coded in batch 55/56.] Official SBU announcement of a criminal investigation, prosecution, conviction, or security operation targeting a UOC-MP cleric or facility for treason, collaboration, espionage, propaganda, or related offences amid the full-scale war -- part of the extensive ongoing wave of SBU actions implementing the securitisation campaign against UOC-MP documented throughout this corpus. Specific allegation per headline: СБУ затримала клірика УПЦ (МП), який навів «Іскандери» по Одесі у березні 2024 року","coded_batch_60.json",NA,"Новини","ssu.gov.ua","sbu_press_release","https://ssu.gov.ua/novyny/sbu-zatrymala-kliryka-upts-mp-yakyi-naviv-iskandery-po-odesi-u-berezni-2024-roku","unknown",NA
"d4fe67fbf81a","СБУ проводить безпекові заходи на об’єктах УПЦ (МП) у трьох областях України",TRUE,"material","state","UOC-MP","other",3,"[Duplicate of entry already coded in batch 55/56.] Official SBU announcement of a criminal investigation, prosecution, conviction, or security operation targeting a UOC-MP cleric or facility for treason, collaboration, espionage, propaganda, or related offences amid the full-scale war -- part of the extensive ongoing wave of SBU actions implementing the securitisation campaign against UOC-MP documented throughout this corpus. Specific allegation per headline: СБУ проводить безпекові заходи на об’єктах УПЦ (МП) у трьох областях України","coded_batch_60.json",NA,"Новини","ssu.gov.ua","sbu_press_release","https://ssu.gov.ua/novyny/sbu-provodyt-bezpekovi-zakhody-na-obiektakh-upts-mp-u-trokh-oblastiakh-ukrainy-2","unknown",NA
"d646a4685d55","СБУ викрила ще 3-х ворожих агітаторів: серед них – провокатор УПЦ (МП), який сподівався отримати від путіна російський паспорт",TRUE,"material","state","UOC-MP","other",3,"[Duplicate of entry already coded in batch 55/56.] Official SBU announcement of a criminal investigation, prosecution, conviction, or security operation targeting a UOC-MP cleric or facility for treason, collaboration, espionage, propaganda, or related offences amid the full-scale war -- part of the extensive ongoing wave of SBU actions implementing the securitisation campaign against UOC-MP documented throughout this corpus. Specific allegation per headline: СБУ викрила ще 3-х ворожих агітаторів: серед них – провокатор УПЦ (МП), який сподівався отримати від путіна російський паспорт","coded_batch_60.json",NA,"Новини","ssu.gov.ua","sbu_press_release","https://ssu.gov.ua/novyny/sbu-vykryla-shche-3kh-vorozhykh-ahitatoriv-sered-nykh-provokator-upts-mp-yakyi-spodivavsia-otrymaty-vid-putina-rosiiskyi-pasport","unknown",NA
"d75b83b73ba7","СБУ викрила настоятеля одного із храмів УПЦ (МП) в Одесі, який вихваляв путіна та героїзував російських окупантів",TRUE,"material","state","UOC-MP","other",3,"[Duplicate of entry already coded in batch 55/56.] Official SBU announcement of a criminal investigation, prosecution, conviction, or security operation targeting a UOC-MP cleric or facility for treason, collaboration, espionage, propaganda, or related offences amid the full-scale war -- part of the extensive ongoing wave of SBU actions implementing the securitisation campaign against UOC-MP documented throughout this corpus. Specific allegation per headline: СБУ викрила настоятеля одного із храмів УПЦ (МП) в Одесі, який вихваляв путіна та героїзував російських окупантів","coded_batch_60.json",NA,"Новини","ssu.gov.ua","sbu_press_release","https://ssu.gov.ua/novyny/sbu-vykryla-nastoiatelia-odnoho-iz-khramiv-upts-mp-v-odesi-yakyi-vykhvaliav-putina-ta-heroizuvav-rosiiskykh-okupantiv","unknown",NA
"d7d239fff130","СБУ викрила трьох кліриків УПЦ (МП), які героїзували рашистів і чекали на захоплення Київської та Черкаської областей",TRUE,"material","state","UOC-MP","other",3,"[Duplicate of entry already coded in batch 55/56.] Official SBU announcement of a criminal investigation, prosecution, conviction, or security operation targeting a UOC-MP cleric or facility for treason, collaboration, espionage, propaganda, or related offences amid the full-scale war -- part of the extensive ongoing wave of SBU actions implementing the securitisation campaign against UOC-MP documented throughout this corpus. Specific allegation per headline: СБУ викрила трьох кліриків УПЦ (МП), які героїзували рашистів і чекали на захоплення Київської та Черкаської областей","coded_batch_60.json",NA,"Новини","ssu.gov.ua","sbu_press_release","https://ssu.gov.ua/novyny/sbu-vykryla-trokh-klirykiv-upts-mp-yaki-heroizuvaly-rashystiv-i-chekaly-na-zakhoplennia-kyivskoi-ta-cherkaskoi-oblastei","unknown",NA
"dd29743005be","СБУ відкрила кримінальне провадження щодо настоятеля храму УПЦ (МП), який допомагав рашистам під час окупації Київщини",TRUE,"material","state","UOC-MP","other",3,"[Duplicate of entry already coded in batch 55/56.] Official SBU announcement of a criminal investigation, prosecution, conviction, or security operation targeting a UOC-MP cleric or facility for treason, collaboration, espionage, propaganda, or related offences amid the full-scale war -- part of the extensive ongoing wave of SBU actions implementing the securitisation campaign against UOC-MP documented throughout this corpus. Specific allegation per headline: СБУ відкрила кримінальне провадження щодо настоятеля храму УПЦ (МП), який допомагав рашистам під час окупації Київщини","coded_batch_60.json",NA,"Новини","ssu.gov.ua","sbu_press_release","https://ssu.gov.ua/novyny/sbu-vidkryla-kryminalne-provadzhennia-shchodo-nastoiatelia-khramu-upts-mp-yakyi-dopomahav-rashystam-pid-chas-okupatsii-kyivshchyny","unknown",NA
"dd44919a44f4","За матеріалами СБУ до 5 років тюрми засуджено митрополита однієї з Вінницьких єпархій УПЦ (МП), який виправдовував повномасштабне вторгнення рф",TRUE,"material","state","UOC-MP","other",3,"[Duplicate of entry already coded in batch 55/56.] Official SBU announcement of a criminal investigation, prosecution, conviction, or security operation targeting a UOC-MP cleric or facility for treason, collaboration, espionage, propaganda, or related offences amid the full-scale war -- part of the extensive ongoing wave of SBU actions implementing the securitisation campaign against UOC-MP documented throughout this corpus. Specific allegation per headline: За матеріалами СБУ до 5 років тюрми засуджено митрополита однієї з Вінницьких єпархій УПЦ (МП), який виправдовував повномасштабне вторгнення рф","coded_batch_60.json",NA,"Новини","ssu.gov.ua","sbu_press_release","https://ssu.gov.ua/novyny/za-materialamy-sbu-do-5-rokiv-tiurmy-zasudzheno-mytropolyta-odniiei-z-vinnytskykh-yeparkhii-upts-mp-yakyi-vypravdovuvav-povnomasshtabne-vtorhnennia-rf","unknown",NA
"e02fa85ad41a","СБУ перевірила монастир УПЦ (МП) на Закарпатті, де черниці закликали до «пробуждения матушки-Руси»",TRUE,"material","state","UOC-MP","other",3,"[Duplicate of entry already coded in batch 55/56.] Official SBU announcement of a criminal investigation, prosecution, conviction, or security operation targeting a UOC-MP cleric or facility for treason, collaboration, espionage, propaganda, or related offences amid the full-scale war -- part of the extensive ongoing wave of SBU actions implementing the securitisation campaign against UOC-MP documented throughout this corpus. Specific allegation per headline: СБУ перевірила монастир УПЦ (МП) на Закарпатті, де черниці закликали до «пробуждения матушки-Руси»","coded_batch_60.json",NA,"Новини","ssu.gov.ua","sbu_press_release","https://ssu.gov.ua/novyny/sbu-pereviryla-monastyr-upts-mp-na-zakarpatti-de-chernytsi-zaklykaly-do-probuzhdenyia-matushkyrusy","unknown",NA
"e0ac042bcb98","СБУ завершила розслідування і передала до суду справу митрополита УПЦ (МП) Павла",TRUE,"material","state","UOC-MP","other",3,"[Duplicate of entry already coded in batch 55/56.] SBU completes its investigation and refers Metropolitan Pavlo (Lebid)'s case to court -- the prosecutorial conclusion of one of the highest-profile individual UOC-MP cases in the corpus (see also doc d4c50e87fe77 in this same batch).","coded_batch_60.json",NA,"Новини","ssu.gov.ua","sbu_press_release","https://ssu.gov.ua/novyny/sbu-zavershyla-rozsliduvannia-i-peredala-do-sudu-spravu-mytropolyta-upts-mp-pavla","unknown",NA
"e3190ef16c43","СБУ затримала клірика УПЦ (МП), який погодився шпигувати для фсб на Донеччині в обмін на «евакуацію» його сім’ї до росії",TRUE,"material","state","UOC-MP","other",3,"[Duplicate of entry already coded in batch 55/56.] Official SBU announcement of a criminal investigation, prosecution, conviction, or security operation targeting a UOC-MP cleric or facility for treason, collaboration, espionage, propaganda, or related offences amid the full-scale war -- part of the extensive ongoing wave of SBU actions implementing the securitisation campaign against UOC-MP documented throughout this corpus. Specific allegation per headline: СБУ затримала клірика УПЦ (МП), який погодився шпигувати для фсб на Донеччині в обмін на «евакуацію» його сім’ї до росії","coded_batch_60.json",NA,"Новини","ssu.gov.ua","sbu_press_release","https://ssu.gov.ua/novyny/sbu-zatrymala-kliryka-upts-mp-yakyi-pohodyvsia-shpyhuvaty-dlia-fsb-na-donechchyni-v-obmin-na-evakuatsiiu-yoho-simi-do-rosii","unknown",NA
"e829634b6bb5","СБУ повідомила про заочну підозру клірику-ювеліру УПЦ (МП) із Луганщини, який продає золоті вироби до росії",TRUE,"material","state","UOC-MP","other",3,"[Duplicate of entry already coded in batch 55/56.] Official SBU announcement of a criminal investigation, prosecution, conviction, or security operation targeting a UOC-MP cleric or facility for treason, collaboration, espionage, propaganda, or related offences amid the full-scale war -- part of the extensive ongoing wave of SBU actions implementing the securitisation campaign against UOC-MP documented throughout this corpus. Specific allegation per headline: СБУ повідомила про заочну підозру клірику-ювеліру УПЦ (МП) із Луганщини, який продає золоті вироби до росії","coded_batch_60.json",NA,"Новини","ssu.gov.ua","sbu_press_release","https://ssu.gov.ua/novyny/sbu-povidomyla-pro-zaochnu-pidozru-klirykuiuveliru-upts-mp-iz-luhanshchyny-yakyi-prodaie-zoloti-vyroby-do-rosii","unknown",NA
"eec1b5ab4f26","СБУ виявила в єпархіях УПЦ (МП) пропагандистські «методички» кремля, «вчення про сатанізм» і нацистську символіку",TRUE,"material","state","UOC-MP","other",3,"[Duplicate of entry already coded in batch 55/56.] Official SBU announcement of a criminal investigation, prosecution, conviction, or security operation targeting a UOC-MP cleric or facility for treason, collaboration, espionage, propaganda, or related offences amid the full-scale war -- part of the extensive ongoing wave of SBU actions implementing the securitisation campaign against UOC-MP documented throughout this corpus. Specific allegation per headline: СБУ виявила в єпархіях УПЦ (МП) пропагандистські «методички» кремля, «вчення про сатанізм» і нацистську символіку","coded_batch_60.json",NA,"Новини","ssu.gov.ua","sbu_press_release","https://ssu.gov.ua/novyny/sbu-vyiavyla-v-yeparkhiiakh-upts-mp-propahandystski-metodychky-kremlia-vchennia-pro-satanizm-i-natsystsku-symvoliku","unknown",NA
"f046ac667c25","СБУ виявила підозрілих осіб, незареєстровану зброю і російські агітки на об'єктах УПЦ (МП)",TRUE,"material","state","UOC-MP","other",3,"[Duplicate of entry already coded in batch 55/56.] Official SBU announcement of a criminal investigation, prosecution, conviction, or security operation targeting a UOC-MP cleric or facility for treason, collaboration, espionage, propaganda, or related offences amid the full-scale war -- part of the extensive ongoing wave of SBU actions implementing the securitisation campaign against UOC-MP documented throughout this corpus. Specific allegation per headline: СБУ виявила підозрілих осіб, незареєстровану зброю і російські агітки на об'єктах УПЦ (МП)","coded_batch_60.json",NA,"Новини","ssu.gov.ua","sbu_press_release","https://ssu.gov.ua/novyny/sbu-vyiavyla-pidozrilykh-osib-nezareiestrovanu-zbroiu-i-rosiiski-ahitky-na-obiektakh-upts-mp","unknown",NA
"f2a7f613c839","СБУ повідомила про підозру ректору Почаївської духовної семінарії УПЦ (МП), який здійснював антиукраїнську діяльність",TRUE,"material","state","UOC-MP","other",3,"[Duplicate of entry already coded in batch 55/56.] Official SBU announcement of a criminal investigation, prosecution, conviction, or security operation targeting a UOC-MP cleric or facility for treason, collaboration, espionage, propaganda, or related offences amid the full-scale war -- part of the extensive ongoing wave of SBU actions implementing the securitisation campaign against UOC-MP documented throughout this corpus. Specific allegation per headline: СБУ повідомила про підозру ректору Почаївської духовної семінарії УПЦ (МП), який здійснював антиукраїнську діяльність","coded_batch_60.json",NA,"Новини","ssu.gov.ua","sbu_press_release","https://ssu.gov.ua/novyny/sbu-povidomyla-pro-pidozru-rektoru-pochaivskoi-dukhovnoi-seminarii-upts-mp-yakyi-zdiisniuvav-antyukrainsku-diialnist","unknown",NA
"f5a863d683d7","СБУ повідомила про підозру митрополиту Кіровоградської єпархії УПЦ (МП), який виправдовував захоплення Криму",TRUE,"material","state","UOC-MP","other",3,"[Duplicate of entry already coded in batch 55/56.] Official SBU announcement of a criminal investigation, prosecution, conviction, or security operation targeting a UOC-MP cleric or facility for treason, collaboration, espionage, propaganda, or related offences amid the full-scale war -- part of the extensive ongoing wave of SBU actions implementing the securitisation campaign against UOC-MP documented throughout this corpus. Specific allegation per headline: СБУ повідомила про підозру митрополиту Кіровоградської єпархії УПЦ (МП), який виправдовував захоплення Криму","coded_batch_60.json",NA,"Новини","ssu.gov.ua","sbu_press_release","https://ssu.gov.ua/novyny/sbu-povidomyla-pro-pidozru-mytropolytu-kirovohradskoi-yeparkhii-upts-mp-yakyi-vypravdovuvav-zakhoplennia-krymu","unknown",NA
"f972e4074728","СБУ провела обшуки у керівництва УПЦ МП у Кіровоградській області",TRUE,"material","state","UOC-MP","other",3,"[Duplicate of entry already coded in batch 55/56.] Official SBU announcement of a criminal investigation, prosecution, conviction, or security operation targeting a UOC-MP cleric or facility for treason, collaboration, espionage, propaganda, or related offences amid the full-scale war -- part of the extensive ongoing wave of SBU actions implementing the securitisation campaign against UOC-MP documented throughout this corpus. Specific allegation per headline: СБУ провела обшуки у керівництва УПЦ МП у Кіровоградській області","coded_batch_60.json",NA,"Новини","ssu.gov.ua","sbu_press_release","https://ssu.gov.ua/novyny/sbu-provela-obshuky-u-kerivnytstva-upts-mp-u-kirovohradskii-oblasti","unknown",NA
"fcebad9861ac","СБУ повідомила про підозру патріарху РПЦ Кирилу, який благословив рашистів на вбивства українців",TRUE,"both","state","Russia","other",3,"[Duplicate of entry already coded in batch 55/56.] SBU formally notifies Patriarch Kirill of the Russian Orthodox Church himself of suspicion, alleging he blessed Russian forces to kill Ukrainians -- the single most senior figure targeted by Ukrainian law enforcement in this entire corpus, extending the campaign from UOC-MP's Ukrainian clergy to ROC's supreme leadership directly.","coded_batch_60.json",NA,"Новини","ssu.gov.ua","sbu_press_release","https://ssu.gov.ua/novyny/sbu-povidomyla-pro-pidozru-patriarkhu-rpts-kyrylu-yakyi-blahoslovyv-rashystiv-na-vbyvstva-ukraintsiv","unknown",NA
"fd32810322fe","СБУ повідомила про підозру підсанкційному митрополиту УПЦ (МП) із Запоріжжя, який провокував релігійну ненависть",TRUE,"material","state","UOC-MP","other",3,"[Duplicate of entry already coded in batch 55/56.] Official SBU announcement of a criminal investigation, prosecution, conviction, or security operation targeting a UOC-MP cleric or facility for treason, collaboration, espionage, propaganda, or related offences amid the full-scale war -- part of the extensive ongoing wave of SBU actions implementing the securitisation campaign against UOC-MP documented throughout this corpus. Specific allegation per headline: СБУ повідомила про підозру підсанкційному митрополиту УПЦ (МП) із Запоріжжя, який провокував релігійну ненависть","coded_batch_60.json",NA,"Новини","ssu.gov.ua","sbu_press_release","https://ssu.gov.ua/novyny/sbu-povidomyla-pro-pidozru-pidsanktsiinomu-mytropolytu-upts-mp-iz-zaporizhzhia-yakyi-provokuvav-relihiinu-nenavyst","unknown",NA
