claim_id,doc_id,doc_title,doc_date,doc_url,category,matched_term,surface_form,sentence,context_before,context_after,category_correct,is_securitising,securitisation_type,referent_object,threat_actor,extraordinary_measure,confidence,coder_notes
57,01d9188eda16,Потрібна потужна система правозахисту воїнів у самому секторі оборони – звернення Президента України,2023-09-14,https://www.president.gov.ua/news/potribna-potuzhna-sistema-pravozahistu-voyiniv-u-samomu-sekt-85621,material_security,оборона,оборони,"Провів нараду з міністром оборони України , обговорили деякі ключові речі .",Будуть і « абрамси » під українськими знаменами – постійно додаємо сили нашим воїнам .,"Ті рішення , яких усе наше суспільство загалом та українські воїни зокрема очікують від Міністерства оборони .",yes,no,none,none,none,none,high,
58,01d9188eda16,Потрібна потужна система правозахисту воїнів у самому секторі оборони – звернення Президента України,2023-09-14,https://www.president.gov.ua/news/potribna-potuzhna-sistema-pravozahistu-voyiniv-u-samomu-sekt-85621,material_security,оборона,оборони,"Ті рішення , яких усе наше суспільство загалом та українські воїни зокрема очікують від Міністерства оборони .","Провів нараду з міністром оборони України , обговорили деякі ключові речі .","Міністр їх представить , коли всі деталі будуть опрацьовані .",yes,no,none,none,none,none,high,
59,01d9188eda16,Потрібна потужна система правозахисту воїнів у самому секторі оборони – звернення Президента України,2023-09-14,https://www.president.gov.ua/news/potribna-potuzhna-sistema-pravozahistu-voyiniv-u-samomu-sekt-85621,material_security,оборона,оборони,"Потрібно , щоб була потужна система правозахисту воїнів у самому секторі оборони .",Це справді потрібно .,"Зустрівся сьогодні з представниками української єврейської громади – рабинами з різних міст України , з нашими воїнами .",yes,no,none,none,none,none,high,
60,01d9188eda16,Потрібна потужна система правозахисту воїнів у самому секторі оборони – звернення Президента України,2023-09-14,https://www.president.gov.ua/news/potribna-potuzhna-sistema-pravozahistu-voyiniv-u-samomu-sekt-85621,church_actors,релігійний,релігійних,"Подякував представникам релігійних організацій за те , що вони тут , в Україні , підтримують людей , підтримують державу й усьому світу – усій єврейській громаді світу – розповідають правду про агресію й терор Росії .",Відзначив воїнів державними нагородами – орденами « За мужність » .,Хороший результат є сьогодні у нашій співпраці з Міжнародним кримінальним судом .,yes,no,none,none,none,none,high,
61,01d9188eda16,Потрібна потужна система правозахисту воїнів у самому секторі оборони – звернення Президента України,2023-09-14,https://www.president.gov.ua/news/potribna-potuzhna-sistema-pravozahistu-voyiniv-u-samomu-sekt-85621,material_security,безпека,безпеки,Є за що окремо відзначити Службу безпеки України – увесь склад Служби й наші Військово - Морські сили .,Ще одне .,Я дякую вам за цей сьогоднішній тріумф – знищено систему ППО окупантів на землі нашого Криму .,yes,no,none,none,none,none,high,
62,01d9188eda16,Потрібна потужна система правозахисту воїнів у самому секторі оборони – звернення Президента України,2023-09-14,https://www.president.gov.ua/news/potribna-potuzhna-sistema-pravozahistu-voyiniv-u-samomu-sekt-85621,decolonisation,окупант,окупантів,Я дякую вам за цей сьогоднішній тріумф – знищено систему ППО окупантів на землі нашого Криму .,Є за що окремо відзначити Службу безпеки України – увесь склад Служби й наші Військово - Морські сили .,"Дуже вагомо , молодці !",yes,no,none,none,none,none,high,
165,035811544b15,Звернення Президента Володимира Зеленського до учасників American Jewish Committee Global Forum,2022-06-13,https://www.president.gov.ua/news/zvernennya-prezidenta-volodimira-zelenskogo-do-uchasnikiv-am-75797,decolonisation,окупант,окупанти,"Російські окупанти вбили частину нашої країни , ми не маємо повної інформації про те , що відбувається в окупованих районах .","І це , мабуть , одна з найстрашніших речей , які відбуваються в час війни .","Ми не знаємо всього про вбивства та інші злочини , які вони скоюють там , на окупованій частині України , що вони зробили з нашими людьми .",yes,no,none,none,none,none,high,
166,035811544b15,Звернення Президента Володимира Зеленського до учасників American Jewish Committee Global Forum,2022-06-13,https://www.president.gov.ua/news/zvernennya-prezidenta-volodimira-zelenskogo-do-uchasnikiv-am-75797,church_actors,церква,церквах,"І при цьому Росія сподівається , що вона не буде реально відповідати за все це зло , за всі ці варварські удари по житлових будинках , по лікарнях , по церквах .","Як могли стати реальністю масові вбивства , катування , спалені міста , фільтраційні табори , які російські військові влаштували на окупованій території і які нагадують концентраційні табори нацистів ?","Росії все ще вистачає могутності , щоб сподіватися продовжувати війну проти України , проти людей , продовжувати ігнорувати реакцію світу .",yes,no,none,none,none,none,high,
167,035811544b15,Звернення Президента Володимира Зеленського до учасників American Jewish Committee Global Forum,2022-06-13,https://www.president.gov.ua/news/zvernennya-prezidenta-volodimira-zelenskogo-do-uchasnikiv-am-75797,church_actors,церква,церкви,Російські снаряди спалюють в Україні навіть російські ж церкви .,Від цього мирного співжиття різних народів ?,"Російська армія знищувала громади , у яких століттями проживала грецька спільнота .",yes,no,none,none,none,none,high,
168,035811544b15,Звернення Президента Володимира Зеленського до учасників American Jewish Committee Global Forum,2022-06-13,https://www.president.gov.ua/news/zvernennya-prezidenta-volodimira-zelenskogo-do-uchasnikiv-am-75797,material_security,санкція,санкцій,Тому захищайте необхідність посилення санкцій проти Росії .,Але зараз справді не 1940-ві .,Це вам до снаги .,yes,no,none,none,none,none,high,
169,035811544b15,Звернення Президента Володимира Зеленського до учасників American Jewish Committee Global Forum,2022-06-13,https://www.president.gov.ua/news/zvernennya-prezidenta-volodimira-zelenskogo-do-uchasnikiv-am-75797,material_security,безпека,безпеку,"Бо ми зараз маємо історичну можливість захистити нашу спільну свободу , нашу спільну безпеку , наше спільне культурне різноманіття від найбільшої хвилі ненависті з усіх , які загрожували світу останніми десятиліттями .",Але ви можете використати ще більше свого впливу .,Тож закінчимо цю війну !,yes,no,none,none,none,none,high,
170,035811544b15,Звернення Президента Володимира Зеленського до учасників American Jewish Committee Global Forum,2022-06-13,https://www.president.gov.ua/news/zvernennya-prezidenta-volodimira-zelenskogo-do-uchasnikiv-am-75797,material_security,безпека,безпеці,"І заради майбутнього мільйонів дітей в Україні та в різних країнах Європи , які заслуговують на те , щоб жити в безпеці , жити в мирі .","В ім’я дітей , які були вбиті ударами російської армії .",Просто жити .,yes,no,none,none,none,none,high,
206,0409a2c6a5fe,"Православний світ побачив, що для Росії Великдень нічого не означає – звернення Президента України",2022-04-25,https://www.president.gov.ua/news/pravoslavnij-svit-pobachiv-sho-dlya-rosiyi-velikden-nichogo-74541,church_actors,православний,православному,"Але чи означали там ці слова те ж саме , що й в усьому православному світі ?",Традиційне привітання « Христос воскрес ! » звучало також і в Росії .,"Росія « привітала » Україну з Великоднем повітряною загрозою майже по всій нашій державі , ракетним ударом по Полтавській області , ракетними ударами по Кременчуку .",yes,no,none,none,none,none,high,
207,0409a2c6a5fe,"Православний світ побачив, що для Росії Великдень нічого не означає – звернення Президента України",2022-04-25,https://www.president.gov.ua/news/pravoslavnij-svit-pobachiv-sho-dlya-rosiyi-velikden-nichogo-74541,material_security,загроза,загрозою,"Росія « привітала » Україну з Великоднем повітряною загрозою майже по всій нашій державі , ракетним ударом по Полтавській області , ракетними ударами по Кременчуку .","Але чи означали там ці слова те ж саме , що й в усьому православному світі ?",Для чого був потрібен цей удар у Великдень ?,yes,no,none,none,none,none,high,
208,0409a2c6a5fe,"Православний світ побачив, що для Росії Великдень нічого не означає – звернення Президента України",2022-04-25,https://www.president.gov.ua/news/pravoslavnij-svit-pobachiv-sho-dlya-rosiyi-velikden-nichogo-74541,material_security,загроза,загрози,"Немає такої військової загрози , від якої це могло б убезпечити Росію .",Для чого був потрібен цей удар у Великдень ?,Це просто свідоме знищення життя в Україні .,yes,no,none,none,none,none,high,
209,0409a2c6a5fe,"Православний світ побачив, що для Росії Великдень нічого не означає – звернення Президента України",2022-04-25,https://www.president.gov.ua/news/pravoslavnij-svit-pobachiv-sho-dlya-rosiyi-velikden-nichogo-74541,church_actors,православний,православне,"Знищення , яке не припинилося навіть у найбільше православне свято .",Це просто свідоме знищення життя в Україні .,"Тож чи християни ці люди , які продовжували і вчора обстрілювати наші міста й громади ?",yes,no,none,none,none,none,high,
210,0409a2c6a5fe,"Православний світ побачив, що для Росії Великдень нічого не означає – звернення Президента України",2022-04-25,https://www.president.gov.ua/news/pravoslavnij-svit-pobachiv-sho-dlya-rosiyi-velikden-nichogo-74541,church_actors,православний,православний,"Але православний світ побачив , що для російських загарбників Великдень нічого не означає .",Росії пропонувалося великоднє припинення вогню .,"Це для них просто червона дата в календарі , для якої потрібні спеціальні слова , спеціальна поведінка , але не те , що називається вірою , і не те , що називається християнським добром .",yes,no,none,none,none,none,high,
211,0409a2c6a5fe,"Православний світ побачив, що для Росії Великдень нічого не означає – звернення Президента України",2022-04-25,https://www.president.gov.ua/news/pravoslavnij-svit-pobachiv-sho-dlya-rosiyi-velikden-nichogo-74541,material_security,безпека,безпеки,"І я вдячний усім нашим поліцейським , усім працівникам Служби безпеки України , усім взагалі , хто відповідав за безпеку на Великдень , за те , що вчора не допустили жодної провокації .","Їсти або навіть святити паски щороку – цього також замало , щоб бути людьми , щоб бути християнами .","Усього того , що російські пропагандисти анонсували напередодні .",yes,no,none,none,none,none,high,
212,0409a2c6a5fe,"Православний світ побачив, що для Росії Великдень нічого не означає – звернення Президента України",2022-04-25,https://www.president.gov.ua/news/pravoslavnij-svit-pobachiv-sho-dlya-rosiyi-velikden-nichogo-74541,material_security,безпека,безпеку,"І я вдячний усім нашим поліцейським , усім працівникам Служби безпеки України , усім взагалі , хто відповідав за безпеку на Великдень , за те , що вчора не допустили жодної провокації .","Їсти або навіть святити паски щороку – цього також замало , щоб бути людьми , щоб бути християнами .","Усього того , що російські пропагандисти анонсували напередодні .",yes,no,none,none,none,none,high,
213,0409a2c6a5fe,"Православний світ побачив, що для Росії Великдень нічого не означає – звернення Президента України",2022-04-25,https://www.president.gov.ua/news/pravoslavnij-svit-pobachiv-sho-dlya-rosiyi-velikden-nichogo-74541,decolonisation,окупант,окупанти,"У Харківській області – на Ізюмському напрямку , на Донбасі – особливо біля Попасної , в Маріуполі , де триває опір захисників міста , у південних районах , де окупанти намагаються перейти в наступ .",Збройні Сили України стримують атаки російських військ на ключових напрямках .,Повітряні тривоги сьогодні вранці знову були майже по всій території нашої держави .,yes,no,none,none,none,none,high,
214,0409a2c6a5fe,"Православний світ побачив, що для Росії Великдень нічого не означає – звернення Президента України",2022-04-25,https://www.president.gov.ua/news/pravoslavnij-svit-pobachiv-sho-dlya-rosiyi-velikden-nichogo-74541,material_security,загроза,загроза,"Вінницька область , Рівненська , Львівська , Одеська – ракетна загроза .",Повітряні тривоги сьогодні вранці знову були майже по всій території нашої держави .,"Росія не полишає спроб зламати наш опір , щоб ...",yes,no,none,none,none,none,high,
215,0409a2c6a5fe,"Православний світ побачив, що для Росії Великдень нічого не означає – звернення Президента України",2022-04-25,https://www.president.gov.ua/news/pravoslavnij-svit-pobachiv-sho-dlya-rosiyi-velikden-nichogo-74541,material_security,безпека,безпеки,"У людей немає засобів для нормального існування , немає елементарної безпеки .","Не вистачає базових продуктів , не вистачає ліків .","Немає всього того , що було до 24 лютого .",yes,no,none,none,none,none,high,
216,0409a2c6a5fe,"Православний світ побачив, що для Росії Великдень нічого не означає – звернення Президента України",2022-04-25,https://www.president.gov.ua/news/pravoslavnij-svit-pobachiv-sho-dlya-rosiyi-velikden-nichogo-74541,decolonisation,звільнення,звільнення,"Всього того , що ми обов'язково повернемо після звільнення нашої землі .",Що було в Донецьку й Луганську до 2014 року .,Продовжуємо робити все для вигнання окупантів та відновлення миру для всіх наших людей .,yes,no,none,none,none,none,high,
217,0409a2c6a5fe,"Православний світ побачив, що для Росії Великдень нічого не означає – звернення Президента України",2022-04-25,https://www.president.gov.ua/news/pravoslavnij-svit-pobachiv-sho-dlya-rosiyi-velikden-nichogo-74541,decolonisation,окупант,окупантів,Продовжуємо робити все для вигнання окупантів та відновлення миру для всіх наших людей .,"Всього того , що ми обов'язково повернемо після звільнення нашої землі .",Ключовий елемент цього процесу – міцність Збройних Сил України .,yes,no,none,none,none,none,high,
218,0409a2c6a5fe,"Православний світ побачив, що для Росії Великдень нічого не означає – звернення Президента України",2022-04-25,https://www.president.gov.ua/news/pravoslavnij-svit-pobachiv-sho-dlya-rosiyi-velikden-nichogo-74541,material_security,оборона,оборони,"Допомога Україні була питанням номер один на переговорах з представниками Сполучених Штатів Америки , які вчора прибули у Київ , – Держсекретарем Ентоні Блінкеном і міністром оборони Ллойдом Остіном .","Наявність достатньої кількості та якості зброї , достатньої кількості та якості боєприпасів .",Наші переговори з ними були достатньо довгими – понад три години – і змістовними .,yes,no,none,none,none,none,high,
219,0409a2c6a5fe,"Православний світ побачив, що для Росії Великдень нічого не означає – звернення Президента України",2022-04-25,https://www.president.gov.ua/news/pravoslavnij-svit-pobachiv-sho-dlya-rosiyi-velikden-nichogo-74541,material_security,оборона,оборони,Серед іншого це стосується й підготовки до великої міністерської зустрічі в Німеччині у вівторок – зберуться сорок міністрів оборони держав - партнерів .,"Узгодили з американською стороною подальші кроки для зміцнення Збройних Сил України , задоволення всіх пріоритетних потреб нашої армії .","Ключове питання – захист України , захист свободи на сході Європи .",yes,no,none,none,none,none,high,
220,0409a2c6a5fe,"Православний світ побачив, що для Росії Великдень нічого не означає – звернення Президента України",2022-04-25,https://www.president.gov.ua/news/pravoslavnij-svit-pobachiv-sho-dlya-rosiyi-velikden-nichogo-74541,material_security,санкція,санкцій,Обговорили шляхи посилення санкцій .,"Ключове питання – захист України , захист свободи на сході Європи .","Той факт , що Росія не шукає миру й демонстративно вбиває навіть на Великдень , свідчить , що потрібен більший санкційний тиск .",yes,no,none,none,none,none,high,
221,0409a2c6a5fe,"Православний світ побачив, що для Росії Великдень нічого не означає – звернення Президента України",2022-04-25,https://www.president.gov.ua/news/pravoslavnij-svit-pobachiv-sho-dlya-rosiyi-velikden-nichogo-74541,material_security,санкція,санкції,Потрібно перекрити всі можливості Росії обходити санкції .,"Той факт , що Росія не шукає миру й демонстративно вбиває навіть на Великдень , свідчить , що потрібен більший санкційний тиск .","Тож ми передали партнерам спеціальний План щодо посилення санкцій проти Російської Федерації , який розробила міжнародна експертна група під керівництвом Андрія Єрмака та Майкла Макфола .",yes,no,none,none,none,none,high,
222,0409a2c6a5fe,"Православний світ побачив, що для Росії Великдень нічого не означає – звернення Президента України",2022-04-25,https://www.president.gov.ua/news/pravoslavnij-svit-pobachiv-sho-dlya-rosiyi-velikden-nichogo-74541,material_security,санкція,санкцій,"Тож ми передали партнерам спеціальний План щодо посилення санкцій проти Російської Федерації , який розробила міжнародна експертна група під керівництвом Андрія Єрмака та Майкла Макфола .",Потрібно перекрити всі можливості Росії обходити санкції .,Окремий пункт переговорів – фінансова підтримка для України .,yes,no,none,none,none,none,high,
223,0409a2c6a5fe,"Православний світ побачив, що для Росії Великдень нічого не означає – звернення Президента України",2022-04-25,https://www.president.gov.ua/news/pravoslavnij-svit-pobachiv-sho-dlya-rosiyi-velikden-nichogo-74541,material_security,безпека,безпеки,"Впевнений , що Сполучені Штати можуть бути лідером серед майбутніх країн – гарантів безпеки України .",Продовжили й обговорення питання про безпекові гарантії для України .,"Основна мета для нас усіх – зробити Європу та світ безпечнішим після війни , гарантувати , що архітектура безпеки спрацює у випадку будь-яких нових загроз .",yes,no,none,none,none,none,high,
224,0409a2c6a5fe,"Православний світ побачив, що для Росії Великдень нічого не означає – звернення Президента України",2022-04-25,https://www.president.gov.ua/news/pravoslavnij-svit-pobachiv-sho-dlya-rosiyi-velikden-nichogo-74541,material_security,безпека,безпеки,"Основна мета для нас усіх – зробити Європу та світ безпечнішим після війни , гарантувати , що архітектура безпеки спрацює у випадку будь-яких нових загроз .","Впевнений , що Сполучені Штати можуть бути лідером серед майбутніх країн – гарантів безпеки України .","Був радий почути від наших друзів підтвердження того , що Посольство Сполучених Штатів знову запрацює в Києві найближчим часом .",yes,no,none,none,none,none,high,
225,0409a2c6a5fe,"Православний світ побачив, що для Росії Великдень нічого не означає – звернення Президента України",2022-04-25,https://www.president.gov.ua/news/pravoslavnij-svit-pobachiv-sho-dlya-rosiyi-velikden-nichogo-74541,material_security,загроза,загроз,"Основна мета для нас усіх – зробити Європу та світ безпечнішим після війни , гарантувати , що архітектура безпеки спрацює у випадку будь-яких нових загроз .","Впевнений , що Сполучені Штати можуть бути лідером серед майбутніх країн – гарантів безпеки України .","Був радий почути від наших друзів підтвердження того , що Посольство Сполучених Штатів знову запрацює в Києві найближчим часом .",yes,no,none,none,none,none,high,
226,0409a2c6a5fe,"Православний світ побачив, що для Росії Великдень нічого не означає – звернення Президента України",2022-04-25,https://www.president.gov.ua/news/pravoslavnij-svit-pobachiv-sho-dlya-rosiyi-velikden-nichogo-74541,urgency,негайний,негайного,"Про ситуацію в Маріуполі та необхідність евакуації цивільних і поранених , про необхідність негайного обміну заблокованих українських військових .",Провів важливу розмову з Президентом Туреччини Ердоганом .,"Обговорили переговорний процес з Росією , оборонні питання .",yes,no,none,none,none,none,high,
227,0409a2c6a5fe,"Православний світ побачив, що для Росії Великдень нічого не означає – звернення Президента України",2022-04-25,https://www.president.gov.ua/news/pravoslavnij-svit-pobachiv-sho-dlya-rosiyi-velikden-nichogo-74541,material_security,безпека,безпеки,"Якщо Росія не почне шукати мир , питання продовольчої безпеки в багатьох країнах перетвориться на питання фізичного виживання мільйонів людей , а отже , й стабільності державних систем .",Але це тільки початок .,Дедалі більше політичних лідерів світу усвідомлюють цю загрозу .,yes,no,none,none,none,none,high,
228,0409a2c6a5fe,"Православний світ побачив, що для Росії Великдень нічого не означає – звернення Президента України",2022-04-25,https://www.president.gov.ua/news/pravoslavnij-svit-pobachiv-sho-dlya-rosiyi-velikden-nichogo-74541,material_security,загроза,загрозу,Дедалі більше політичних лідерів світу усвідомлюють цю загрозу .,"Якщо Росія не почне шукати мир , питання продовольчої безпеки в багатьох країнах перетвориться на питання фізичного виживання мільйонів людей , а отже , й стабільності державних систем .",Тож очікуємо більшого тиску на Росію .,yes,no,none,none,none,none,high,
229,0409a2c6a5fe,"Православний світ побачив, що для Росії Великдень нічого не означає – звернення Президента України",2022-04-25,https://www.president.gov.ua/news/pravoslavnij-svit-pobachiv-sho-dlya-rosiyi-velikden-nichogo-74541,material_security,безпека,безпеки,Державними нагородами України відзначені 188 військовослужбовців Збройних Сил України і п'ятеро працівників Служби безпеки України .,Вчора ж пізно ввечері після всіх зовнішньополітичних справ підписав важливі укази про нагородження наших героїв .,"Звання Героя України присвоєно полковнику Чаюку Денису Валентиновичу , заступнику командира 128-ї окремої гірсько - штурмової бригади , за особисту мужність та результативність у боях з окупантами , за знищення техніки й живої сили ворога .",yes,no,none,none,none,none,high,
230,0409a2c6a5fe,"Православний світ побачив, що для Росії Великдень нічого не означає – звернення Президента України",2022-04-25,https://www.president.gov.ua/news/pravoslavnij-svit-pobachiv-sho-dlya-rosiyi-velikden-nichogo-74541,decolonisation,окупант,окупантами,"Звання Героя України присвоєно полковнику Чаюку Денису Валентиновичу , заступнику командира 128-ї окремої гірсько - штурмової бригади , за особисту мужність та результативність у боях з окупантами , за знищення техніки й живої сили ворога .",Державними нагородами України відзначені 188 військовослужбовців Збройних Сил України і п'ятеро працівників Служби безпеки України .,Слава всім нашим героям !,yes,no,none,none,none,none,high,
231,0409a2c6a5fe,"Православний світ побачив, що для Росії Великдень нічого не означає – звернення Президента України",2022-04-25,https://www.president.gov.ua/news/pravoslavnij-svit-pobachiv-sho-dlya-rosiyi-velikden-nichogo-74541,material_security,ворог,ворога,"Звання Героя України присвоєно полковнику Чаюку Денису Валентиновичу , заступнику командира 128-ї окремої гірсько - штурмової бригади , за особисту мужність та результативність у боях з окупантами , за знищення техніки й живої сили ворога .",Державними нагородами України відзначені 188 військовослужбовців Збройних Сил України і п'ятеро працівників Служби безпеки України .,Слава всім нашим героям !,yes,no,none,none,none,none,high,
275,059af37e0463,Повернення українського прапора в Крим означатиме відродження справжнього миру – виступ Президента на першому парламентському саміті Кримської платформи,2022-10-25,https://www.president.gov.ua/news/povernennya-ukrayinskogo-prapora-v-krim-oznachatime-vidrodzh-78697,church_actors,релігійний,релігійної,"Це було народження антилюдської системи , яка катує , яка позбавляє свободи й травмує , не розбираючи віку , статі , релігійної чи етнічної приналежності , чоловіків , жінок , дітей .","Це був пролог до повномасштабної війни , яка забирає життя тисяч і тисяч людей .",Це був початок найнебезпечнішої хаотизації в міжнародних відносинах за життя кількох поколінь .,yes,no,none,none,none,none,high,
276,059af37e0463,Повернення українського прапора в Крим означатиме відродження справжнього миру – виступ Президента на першому парламентському саміті Кримської платформи,2022-10-25,https://www.president.gov.ua/news/povernennya-ukrayinskogo-prapora-v-krim-oznachatime-vidrodzh-78697,decolonisation,окупант,окупантами,На території Криму окупантами не просто скоєні тисячі злочинів ...,Крим відокремлений Росією від самої можливості нормального життя .,"Від 2014 року Крим – це єдина частина Європи , де тривають де - факто чистки – за релігійною та етнічною ознаками .",yes,no,none,none,none,none,high,
277,059af37e0463,Повернення українського прапора в Крим означатиме відродження справжнього миру – виступ Президента на першому парламентському саміті Кримської платформи,2022-10-25,https://www.president.gov.ua/news/povernennya-ukrayinskogo-prapora-v-krim-oznachatime-vidrodzh-78697,church_actors,релігійний,релігійною,"Від 2014 року Крим – це єдина частина Європи , де тривають де - факто чистки – за релігійною та етнічною ознаками .",На території Криму окупантами не просто скоєні тисячі злочинів ...,Якщо ти мусульманин – російські окупанти вважають тебе винним .,yes,no,none,none,none,none,high,
278,059af37e0463,Повернення українського прапора в Крим означатиме відродження справжнього миру – виступ Президента на першому парламентському саміті Кримської платформи,2022-10-25,https://www.president.gov.ua/news/povernennya-ukrayinskogo-prapora-v-krim-oznachatime-vidrodzh-78697,decolonisation,окупант,окупанти,Якщо ти мусульманин – російські окупанти вважають тебе винним .,"Від 2014 року Крим – це єдина частина Європи , де тривають де - факто чистки – за релігійною та етнічною ознаками .",Якщо ти киримли – російські окупанти вважають тебе винним .,yes,no,none,none,none,none,high,
279,059af37e0463,Повернення українського прапора в Крим означатиме відродження справжнього миру – виступ Президента на першому парламентському саміті Кримської платформи,2022-10-25,https://www.president.gov.ua/news/povernennya-ukrayinskogo-prapora-v-krim-oznachatime-vidrodzh-78697,decolonisation,окупант,окупанти,Якщо ти киримли – російські окупанти вважають тебе винним .,Якщо ти мусульманин – російські окупанти вважають тебе винним .,Якщо в тебе український паспорт – російські окупанти вважають тебе винним .,yes,no,none,none,none,none,high,
280,059af37e0463,Повернення українського прапора в Крим означатиме відродження справжнього миру – виступ Президента на першому парламентському саміті Кримської платформи,2022-10-25,https://www.president.gov.ua/news/povernennya-ukrayinskogo-prapora-v-krim-oznachatime-vidrodzh-78697,decolonisation,окупант,окупанти,Якщо в тебе український паспорт – російські окупанти вважають тебе винним .,Якщо ти киримли – російські окупанти вважають тебе винним .,Вдумайтеся ще раз : люди в таких умовах – уже дев’ятий рік !,yes,no,none,none,none,none,high,
281,059af37e0463,Повернення українського прапора в Крим означатиме відродження справжнього миру – виступ Президента на першому парламентському саміті Кримської платформи,2022-10-25,https://www.president.gov.ua/news/povernennya-ukrayinskogo-prapora-v-krim-oznachatime-vidrodzh-78697,decolonisation,окупант,окупантами,А ще – постійне свідоме знищення окупантами природи Криму .,А ще – постійна російська мілітаризація Криму .,А ще – тотальна відсутність гарантій права власності в Криму й грабунок Криму в інтересах загарбників .,yes,no,none,none,none,none,high,
282,059af37e0463,Повернення українського прапора в Крим означатиме відродження справжнього миру – виступ Президента на першому парламентському саміті Кримської платформи,2022-10-25,https://www.president.gov.ua/news/povernennya-ukrayinskogo-prapora-v-krim-oznachatime-vidrodzh-78697,church_actors,релігійний,релігійних,"Повернення українського прапора – це захист прав людини , це свобода для всіх людей у Криму , для всіх спільнот – етнічних чи релігійних .",І не може бути – Росія позбавила наш півострів ринків і розвитку .,"Це можливість вільно говорити те , що ти думаєш , і поширювати правду про те , що відбувається .",yes,no,none,none,none,none,high,
283,059af37e0463,Повернення українського прапора в Крим означатиме відродження справжнього миру – виступ Президента на першому парламентському саміті Кримської платформи,2022-10-25,https://www.president.gov.ua/news/povernennya-ukrayinskogo-prapora-v-krim-oznachatime-vidrodzh-78697,decolonisation,деокупація,деокупації,"Ми маємо зробити цей наш формат , формат Кримської платформи , стартом для інших гуманітарних і дипломатичних платформ , які сприятимуть деокупації інших територій , які були колись поневолені : від Придністровʼя й Абхазії до Північних територій .","Щоб повернути Криму повноцінне життя після років окупації , а людям у Криму – справедливість , наша співпраця має зберігатися на максимумі й після відновлення нашої територіальної цілісності .",А третє ...,yes,no,none,none,none,none,high,
284,059af37e0463,Повернення українського прапора в Крим означатиме відродження справжнього миру – виступ Президента на першому парламентському саміті Кримської платформи,2022-10-25,https://www.president.gov.ua/news/povernennya-ukrayinskogo-prapora-v-krim-oznachatime-vidrodzh-78697,decolonisation,окупант,окупантів,"Я прошу вас пообіцяти мені , що ви неодмінно відвідаєте наш український , звільнений від окупантів і мирний Крим .",Це дуже важливо .,"Одразу , як повернемо туди наш національний прапор .",yes,no,none,none,none,none,high,
285,059af37e0463,Повернення українського прапора в Крим означатиме відродження справжнього миру – виступ Президента на першому парламентському саміті Кримської платформи,2022-10-25,https://www.president.gov.ua/news/povernennya-ukrayinskogo-prapora-v-krim-oznachatime-vidrodzh-78697,material_security,територіальний цілісність,територіальної цілісності,"У цей час , коли відновлення нашої територіальної цілісності ще триває , потрібна достатня та своєчасна підтримка для нашої держави .",І нам зараз потрібні три речі .,"Оборонна , фінансова і санкційна .",yes,no,none,none,none,none,high,
286,059af37e0463,Повернення українського прапора в Крим означатиме відродження справжнього миру – виступ Президента на першому парламентському саміті Кримської платформи,2022-10-25,https://www.president.gov.ua/news/povernennya-ukrayinskogo-prapora-v-krim-oznachatime-vidrodzh-78697,material_security,територіальний цілісність,територіальної цілісності,"Щоб повернути Криму повноцінне життя після років окупації , а людям у Криму – справедливість , наша співпраця має зберігатися на максимумі й після відновлення нашої територіальної цілісності .","Потім , коли ми вийдемо на наші законні державні кордони й повернемо зокрема й Крим , нам буде потрібен ваш досвід : безпековий , політичний , юридичний , економічний , соціальний , інфраструктурний .","Ми маємо зробити цей наш формат , формат Кримської платформи , стартом для інших гуманітарних і дипломатичних платформ , які сприятимуть деокупації інших територій , які були колись поневолені : від Придністровʼя й Абхазії до Північних територій .",yes,no,none,none,none,none,high,
401,077c96bd9f5f,"Звернення Президента України щодо забезпечення засобами, необхідними для боротьби з поширенням коронавірусу",2020-03-23,https://www.president.gov.ua/news/zvernennya-prezidenta-ukrayini-shodo-zabezpechennya-zasobami-60261,urgency,заборона,заборона,"Зокрема , заборона відключати електроенергію для населення .","Сьогодні відбувається засідання уряду , де серед іншого буде ухвалено низку важливих рішень .","Зміни до законодавства , які дозволять « Укрпошті » доставляти ліки .",yes,no,none,none,none,none,high,COVID-19 response. Church leaders thanked for online services.
402,077c96bd9f5f,"Звернення Президента України щодо забезпечення засобами, необхідними для боротьби з поширенням коронавірусу",2020-03-23,https://www.president.gov.ua/news/zvernennya-prezidenta-ukrayini-shodo-zabezpechennya-zasobami-60261,urgency,надзвичайний,надзвичайний,"Ви кажете , що влада запровадить надзвичайний стан , щоб під шумок протягнути якісь непопулярні рішення .",У складні для країни часи займатися політичним хайпом – фактично дорівнює мародерству .,Можу сказати тільки одне : не судіть інших по собі .,yes,no,none,none,none,none,high,COVID-19 response. Church leaders thanked for online services.
403,077c96bd9f5f,"Звернення Президента України щодо забезпечення засобами, необхідними для боротьби з поширенням коронавірусу",2020-03-23,https://www.president.gov.ua/news/zvernennya-prezidenta-ukrayini-shodo-zabezpechennya-zasobami-60261,material_security,ворог,ворогом,Вони фактично перебувають на новій « передовій » і ведуть боротьбу з невидимим ворогом – коронавірусною інфекцією .,Ці хлопці та дівчата одними з перших долучилися до непоширення коронавірусу в Україні .,Дякую вам за службу !,yes,no,none,none,none,none,high,COVID-19 response. Church leaders thanked for online services.
404,077c96bd9f5f,"Звернення Президента України щодо забезпечення засобами, необхідними для боротьби з поширенням коронавірусу",2020-03-23,https://www.president.gov.ua/news/zvernennya-prezidenta-ukrayini-shodo-zabezpechennya-zasobami-60261,church_actors,церква,церков,"Дякую тим главам церков , які розуміють небезпеку та проводять богослужіння без людей , у режимі онлайн .","Нашим поліцейським та нацгвардійцям , які підтримують порядок на наших вулицях .","Впевнений , що й інші глави доєднаються до такої вимушеної практики .",yes,no,none,none,none,none,high,COVID-19 response. Church leaders thanked for online services.
405,077c96bd9f5f,"Звернення Президента України щодо забезпечення засобами, необхідними для боротьби з поширенням коронавірусу",2020-03-23,https://www.president.gov.ua/news/zvernennya-prezidenta-ukrayini-shodo-zabezpechennya-zasobami-60261,material_security,безпека,безпека,"Адже сьогодні людям справді дуже потрібна віра , але не менше їм потрібна елементарна безпека .","Впевнений , що й інші глави доєднаються до такої вимушеної практики .","Дякую соціально відповідальному бізнесу та нашим волонтерам , які допомагають всім , що потрібно .",yes,no,none,none,none,none,high,COVID-19 response. Church leaders thanked for online services.
485,0a24f51a8267,"Підтримуючи Україну, світ підтримує захист від війни, бо джерело агресії – поза нашими кордонами – звернення Володимира Зеленського до Федеральних зборів та народу Швейцарської Конфедерації",2023-06-15,https://www.president.gov.ua/news/pidtrimuyuchi-ukrayinu-svit-pidtrimuye-zahist-vid-vijni-bo-d-83613,church_actors,церква,церкви,"Міста , села , будинки , школи , церкви , ринки , підприємства – усе …",Майже щоночі й щодня .,"Їх обстрілюють через кордон із території Росії з артилерії чи мінометів , ракетами чи керованими авіабомбами …",yes,no,none,none,none,none,high,
486,0a24f51a8267,"Підтримуючи Україну, світ підтримує захист від війни, бо джерело агресії – поза нашими кордонами – звернення Володимира Зеленського до Федеральних зборів та народу Швейцарської Конфедерації",2023-06-15,https://www.president.gov.ua/news/pidtrimuyuchi-ukrayinu-svit-pidtrimuye-zahist-vid-vijni-bo-d-83613,material_security,загроза,загроза,"Це смерть або загроза смерті , яка приходить на нашу землю з Росії .","Їх обстрілюють через кордон із території Росії з артилерії чи мінометів , ракетами чи керованими авіабомбами …","Сотні українських родин втратили рідних через удари іранських дронів - камікадзе – « Шахедів » , які росіяни майже щоночі десятками запускають по наших містах .",yes,no,none,none,none,none,high,
487,0a24f51a8267,"Підтримуючи Україну, світ підтримує захист від війни, бо джерело агресії – поза нашими кордонами – звернення Володимира Зеленського до Федеральних зборів та народу Швейцарської Конфедерації",2023-06-15,https://www.president.gov.ua/news/pidtrimuyuchi-ukrayinu-svit-pidtrimuye-zahist-vid-vijni-bo-d-83613,decolonisation,незалежність,незалежність,"Ми захищаємо життя своїх людей , свою свободу , свою незалежність , свої цінності .","Немає в цій жорстокій війні , що триває на нашій землі , абсолютно нічого , що робило б саме нашу землю , саме наших людей , саме нашу Україну джерелом війни або територією тих , хто хоче щось загарбати в іншого народу .",Мир для українських дітей !,yes,no,none,none,none,none,high,
488,0a24f51a8267,"Підтримуючи Україну, світ підтримує захист від війни, бо джерело агресії – поза нашими кордонами – звернення Володимира Зеленського до Федеральних зборів та народу Швейцарської Конфедерації",2023-06-15,https://www.president.gov.ua/news/pidtrimuyuchi-ukrayinu-svit-pidtrimuye-zahist-vid-vijni-bo-d-83613,material_security,санкція,санкцій,"Я дякую за кожен пакет санкцій проти Росії , які обмежують російський терористичний потенціал .","Саме тому солідарність із нашим народом проявляють , зокрема , навіть ті нації , із якими в нас не було змістовних відносин до 24 лютого 2022 року , коли Росія перетворила гібридну агресію проти нашої держави на відкриту повномасштабну геноцидну війну .","Я дякую світу за кожну одиницю зброї , яка допомагає рятувати людей від російського терору !",yes,no,none,none,none,none,high,
489,0a24f51a8267,"Підтримуючи Україну, світ підтримує захист від війни, бо джерело агресії – поза нашими кордонами – звернення Володимира Зеленського до Федеральних зборів та народу Швейцарської Конфедерації",2023-06-15,https://www.president.gov.ua/news/pidtrimuyuchi-ukrayinu-svit-pidtrimuye-zahist-vid-vijni-bo-d-83613,material_security,санкція,санкції,"Усе це допомагає обмежувати агресію – і зброя для нас , і санкції проти Росії , які постійно зростають і не дають їй адаптуватися до тиску світу , і ще – справедливість для українців та всього світу .","Я дякую за кожен заморожений актив російської держави й тих осіб , без колаборації яких із Кремлем Росія не стала б державою - терористом …","Справедливість , яку ми наближаємо , створюючи трибунал щодо російської агресії .",yes,no,none,none,none,none,high,
490,0a24f51a8267,"Підтримуючи Україну, світ підтримує захист від війни, бо джерело агресії – поза нашими кордонами – звернення Володимира Зеленського до Федеральних зборів та народу Швейцарської Конфедерації",2023-06-15,https://www.president.gov.ua/news/pidtrimuyuchi-ukrayinu-svit-pidtrimuye-zahist-vid-vijni-bo-d-83613,material_security,санкція,санкції,"Ви підтримали спільні європейські санкції проти Росії , і це важлива солідарність , бо санкції наближають фінал цієї агресії .","Я вдячний вам , Швейцаріє , за те , що ви не залишилися байдужими до горя , яке Росія вкидає на нашу землю своєю агресією .",Їх варто посилювати .,yes,no,none,none,none,none,high,
491,0a24f51a8267,"Підтримуючи Україну, світ підтримує захист від війни, бо джерело агресії – поза нашими кордонами – звернення Володимира Зеленського до Федеральних зборів та народу Швейцарської Конфедерації",2023-06-15,https://www.president.gov.ua/news/pidtrimuyuchi-ukrayinu-svit-pidtrimuye-zahist-vid-vijni-bo-d-83613,decolonisation,воля,волю,"Саме так , як про це говорив на початку пан спікер : заснований на правилах міжнародний порядок має гарантувати волю для кожної нації .","Саме так , як передбачено міжнародним правом .","Ми не джерело агресії , не територія війни й не якась там зона конфліктів .",yes,no,none,none,none,none,high,
492,0a24f51a8267,"Підтримуючи Україну, світ підтримує захист від війни, бо джерело агресії – поза нашими кордонами – звернення Володимира Зеленського до Федеральних зборів та народу Швейцарської Конфедерації",2023-06-15,https://www.president.gov.ua/news/pidtrimuyuchi-ukrayinu-svit-pidtrimuye-zahist-vid-vijni-bo-d-83613,material_security,безпека,безпеки,"Вона створена так , щоб кожен у світі міг обрати для себе той компонент відновлення миру та безпеки , який може допомогти реалізувати найбільш ефективно .","Різні держави , різні лідери вже беруть участь у зусиллях заради реалізації формули .","Є партнери , які обрали радіаційну та продовольчу безпеку .",yes,no,none,none,none,none,high,
493,0a24f51a8267,"Підтримуючи Україну, світ підтримує захист від війни, бо джерело агресії – поза нашими кордонами – звернення Володимира Зеленського до Федеральних зборів та народу Швейцарської Конфедерації",2023-06-15,https://www.president.gov.ua/news/pidtrimuyuchi-ukrayinu-svit-pidtrimuye-zahist-vid-vijni-bo-d-83613,material_security,безпека,безпеку,"Є партнери , які обрали радіаційну та продовольчу безпеку .","Вона створена так , щоб кожен у світі міг обрати для себе той компонент відновлення миру та безпеки , який може допомогти реалізувати найбільш ефективно .","Є партнери , які готові допомогти з поверненням дітей , яких російські окупанти депортували на територію агресора й ховають від рідних та України .",yes,no,none,none,none,none,high,
494,0a24f51a8267,"Підтримуючи Україну, світ підтримує захист від війни, бо джерело агресії – поза нашими кордонами – звернення Володимира Зеленського до Федеральних зборів та народу Швейцарської Конфедерації",2023-06-15,https://www.president.gov.ua/news/pidtrimuyuchi-ukrayinu-svit-pidtrimuye-zahist-vid-vijni-bo-d-83613,decolonisation,окупант,окупанти,"Є партнери , які готові допомогти з поверненням дітей , яких російські окупанти депортували на територію агресора й ховають від рідних та України .","Є партнери , які обрали радіаційну та продовольчу безпеку .",Тисячі й тисячі вкрадених Росією дітей !,yes,no,none,none,none,none,high,
532,0ac5a3bf3319,Час бути ефективними в рутинних справах і віддавати все необхідне для оборони – звернення Президента України Володимира Зеленського,2022-03-12,https://www.president.gov.ua/news/chas-buti-efektivnimi-v-rutinnih-spravah-i-viddavati-vse-neo-73509,decolonisation,окупант,окупанти,Вчора окупанти захопили в полон мера Мелітополя Івана Федорова .,"Щоб було по-чесному , щоб було по справедливості .",Громада міста вимагає звільнити його .,yes,no,none,none,none,none,high,
533,0ac5a3bf3319,Час бути ефективними в рутинних справах і віддавати все необхідне для оборони – звернення Президента України Володимира Зеленського,2022-03-12,https://www.president.gov.ua/news/chas-buti-efektivnimi-v-rutinnih-spravah-i-viddavati-vse-neo-73509,decolonisation,окупант,Окупанти,"Окупанти повинні бачити , що вони чужі на нашій землі , на всій нашій землі України , і ніколи не будуть прийняті .","Я вдячний кожному мелітопольцю за цей спротив , за цю позицію .",Впродовж ночі й сьогодні постійно говоримо з партнерами про цю ситуацію з нашим міським головою .,yes,no,none,none,none,none,high,
534,0ac5a3bf3319,Час бути ефективними в рутинних справах і віддавати все необхідне для оборони – звернення Президента України Володимира Зеленського,2022-03-12,https://www.president.gov.ua/news/chas-buti-efektivnimi-v-rutinnih-spravah-i-viddavati-vse-neo-73509,material_security,ворог,ворога,"Наші Збройні Сили роблять усе , щоб позбавити ворога будь-якого бажання продовжувати війну проти України .","Українців , які не здаються .",Втрати російських військ – колосальні .,yes,no,none,none,none,none,high,
535,0ac5a3bf3319,Час бути ефективними в рутинних справах і віддавати все необхідне для оборони – звернення Президента України Володимира Зеленського,2022-03-12,https://www.president.gov.ua/news/chas-buti-efektivnimi-v-rutinnih-spravah-i-viddavati-vse-neo-73509,decolonisation,окупант,окупантів,"Динаміка втрат окупантів на 17-й день вже така , що можна впевнено говорити : це найбільший удар по російській армії за десятки років .",Втрати російських військ – колосальні .,Вони ніде не втрачали більше за таку кількість днів .,yes,no,none,none,none,none,high,
536,0ac5a3bf3319,Час бути ефективними в рутинних справах і віддавати все необхідне для оборони – звернення Президента України Володимира Зеленського,2022-03-12,https://www.president.gov.ua/news/chas-buti-efektivnimi-v-rutinnih-spravah-i-viddavati-vse-neo-73509,material_security,ворог,ворога,Від початку вторгнення 31 батальйонно - тактична група ворога втратила боєздатність .,Вони ніде не втрачали більше за таку кількість днів .,"Російські військові здаються в полон вже не просто поодинці , а цілими групами .",yes,no,none,none,none,none,high,
537,0ac5a3bf3319,Час бути ефективними в рутинних справах і віддавати все необхідне для оборони – звернення Президента України Володимира Зеленського,2022-03-12,https://www.president.gov.ua/news/chas-buti-efektivnimi-v-rutinnih-spravah-i-viddavati-vse-neo-73509,urgency,надзвичайний,надзвичайні,Ми маємо надзвичайні успіхи .,"Хочу , щоб ви мене зрозуміли правильно .","Те , як увесь український народ чинить спротив цим загарбникам , уже ввійшло в історію .",yes,no,none,none,none,none,high,
538,0ac5a3bf3319,Час бути ефективними в рутинних справах і віддавати все необхідне для оборони – звернення Президента України Володимира Зеленського,2022-03-12,https://www.president.gov.ua/news/chas-buti-efektivnimi-v-rutinnih-spravah-i-viddavati-vse-neo-73509,material_security,оборона,оборони,"Але ми не маємо права знижувати інтенсивність оборони , як би нам складно не було .","Те , як увесь український народ чинить спротив цим загарбникам , уже ввійшло в історію .",Не маємо права зменшувати енергію свого спротиву .,yes,no,none,none,none,none,high,
539,0ac5a3bf3319,Час бути ефективними в рутинних справах і віддавати все необхідне для оборони – звернення Президента України Володимира Зеленського,2022-03-12,https://www.president.gov.ua/news/chas-buti-efektivnimi-v-rutinnih-spravah-i-viddavati-vse-neo-73509,material_security,ворог,Ворог,Ворог заводить на нашу територію нові й нові колони .,Не маємо права зменшувати енергію свого спротиву .,Вони шукають повсюди бійців для себе .,yes,no,none,none,none,none,high,
540,0ac5a3bf3319,Час бути ефективними в рутинних справах і віддавати все необхідне для оборони – звернення Президента України Володимира Зеленського,2022-03-12,https://www.president.gov.ua/news/chas-buti-efektivnimi-v-rutinnih-spravah-i-viddavati-vse-neo-73509,material_security,оборона,оборону,"Ще треба усім нам , усім українцям , і надалі зосереджено працювати на оборону нашої держави .",Ще треба бути зосередженими .,Працювати разом .,yes,no,none,none,none,none,high,
541,0ac5a3bf3319,Час бути ефективними в рутинних справах і віддавати все необхідне для оборони – звернення Президента України Володимира Зеленського,2022-03-12,https://www.president.gov.ua/news/chas-buti-efektivnimi-v-rutinnih-spravah-i-viddavati-vse-neo-73509,church_actors,церква,церкви,"Вдячний представникам церкви , які долучилися до намагань захистити гуманітарний коридор у Маріуполі від обстрілів .","Я вдячний кожному водію , який намагається реалізувати цю складну місію .","Українські війська зі свого боку гарантують повну « тишу » по всьому маршруту , щоб Маріуполь отримав їжу , отримав воду , отримав медикаменти .",yes,no,none,none,none,none,high,
542,0ac5a3bf3319,Час бути ефективними в рутинних справах і віддавати все необхідне для оборони – звернення Президента України Володимира Зеленського,2022-03-12,https://www.president.gov.ua/news/chas-buti-efektivnimi-v-rutinnih-spravah-i-viddavati-vse-neo-73509,material_security,санкція,санкцій,"Очікуємо новий пакет санкцій Європи проти Російської Федерації , щоб спонукати її до миру .","Другий – важливий , пріоритетний – санкційний .",До миру на нашій землі .,yes,no,none,none,none,none,high,
543,0ac5a3bf3319,Час бути ефективними в рутинних справах і віддавати все необхідне для оборони – звернення Президента України Володимира Зеленського,2022-03-12,https://www.president.gov.ua/news/chas-buti-efektivnimi-v-rutinnih-spravah-i-viddavati-vse-neo-73509,material_security,оборона,оборони,"І при цьому віддавати все , що необхідно для нашої оборони , для нашої армії , для наших захисників і захисниць .","Виконувати свою роботу на сто відсотків , допомагати колегам , дбати про своїх близьких .",Це вітчизняна війна .,yes,no,none,none,none,none,high,
544,0ac5a3bf3319,Час бути ефективними в рутинних справах і віддавати все необхідне для оборони – звернення Президента України Володимира Зеленського,2022-03-12,https://www.president.gov.ua/news/chas-buti-efektivnimi-v-rutinnih-spravah-i-viddavati-vse-neo-73509,decolonisation,незалежність,незалежність,Це війна за нашу незалежність .,Це наша війна .,Не просто держави .,yes,no,none,none,none,none,high,
703,1092f016762c,Більше систем ППО та засобів ураження російської авіації означає ближчий мир – звернення Президента України,2024-03-10,https://www.president.gov.ua/news/bilshe-sistem-ppo-ta-zasobiv-urazhennya-rosijskoyi-aviaciyi-89621,material_security,оборона,оборони,"Я дякую кожному льотчику та інженеру Повітряних сил , усім нашим воїнам протиповітряної оборони .",Я дякую кожному воїну наших мобільних вогневих груп в усіх регіонах бойового чергування .,"Будемо й надалі нарощувати наші вогневі можливості , українську ППО .",yes,no,none,none,none,none,high,
704,1092f016762c,Більше систем ППО та засобів ураження російської авіації означає ближчий мир – звернення Президента України,2024-03-10,https://www.president.gov.ua/news/bilshe-sistem-ppo-ta-zasobiv-urazhennya-rosijskoyi-aviaciyi-89621,material_security,оборона,оборони,Наші Сили оборони складаються з багатьох елементів .,Друге .,Багатьох бригад та підрозділів .,yes,no,none,none,none,none,high,
705,1092f016762c,Більше систем ППО та засобів ураження російської авіації означає ближчий мир – звернення Президента України,2024-03-10,https://www.president.gov.ua/news/bilshe-sistem-ppo-ta-zasobiv-urazhennya-rosijskoyi-aviaciyi-89621,church_actors,церква,церков,"В Україні багато було колись білих стін будинків і церков , які зараз обпалені та розбиті російськими снарядами .","Російські вбивці та катівні не йдуть далі Європою лише тому , що їх стримують українці й українки зі зброєю в руках та під синьо - жовтим прапором .","І це дуже красномовно говорить , хто саме повинен зупинитись , щоб війна зупинилась .",yes,no,none,none,none,none,high,
706,1092f016762c,Більше систем ППО та засобів ураження російської авіації означає ближчий мир – звернення Президента України,2024-03-10,https://www.president.gov.ua/news/bilshe-sistem-ppo-ta-zasobiv-urazhennya-rosijskoyi-aviaciyi-89621,material_security,оборона,оборони,"Я дякую кожному українському капелану , які – з армією , в Силах оборони .","Християни , мусульмани , юдеї – всі .","Там , на передовій .",yes,no,none,none,none,none,high,
707,1092f016762c,Більше систем ППО та засобів ураження російської авіації означає ближчий мир – звернення Президента України,2024-03-10,https://www.president.gov.ua/news/bilshe-sistem-ppo-ta-zasobiv-urazhennya-rosijskoyi-aviaciyi-89621,church_actors,церква,церква,Ось що таке церква – з людьми .,"Підтримують і молитвою , і розмовою , і справою .","А не за дві з половиною тисячі кілометрів – десь там займатись віртуальним посередництвом між тим , хто хоче жити , і тим , хто хоче тебе знищити .",yes,no,none,none,none,none,high,
708,1092f016762c,Більше систем ППО та засобів ураження російської авіації означає ближчий мир – звернення Президента України,2024-03-10,https://www.president.gov.ua/news/bilshe-sistem-ppo-ta-zasobiv-urazhennya-rosijskoyi-aviaciyi-89621,material_security,ворог,ворог,"Також за підсумками цих тижнів є за що подякувати воїнам підрозділів ГУР – деталі публічно розкривати зараз не варто , але їхню роботу ворог дійсно відчуває .",Дякую вам за майстерність та необхідні Україні результати .,"І чим більше російська держава втрачатиме , тим скоріше все це зло війни забереться з нашої землі .",yes,no,none,none,none,none,high,
1047,1c3a4f3260a8,"Перший же український F-16 стане одним із найсильніших сигналів від світу, що Росія лише втрачатиме – звернення Президента України",2023-05-24,https://www.president.gov.ua/news/pershij-zhe-ukrayinskij-f-16-stane-odnim-iz-najsilnishih-sig-83129,material_security,оборона,оборони,Бо лише з потужними літаками система протиповітряної оборони стає повноцінною .,"Зрозуміло , що цей глобальний крок дасть змогу розширити наші оборонні можливості .","А з іншого боку , перший же український F - 16 стане одним із найсильніших сигналів від світу , що Росія через її ж агресію лише втрачатиме – буде слабшою , ставатиме ще більш ізольованою .",yes,no,none,none,none,none,high,
1048,1c3a4f3260a8,"Перший же український F-16 стане одним із найсильніших сигналів від світу, що Росія лише втрачатиме – звернення Президента України",2023-05-24,https://www.president.gov.ua/news/pershij-zhe-ukrayinskij-f-16-stane-odnim-iz-najsilnishih-sig-83129,decolonisation,окупант,окупанту,"Сьогодні на Ставці , як і завжди , заслухав звіти командувачів , Головкома , керівника ГУР щодо поточної ситуації на фронті , нашої протидії окупанту й тих можливостей , які Росія збирається використати проти нас .","Головне – швидкість тренування і постачання , тобто час , який мине між рішеннями й реальним захистом нашого неба .","Знаємо , чим відповідати .",yes,no,none,none,none,none,high,
1049,1c3a4f3260a8,"Перший же український F-16 стане одним із найсильніших сигналів від світу, що Росія лише втрачатиме – звернення Президента України",2023-05-24,https://www.president.gov.ua/news/pershij-zhe-ukrayinskij-f-16-stane-odnim-iz-najsilnishih-sig-83129,material_security,загроза,загрози,"Зокрема , це стосується ракетної загрози та постійного терору дронами - камікадзе .","Знаємо , чим відповідати .","Зараз Росія дедалі частіше вдається до так званих комбінованих ударів – різні типи ракет , різні типи дронів .",yes,no,none,none,none,none,high,
1050,1c3a4f3260a8,"Перший же український F-16 стане одним із найсильніших сигналів від світу, що Росія лише втрачатиме – звернення Президента України",2023-05-24,https://www.president.gov.ua/news/pershij-zhe-ukrayinskij-f-16-stane-odnim-iz-najsilnishih-sig-83129,church_actors,церква,церкви,"Житло , школи , лікарні , молитовні будинки , церкви , електростанції , ринки , навіть пункти видачі гуманітарної допомоги та автобусні зупинки …",Для Росії мішень – абсолютно все .,Вже є тисячі таких прикладів .,yes,no,none,none,none,none,high,
1051,1c3a4f3260a8,"Перший же український F-16 стане одним із найсильніших сигналів від світу, що Росія лише втрачатиме – звернення Президента України",2023-05-24,https://www.president.gov.ua/news/pershij-zhe-ukrayinskij-f-16-stane-odnim-iz-najsilnishih-sig-83129,decolonisation,окупант,окупанти,"І , йдучи проти українців , російські окупанти знищують усі інші національні спільноти , які століттями живуть на землі України .",Лише абсолютне зло може красти дітей іншого народу .,Тому підтвердження – спалені росіянами села греків - християн і системні репресії Росії проти кримськотатарського народу – нашої української мусульманської спільноти .,yes,no,none,none,none,none,high,
1077,1cab7f32ecd4,"Ми маємо не допустити, щоб хтось у світі засумнівався у стійкості всієї України – Щорічне Послання Президента до Верховної Ради",2024-11-19,https://www.president.gov.ua/news/mi-mayemo-ne-dopustiti-shob-htos-u-sviti-zasumnivavsya-u-sti-94497,material_security,ворог,ворог,"І ми всі маємо розуміти , за що ворог сплачує таку ціну .","Саме там і на суміжних оборонних напрямках на нашій українській Донеччині , на нашій Харківщині Росія пішла на найбільший рівень своїх втрат за цю війну .","Росія хоче руйнації нас , нашої держави , наших людей , руйнації нашої стійкості .",yes,no,none,none,none,none,high,
1078,1cab7f32ecd4,"Ми маємо не допустити, щоб хтось у світі засумнівався у стійкості всієї України – Щорічне Послання Президента до Верховної Ради",2024-11-19,https://www.president.gov.ua/news/mi-mayemo-ne-dopustiti-shob-htos-u-sviti-zasumnivavsya-u-sti-94497,material_security,ворог,ворога,"Або ми ворога , або ворог нас , українців .","На цьому етапі війни вирішується , хто дотисне .",І європейців .,yes,no,none,none,none,none,high,
1079,1cab7f32ecd4,"Ми маємо не допустити, щоб хтось у світі засумнівався у стійкості всієї України – Щорічне Послання Президента до Верховної Ради",2024-11-19,https://www.president.gov.ua/news/mi-mayemo-ne-dopustiti-shob-htos-u-sviti-zasumnivavsya-u-sti-94497,material_security,ворог,ворог,"Або ми ворога , або ворог нас , українців .","На цьому етапі війни вирішується , хто дотисне .",І європейців .,yes,no,none,none,none,none,high,
1080,1cab7f32ecd4,"Ми маємо не допустити, щоб хтось у світі засумнівався у стійкості всієї України – Щорічне Послання Президента до Верховної Ради",2024-11-19,https://www.president.gov.ua/news/mi-mayemo-ne-dopustiti-shob-htos-u-sviti-zasumnivavsya-u-sti-94497,decolonisation,окупант,окупант,"Щоб не ми , а окупант посипався .",Зараз не посипатися .,Нам потрібна внутрішня стійкість .,yes,no,none,none,none,none,high,
1081,1cab7f32ecd4,"Ми маємо не допустити, щоб хтось у світі засумнівався у стійкості всієї України – Щорічне Послання Президента до Верховної Ради",2024-11-19,https://www.president.gov.ua/news/mi-mayemo-ne-dopustiti-shob-htos-u-sviti-zasumnivavsya-u-sti-94497,material_security,безпека,безпеки,"Безальтернативне для нас і одночасно і свободи , і безпеки .",НАТО безальтернативне для всіх у Європі .,Для всього цього .,yes,no,none,none,none,none,high,
1082,1cab7f32ecd4,"Ми маємо не допустити, щоб хтось у світі засумнівався у стійкості всієї України – Щорічне Послання Президента до Верховної Ради",2024-11-19,https://www.president.gov.ua/news/mi-mayemo-ne-dopustiti-shob-htos-u-sviti-zasumnivavsya-u-sti-94497,decolonisation,незалежність,незалежності,Ми досягли найбільшого рівня близькості із Європейським Союзом і НАТО за весь час незалежності .,"Мир потребує зусиль , і це мають бути зусилля саме на основі єдності .",Вже сформовано всю необхідну архітектуру для перемовного процесу із Європейським Союзом .,yes,no,none,none,none,none,high,
1083,1cab7f32ecd4,"Ми маємо не допустити, щоб хтось у світі засумнівався у стійкості всієї України – Щорічне Послання Президента до Верховної Ради",2024-11-19,https://www.president.gov.ua/news/mi-mayemo-ne-dopustiti-shob-htos-u-sviti-zasumnivavsya-u-sti-94497,urgency,негайний,негайне,План перемоги України починається з пункту про негайне запрошення нашої держави в Альянс .,Життєво важливим для всіх нас є й право України на членство в НАТО .,Запрошення – це політичний крок .,yes,no,none,none,none,none,high,
1084,1cab7f32ecd4,"Ми маємо не допустити, щоб хтось у світі засумнівався у стійкості всієї України – Щорічне Послання Президента до Верховної Ради",2024-11-19,https://www.president.gov.ua/news/mi-mayemo-ne-dopustiti-shob-htos-u-sviti-zasumnivavsya-u-sti-94497,urgency,негайний,негайної,"Крок , який не змінює докорінно безпекових умов для партнерів та не означає для України негайної активізації пʼятої статті Договору про НАТО .",Запрошення – це політичний крок .,"Хоча наші люди на це заслуговують , якщо чесно .",yes,no,none,none,none,none,high,
1085,1cab7f32ecd4,"Ми маємо не допустити, щоб хтось у світі засумнівався у стійкості всієї України – Щорічне Послання Президента до Верховної Ради",2024-11-19,https://www.president.gov.ua/news/mi-mayemo-ne-dopustiti-shob-htos-u-sviti-zasumnivavsya-u-sti-94497,decolonisation,воля,волі,"Тільки дефіцит сили , дефіцит політичної волі .","Це число свідчить про те , що нас від Альянсу не відділяє нічого фундаментального .","До речі , не української політичної волі .",partial,no,none,none,none,none,high,Keyword has related but different meaning in this context.
1086,1cab7f32ecd4,"Ми маємо не допустити, щоб хтось у світі засумнівався у стійкості всієї України – Щорічне Послання Президента до Верховної Ради",2024-11-19,https://www.president.gov.ua/news/mi-mayemo-ne-dopustiti-shob-htos-u-sviti-zasumnivavsya-u-sti-94497,decolonisation,воля,волі,"До речі , не української політичної волі .","Тільки дефіцит сили , дефіцит політичної волі .",І ми переконаємо наших партнерів бути сміливими .,partial,no,none,none,none,none,high,Keyword has related but different meaning in this context.
1087,1cab7f32ecd4,"Ми маємо не допустити, щоб хтось у світі засумнівався у стійкості всієї України – Щорічне Послання Президента до Верховної Ради",2024-11-19,https://www.president.gov.ua/news/mi-mayemo-ne-dopustiti-shob-htos-u-sviti-zasumnivavsya-u-sti-94497,material_security,суверенітет,суверенітетом,"Ми не торгуємо суверенітетом , безпекою чи майбутнім України .","Те , що потрібно було зробити ще вчора , щоб не було цієї війни .",Ми не відмовимося від прав України на всю свою територію .,yes,no,none,none,none,none,high,
1088,1cab7f32ecd4,"Ми маємо не допустити, щоб хтось у світі засумнівався у стійкості всієї України – Щорічне Послання Президента до Верховної Ради",2024-11-19,https://www.president.gov.ua/news/mi-mayemo-ne-dopustiti-shob-htos-u-sviti-zasumnivavsya-u-sti-94497,material_security,безпека,безпекою,"Ми не торгуємо суверенітетом , безпекою чи майбутнім України .","Те , що потрібно було зробити ще вчора , щоб не було цієї війни .",Ми не відмовимося від прав України на всю свою територію .,yes,no,none,none,none,none,high,
1089,1cab7f32ecd4,"Ми маємо не допустити, щоб хтось у світі засумнівався у стійкості всієї України – Щорічне Послання Президента до Верховної Ради",2024-11-19,https://www.president.gov.ua/news/mi-mayemo-ne-dopustiti-shob-htos-u-sviti-zasumnivavsya-u-sti-94497,material_security,суверенітет,суверенітет,Культурний суверенітет України як одна з основ нашого державного суверенітету .,Це має бути ще один елемент нашої єдності – наша ціннісна єдність .,Наступне .,yes,no,none,none,none,none,high,
1090,1cab7f32ecd4,"Ми маємо не допустити, щоб хтось у світі засумнівався у стійкості всієї України – Щорічне Послання Президента до Верховної Ради",2024-11-19,https://www.president.gov.ua/news/mi-mayemo-ne-dopustiti-shob-htos-u-sviti-zasumnivavsya-u-sti-94497,material_security,суверенітет,суверенітету,Культурний суверенітет України як одна з основ нашого державного суверенітету .,Це має бути ще один елемент нашої єдності – наша ціннісна єдність .,Наступне .,yes,no,none,none,none,none,high,
1091,1cab7f32ecd4,"Ми маємо не допустити, щоб хтось у світі засумнівався у стійкості всієї України – Щорічне Послання Президента до Верховної Ради",2024-11-19,https://www.president.gov.ua/news/mi-mayemo-ne-dopustiti-shob-htos-u-sviti-zasumnivavsya-u-sti-94497,material_security,санкція,санкції,"Трибунал проти Російської Федерації , конфіскація російських активів , дієві санкції проти Росії , стовідсоткове гарантування духовної незалежності України , українська культурна дипломатія , протидія дезінформації та розбудова нормальних державних комунікацій нашої держави , а також необхідна трансформація наших державних інституцій – абсолютно все це неможливо без дієвої співпраці з громадянським суспільством .","Нам потрібна спільна юридична , комунікаційна та адвокаційна робота держави та українських громадських сил .","Державні рішення , всі наші рішення мають бути підготовлені на основі найкращої експертизи , і ми вже напрацювали відповідні формати спільної роботи державних структур і суспільства .",yes,yes,ontological,nation,Moscow_Patriarchate,none,high,"'100% guaranteeing spiritual independence of Ukraine' listed alongside tribunals, asset confiscation, sanctions in national resilience plan."
1092,1cab7f32ecd4,"Ми маємо не допустити, щоб хтось у світі засумнівався у стійкості всієї України – Щорічне Послання Президента до Верховної Ради",2024-11-19,https://www.president.gov.ua/news/mi-mayemo-ne-dopustiti-shob-htos-u-sviti-zasumnivavsya-u-sti-94497,ontological_security,духовний,духовної,"Трибунал проти Російської Федерації , конфіскація російських активів , дієві санкції проти Росії , стовідсоткове гарантування духовної незалежності України , українська культурна дипломатія , протидія дезінформації та розбудова нормальних державних комунікацій нашої держави , а також необхідна трансформація наших державних інституцій – абсолютно все це неможливо без дієвої співпраці з громадянським суспільством .","Нам потрібна спільна юридична , комунікаційна та адвокаційна робота держави та українських громадських сил .","Державні рішення , всі наші рішення мають бути підготовлені на основі найкращої експертизи , і ми вже напрацювали відповідні формати спільної роботи державних структур і суспільства .",yes,yes,ontological,nation,Moscow_Patriarchate,none,high,"'100% guaranteeing spiritual independence of Ukraine' listed alongside tribunals, asset confiscation, sanctions in national resilience plan."
1093,1cab7f32ecd4,"Ми маємо не допустити, щоб хтось у світі засумнівався у стійкості всієї України – Щорічне Послання Президента до Верховної Ради",2024-11-19,https://www.president.gov.ua/news/mi-mayemo-ne-dopustiti-shob-htos-u-sviti-zasumnivavsya-u-sti-94497,decolonisation,незалежність,незалежності,"Трибунал проти Російської Федерації , конфіскація російських активів , дієві санкції проти Росії , стовідсоткове гарантування духовної незалежності України , українська культурна дипломатія , протидія дезінформації та розбудова нормальних державних комунікацій нашої держави , а також необхідна трансформація наших державних інституцій – абсолютно все це неможливо без дієвої співпраці з громадянським суспільством .","Нам потрібна спільна юридична , комунікаційна та адвокаційна робота держави та українських громадських сил .","Державні рішення , всі наші рішення мають бути підготовлені на основі найкращої експертизи , і ми вже напрацювали відповідні формати спільної роботи державних структур і суспільства .",yes,yes,ontological,nation,Moscow_Patriarchate,none,high,"'100% guaranteeing spiritual independence of Ukraine' listed alongside tribunals, asset confiscation, sanctions in national resilience plan."
1094,1cab7f32ecd4,"Ми маємо не допустити, щоб хтось у світі засумнівався у стійкості всієї України – Щорічне Послання Президента до Верховної Ради",2024-11-19,https://www.president.gov.ua/news/mi-mayemo-ne-dopustiti-shob-htos-u-sviti-zasumnivavsya-u-sti-94497,material_security,оборона,оборони,Готується в Силах оборони також нове кадрове просування – без прив’язки звань до посад .,Запущені опитування наших військових .,"Це приклад того , що цифровізація в усіх сферах нашого державного життя є дійсно дієвим інструментом не просто спрощення процесів і подолання бюрократії , але й об’єднання людей – побудови довіри між державою та нашим українським суспільством .",yes,no,none,none,none,none,high,
1095,1cab7f32ecd4,"Ми маємо не допустити, щоб хтось у світі засумнівався у стійкості всієї України – Щорічне Послання Президента до Верховної Ради",2024-11-19,https://www.president.gov.ua/news/mi-mayemo-ne-dopustiti-shob-htos-u-sviti-zasumnivavsya-u-sti-94497,material_security,оборона,оборони,"Я доручив командуванню Сил оборони й безпеки України опрацювати поширення функціоналу « Армії + » на всі Сили оборони і безпеки , зокрема Національну гвардію України .","Це приклад того , що цифровізація в усіх сферах нашого державного життя є дійсно дієвим інструментом не просто спрощення процесів і подолання бюрократії , але й об’єднання людей – побудови довіри між державою та нашим українським суспільством .",Передусім це стосується знов-таки переведень .,yes,no,none,none,none,none,high,
1096,1cab7f32ecd4,"Ми маємо не допустити, щоб хтось у світі засумнівався у стійкості всієї України – Щорічне Послання Президента до Верховної Ради",2024-11-19,https://www.president.gov.ua/news/mi-mayemo-ne-dopustiti-shob-htos-u-sviti-zasumnivavsya-u-sti-94497,material_security,безпека,безпеки,"Я доручив командуванню Сил оборони й безпеки України опрацювати поширення функціоналу « Армії + » на всі Сили оборони і безпеки , зокрема Національну гвардію України .","Це приклад того , що цифровізація в усіх сферах нашого державного життя є дійсно дієвим інструментом не просто спрощення процесів і подолання бюрократії , але й об’єднання людей – побудови довіри між державою та нашим українським суспільством .",Передусім це стосується знов-таки переведень .,yes,no,none,none,none,none,high,
1097,1cab7f32ecd4,"Ми маємо не допустити, щоб хтось у світі засумнівався у стійкості всієї України – Щорічне Послання Президента до Верховної Ради",2024-11-19,https://www.president.gov.ua/news/mi-mayemo-ne-dopustiti-shob-htos-u-sviti-zasumnivavsya-u-sti-94497,material_security,оборона,оборони,"Зміна підходів в управлінні людьми у Збройних Силах України , у Національній гвардії України , а також поширення найкращих практик управління , які застосовані в одних підрозділах , на всі інші елементи Сил оборони й безпеки України є центральним завданням оборонної політики нашої держави .",Передусім це стосується знов-таки переведень .,"Кожен командир зараз відповідає одне й те саме на питання , що потрібно насамперед .",yes,no,none,none,none,none,high,
1098,1cab7f32ecd4,"Ми маємо не допустити, щоб хтось у світі засумнівався у стійкості всієї України – Щорічне Послання Президента до Верховної Ради",2024-11-19,https://www.president.gov.ua/news/mi-mayemo-ne-dopustiti-shob-htos-u-sviti-zasumnivavsya-u-sti-94497,material_security,безпека,безпеки,"Зміна підходів в управлінні людьми у Збройних Силах України , у Національній гвардії України , а також поширення найкращих практик управління , які застосовані в одних підрозділах , на всі інші елементи Сил оборони й безпеки України є центральним завданням оборонної політики нашої держави .",Передусім це стосується знов-таки переведень .,"Кожен командир зараз відповідає одне й те саме на питання , що потрібно насамперед .",yes,no,none,none,none,none,high,
1099,1cab7f32ecd4,"Ми маємо не допустити, щоб хтось у світі засумнівався у стійкості всієї України – Щорічне Послання Президента до Верховної Ради",2024-11-19,https://www.president.gov.ua/news/mi-mayemo-ne-dopustiti-shob-htos-u-sviti-zasumnivavsya-u-sti-94497,material_security,оборона,оборони,"Міністерство оборони України та військове командування повинні обрати й призначити військового омбудсмена – особистість , яка буде користуватися передусім довірою військових , довірою суспільства .",Це потрібно було зробити вчора .,Я чекаю цього найближчим часом .,yes,no,none,none,none,none,high,
1100,1cab7f32ecd4,"Ми маємо не допустити, щоб хтось у світі засумнівався у стійкості всієї України – Щорічне Послання Президента до Верховної Ради",2024-11-19,https://www.president.gov.ua/news/mi-mayemo-ne-dopustiti-shob-htos-u-sviti-zasumnivavsya-u-sti-94497,material_security,оборона,оборони,"Всередині Сил оборони потрібні конфіденційні можливості для воїнів розв’язати проблеми , що виникають через порушення прав , розв’язувати їх .",Я чекаю цього найближчим часом .,"Міністерство оборони України та військове командування повинні представити нашому суспільству нову систему контрактів про службу в Збройних Силах України для громадян , які не досягли віку мобілізації , але хочуть проявити себе найкращим чином у захисті України .",yes,no,none,none,none,none,high,
1101,1cab7f32ecd4,"Ми маємо не допустити, щоб хтось у світі засумнівався у стійкості всієї України – Щорічне Послання Президента до Верховної Ради",2024-11-19,https://www.president.gov.ua/news/mi-mayemo-ne-dopustiti-shob-htos-u-sviti-zasumnivavsya-u-sti-94497,material_security,оборона,оборони,"Міністерство оборони України та військове командування повинні представити нашому суспільству нову систему контрактів про службу в Збройних Силах України для громадян , які не досягли віку мобілізації , але хочуть проявити себе найкращим чином у захисті України .","Всередині Сил оборони потрібні конфіденційні можливості для воїнів розв’язати проблеми , що виникають через порушення прав , розв’язувати їх .","Ці контракти матимуть відчутну , дуже конкретну мотиваційну складову .",yes,no,none,none,none,none,high,
1102,1cab7f32ecd4,"Ми маємо не допустити, щоб хтось у світі засумнівався у стійкості всієї України – Щорічне Послання Президента до Верховної Ради",2024-11-19,https://www.president.gov.ua/news/mi-mayemo-ne-dopustiti-shob-htos-u-sviti-zasumnivavsya-u-sti-94497,material_security,оборона,оборони,"Ми передбачаємо цілком конкретні заходи для стабілізації фронту , проведення Силами оборони й безпеки України необхідних операцій як на тимчасово окупованій території України , так і в Росії проти воєнних обʼєктів , а також передбачаємо заходи для суттєво більшої технологічності Сил оборони України .","Але зрозуміло , більшою мірою це закриті пункти .",Зараз на деяких ділянках фронту – і це найбільш гарячі місця – під 90 % знищення техніки окупанта забезпечується саме дронами .,yes,no,none,none,none,none,high,
1103,1cab7f32ecd4,"Ми маємо не допустити, щоб хтось у світі засумнівався у стійкості всієї України – Щорічне Послання Президента до Верховної Ради",2024-11-19,https://www.president.gov.ua/news/mi-mayemo-ne-dopustiti-shob-htos-u-sviti-zasumnivavsya-u-sti-94497,material_security,безпека,безпеки,"Ми передбачаємо цілком конкретні заходи для стабілізації фронту , проведення Силами оборони й безпеки України необхідних операцій як на тимчасово окупованій території України , так і в Росії проти воєнних обʼєктів , а також передбачаємо заходи для суттєво більшої технологічності Сил оборони України .","Але зрозуміло , більшою мірою це закриті пункти .",Зараз на деяких ділянках фронту – і це найбільш гарячі місця – під 90 % знищення техніки окупанта забезпечується саме дронами .,yes,no,none,none,none,none,high,
1104,1cab7f32ecd4,"Ми маємо не допустити, щоб хтось у світі засумнівався у стійкості всієї України – Щорічне Послання Президента до Верховної Ради",2024-11-19,https://www.president.gov.ua/news/mi-mayemo-ne-dopustiti-shob-htos-u-sviti-zasumnivavsya-u-sti-94497,decolonisation,окупант,окупанта,Зараз на деяких ділянках фронту – і це найбільш гарячі місця – під 90 % знищення техніки окупанта забезпечується саме дронами .,"Ми передбачаємо цілком конкретні заходи для стабілізації фронту , проведення Силами оборони й безпеки України необхідних операцій як на тимчасово окупованій території України , так і в Росії проти воєнних обʼєктів , а також передбачаємо заходи для суттєво більшої технологічності Сил оборони України .",FPV й інші дрони фактично компенсують дефіцит артилерії в нашій армії .,yes,no,none,none,none,none,high,
1105,1cab7f32ecd4,"Ми маємо не допустити, щоб хтось у світі засумнівався у стійкості всієї України – Щорічне Послання Президента до Верховної Ради",2024-11-19,https://www.president.gov.ua/news/mi-mayemo-ne-dopustiti-shob-htos-u-sviti-zasumnivavsya-u-sti-94497,material_security,оборона,оборони,"І звертаюся до командирів усіх рівнів нашої держави , у наших Силах оборони й безпеки України : обовʼязково дослухайтесь до інноваційних пропозицій підлеглих , бережіть , будь ласка , тих , хто впроваджує технології , і поширюйте досвід найкращих рот і батальйонів у бригадах .",Але самі бригади часто бувають іще швидшими у визначенні та заповненні потреб .,"Дорогі українці , дорогі українки !",yes,no,none,none,none,none,high,
1106,1cab7f32ecd4,"Ми маємо не допустити, щоб хтось у світі засумнівався у стійкості всієї України – Щорічне Послання Президента до Верховної Ради",2024-11-19,https://www.president.gov.ua/news/mi-mayemo-ne-dopustiti-shob-htos-u-sviti-zasumnivavsya-u-sti-94497,material_security,безпека,безпеки,"І звертаюся до командирів усіх рівнів нашої держави , у наших Силах оборони й безпеки України : обовʼязково дослухайтесь до інноваційних пропозицій підлеглих , бережіть , будь ласка , тих , хто впроваджує технології , і поширюйте досвід найкращих рот і батальйонів у бригадах .",Але самі бригади часто бувають іще швидшими у визначенні та заповненні потреб .,"Дорогі українці , дорогі українки !",yes,no,none,none,none,none,high,
1107,1cab7f32ecd4,"Ми маємо не допустити, щоб хтось у світі засумнівався у стійкості всієї України – Щорічне Послання Президента до Верховної Ради",2024-11-19,https://www.president.gov.ua/news/mi-mayemo-ne-dopustiti-shob-htos-u-sviti-zasumnivavsya-u-sti-94497,material_security,безпека,безпеки,Не маємо права з погляду безпеки .,Ми не поширюємо цю інформацію в деталях .,"Зрозуміло , що це наші закриті об’єкти на сьогодні .",yes,no,none,none,none,none,high,
1108,1cab7f32ecd4,"Ми маємо не допустити, щоб хтось у світі засумнівався у стійкості всієї України – Щорічне Послання Президента до Верховної Ради",2024-11-19,https://www.president.gov.ua/news/mi-mayemo-ne-dopustiti-shob-htos-u-sviti-zasumnivavsya-u-sti-94497,decolonisation,незалежність,незалежності,Українська зброя – це одна з основ української незалежності .,"Це люди , які будують не просто ракети й дрони , створюють не просто снаряди чи техніку .",Дякуємо вам іще раз .,yes,no,none,none,none,none,high,
1109,1cab7f32ecd4,"Ми маємо не допустити, щоб хтось у світі засумнівався у стійкості всієї України – Щорічне Послання Президента до Верховної Ради",2024-11-19,https://www.president.gov.ua/news/mi-mayemo-ne-dopustiti-shob-htos-u-sviti-zasumnivavsya-u-sti-94497,material_security,оборона,оборони,Саме внутрішнім ресурсом ми забезпечуємо наші Сили оборони й безпеки України .,І в цьому теж варто бути чіткими .,Тому сплачені податки – це зарплати воїнів .,yes,no,none,none,none,none,high,
1110,1cab7f32ecd4,"Ми маємо не допустити, щоб хтось у світі засумнівався у стійкості всієї України – Щорічне Послання Президента до Верховної Ради",2024-11-19,https://www.president.gov.ua/news/mi-mayemo-ne-dopustiti-shob-htos-u-sviti-zasumnivavsya-u-sti-94497,material_security,безпека,безпеки,Саме внутрішнім ресурсом ми забезпечуємо наші Сили оборони й безпеки України .,І в цьому теж варто бути чіткими .,Тому сплачені податки – це зарплати воїнів .,yes,no,none,none,none,none,high,
1111,1cab7f32ecd4,"Ми маємо не допустити, щоб хтось у світі засумнівався у стійкості всієї України – Щорічне Послання Президента до Верховної Ради",2024-11-19,https://www.president.gov.ua/news/mi-mayemo-ne-dopustiti-shob-htos-u-sviti-zasumnivavsya-u-sti-94497,material_security,оборона,оборони,Ризиків для Сил оборони й безпеки України через фінансування немає .,"І хоч зараз , у час війни , ми з об’єктивних причин не забезпечуємо себе самі необхідним фінансуванням на сто відсотків , все ж таки ми змогли гарантувати на цей і наступний роки повне фінансове забезпечення .",У цьому році і в наступному .,yes,no,none,none,none,none,high,
1112,1cab7f32ecd4,"Ми маємо не допустити, щоб хтось у світі засумнівався у стійкості всієї України – Щорічне Послання Президента до Верховної Ради",2024-11-19,https://www.president.gov.ua/news/mi-mayemo-ne-dopustiti-shob-htos-u-sviti-zasumnivavsya-u-sti-94497,material_security,безпека,безпеки,Ризиків для Сил оборони й безпеки України через фінансування немає .,"І хоч зараз , у час війни , ми з об’єктивних причин не забезпечуємо себе самі необхідним фінансуванням на сто відсотків , все ж таки ми змогли гарантувати на цей і наступний роки повне фінансове забезпечення .",У цьому році і в наступному .,yes,no,none,none,none,none,high,
1113,1cab7f32ecd4,"Ми маємо не допустити, щоб хтось у світі засумнівався у стійкості всієї України – Щорічне Послання Президента до Верховної Ради",2024-11-19,https://www.president.gov.ua/news/mi-mayemo-ne-dopustiti-shob-htos-u-sviti-zasumnivavsya-u-sti-94497,decolonisation,визволення,визволення,"Звісно , що за умови реалізації нашої економічної стратегії , спрямованої на зміцнення економічної свободи в Україні та визволення з-під надмірних регуляцій підприємницької сили українців , соціальних можливостей у держави та добробуту в Україні буде значно більше .","Буде відновлено також багато інших програм , програму « єПідтримка » , яка точно стане в пригоді мільйонам українців .",Все це буде відображено в пункті « Гроші » Плану стійкості .,no,no,none,none,none,none,high,Keyword match does not reflect category meaning in context.
1114,1cab7f32ecd4,"Ми маємо не допустити, щоб хтось у світі засумнівався у стійкості всієї України – Щорічне Послання Президента до Верховної Ради",2024-11-19,https://www.president.gov.ua/news/mi-mayemo-ne-dopustiti-shob-htos-u-sviti-zasumnivavsya-u-sti-94497,material_security,безпека,Безпека,Далі – « Безпека » .,« Енергетика » – найбільш закритий через злочинне прагнення Росії вкинути Україну в блекаут .,"Йдеться саме про внутрішню безпеку в наших містах , у наших громадах .",yes,no,none,none,none,none,high,
1115,1cab7f32ecd4,"Ми маємо не допустити, щоб хтось у світі засумнівався у стійкості всієї України – Щорічне Послання Президента до Верховної Ради",2024-11-19,https://www.president.gov.ua/news/mi-mayemo-ne-dopustiti-shob-htos-u-sviti-zasumnivavsya-u-sti-94497,material_security,безпека,безпеку,"Йдеться саме про внутрішню безпеку в наших містах , у наших громадах .",Далі – « Безпека » .,« Громади » – пункт щодо взаємодії між державою та місцевим самоврядуванням .,yes,no,none,none,none,none,high,
1116,1cab7f32ecd4,"Ми маємо не допустити, щоб хтось у світі засумнівався у стійкості всієї України – Щорічне Послання Президента до Верховної Ради",2024-11-19,https://www.president.gov.ua/news/mi-mayemo-ne-dopustiti-shob-htos-u-sviti-zasumnivavsya-u-sti-94497,material_security,суверенітет,суверенітет,Далі йде « Культурний суверенітет » – як логічний результат зростання людського капіталу в Україні .,"Далі – « Людський капітал » , пункт , присвячений нашому стратегічному завданню – створити всі умови для українців усіх поколінь та будь-якого походження , щоб жити й розвиватися в Україні .","Та ще один , десятий пункт Плану стійкості , який підсумовує шлях нашої держави та нашого народу протягом тисячі днів цієї війни та водночас залишає моральну основу для життя України в майбутньому , – це пункт « Політика героїв » .",yes,no,none,none,none,none,high,
1117,1cab7f32ecd4,"Ми маємо не допустити, щоб хтось у світі засумнівався у стійкості всієї України – Щорічне Послання Президента до Верховної Ради",2024-11-19,https://www.president.gov.ua/news/mi-mayemo-ne-dopustiti-shob-htos-u-sviti-zasumnivavsya-u-sti-94497,material_security,загроза,загрози,Завдання зрозуміле : завдяки всім формам захисту адаптуватися до постійної загрози російського терору .,"Закритий додаток до цього пункту Плану стійкості буде містити конкретну інформацію з відповідним доступом , щоб зберігати контроль над процесами .",Відповідальність за виконання цього завдання персональна .,yes,no,none,none,none,none,high,
1118,1cab7f32ecd4,"Ми маємо не допустити, щоб хтось у світі засумнівався у стійкості всієї України – Щорічне Послання Президента до Верховної Ради",2024-11-19,https://www.president.gov.ua/news/mi-mayemo-ne-dopustiti-shob-htos-u-sviti-zasumnivavsya-u-sti-94497,material_security,безпека,Безпека,Пункт шостий нашого Плану – « Безпека » .,"Загалом енергетичний пункт Плану стійкості буде деталізований різними додатками – як закритими , так і відкритими , що в сукупності будуть чіткою енергетичною мапою для України на найближчі роки .",Саме внутрішня безпека в Україні .,yes,no,none,none,none,none,high,
1119,1cab7f32ecd4,"Ми маємо не допустити, щоб хтось у світі засумнівався у стійкості всієї України – Щорічне Послання Президента до Верховної Ради",2024-11-19,https://www.president.gov.ua/news/mi-mayemo-ne-dopustiti-shob-htos-u-sviti-zasumnivavsya-u-sti-94497,material_security,безпека,безпека,Саме внутрішня безпека в Україні .,Пункт шостий нашого Плану – « Безпека » .,Безпечний публічний простір та захищеність приватного життя є базовими потребами українців .,yes,no,none,none,none,none,high,
1120,1cab7f32ecd4,"Ми маємо не допустити, щоб хтось у світі засумнівався у стійкості всієї України – Щорічне Послання Президента до Верховної Ради",2024-11-19,https://www.president.gov.ua/news/mi-mayemo-ne-dopustiti-shob-htos-u-sviti-zasumnivavsya-u-sti-94497,material_security,безпека,безпеки,Які кроки робимо в час війни заради внутрішньої безпеки – це тільки частково відкрита інформація .,"Я б ділив цей пункт на три блоки – Україна сьогодні , Україна повоєнна та Україна сталого й надійного миру .","Зрозуміло , що в цій сфері є робота і для Служби безпеки України , і для всієї системи Міністерства внутрішніх справ України , і для всіх наших правоохоронних органів .",yes,no,none,none,none,none,high,
1121,1cab7f32ecd4,"Ми маємо не допустити, щоб хтось у світі засумнівався у стійкості всієї України – Щорічне Послання Президента до Верховної Ради",2024-11-19,https://www.president.gov.ua/news/mi-mayemo-ne-dopustiti-shob-htos-u-sviti-zasumnivavsya-u-sti-94497,material_security,безпека,безпеки,"Зрозуміло , що в цій сфері є робота і для Служби безпеки України , і для всієї системи Міністерства внутрішніх справ України , і для всіх наших правоохоронних органів .",Які кроки робимо в час війни заради внутрішньої безпеки – це тільки частково відкрита інформація .,"Йдеться саме про жорстку роботу , яка не дозволяє ворогу підірвати життя України .",yes,no,none,none,none,none,high,
1122,1cab7f32ecd4,"Ми маємо не допустити, щоб хтось у світі засумнівався у стійкості всієї України – Щорічне Послання Президента до Верховної Ради",2024-11-19,https://www.president.gov.ua/news/mi-mayemo-ne-dopustiti-shob-htos-u-sviti-zasumnivavsya-u-sti-94497,material_security,ворог,ворогу,"Йдеться саме про жорстку роботу , яка не дозволяє ворогу підірвати життя України .","Зрозуміло , що в цій сфері є робота і для Служби безпеки України , і для всієї системи Міністерства внутрішніх справ України , і для всіх наших правоохоронних органів .","Я вдячний усім , хто ефективно працює , щоб захистити нашу державу та людей від відповідних загроз .",yes,no,none,none,none,none,high,
1123,1cab7f32ecd4,"Ми маємо не допустити, щоб хтось у світі засумнівався у стійкості всієї України – Щорічне Послання Президента до Верховної Ради",2024-11-19,https://www.president.gov.ua/news/mi-mayemo-ne-dopustiti-shob-htos-u-sviti-zasumnivavsya-u-sti-94497,material_security,загроза,загроз,"Я вдячний усім , хто ефективно працює , щоб захистити нашу державу та людей від відповідних загроз .","Йдеться саме про жорстку роботу , яка не дозволяє ворогу підірвати життя України .",Дякуємо !,yes,no,none,none,none,none,high,
1124,1cab7f32ecd4,"Ми маємо не допустити, щоб хтось у світі засумнівався у стійкості всієї України – Щорічне Послання Президента до Верховної Ради",2024-11-19,https://www.president.gov.ua/news/mi-mayemo-ne-dopustiti-shob-htos-u-sviti-zasumnivavsya-u-sti-94497,material_security,безпека,безпека,"Максимальний пріоритет – безпека в навчальних закладах , передусім у школах по всій країні .",Результатом має стати відповідний рівень захищеності в публічному просторі в Україні .,"Без винятку , в усіх громадах .",yes,no,none,none,none,none,high,
1125,1cab7f32ecd4,"Ми маємо не допустити, щоб хтось у світі засумнівався у стійкості всієї України – Щорічне Послання Президента до Верховної Ради",2024-11-19,https://www.president.gov.ua/news/mi-mayemo-ne-dopustiti-shob-htos-u-sviti-zasumnivavsya-u-sti-94497,material_security,безпека,безпеку,"Люди мають бачити й знати , хто гарантує їм та їхнім дітям безпеку .",Поліцейський у громаді – обов’язково .,Безпековий пункт Плану стійкості передбачає й детальну роботу щодо укриттів .,yes,no,none,none,none,none,high,
1126,1cab7f32ecd4,"Ми маємо не допустити, щоб хтось у світі засумнівався у стійкості всієї України – Щорічне Послання Президента до Верховної Ради",2024-11-19,https://www.president.gov.ua/news/mi-mayemo-ne-dopustiti-shob-htos-u-sviti-zasumnivavsya-u-sti-94497,material_security,безпека,безпеки,Це буквально одна з основ культури безпеки .,"Окремо хочу відзначити принципово важливий і доволі простий проєкт , який має бути виконаний в усій Україні , – це рамки металошукачів на вході у школи , всі інші освітні заклади , наші громадські будівлі .","Урядовці , обласна влада та місцеве самоврядування , дуже прошу : ви повинні представити чіткі строки реалізації цього проєкту заради безпеки всіх наших дітей , всіх українців .",yes,no,none,none,none,none,high,
1127,1cab7f32ecd4,"Ми маємо не допустити, щоб хтось у світі засумнівався у стійкості всієї України – Щорічне Послання Президента до Верховної Ради",2024-11-19,https://www.president.gov.ua/news/mi-mayemo-ne-dopustiti-shob-htos-u-sviti-zasumnivavsya-u-sti-94497,material_security,безпека,безпеки,"Урядовці , обласна влада та місцеве самоврядування , дуже прошу : ви повинні представити чіткі строки реалізації цього проєкту заради безпеки всіх наших дітей , всіх українців .",Це буквально одна з основ культури безпеки .,Також хочу зробити кілька наголосів щодо часу після цієї війни .,yes,no,none,none,none,none,high,
1128,1cab7f32ecd4,"Ми маємо не допустити, щоб хтось у світі засумнівався у стійкості всієї України – Щорічне Послання Президента до Верховної Ради",2024-11-19,https://www.president.gov.ua/news/mi-mayemo-ne-dopustiti-shob-htos-u-sviti-zasumnivavsya-u-sti-94497,material_security,безпека,безпека,Внутрішня безпека має стати конкурентною перевагою України .,"Перше – Україна братиме участь у конкуренції у світі за людей , інвестиції та , в широкому сенсі слова , привабливість .","Друге – ми маємо зробити все можливе , щоб мінне забруднення нашої української землі не стало проблемою на покоління .",yes,no,none,none,none,none,high,
1129,1cab7f32ecd4,"Ми маємо не допустити, щоб хтось у світі засумнівався у стійкості всієї України – Щорічне Послання Президента до Верховної Ради",2024-11-19,https://www.president.gov.ua/news/mi-mayemo-ne-dopustiti-shob-htos-u-sviti-zasumnivavsya-u-sti-94497,material_security,ворог,ворога,"Розвиток проєктів згуртованості всередині нашої країни , коли тилові й більш спроможні на сьогодні громади підтримують і допомагають прифронтовим і тим , що під постійними обстрілами цього ворога .",Має збільшуватись і співпраця між громадами в Україні на основі принципу « пліч -о- пліч » .,"Ми застосували заходи спеціальної підтримки нашого Харкова в умовах постійного російського терору , щоб життя залишалось у цьому місті , українському місті .",yes,no,none,none,none,none,high,
1130,1cab7f32ecd4,"Ми маємо не допустити, щоб хтось у світі засумнівався у стійкості всієї України – Щорічне Послання Президента до Верховної Ради",2024-11-19,https://www.president.gov.ua/news/mi-mayemo-ne-dopustiti-shob-htos-u-sviti-zasumnivavsya-u-sti-94497,urgency,надзвичайний,надзвичайний,Нам потрібен новий та фактично надзвичайний підхід до освіти .,Освіта .,"Окрім всіх звичних функцій освітньої галузі , маємо забезпечити реалізацію ще одного завдання – збереження українських дітей , мільйонів …",yes,no,none,none,none,none,high,
1131,1cab7f32ecd4,"Ми маємо не допустити, щоб хтось у світі засумнівався у стійкості всієї України – Щорічне Послання Президента до Верховної Ради",2024-11-19,https://www.president.gov.ua/news/mi-mayemo-ne-dopustiti-shob-htos-u-sviti-zasumnivavsya-u-sti-94497,church_actors,церква,церкви,Наша політика щодо церкви та релігійних організацій .,"Україні потрібна спеціальна політика дитинства – конкретні заходи , які допомагають батьківству в Україні , підтримують сім’ї та сімейне виховання , дають дитині змогу рости в безпечному та сучасному соціальному середовищі .","За умови збереження світського характеру державних інституцій ми маємо й можемо розвивати партнерство між державою та церквою , між державою та релігійними спільнотами .",yes,yes,ontological,nation,Moscow_Patriarchate,none,medium,Announces church policy section of Annual Address. Opening frame for the church-state securitisation narrative.
1132,1cab7f32ecd4,"Ми маємо не допустити, щоб хтось у світі засумнівався у стійкості всієї України – Щорічне Послання Президента до Верховної Ради",2024-11-19,https://www.president.gov.ua/news/mi-mayemo-ne-dopustiti-shob-htos-u-sviti-zasumnivavsya-u-sti-94497,church_actors,релігійний,релігійних,Наша політика щодо церкви та релігійних організацій .,"Україні потрібна спеціальна політика дитинства – конкретні заходи , які допомагають батьківству в Україні , підтримують сім’ї та сімейне виховання , дають дитині змогу рости в безпечному та сучасному соціальному середовищі .","За умови збереження світського характеру державних інституцій ми маємо й можемо розвивати партнерство між державою та церквою , між державою та релігійними спільнотами .",yes,yes,ontological,nation,Moscow_Patriarchate,none,medium,Announces church policy section of Annual Address. Opening frame for the church-state securitisation narrative.
1133,1cab7f32ecd4,"Ми маємо не допустити, щоб хтось у світі засумнівався у стійкості всієї України – Щорічне Послання Президента до Верховної Ради",2024-11-19,https://www.president.gov.ua/news/mi-mayemo-ne-dopustiti-shob-htos-u-sviti-zasumnivavsya-u-sti-94497,church_actors,церква,церквою,"За умови збереження світського характеру державних інституцій ми маємо й можемо розвивати партнерство між державою та церквою , між державою та релігійними спільнотами .",Наша політика щодо церкви та релігійних організацій .,"В Україні є глобально важливий інституційний приклад такої співпраці – Рада церков і релігійних організацій , і на базі цієї інституції сформовано вже діалог між державою та всіма релігійними спільнотами України .",yes,no,none,none,none,none,high,
1134,1cab7f32ecd4,"Ми маємо не допустити, щоб хтось у світі засумнівався у стійкості всієї України – Щорічне Послання Президента до Верховної Ради",2024-11-19,https://www.president.gov.ua/news/mi-mayemo-ne-dopustiti-shob-htos-u-sviti-zasumnivavsya-u-sti-94497,church_actors,релігійний,релігійними,"За умови збереження світського характеру державних інституцій ми маємо й можемо розвивати партнерство між державою та церквою , між державою та релігійними спільнотами .",Наша політика щодо церкви та релігійних організацій .,"В Україні є глобально важливий інституційний приклад такої співпраці – Рада церков і релігійних організацій , і на базі цієї інституції сформовано вже діалог між державою та всіма релігійними спільнотами України .",yes,no,none,none,none,none,high,
1135,1cab7f32ecd4,"Ми маємо не допустити, щоб хтось у світі засумнівався у стійкості всієї України – Щорічне Послання Президента до Верховної Ради",2024-11-19,https://www.president.gov.ua/news/mi-mayemo-ne-dopustiti-shob-htos-u-sviti-zasumnivavsya-u-sti-94497,church_actors,церква,церков,"В Україні є глобально важливий інституційний приклад такої співпраці – Рада церков і релігійних організацій , і на базі цієї інституції сформовано вже діалог між державою та всіма релігійними спільнотами України .","За умови збереження світського характеру державних інституцій ми маємо й можемо розвивати партнерство між державою та церквою , між державою та релігійними спільнотами .","В межах саме цього діалогу можемо визначати , які моделі більшої співпраці здатні зміцнити нашу державу та всіх наших людей , нашу духовну незалежність , нашу соціальну роботу в Українській державі .",yes,no,none,none,none,none,high,
1136,1cab7f32ecd4,"Ми маємо не допустити, щоб хтось у світі засумнівався у стійкості всієї України – Щорічне Послання Президента до Верховної Ради",2024-11-19,https://www.president.gov.ua/news/mi-mayemo-ne-dopustiti-shob-htos-u-sviti-zasumnivavsya-u-sti-94497,church_actors,релігійний,релігійних,"В Україні є глобально важливий інституційний приклад такої співпраці – Рада церков і релігійних організацій , і на базі цієї інституції сформовано вже діалог між державою та всіма релігійними спільнотами України .","За умови збереження світського характеру державних інституцій ми маємо й можемо розвивати партнерство між державою та церквою , між державою та релігійними спільнотами .","В межах саме цього діалогу можемо визначати , які моделі більшої співпраці здатні зміцнити нашу державу та всіх наших людей , нашу духовну незалежність , нашу соціальну роботу в Українській державі .",yes,no,none,none,none,none,high,
1137,1cab7f32ecd4,"Ми маємо не допустити, щоб хтось у світі засумнівався у стійкості всієї України – Щорічне Послання Президента до Верховної Ради",2024-11-19,https://www.president.gov.ua/news/mi-mayemo-ne-dopustiti-shob-htos-u-sviti-zasumnivavsya-u-sti-94497,church_actors,релігійний,релігійними,"В Україні є глобально важливий інституційний приклад такої співпраці – Рада церков і релігійних організацій , і на базі цієї інституції сформовано вже діалог між державою та всіма релігійними спільнотами України .","За умови збереження світського характеру державних інституцій ми маємо й можемо розвивати партнерство між державою та церквою , між державою та релігійними спільнотами .","В межах саме цього діалогу можемо визначати , які моделі більшої співпраці здатні зміцнити нашу державу та всіх наших людей , нашу духовну незалежність , нашу соціальну роботу в Українській державі .",yes,no,none,none,none,none,high,
1138,1cab7f32ecd4,"Ми маємо не допустити, щоб хтось у світі засумнівався у стійкості всієї України – Щорічне Послання Президента до Верховної Ради",2024-11-19,https://www.president.gov.ua/news/mi-mayemo-ne-dopustiti-shob-htos-u-sviti-zasumnivavsya-u-sti-94497,ontological_security,духовний,духовну,"В межах саме цього діалогу можемо визначати , які моделі більшої співпраці здатні зміцнити нашу державу та всіх наших людей , нашу духовну незалежність , нашу соціальну роботу в Українській державі .","В Україні є глобально важливий інституційний приклад такої співпраці – Рада церков і релігійних організацій , і на базі цієї інституції сформовано вже діалог між державою та всіма релігійними спільнотами України .","Звичайно , не йдеться про московську церкву .",yes,yes,ontological,nation,Moscow_Patriarchate,none,high,"Through dialogue with Council of Churches, determining models to strengthen spiritual independence."
1139,1cab7f32ecd4,"Ми маємо не допустити, щоб хтось у світі засумнівався у стійкості всієї України – Щорічне Послання Президента до Верховної Ради",2024-11-19,https://www.president.gov.ua/news/mi-mayemo-ne-dopustiti-shob-htos-u-sviti-zasumnivavsya-u-sti-94497,decolonisation,незалежність,незалежність,"В межах саме цього діалогу можемо визначати , які моделі більшої співпраці здатні зміцнити нашу державу та всіх наших людей , нашу духовну незалежність , нашу соціальну роботу в Українській державі .","В Україні є глобально важливий інституційний приклад такої співпраці – Рада церков і релігійних організацій , і на базі цієї інституції сформовано вже діалог між державою та всіма релігійними спільнотами України .","Звичайно , не йдеться про московську церкву .",yes,yes,ontological,nation,Moscow_Patriarchate,none,high,"Through dialogue with Council of Churches, determining models to strengthen spiritual independence."
1140,1cab7f32ecd4,"Ми маємо не допустити, щоб хтось у світі засумнівався у стійкості всієї України – Щорічне Послання Президента до Верховної Ради",2024-11-19,https://www.president.gov.ua/news/mi-mayemo-ne-dopustiti-shob-htos-u-sviti-zasumnivavsya-u-sti-94497,church_actors,церква,церкву,"Звичайно , не йдеться про московську церкву .","В межах саме цього діалогу можемо визначати , які моделі більшої співпраці здатні зміцнити нашу державу та всіх наших людей , нашу духовну незалежність , нашу соціальну роботу в Українській державі .","Час тих , хто освячує терор , закінчився .",yes,yes,both,state,UOC-MP,ban,high,"'Of course, this does not concern the Moscow church.' Explicit exclusion of Moscow-affiliated church from state-church partnership. Key securitising statement."
1141,1cab7f32ecd4,"Ми маємо не допустити, щоб хтось у світі засумнівався у стійкості всієї України – Щорічне Послання Президента до Верховної Ради",2024-11-19,https://www.president.gov.ua/news/mi-mayemo-ne-dopustiti-shob-htos-u-sviti-zasumnivavsya-u-sti-94497,material_security,суверенітет,суверенітет,Наступний пункт нашого Плану стійкості – « Культурний суверенітет » .,"Це важливо , важливо зробити .",І ми опрацьовуємо цей пункт разом з українською культурною спільнотою .,yes,no,none,none,none,none,high,
1142,1cab7f32ecd4,"Ми маємо не допустити, щоб хтось у світі засумнівався у стійкості всієї України – Щорічне Послання Президента до Верховної Ради",2024-11-19,https://www.president.gov.ua/news/mi-mayemo-ne-dopustiti-shob-htos-u-sviti-zasumnivavsya-u-sti-94497,material_security,безпека,безпеку,"І це питання – і про стійкість , це питання про нашу безпеку зараз і потім .",Передусім для наших дітей .,Ми повинні переграти Росію в цьому .,yes,no,none,none,none,none,high,
1143,1cab7f32ecd4,"Ми маємо не допустити, щоб хтось у світі засумнівався у стійкості всієї України – Щорічне Послання Президента до Верховної Ради",2024-11-19,https://www.president.gov.ua/news/mi-mayemo-ne-dopustiti-shob-htos-u-sviti-zasumnivavsya-u-sti-94497,ontological_security,духовний незалежність,духовної незалежності,"Трибунал проти Російської Федерації , конфіскація російських активів , дієві санкції проти Росії , стовідсоткове гарантування духовної незалежності України , українська культурна дипломатія , протидія дезінформації та розбудова нормальних державних комунікацій нашої держави , а також необхідна трансформація наших державних інституцій – абсолютно все це неможливо без дієвої співпраці з громадянським суспільством .","Нам потрібна спільна юридична , комунікаційна та адвокаційна робота держави та українських громадських сил .","Державні рішення , всі наші рішення мають бути підготовлені на основі найкращої експертизи , і ми вже напрацювали відповідні формати спільної роботи державних структур і суспільства .",yes,yes,ontological,nation,Moscow_Patriarchate,none,high,"'100% guaranteeing spiritual independence of Ukraine' listed alongside tribunals, asset confiscation, sanctions in national resilience plan."
1144,1cab7f32ecd4,"Ми маємо не допустити, щоб хтось у світі засумнівався у стійкості всієї України – Щорічне Послання Президента до Верховної Ради",2024-11-19,https://www.president.gov.ua/news/mi-mayemo-ne-dopustiti-shob-htos-u-sviti-zasumnivavsya-u-sti-94497,ontological_security,духовний незалежність,духовну незалежність,"В межах саме цього діалогу можемо визначати , які моделі більшої співпраці здатні зміцнити нашу державу та всіх наших людей , нашу духовну незалежність , нашу соціальну роботу в Українській державі .","В Україні є глобально важливий інституційний приклад такої співпраці – Рада церков і релігійних організацій , і на базі цієї інституції сформовано вже діалог між державою та всіма релігійними спільнотами України .","Звичайно , не йдеться про московську церкву .",yes,yes,ontological,nation,Moscow_Patriarchate,none,high,"Through dialogue with Council of Churches, determining models to strengthen spiritual independence."
1379,26d489f7c409,Промова Президента України у Генеральних кортесах Іспанії,2022-04-05,https://www.president.gov.ua/news/promova-prezidenta-ukrayini-u-generalnih-kortesah-ispaniyi-74125,material_security,загроза,загрозою,"Тому що для нас в Україні зараз під загрозою абсолютно все , що і для вас є основою суспільного життя .","Я звертаюся до вас із надією , що саме ви зрозумієте найбільше наш біль від війни та нашу надію на мир .",Ми – одна з найбільших країн Європи .,yes,no,none,none,none,none,high,
1380,26d489f7c409,Промова Президента України у Генеральних кортесах Іспанії,2022-04-05,https://www.president.gov.ua/news/promova-prezidenta-ukrayini-u-generalnih-kortesah-ispaniyi-74125,church_actors,церква,церков,У нас створена та діє Всеукраїнська рада церков і релігійних організацій .,"Я хочу навести вам тільки один приклад про нашу державу , про наше життя .","Різні конфесії , різні погляди на суспільне життя й відносини між державою та церквою завжди мирно і з повагою до інших узгоджуються у форматі цієї ради .",yes,no,none,none,none,none,high,
1381,26d489f7c409,Промова Президента України у Генеральних кортесах Іспанії,2022-04-05,https://www.president.gov.ua/news/promova-prezidenta-ukrayini-u-generalnih-kortesah-ispaniyi-74125,church_actors,релігійний,релігійних,У нас створена та діє Всеукраїнська рада церков і релігійних організацій .,"Я хочу навести вам тільки один приклад про нашу державу , про наше життя .","Різні конфесії , різні погляди на суспільне життя й відносини між державою та церквою завжди мирно і з повагою до інших узгоджуються у форматі цієї ради .",yes,no,none,none,none,none,high,
1382,26d489f7c409,Промова Президента України у Генеральних кортесах Іспанії,2022-04-05,https://www.president.gov.ua/news/promova-prezidenta-ukrayini-u-generalnih-kortesah-ispaniyi-74125,church_actors,конфесія,конфесії,"Різні конфесії , різні погляди на суспільне життя й відносини між державою та церквою завжди мирно і з повагою до інших узгоджуються у форматі цієї ради .",У нас створена та діє Всеукраїнська рада церков і релігійних організацій .,"Це лише один приклад , але він показує , що ми , українці , налаштовані на мир і безконфліктність навіть у таких чутливих питаннях , які в багатьох інших суспільствах завжди викликають суперечки та конфліктність .",yes,no,none,none,none,none,high,
1383,26d489f7c409,Промова Президента України у Генеральних кортесах Іспанії,2022-04-05,https://www.president.gov.ua/news/promova-prezidenta-ukrayini-u-generalnih-kortesah-ispaniyi-74125,church_actors,церква,церквою,"Різні конфесії , різні погляди на суспільне життя й відносини між державою та церквою завжди мирно і з повагою до інших узгоджуються у форматі цієї ради .",У нас створена та діє Всеукраїнська рада церков і релігійних організацій .,"Це лише один приклад , але він показує , що ми , українці , налаштовані на мир і безконфліктність навіть у таких чутливих питаннях , які в багатьох інших суспільствах завжди викликають суперечки та конфліктність .",yes,no,none,none,none,none,high,
1384,26d489f7c409,Промова Президента України у Генеральних кортесах Іспанії,2022-04-05,https://www.president.gov.ua/news/promova-prezidenta-ukrayini-u-generalnih-kortesah-ispaniyi-74125,decolonisation,окупант,окупанти,"Бо якщо окупанти вб'ють батьків , щоб був хоч маленький шанс , що врятують цих дітей .",Навіщо ?,"Уявіть , що люди зараз у Європі живуть тижнями у підвалах , щоб урятувати життя .",yes,no,none,none,none,none,high,
1385,26d489f7c409,Промова Президента України у Генеральних кортесах Іспанії,2022-04-05,https://www.president.gov.ua/news/promova-prezidenta-ukrayini-u-generalnih-kortesah-ispaniyi-74125,material_security,санкція,Санкції,Санкції потрібні справді потужні .,"А ще страшніше , що ми досі не знаємо , скільки ще триватиме війна , поки світ нарешті зробить усе , що необхідно для миру .",Найпотужніші .,yes,no,none,none,none,none,high,
1386,26d489f7c409,Промова Президента України у Генеральних кортесах Іспанії,2022-04-05,https://www.president.gov.ua/news/promova-prezidenta-ukrayini-u-generalnih-kortesah-ispaniyi-74125,urgency,припинити,припинили,"Я знаю , що багато ваших компаній уже припинили фінансувати російську військову машину через податки .","Як європейські компанії можуть торгувати в державі , яка свідомо знищує наш народ ?",Я хочу вам подякувати .,yes,no,none,none,none,none,high,
1387,26d489f7c409,Промова Президента України у Генеральних кортесах Іспанії,2022-04-05,https://www.president.gov.ua/news/promova-prezidenta-ukrayini-u-generalnih-kortesah-ispaniyi-74125,material_security,санкція,санкцій,"Я вдячний цим компаніям , усій вашій державі й суспільству за принципову позицію щодо санкцій .",Вашому уряду .,"Але водночас я хочу звернутися до деяких компаній , як Maxam , Porcelanosa , Serkobe та інших – я думаю , ви їх знаєте краще за мене : прошу припинити бізнес із Росією .",yes,no,none,none,none,none,high,
1388,26d489f7c409,Промова Президента України у Генеральних кортесах Іспанії,2022-04-05,https://www.president.gov.ua/news/promova-prezidenta-ukrayini-u-generalnih-kortesah-ispaniyi-74125,urgency,припинити,припинити,"Але водночас я хочу звернутися до деяких компаній , як Maxam , Porcelanosa , Serkobe та інших – я думаю , ви їх знаєте краще за мене : прошу припинити бізнес із Росією .","Я вдячний цим компаніям , усій вашій державі й суспільству за принципову позицію щодо санкцій .","Те , що пережило наше місто Буча , наше місто Бородянка , інші наші міста , – це воєнні злочини .",yes,no,none,none,none,none,high,
1389,26d489f7c409,Промова Президента України у Генеральних кортесах Іспанії,2022-04-05,https://www.president.gov.ua/news/promova-prezidenta-ukrayini-u-generalnih-kortesah-ispaniyi-74125,material_security,санкція,санкції,"Можете підтримувати подальші санкції , які необхідні .","І ми цінуємо ту допомогу , ту зброю , все те , що ви нам вже дали .","А також знищувати страх перед Росією всюди , де тільки можна його побачити .",yes,no,none,none,none,none,high,
1466,28b3c4147d17,"Офіційно визнано: Україна – це майбутній рівний партнер для 27 країн ЄС – звернення Президента, Голови Верховної Ради та Прем’єр-міністра",2022-06-24,https://www.president.gov.ua/news/oficijno-viznano-ukrayina-ce-majbutnij-rivnij-partner-dlya-2-76029,church_actors,релігійний,релігійних,На нашій землі в мирі та злагоді жили й живуть сотні національних спільнот і представники всіх релігійних конфесій .,Століттями наш народ відданий принципам толерантності й поваги .,Сьогодні Україна воює за свою свободу .,yes,no,none,none,none,none,high,
1467,28b3c4147d17,"Офіційно визнано: Україна – це майбутній рівний партнер для 27 країн ЄС – звернення Президента, Голови Верховної Ради та Прем’єр-міністра",2022-06-24,https://www.president.gov.ua/news/oficijno-viznano-ukrayina-ce-majbutnij-rivnij-partner-dlya-2-76029,church_actors,конфесія,конфесій,На нашій землі в мирі та злагоді жили й живуть сотні національних спільнот і представники всіх релігійних конфесій .,Століттями наш народ відданий принципам толерантності й поваги .,Сьогодні Україна воює за свою свободу .,yes,no,none,none,none,none,high,
1468,28b3c4147d17,"Офіційно визнано: Україна – це майбутній рівний партнер для 27 країн ЄС – звернення Президента, Голови Верховної Ради та Прем’єр-міністра",2022-06-24,https://www.president.gov.ua/news/oficijno-viznano-ukrayina-ce-majbutnij-rivnij-partner-dlya-2-76029,decolonisation,воля,волі,"І як би не дивувалися , що українці відають перевагу волі , а не дешевому газу .","Як би дехто не переконував , що ми нікому там не потрібні і щасливе завтра для України можливе у зовсім іншому союзі під назвою Митний .",Ми обрали шлях .,yes,no,none,none,none,none,high,
1469,28b3c4147d17,"Офіційно визнано: Україна – це майбутній рівний партнер для 27 країн ЄС – звернення Президента, Голови Верховної Ради та Прем’єр-міністра",2022-06-24,https://www.president.gov.ua/news/oficijno-viznano-ukrayina-ce-majbutnij-rivnij-partner-dlya-2-76029,decolonisation,незалежність,Незалежності,"Який обрав майдан Незалежності , а не Червона площа .","Шлях , який визначив наш народ , а не чиясь влада .","Шлях , за який боролася Революція на граніті у 90-му , стояла на барикадах Помаранчева революція у 2004-му та віддала життя Небесна Сотня під час Революції Гідності у 2014-му .",yes,no,none,none,none,none,high,
1470,28b3c4147d17,"Офіційно визнано: Україна – це майбутній рівний партнер для 27 країн ЄС – звернення Президента, Голови Верховної Ради та Прем’єр-міністра",2022-06-24,https://www.president.gov.ua/news/oficijno-viznano-ukrayina-ce-majbutnij-rivnij-partner-dlya-2-76029,ontological_security,київський русь,Київської Русі,"У часи Київської Русі , коли народ долучався до вирішення важливих питань на вічі .",Бо демократія та народовладдя існували тут понад тисячу років тому .,"Права людини , життя людини були цінністю ще тисячу років тому .",yes,no,none,none,none,none,high,
1552,2b4bb62ba53a,Українці вистояли й надихнули весь світ своєю рішучістю – звернення Президента Володимира Зеленського,2022-03-09,https://www.president.gov.ua/news/ukrayinci-vistoyali-j-nadihnuli-ves-svit-svoyeyu-rishuchisty-73457,material_security,оборона,оборони,"Вже 14-й день нашої оборони , нашого захисту .",Хоробрі українці нескореної країни !,14-й день нашого єднання .,yes,no,none,none,none,none,high,
1553,2b4bb62ba53a,Українці вистояли й надихнули весь світ своєю рішучістю – звернення Президента Володимира Зеленського,2022-03-09,https://www.president.gov.ua/news/ukrayinci-vistoyali-j-nadihnuli-ves-svit-svoyeyu-rishuchisty-73457,material_security,загроза,загрози,Масштаб загрози державі – максимальний .,По -справжньому всеукраїнського .,"Окупаційний контингент уже завів на нашу територію майже всіх , кого збирали для вторгнення в Україну .",yes,no,none,none,none,none,high,
1554,2b4bb62ba53a,Українці вистояли й надихнули весь світ своєю рішучістю – звернення Президента Володимира Зеленського,2022-03-09,https://www.president.gov.ua/news/ukrayinci-vistoyali-j-nadihnuli-ves-svit-svoyeyu-rishuchisty-73457,material_security,ворог,ворога,"Якщо будемо й надалі відповідати мудро та сміливо на активність ворога , який може зруйнувати стіни наших будинків , наших шкіл , наших церков .",Національну силу .,Може розбити українські підприємства .,yes,no,none,none,none,none,high,
1555,2b4bb62ba53a,Українці вистояли й надихнули весь світ своєю рішучістю – звернення Президента Володимира Зеленського,2022-03-09,https://www.president.gov.ua/news/ukrayinci-vistoyali-j-nadihnuli-ves-svit-svoyeyu-rishuchisty-73457,church_actors,церква,церков,"Якщо будемо й надалі відповідати мудро та сміливо на активність ворога , який може зруйнувати стіни наших будинків , наших шкіл , наших церков .",Національну силу .,Може розбити українські підприємства .,yes,no,none,none,none,none,high,
1556,2b4bb62ba53a,Українці вистояли й надихнули весь світ своєю рішучістю – звернення Президента Володимира Зеленського,2022-03-09,https://www.president.gov.ua/news/ukrayinci-vistoyali-j-nadihnuli-ves-svit-svoyeyu-rishuchisty-73457,material_security,ворог,ворога,"Танки ворога , бронемашини , боєприпаси тепер працюватимуть на нашу оборону .","Наші військові та тероборонці змогли поповнити арсенал нашої техніки за рахунок багатьох трофеїв , які взяли на полі бою .",На наше життя .,yes,no,none,none,none,none,high,
1557,2b4bb62ba53a,Українці вистояли й надихнули весь світ своєю рішучістю – звернення Президента Володимира Зеленського,2022-03-09,https://www.president.gov.ua/news/ukrayinci-vistoyali-j-nadihnuli-ves-svit-svoyeyu-rishuchisty-73457,material_security,оборона,оборону,"Танки ворога , бронемашини , боєприпаси тепер працюватимуть на нашу оборону .","Наші військові та тероборонці змогли поповнити арсенал нашої техніки за рахунок багатьох трофеїв , які взяли на полі бою .",На наше життя .,yes,no,none,none,none,none,high,
1558,2b4bb62ba53a,Українці вистояли й надихнули весь світ своєю рішучістю – звернення Президента Володимира Зеленського,2022-03-09,https://www.president.gov.ua/news/ukrayinci-vistoyali-j-nadihnuli-ves-svit-svoyeyu-rishuchisty-73457,decolonisation,окупант,окупантів,Що може бути більш принизливим для окупантів ?,На наше життя .,Ми будемо бити ворога його ж зброєю .,yes,no,none,none,none,none,high,
1559,2b4bb62ba53a,Українці вистояли й надихнули весь світ своєю рішучістю – звернення Президента Володимира Зеленського,2022-03-09,https://www.president.gov.ua/news/ukrayinci-vistoyali-j-nadihnuli-ves-svit-svoyeyu-rishuchisty-73457,material_security,ворог,ворога,Ми будемо бити ворога його ж зброєю .,Що може бути більш принизливим для окупантів ?,"На додачу до нашої , яку російські війська вже непогано відчули .",yes,no,none,none,none,none,high,
1560,2b4bb62ba53a,Українці вистояли й надихнули весь світ своєю рішучістю – звернення Президента Володимира Зеленського,2022-03-09,https://www.president.gov.ua/news/ukrayinci-vistoyali-j-nadihnuli-ves-svit-svoyeyu-rishuchisty-73457,decolonisation,окупант,окупантах,Якщо буде хоч один постріл – повна відповідальність на окупантах .,"Наші урядовці над цим працюють , Наші військові створили всі умови .","А як відповідає світ , ви вже побачили .",yes,no,none,none,none,none,high,
1576,2b64d61864e3,Звернення Глави держави щодо продовження боротьби з коронавірусом в Україні,2020-03-26,https://www.president.gov.ua/news/zvernennya-glavi-derzhavi-shodo-prodovzhennya-borotbi-z-koro-60329,material_security,ворог,ворогу,"Що у дуже критичні моменти мобілізуємось та даємо відсіч будь-якому ворогу , навіть невидимому .","Ми вкотре доводимо , шо є єдиною країною .",Тепер про конкретні кроки .,yes,no,none,none,none,none,high,COVID-19 measures continued. Church leaders asked to move services online.
1577,2b64d61864e3,Звернення Глави держави щодо продовження боротьби з коронавірусом в Україні,2020-03-26,https://www.president.gov.ua/news/zvernennya-glavi-derzhavi-shodo-prodovzhennya-borotbi-z-koro-60329,urgency,надзвичайний,надзвичайної,Вчора Кабінет Міністрів на один місяць запровадив режим надзвичайної ситуації .,Тепер про конкретні кроки .,Це важливе рішення для здоров’я українців .,yes,no,none,none,none,none,high,COVID-19 measures continued. Church leaders asked to move services online.
1578,2b64d61864e3,Звернення Глави держави щодо продовження боротьби з коронавірусом в Україні,2020-03-26,https://www.president.gov.ua/news/zvernennya-glavi-derzhavi-shodo-prodovzhennya-borotbi-z-koro-60329,urgency,надзвичайний,надзвичайним,Його не слід плутати з надзвичайним станом .,Це важливе рішення для здоров’я українців .,"Надзвичайна ситуація – це тимчасовий правовий режим , який консолідує роботу всіх владних органів і в той же час не обмежує конституційні права громадян .",yes,no,none,none,none,none,high,COVID-19 measures continued. Church leaders asked to move services online.
1579,2b64d61864e3,Звернення Глави держави щодо продовження боротьби з коронавірусом в Україні,2020-03-26,https://www.president.gov.ua/news/zvernennya-glavi-derzhavi-shodo-prodovzhennya-borotbi-z-koro-60329,urgency,надзвичайний,Надзвичайна,"Надзвичайна ситуація – це тимчасовий правовий режим , який консолідує роботу всіх владних органів і в той же час не обмежує конституційні права громадян .",Його не слід плутати з надзвичайним станом .,"Цей режим – не про диктатуру , це – про дисципліну .",yes,no,none,none,none,none,high,COVID-19 measures continued. Church leaders asked to move services online.
1580,2b64d61864e3,Звернення Глави держави щодо продовження боротьби з коронавірусом в Україні,2020-03-26,https://www.president.gov.ua/news/zvernennya-glavi-derzhavi-shodo-prodovzhennya-borotbi-z-koro-60329,urgency,припинити,припинено,"Саме тому до кінця п’ятниці , 27 березня , буде закрито державний кордон та припинено всі пасажирські перевезення .","Сьогодні ми діємо настільки жорстко , наскільки цього вимагають сьогодення та виклики майбутнього .",Два тижні тому я закликав громадян терміново повернутись до України .,yes,no,none,none,none,none,high,COVID-19 measures continued. Church leaders asked to move services online.
1581,2b64d61864e3,Звернення Глави держави щодо продовження боротьби з коронавірусом в Україні,2020-03-26,https://www.president.gov.ua/news/zvernennya-glavi-derzhavi-shodo-prodovzhennya-borotbi-z-koro-60329,material_security,санкція,санкції,Інакше будуть санкції .,"А ще я наполегливо рекомендую керівникам медичних закладів не перетворюватися на готельєрів , не займатися торгівлею палатами чи облаштуванням ординаторських під перебування якихось « шишок » .",Щодня наші українські лікарі проводять регулярні консультації з китайськими медиками з Уханя та отримують досвід ефективної боротьби з коронавірусом .,yes,no,none,none,none,none,high,COVID-19 measures continued. Church leaders asked to move services online.
1582,2b64d61864e3,Звернення Глави держави щодо продовження боротьби з коронавірусом в Україні,2020-03-26,https://www.president.gov.ua/news/zvernennya-glavi-derzhavi-shodo-prodovzhennya-borotbi-z-koro-60329,church_actors,церква,церков,"Окремо я хочу подякувати главам церков , які зараз проводять богослужіння онлайн .",І ви – не виняток .,Спасибі за вашу свідомість та турботу про здоров’я людей .,yes,no,none,none,none,none,high,COVID-19 measures continued. Church leaders asked to move services online.
1583,2b64d61864e3,Звернення Глави держави щодо продовження боротьби з коронавірусом в Україні,2020-03-26,https://www.president.gov.ua/news/zvernennya-glavi-derzhavi-shodo-prodovzhennya-borotbi-z-koro-60329,church_actors,церква,церков,"Вкотре закликаю інших глав церков перейти на таку практику , усвідомивши небезпеку великого скупчення людей та відповідальність за життя своїх прихожан .",Спасибі за вашу свідомість та турботу про здоров’я людей .,"Наостанок , дорогі громадяни , я хочу подякувати тим , хто свідомо залишається вдома й дотримується самоізоляції .",yes,no,none,none,none,none,high,COVID-19 measures continued. Church leaders asked to move services online.
1616,2c393d48312b,Звернення Глави держави щодо протидії коронавірусу,2020-03-16,https://www.president.gov.ua/news/zvernennya-glavi-derzhavi-shodo-protidiyi-koronavirusu-60181,urgency,заборонити,заборонити,"З 00 годин 01 хвилини 17 березня 2020 року заборонити приймати відвідувачів закладам культури , торговельно - розважальним центрам , ресторанам , кафе , фітнес - центрам та іншим закладам харчування , розваг і послуг .",Перше .,"Ресторани та кафе зможуть продовжити роботу з приготування їжі , доставку якої громадяни зможуть замовити додому .",yes,no,none,none,none,none,high,COVID-19 measures. Churches mentioned re: pandemic gathering restrictions.
1617,2c393d48312b,Звернення Глави держави щодо протидії коронавірусу,2020-03-16,https://www.president.gov.ua/news/zvernennya-glavi-derzhavi-shodo-protidiyi-koronavirusu-60181,urgency,заборонити,заборонити,"Міністерству інфраструктури – з 12-ї години дня 18 березня 2020 року заборонити залізничне , авіа - та автобусне міжміське та міжобласне пасажирське перевезення , заборонити роботу метрополітенів .",Друге .,"Міські перевезення можуть здійснюватися у режимі : до 10 осіб – у маршрутних таксі й таксі і до 20 осіб – у тролейбусах , автобусах , вагонах трамвая .",yes,no,none,none,none,none,high,COVID-19 measures. Churches mentioned re: pandemic gathering restrictions.
1618,2c393d48312b,Звернення Глави держави щодо протидії коронавірусу,2020-03-16,https://www.president.gov.ua/news/zvernennya-glavi-derzhavi-shodo-protidiyi-koronavirusu-60181,urgency,надзвичайний,надзвичайної,"В областях , де були підтверджені випадки коронавірусної хвороби , а саме – в Чернівецькій та Житомирській областях – запровадити режим надзвичайної ситуації з 17 березня 2020 року .",П’яте .,Шосте .,yes,no,none,none,none,none,high,COVID-19 measures. Churches mentioned re: pandemic gathering restrictions.
1619,2c393d48312b,Звернення Глави держави щодо протидії коронавірусу,2020-03-16,https://www.president.gov.ua/news/zvernennya-glavi-derzhavi-shodo-protidiyi-koronavirusu-60181,urgency,заборонити,заборонити,Міністерству охорони здоров’я – тимчасово заборонити планові заходи та планові операції .,Шосте .,Здійснювати лише термінові та невідкладні заходи .,yes,no,none,none,none,none,high,COVID-19 measures. Churches mentioned re: pandemic gathering restrictions.
1620,2c393d48312b,Звернення Глави держави щодо протидії коронавірусу,2020-03-16,https://www.president.gov.ua/news/zvernennya-glavi-derzhavi-shodo-protidiyi-koronavirusu-60181,urgency,невідкладний,невідкладні,Здійснювати лише термінові та невідкладні заходи .,Міністерству охорони здоров’я – тимчасово заборонити планові заходи та планові операції .,Максимально підготувати та перепрофілювати медичні заклади для прийому та лікування інфікованих хворих у тяжких станах .,yes,no,none,none,none,none,high,COVID-19 measures. Churches mentioned re: pandemic gathering restrictions.
1621,2c393d48312b,Звернення Глави держави щодо протидії коронавірусу,2020-03-16,https://www.president.gov.ua/news/zvernennya-glavi-derzhavi-shodo-protidiyi-koronavirusu-60181,urgency,заборонити,Заборонити,"Заборонити масові заходи за участю більше 10 осіб , включно з обрядами та церемоніями .",Сьоме .,"Лідерів усіх церков я дуже прошу з розумінням поставитися до цієї ситуації , коли є загроза людському здоров’ю та життю .",yes,no,none,none,none,none,high,COVID-19 measures. Churches mentioned re: pandemic gathering restrictions.
1622,2c393d48312b,Звернення Глави держави щодо протидії коронавірусу,2020-03-16,https://www.president.gov.ua/news/zvernennya-glavi-derzhavi-shodo-protidiyi-koronavirusu-60181,church_actors,церква,церков,"Лідерів усіх церков я дуже прошу з розумінням поставитися до цієї ситуації , коли є загроза людському здоров’ю та життю .","Заборонити масові заходи за участю більше 10 осіб , включно з обрядами та церемоніями .",Восьме .,yes,no,none,none,none,none,high,COVID-19 measures. Churches mentioned re: pandemic gathering restrictions.
1623,2c393d48312b,Звернення Глави держави щодо протидії коронавірусу,2020-03-16,https://www.president.gov.ua/news/zvernennya-glavi-derzhavi-shodo-protidiyi-koronavirusu-60181,material_security,загроза,загроза,"Лідерів усіх церков я дуже прошу з розумінням поставитися до цієї ситуації , коли є загроза людському здоров’ю та життю .","Заборонити масові заходи за участю більше 10 осіб , включно з обрядами та церемоніями .",Восьме .,yes,no,none,none,none,none,high,COVID-19 measures. Churches mentioned re: pandemic gathering restrictions.
1624,2c393d48312b,Звернення Глави держави щодо протидії коронавірусу,2020-03-16,https://www.president.gov.ua/news/zvernennya-glavi-derzhavi-shodo-protidiyi-koronavirusu-60181,material_security,загроза,загрози,"Зараз , у ситуації світової пандемії та загрози глобальної фінансової кризи , парламент України має ухвалювати життєво важливі для економіки закони , впроваджувати податкову , земельну , трудову реформи , призначити міністрів економіки та енергетики , Генерального прокурора України .","На мою думку , зміна плану роботи Верховної Ради неприпустима .",Швидкі реформи – це швидка допомога для економіки .,yes,no,none,none,none,none,high,COVID-19 measures. Churches mentioned re: pandemic gathering restrictions.
1657,2d047abbd7be,Звернення Президента України Володимира Зеленського до італійців та усіх європейців,2022-03-12,https://www.president.gov.ua/news/zvernennya-prezidenta-ukrayini-volodimira-zelenskogo-do-ital-73525,decolonisation,незалежність,незалежності,"Це війна проти українського народу – проти мирних і щирих людей , яких ви , я впевнений , дуже добре взнали за роки нашої незалежності .",Це жорстоке й цинічне вторгнення Росії на українську землю .,"Взнали й побачили , що ми з вами дуже схожі .",yes,no,none,none,none,none,high,
1658,2d047abbd7be,Звернення Президента України Володимира Зеленського до італійців та усіх європейців,2022-03-12,https://www.president.gov.ua/news/zvernennya-prezidenta-ukrayini-volodimira-zelenskogo-do-ital-73525,church_actors,церква,церкві,"Що означає , коли не можеш знайти спокій навіть у церкві .","Що це означає для українців , для наших родин , для наших дітей ?..",Бо авіація бомбардує навіть церкви !,yes,no,none,none,none,none,high,
1659,2d047abbd7be,Звернення Президента України Володимира Зеленського до італійців та усіх європейців,2022-03-12,https://www.president.gov.ua/news/zvernennya-prezidenta-ukrayini-volodimira-zelenskogo-do-ital-73525,church_actors,церква,церкви,Бо авіація бомбардує навіть церкви !,"Що означає , коли не можеш знайти спокій навіть у церкві .",Навіть площі ...,yes,no,none,none,none,none,high,
1660,2d047abbd7be,Звернення Президента України Володимира Зеленського до італійців та усіх європейців,2022-03-12,https://www.president.gov.ua/news/zvernennya-prezidenta-ukrayini-volodimira-zelenskogo-do-ital-73525,material_security,санкція,санкції,"Потрібні такі санкції проти Росії , щоб кожен російський солдат знав ціну кожного пострілу в мирних людей .",Потрібно тиснути .,"Потрібна така принциповість європейського бізнесу , щоб у російської держави не було грошей руйнувати життя .",yes,no,none,none,none,none,high,
2020,35e6c262e7b5,"Нам потрібна ваша підтримка, щоб прискорити настання миру – звернення Президента України до учасників сесії Генеральної асамблеї Організації американських держав (ОАД), яка триває в Лімі",2022-10-06,https://www.president.gov.ua/news/nam-potribna-vasha-pidtrimka-shob-priskoriti-nastannya-miru-78305,decolonisation,незалежність,незалежність,"Я вдячний за можливість звернутися до вас саме зараз – у час , коли ми перейшли до визначального етапу нашої війни за незалежність .",Друзі !,"У час , коли наші герої виганяють окупаційну армію з нашої землі .",yes,no,none,none,none,none,high,
2021,35e6c262e7b5,"Нам потрібна ваша підтримка, щоб прискорити настання миру – звернення Президента України до учасників сесії Генеральної асамблеї Організації американських держав (ОАД), яка триває в Лімі",2022-10-06,https://www.president.gov.ua/news/nam-potribna-vasha-pidtrimka-shob-priskoriti-nastannya-miru-78305,decolonisation,незалежність,незалежність,"Ми не сумніваємося , що переможемо в цій війні і зможемо захистити незалежність України .",Але мільйони українців стали на захист свободи та своєї держави й точно не дозволять Росії повернути той старий несправедливий час .,Щоденні перемоги на фронті й десятки звільнених міст і сіл України доводять це .,yes,no,none,none,none,none,high,
2022,35e6c262e7b5,"Нам потрібна ваша підтримка, щоб прискорити настання миру – звернення Президента України до учасників сесії Генеральної асамблеї Організації американських держав (ОАД), яка триває в Лімі",2022-10-06,https://www.president.gov.ua/news/nam-potribna-vasha-pidtrimka-shob-priskoriti-nastannya-miru-78305,decolonisation,окупант,окупантів,"У багатьох із них відібрали документи , багато з них пройшли через страшні фільтраційні табори окупантів , де над ними знущались і залякували .","Вони розпорошені по території цієї держави , розкидані по віддалених регіонах Росії .",Це – люди .,yes,no,none,none,none,none,high,
2023,35e6c262e7b5,"Нам потрібна ваша підтримка, щоб прискорити настання миру – звернення Президента України до учасників сесії Генеральної асамблеї Організації американських держав (ОАД), яка триває в Лімі",2022-10-06,https://www.president.gov.ua/news/nam-potribna-vasha-pidtrimka-shob-priskoriti-nastannya-miru-78305,decolonisation,незалежність,незалежність,"З точки зору боротьби за незалежність , яку вели ваші народи .","З точки зору того , що пережив ваш великий Американський континент .","З точки зору звичайної людської справедливості , яка так багато значить для ваших країн і людей .",yes,no,none,none,none,none,high,
2024,35e6c262e7b5,"Нам потрібна ваша підтримка, щоб прискорити настання миру – звернення Президента України до учасників сесії Генеральної асамблеї Організації американських держав (ОАД), яка триває в Лімі",2022-10-06,https://www.president.gov.ua/news/nam-potribna-vasha-pidtrimka-shob-priskoriti-nastannya-miru-78305,church_actors,церква,церкви,"Думаю , вони не співчували б тому , хто свідомо поставив різні країни на межу голоду через штучну продовольчу кризу , хто заганяє людей у бідність через цінову та енергетичну кризи – теж штучні – і хто ниций настільки , що воює проти цивільних , знищуючи за допомогою ракет і артилерії всі основи нормального соціального життя – житлові будинки , лікарні , школи , церкви .","Думаю , вони не підтримали б того , хто постійно бреше й навіть не називає війну війною , ховаючись за визначенням « спеціальна військова операція » .","Я дякую тим із вас , хто вже потужно виступив на захист України й засудив російську війну проти нашої свободи та незалежності .",yes,no,none,none,none,none,high,
2025,35e6c262e7b5,"Нам потрібна ваша підтримка, щоб прискорити настання миру – звернення Президента України до учасників сесії Генеральної асамблеї Організації американських держав (ОАД), яка триває в Лімі",2022-10-06,https://www.president.gov.ua/news/nam-potribna-vasha-pidtrimka-shob-priskoriti-nastannya-miru-78305,decolonisation,незалежність,незалежності,"Я дякую тим із вас , хто вже потужно виступив на захист України й засудив російську війну проти нашої свободи та незалежності .","Думаю , вони не співчували б тому , хто свідомо поставив різні країни на межу голоду через штучну продовольчу кризу , хто заганяє людей у бідність через цінову та енергетичну кризи – теж штучні – і хто ниций настільки , що воює проти цивільних , знищуючи за допомогою ракет і артилерії всі основи нормального соціального життя – житлові будинки , лікарні , школи , церкви .",Я дякую вашій Організації за призупинення дії російського статусу спостерігача .,yes,no,none,none,none,none,high,
2026,35e6c262e7b5,"Нам потрібна ваша підтримка, щоб прискорити настання миру – звернення Президента України до учасників сесії Генеральної асамблеї Організації американських держав (ОАД), яка триває в Лімі",2022-10-06,https://www.president.gov.ua/news/nam-potribna-vasha-pidtrimka-shob-priskoriti-nastannya-miru-78305,material_security,санкція,санкції,Підтримуйте санкції проти Росії .,"Будь ласка , уникайте того , щоб ваші компанії та країни були пов’язані з тими фізичними та юридичними особами Росії , через яких ця держава здійснює свій терор проти України .",Обмежуйте свої торговельні операції з Росією .,yes,no,none,none,none,none,high,
2027,35e6c262e7b5,"Нам потрібна ваша підтримка, щоб прискорити настання миру – звернення Президента України до учасників сесії Генеральної асамблеї Організації американських держав (ОАД), яка триває в Лімі",2022-10-06,https://www.president.gov.ua/news/nam-potribna-vasha-pidtrimka-shob-priskoriti-nastannya-miru-78305,decolonisation,незалежність,незалежність,"Що більшою буде підтримка того , хто бореться за свободу й незалежність , то сильнішою буде свобода загалом у світі й то швидше ми пройдемо увесь шлях до звільнення нашої землі від російських окупантів .","Народу , який ніколи не починав жодних загарбницьких війн .",Я дякую вам за увагу !,yes,no,none,none,none,none,high,
2028,35e6c262e7b5,"Нам потрібна ваша підтримка, щоб прискорити настання миру – звернення Президента України до учасників сесії Генеральної асамблеї Організації американських держав (ОАД), яка триває в Лімі",2022-10-06,https://www.president.gov.ua/news/nam-potribna-vasha-pidtrimka-shob-priskoriti-nastannya-miru-78305,decolonisation,звільнення,звільнення,"Що більшою буде підтримка того , хто бореться за свободу й незалежність , то сильнішою буде свобода загалом у світі й то швидше ми пройдемо увесь шлях до звільнення нашої землі від російських окупантів .","Народу , який ніколи не починав жодних загарбницьких війн .",Я дякую вам за увагу !,yes,no,none,none,none,none,high,
2029,35e6c262e7b5,"Нам потрібна ваша підтримка, щоб прискорити настання миру – звернення Президента України до учасників сесії Генеральної асамблеї Організації американських держав (ОАД), яка триває в Лімі",2022-10-06,https://www.president.gov.ua/news/nam-potribna-vasha-pidtrimka-shob-priskoriti-nastannya-miru-78305,decolonisation,окупант,окупантів,"Що більшою буде підтримка того , хто бореться за свободу й незалежність , то сильнішою буде свобода загалом у світі й то швидше ми пройдемо увесь шлях до звільнення нашої землі від російських окупантів .","Народу , який ніколи не починав жодних загарбницьких війн .",Я дякую вам за увагу !,yes,no,none,none,none,none,high,
2302,3ca1baf500c3,Промова Президента України Володимира Зеленського у Фолькетингу,2022-03-29,https://www.president.gov.ua/news/promova-prezidenta-ukrayini-volodimira-zelenskogo-u-folketin-73925,material_security,загроза,загрози,Вони не становили жодної загрози для Росії .,Жодних войовничих мрій у миколаївців не було .,"Але і вони , як і всі інші українці , повірте мені , стали мішенню для російських військ .",yes,no,none,none,none,none,high,
2303,3ca1baf500c3,Промова Президента України Володимира Зеленського у Фолькетингу,2022-03-29,https://www.president.gov.ua/news/promova-prezidenta-ukrayini-volodimira-zelenskogo-u-folketin-73925,church_actors,церква,церкви,"А ще десятки лікарень , ще церкви , навіть меморіали жертвам Голокосту стали мішенями .",Уявіть собі !,Мета російських військ у цій війні – повністю знищити будь-яку основу для нормального життя українського народу .,yes,no,none,none,none,none,high,
2304,3ca1baf500c3,Промова Президента України Володимира Зеленського у Фолькетингу,2022-03-29,https://www.president.gov.ua/news/promova-prezidenta-ukrayini-volodimira-zelenskogo-u-folketin-73925,decolonisation,окупант,Окупанти,"Окупанти свідомо роблять так , щоб від України нічого живого не залишилося .",Мета російських військ у цій війні – повністю знищити будь-яку основу для нормального життя українського народу .,Тільки руїни .,yes,no,none,none,none,none,high,
2305,3ca1baf500c3,Промова Президента України Володимира Зеленського у Фолькетингу,2022-03-29,https://www.president.gov.ua/news/promova-prezidenta-ukrayini-volodimira-zelenskogo-u-folketin-73925,decolonisation,окупант,Окупанти,"Окупанти вбивали мирних людей навіть тоді , коли вони намагалися просто врятуватися !","Сотні й сотні таких автівок , їхніх залишків .","Разом з нашими переселенцями у Європі та в західних областях України є діти , яких просто підбирали дорогою біля трупів їхніх батьків .",yes,no,none,none,none,none,high,
2306,3ca1baf500c3,Промова Президента України Володимира Зеленського у Фолькетингу,2022-03-29,https://www.president.gov.ua/news/promova-prezidenta-ukrayini-volodimira-zelenskogo-u-folketin-73925,material_security,санкція,Санкції,Санкції ?,"Люди , які ухвалюють рішення в Росії , сподіваються , що їм і це зійде з рук .","Вони думають , що їх вдасться обходити .",yes,no,none,none,none,none,high,
2307,3ca1baf500c3,Промова Президента України Володимира Зеленського у Фолькетингу,2022-03-29,https://www.president.gov.ua/news/promova-prezidenta-ukrayini-volodimira-zelenskogo-u-folketin-73925,material_security,санкція,санкції,"Тому ми звертаємось і до вас , і до всієї демократичної спільноти світу : санкції проти Росії треба посилювати !","Вони знають , що потрібні роки , щоб притягнути конкретних винуватців до відповідальності .",Постійно .,yes,no,none,none,none,none,high,
2308,3ca1baf500c3,Промова Президента України Володимира Зеленського у Фолькетингу,2022-03-29,https://www.president.gov.ua/news/promova-prezidenta-ukrayini-volodimira-zelenskogo-u-folketin-73925,decolonisation,окупант,окупанти,"Що можна сказати про захист прав людини чи про свободу на європейському континенті , якщо немає такого злочину проти людей і людяності в цілому , який би не скоїли окупанти ?","Це тиск заради того , щоб дати необхідний захист усім тим базовим цінностям , на яких побудовано життя у Європі і які зараз повністю розтоптані Росією в Україні .","Вони депортують наших людей на територію Росії силою , ґвалтують жінок , неповнолітніх дівчат , займаються мародерством .",yes,no,none,none,none,none,high,
2309,3ca1baf500c3,Промова Президента України Володимира Зеленського у Фолькетингу,2022-03-29,https://www.president.gov.ua/news/promova-prezidenta-ukrayini-volodimira-zelenskogo-u-folketin-73925,church_actors,церква,церквах,"Тисячі свічок ставлять у наших церквах у памʼять про людей , чиї життя забрала ця війна .",Зараз в Україні чорні часи .,"Я знаю , що для вас тепле світло свічок – це синонім домашнього затишку , звичайного , доброго людського життя .",yes,no,none,none,none,none,high,
2414,3eff2d7b969f,Промова Президента Володимира Зеленського з нагоди 30-ї річниці незалежності України,2021-08-24,https://www.president.gov.ua/news/promova-prezidenta-volodimira-zelenskogo-z-nagodi-30-yi-rich-70333,decolonisation,незалежність,незалежності,Сьогодні ми відзначаємо 30-ту річницю проголошення незалежності України !,Я вітаю всіх нас із цим великим і важливим днем !,30-ту річницю її здобуття !,yes,no,none,none,none,none,high,
2415,3eff2d7b969f,Промова Президента Володимира Зеленського з нагоди 30-ї річниці незалежності України,2021-08-24,https://www.president.gov.ua/news/promova-prezidenta-volodimira-zelenskogo-z-nagodi-30-yi-rich-70333,decolonisation,незалежність,незалежності,"А справедливіше , на мій погляд , сказати : 30-ту річницю відновлення незалежності України !",30-ту річницю її здобуття !,Бо 24 серпня 1991 року Україна відновила свою державність .,yes,no,none,none,none,none,high,
2416,3eff2d7b969f,Промова Президента Володимира Зеленського з нагоди 30-ї річниці незалежності України,2021-08-24,https://www.president.gov.ua/news/promova-prezidenta-volodimira-zelenskogo-z-nagodi-30-yi-rich-70333,church_actors,церква,церкви,І наш тризуб був витиснутий на цеглинах Десятинної церкви 1025 років тому .,Наш тризуб був затверджений у Конституції України 25 років тому .,Цьогоріч Збройні Сили України відзначили 30-ту річницю свого створення .,yes,no,none,none,none,none,high,
2417,3eff2d7b969f,Промова Президента Володимира Зеленського з нагоди 30-ї річниці незалежності України,2021-08-24,https://www.president.gov.ua/news/promova-prezidenta-volodimira-zelenskogo-z-nagodi-30-yi-rich-70333,urgency,рішучий,рішуче,"Країна , яка амбітно мріє та рішуче діє .",Що таке сильна країна ?,"Країна , яка не боїться слова « вперше » .",yes,no,none,none,none,none,high,
2418,3eff2d7b969f,Промова Президента Володимира Зеленського з нагоди 30-ї річниці незалежності України,2021-08-24,https://www.president.gov.ua/news/promova-prezidenta-volodimira-zelenskogo-z-nagodi-30-yi-rich-70333,material_security,ворог,ворог,"Бо жоден ворог не завдав нам більшого удару , ніж наші власні чвари .","Ми так багато сперечаємося про минуле , а це означає , що ми не робимо висновків з власної великої історії .",У чому сила українського народу ?,yes,no,none,none,none,none,high,
2419,3eff2d7b969f,Промова Президента Володимира Зеленського з нагоди 30-ї річниці незалежності України,2021-08-24,https://www.president.gov.ua/news/promova-prezidenta-volodimira-zelenskogo-z-nagodi-30-yi-rich-70333,decolonisation,незалежність,Незалежності,А без чарочки домашньої наливки з будь-якого куточка України День Незалежності не такий святковий .,Без келиха одеського вина вечір не такий приємний .,Рівненщина подарувала нам першого Президента України .,yes,no,none,none,none,none,high,
2420,3eff2d7b969f,Промова Президента Володимира Зеленського з нагоди 30-ї річниці незалежності України,2021-08-24,https://www.president.gov.ua/news/promova-prezidenta-volodimira-zelenskogo-z-nagodi-30-yi-rich-70333,church_actors,лавра,лаври,"Без лаври та Софії , костелу Святого Миколая й собору Святого Юра , ханської мечеті в Бахчисараї та синагоги у Дніпрі Україна не така багатогранна .","Без Кам’янець - Подільської фортеці , волинського Замку Любарта та Аккермана на Одещині Україна не така міцна .","Дорогі , рідні українці , дорогі громадяни нашої держави !",yes,no,none,none,none,none,high,
2421,3eff2d7b969f,Промова Президента Володимира Зеленського з нагоди 30-ї річниці незалежності України,2021-08-24,https://www.president.gov.ua/news/promova-prezidenta-volodimira-zelenskogo-z-nagodi-30-yi-rich-70333,decolonisation,незалежність,незалежності,Нашої незалежності .,Це наші захисники України .,"Герої , які віддали за неї своє життя !",yes,no,none,none,none,none,high,
2422,3eff2d7b969f,Промова Президента Володимира Зеленського з нагоди 30-ї річниці незалежності України,2021-08-24,https://www.president.gov.ua/news/promova-prezidenta-volodimira-zelenskogo-z-nagodi-30-yi-rich-70333,decolonisation,незалежність,незалежності,"Ми впевнені , що вони точно відзначать тут 130-ту річницю незалежності України і тисячу років незалежності нашої держави .","Вони загинули заради майбутнього наших дітей , онуків .","Для цього – пам'ятаємо про минуле , діємо сьогодні , думаємо про майбутнє !",yes,no,none,none,none,none,high,
2423,3eff2d7b969f,Промова Президента Володимира Зеленського з нагоди 30-ї річниці незалежності України,2021-08-24,https://www.president.gov.ua/news/promova-prezidenta-volodimira-zelenskogo-z-nagodi-30-yi-rich-70333,ontological_security,київський русь,Київської Русі,Ми – молода родина зі славетної династії Київської Русі – України .,Ми не в гостях і не в приймах .,З роду засновників .,yes,no,none,none,none,none,high,
2424,3eff2d7b969f,Промова Президента Володимира Зеленського з нагоди 30-ї річниці незалежності України,2021-08-24,https://www.president.gov.ua/news/promova-prezidenta-volodimira-zelenskogo-z-nagodi-30-yi-rich-70333,ontological_security,київський русь,Київської Русі,"Столиці Київської Русі – України , яку недаремно називають містом , де все починається .",Її точкою відліку ми вважаємо рік заснування Києва .,"Тут починалося православ’я , тут взяла початок старослов’янська мова , правонаступницею якої є сучасна українська мова .",yes,no,none,none,none,none,high,
2430,3f565fb749e7,"Україна має реалізувати свій історичний шанс на розвиток, здобутий сміливістю наших людей – звернення Президента Володимира Зеленського",2023-08-10,https://www.president.gov.ua/news/ukrayina-maye-realizuvati-svij-istorichnij-shans-na-rozvitok-84817,church_actors,митрополит,митрополитом,Говорив із представником Вселенського Патріархату митрополитом Еммануїлом .,"Із сьогоднішніх зустрічей , про які варто й можна сказати публічно …","Працюємо на всіх рівнях та з усіма суб’єктами глобальних відносин , щоб реалізувати Формулу миру , зокрема повернути в Україну депортованих із нашої землі дітей .",yes,no,none,none,none,none,high,
2431,3f565fb749e7,"Україна має реалізувати свій історичний шанс на розвиток, здобутий сміливістю наших людей – звернення Президента Володимира Зеленського",2023-08-10,https://www.president.gov.ua/news/ukrayina-maye-realizuvati-svij-istorichnij-shans-na-rozvitok-84817,ontological_security,духовний,духовної,"Звичайно , як і завжди , говорили про посилення духовної незалежності України та про духовний мир в Україні .",Вдячний Вселенському Патріархату за готовність допомагати .,Наша країна – один з історичних центрів християнства .,yes,yes,ontological,nation,Moscow_Patriarchate,none,high,Discussion with Ecumenical Patriarchate representative about strengthening Ukraine's spiritual independence.
2432,3f565fb749e7,"Україна має реалізувати свій історичний шанс на розвиток, здобутий сміливістю наших людей – звернення Президента Володимира Зеленського",2023-08-10,https://www.president.gov.ua/news/ukrayina-maye-realizuvati-svij-istorichnij-shans-na-rozvitok-84817,decolonisation,незалежність,незалежності,"Звичайно , як і завжди , говорили про посилення духовної незалежності України та про духовний мир в Україні .",Вдячний Вселенському Патріархату за готовність допомагати .,Наша країна – один з історичних центрів християнства .,yes,no,none,none,none,none,high,
2433,3f565fb749e7,"Україна має реалізувати свій історичний шанс на розвиток, здобутий сміливістю наших людей – звернення Президента Володимира Зеленського",2023-08-10,https://www.president.gov.ua/news/ukrayina-maye-realizuvati-svij-istorichnij-shans-na-rozvitok-84817,ontological_security,духовний,духовний,"Звичайно , як і завжди , говорили про посилення духовної незалежності України та про духовний мир в Україні .",Вдячний Вселенському Патріархату за готовність допомагати .,Наша країна – один з історичних центрів християнства .,yes,yes,ontological,nation,Moscow_Patriarchate,none,high,Discussion with Ecumenical Patriarchate representative about strengthening Ukraine's spiritual independence.
2434,3f565fb749e7,"Україна має реалізувати свій історичний шанс на розвиток, здобутий сміливістю наших людей – звернення Президента Володимира Зеленського",2023-08-10,https://www.president.gov.ua/news/ukrayina-maye-realizuvati-svij-istorichnij-shans-na-rozvitok-84817,church_actors,релігійний,релігійних,"Українці змогли побудувати особливий формат релігійних відносин у своєму домі : у нашій країні діє Рада церков і релігійних організацій , яка гарантує , що всі спільноти поважаються , усі спільноти можуть донести свою думку державі , усі спільноти можуть брати участь у вирішенні суспільно важливих питань .",Так і буде надалі .,"Держава ніколи не допустить , щоб будь-яку з українських релігійних спільнот могла використовувати держава - агресор .",yes,no,none,none,none,none,high,
2435,3f565fb749e7,"Україна має реалізувати свій історичний шанс на розвиток, здобутий сміливістю наших людей – звернення Президента Володимира Зеленського",2023-08-10,https://www.president.gov.ua/news/ukrayina-maye-realizuvati-svij-istorichnij-shans-na-rozvitok-84817,church_actors,церква,церков,"Українці змогли побудувати особливий формат релігійних відносин у своєму домі : у нашій країні діє Рада церков і релігійних організацій , яка гарантує , що всі спільноти поважаються , усі спільноти можуть донести свою думку державі , усі спільноти можуть брати участь у вирішенні суспільно важливих питань .",Так і буде надалі .,"Держава ніколи не допустить , щоб будь-яку з українських релігійних спільнот могла використовувати держава - агресор .",yes,no,none,none,none,none,high,
2436,3f565fb749e7,"Україна має реалізувати свій історичний шанс на розвиток, здобутий сміливістю наших людей – звернення Президента Володимира Зеленського",2023-08-10,https://www.president.gov.ua/news/ukrayina-maye-realizuvati-svij-istorichnij-shans-na-rozvitok-84817,church_actors,релігійний,релігійних,"Держава ніколи не допустить , щоб будь-яку з українських релігійних спільнот могла використовувати держава - агресор .","Українці змогли побудувати особливий формат релігійних відносин у своєму домі : у нашій країні діє Рада церков і релігійних організацій , яка гарантує , що всі спільноти поважаються , усі спільноти можуть донести свою думку державі , усі спільноти можуть брати участь у вирішенні суспільно важливих питань .","Україна вистоїть , збереже незалежність – усі аспекти незалежності , зокрема і духовну .",yes,yes,material,state,Russia,ban,high,State will never allow aggressor state to use any Ukrainian religious community. Clear securitising statement with implicit extraordinary measure.
2437,3f565fb749e7,"Україна має реалізувати свій історичний шанс на розвиток, здобутий сміливістю наших людей – звернення Президента Володимира Зеленського",2023-08-10,https://www.president.gov.ua/news/ukrayina-maye-realizuvati-svij-istorichnij-shans-na-rozvitok-84817,decolonisation,незалежність,незалежність,"Україна вистоїть , збереже незалежність – усі аспекти незалежності , зокрема і духовну .","Держава ніколи не допустить , щоб будь-яку з українських релігійних спільнот могла використовувати держава - агресор .","І я вдячний усім у світі , хто підтримує в цьому нашу державу , наших людей .",yes,no,none,none,none,none,high,
2438,3f565fb749e7,"Україна має реалізувати свій історичний шанс на розвиток, здобутий сміливістю наших людей – звернення Президента Володимира Зеленського",2023-08-10,https://www.president.gov.ua/news/ukrayina-maye-realizuvati-svij-istorichnij-shans-na-rozvitok-84817,decolonisation,незалежність,незалежності,"Україна вистоїть , збереже незалежність – усі аспекти незалежності , зокрема і духовну .","Держава ніколи не допустить , щоб будь-яку з українських релігійних спільнот могла використовувати держава - агресор .","І я вдячний усім у світі , хто підтримує в цьому нашу державу , наших людей .",yes,no,none,none,none,none,high,
2439,3f565fb749e7,"Україна має реалізувати свій історичний шанс на розвиток, здобутий сміливістю наших людей – звернення Президента Володимира Зеленського",2023-08-10,https://www.president.gov.ua/news/ukrayina-maye-realizuvati-svij-istorichnij-shans-na-rozvitok-84817,ontological_security,духовний,духовну,"Україна вистоїть , збереже незалежність – усі аспекти незалежності , зокрема і духовну .","Держава ніколи не допустить , щоб будь-яку з українських релігійних спільнот могла використовувати держава - агресор .","І я вдячний усім у світі , хто підтримує в цьому нашу державу , наших людей .",yes,yes,ontological,nation,Russia,none,high,Ukraine will preserve independence - including spiritual independence. Explicit ontological securitisation.
2440,3f565fb749e7,"Україна має реалізувати свій історичний шанс на розвиток, здобутий сміливістю наших людей – звернення Президента Володимира Зеленського",2023-08-10,https://www.president.gov.ua/news/ukrayina-maye-realizuvati-svij-istorichnij-shans-na-rozvitok-84817,decolonisation,незалежність,незалежність,"Але передусім я вдячний кожному й кожній , хто б’ється за нашу незалежність .","І я вдячний усім у світі , хто підтримує в цьому нашу державу , наших людей .",Сьогодні я хочу відзначити саме наших воїнів .,yes,no,none,none,none,none,high,
2441,3f565fb749e7,"Україна має реалізувати свій історичний шанс на розвиток, здобутий сміливістю наших людей – звернення Президента Володимира Зеленського",2023-08-10,https://www.president.gov.ua/news/ukrayina-maye-realizuvati-svij-istorichnij-shans-na-rozvitok-84817,decolonisation,окупант,окупантів,Завдяки Олександру знищено й поранено вже понад два десятки окупантів .,"Солдат Олександр Гринь , 81-ша окрема аеромобільна бригада .","Солдат Олександр Грінько , наша « Вісімдесятка » , Десантно - штурмові війська .",yes,no,none,none,none,none,high,
2442,3f565fb749e7,"Україна має реалізувати свій історичний шанс на розвиток, здобутий сміливістю наших людей – звернення Президента Володимира Зеленського",2023-08-10,https://www.president.gov.ua/news/ukrayina-maye-realizuvati-svij-istorichnij-shans-na-rozvitok-84817,decolonisation,незалежність,незалежність,"Слава всім , хто б’ється за незалежність та свободу України !","808-й окремий полк підтримки , 48-ма Камʼянець - Подільська інженерна бригада , 143-й Об’єднаний навчально - тренувальний центр Сил підтримки – дякую всім вам !",Слава Україні !,yes,no,none,none,none,none,high,
2443,3f565fb749e7,"Україна має реалізувати свій історичний шанс на розвиток, здобутий сміливістю наших людей – звернення Президента Володимира Зеленського",2023-08-10,https://www.president.gov.ua/news/ukrayina-maye-realizuvati-svij-istorichnij-shans-na-rozvitok-84817,ontological_security,духовний незалежність,духовної незалежності,"Звичайно , як і завжди , говорили про посилення духовної незалежності України та про духовний мир в Україні .",Вдячний Вселенському Патріархату за готовність допомагати .,Наша країна – один з історичних центрів християнства .,yes,yes,ontological,nation,Moscow_Patriarchate,none,high,Discussion with Ecumenical Patriarchate representative about strengthening Ukraine's spiritual independence.
2553,412c228275a0,"Сьогодні день, коли світ починає наближати справедливий мир – виступ Президента України на першому пленарному засіданні Глобального саміту миру",2024-06-15,https://www.president.gov.ua/news/sogodni-den-koli-svit-pochinaye-nablizhati-spravedlivij-mir-91561,material_security,безпека,безпеку,"Ніхто не має права підривати продовольчу , енергетичну чи будь-яку іншу безпеку світу та його регіонів .",Ніхто не має права погрожувати світу ядерною зброєю .,Ніхто не має права викрадати дітей іншого народу .,yes,no,none,none,none,none,high,
2554,412c228275a0,"Сьогодні день, коли світ починає наближати справедливий мир – виступ Президента України на першому пленарному засіданні Глобального саміту миру",2024-06-15,https://www.president.gov.ua/news/sogodni-den-koli-svit-pochinaye-nablizhati-spravedlivij-mir-91561,material_security,безпека,безпека,Перший напрямок – це радіаційна та ядерна безпека .,"Зараз ми зосередимося на трьох напрямках : на тому , що кожному у світі – без винятків – корисно .",Другий – безпека продовольча .,yes,no,none,none,none,none,high,
2555,412c228275a0,"Сьогодні день, коли світ починає наближати справедливий мир – виступ Президента України на першому пленарному засіданні Глобального саміту миру",2024-06-15,https://www.president.gov.ua/news/sogodni-den-koli-svit-pochinaye-nablizhati-spravedlivij-mir-91561,material_security,безпека,безпека,Другий – безпека продовольча .,Перший напрямок – це радіаційна та ядерна безпека .,"Третій – це звільнення полонених і депортованих , дорослих і дітей , військових і цивільних , чиє життя було зламане війною .",yes,no,none,none,none,none,high,
2556,412c228275a0,"Сьогодні день, коли світ починає наближати справедливий мир – виступ Президента України на першому пленарному засіданні Глобального саміту миру",2024-06-15,https://www.president.gov.ua/news/sogodni-den-koli-svit-pochinaye-nablizhati-spravedlivij-mir-91561,decolonisation,звільнення,звільнення,"Третій – це звільнення полонених і депортованих , дорослих і дітей , військових і цивільних , чиє життя було зламане війною .",Другий – безпека продовольча .,"Ми зосередимось на цих початкових пунктах Формули миру , і в процесі роботи над ними можемо дійти згоди та створити план дій щодо кожного пункту Формули миру .",yes,no,none,none,none,none,high,
2557,412c228275a0,"Сьогодні день, коли світ починає наближати справедливий мир – виступ Президента України на першому пленарному засіданні Глобального саміту миру",2024-06-15,https://www.president.gov.ua/news/sogodni-den-koli-svit-pochinaye-nablizhati-spravedlivij-mir-91561,church_actors,релігійний,релігійних,"Тут представники країн Латинської Америки , Африки , Європи , Близького Сходу та Азії , Тихоокеанського регіону , Північної Америки та релігійних лідерів .","Нам вдалося уникнути однієї з найстрашніших речей , а саме – поділу світу на протилежні табори .",Сто один учасник !,yes,no,none,none,none,none,high,
2558,412c228275a0,"Сьогодні день, коли світ починає наближати справедливий мир – виступ Президента України на першому пленарному засіданні Глобального саміту миру",2024-06-15,https://www.president.gov.ua/news/sogodni-den-koli-svit-pochinaye-nablizhati-spravedlivij-mir-91561,material_security,безпека,безпеки,"Ні в кого не викликає сумнівів те , що світова більшість прагне гарантувати всі аспекти безпеки , зокрема ядерну та продовольчу .","Це справжня багатополярність , коли кожен політичний полюс Землі отримує своє представництво і має свій вплив при розв’язанні глобально важливої справи .","Світова більшість точно підтримує принцип територіальної цілісності держав , суверенітету націй та рівноправності у відносинах між народами .",yes,no,none,none,none,none,high,
2559,412c228275a0,"Сьогодні день, коли світ починає наближати справедливий мир – виступ Президента України на першому пленарному засіданні Глобального саміту миру",2024-06-15,https://www.president.gov.ua/news/sogodni-den-koli-svit-pochinaye-nablizhati-spravedlivij-mir-91561,material_security,суверенітет,суверенітету,"Світова більшість точно підтримує принцип територіальної цілісності держав , суверенітету націй та рівноправності у відносинах між народами .","Ні в кого не викликає сумнівів те , що світова більшість прагне гарантувати всі аспекти безпеки , зокрема ядерну та продовольчу .","Світова більшість прагне жити без кривавих криз , депортацій та екоцидів .",yes,no,none,none,none,none,high,
2560,412c228275a0,"Сьогодні день, коли світ починає наближати справедливий мир – виступ Президента України на першому пленарному засіданні Глобального саміту миру",2024-06-15,https://www.president.gov.ua/news/sogodni-den-koli-svit-pochinaye-nablizhati-spravedlivij-mir-91561,material_security,безпека,безпеки,"Перше – довести , що повернення безпеки справді можливе .",Що конкретно може дати цей Саміт ?,Кроки ми опрацюємо з вами .,yes,no,none,none,none,none,high,
2561,412c228275a0,"Сьогодні день, коли світ починає наближати справедливий мир – виступ Президента України на першому пленарному засіданні Глобального саміту миру",2024-06-15,https://www.president.gov.ua/news/sogodni-den-koli-svit-pochinaye-nablizhati-spravedlivij-mir-91561,material_security,безпека,безпеки,"Від ядерної та продовольчої безпеки , від звільнення полонених і депортованих до повного закінчення війни без загрози її нового розпалення .","Друге – дати реальний план для того , щоб кожен крок заради миру спрацював .","Я вірю , що це можливо .",yes,no,none,none,none,none,high,
2562,412c228275a0,"Сьогодні день, коли світ починає наближати справедливий мир – виступ Президента України на першому пленарному засіданні Глобального саміту миру",2024-06-15,https://www.president.gov.ua/news/sogodni-den-koli-svit-pochinaye-nablizhati-spravedlivij-mir-91561,decolonisation,звільнення,звільнення,"Від ядерної та продовольчої безпеки , від звільнення полонених і депортованих до повного закінчення війни без загрози її нового розпалення .","Друге – дати реальний план для того , щоб кожен крок заради миру спрацював .","Я вірю , що це можливо .",yes,no,none,none,none,none,high,
2563,412c228275a0,"Сьогодні день, коли світ починає наближати справедливий мир – виступ Президента України на першому пленарному засіданні Глобального саміту миру",2024-06-15,https://www.president.gov.ua/news/sogodni-den-koli-svit-pochinaye-nablizhati-spravedlivij-mir-91561,material_security,загроза,загрози,"Від ядерної та продовольчої безпеки , від звільнення полонених і депортованих до повного закінчення війни без загрози її нового розпалення .","Друге – дати реальний план для того , щоб кожен крок заради миру спрацював .","Я вірю , що це можливо .",yes,no,none,none,none,none,high,
2564,412c228275a0,"Сьогодні день, коли світ починає наближати справедливий мир – виступ Президента України на першому пленарному засіданні Глобального саміту миру",2024-06-15,https://www.president.gov.ua/news/sogodni-den-koli-svit-pochinaye-nablizhati-spravedlivij-mir-91561,material_security,територіальний цілісність,територіальну цілісність,Ніхто не має права йти агресивною війною проти сусіда та підривати один із базових принципів Статуту ООН – територіальну цілісність держав .,Наші принципи чіткі .,Ніхто не має права погрожувати світу ядерною зброєю .,yes,no,none,none,none,none,high,
2565,412c228275a0,"Сьогодні день, коли світ починає наближати справедливий мир – виступ Президента України на першому пленарному засіданні Глобального саміту миру",2024-06-15,https://www.president.gov.ua/news/sogodni-den-koli-svit-pochinaye-nablizhati-spravedlivij-mir-91561,material_security,територіальний цілісність,територіальної цілісності,"Світова більшість точно підтримує принцип територіальної цілісності держав , суверенітету націй та рівноправності у відносинах між народами .","Ні в кого не викликає сумнівів те , що світова більшість прагне гарантувати всі аспекти безпеки , зокрема ядерну та продовольчу .","Світова більшість прагне жити без кривавих криз , депортацій та екоцидів .",yes,no,none,none,none,none,high,
2740,450b39452fe6,"Потрібно, щоб кошти від активів агресора працювали на реальну допомогу захисту від агресора – звернення Президента",2024-08-21,https://www.president.gov.ua/news/potribno-shob-koshti-vid-aktiviv-agresora-pracyuvali-na-real-92733,material_security,ворог,ворога,Ми розуміємо кроки ворога й посилюємось .,"Фронт – наші позиції , передусім це Покровський напрямок , наша Донеччина .",Проведено перевірку щодо забезпечення снарядами .,yes,no,none,none,none,none,high,
2741,450b39452fe6,"Потрібно, щоб кошти від активів агресора працювали на реальну допомогу захисту від агресора – звернення Президента",2024-08-21,https://www.president.gov.ua/news/potribno-shob-koshti-vid-aktiviv-agresora-pracyuvali-na-real-92733,material_security,оборона,оборони,Це фундаментально для оборони .,"Щодо кожного пакета , щодо всіх наших домовленостей .","Наша операція в Курській області – триває наша бойова робота , робляться кроки .",yes,no,none,none,none,none,high,
2742,450b39452fe6,"Потрібно, щоб кошти від активів агресора працювали на реальну допомогу захисту від агресора – звернення Президента",2024-08-21,https://www.president.gov.ua/news/potribno-shob-koshti-vid-aktiviv-agresora-pracyuvali-na-real-92733,material_security,оборона,оборони,"Плануємо рішення , які треба ухвалити для підтримки наших Сил оборони .",Кілька питань .,А також для підтримки економічної активності в країні .,yes,no,none,none,none,none,high,
2743,450b39452fe6,"Потрібно, щоб кошти від активів агресора працювали на реальну допомогу захисту від агресора – звернення Президента",2024-08-21,https://www.president.gov.ua/news/potribno-shob-koshti-vid-aktiviv-agresora-pracyuvali-na-real-92733,church_actors,патріарх,Патріархом,Говорив із Патріархом Варфоломієм .,І ще одне за сьогодні .,"Я подякував йому за підтримку України та українців , нашого захисту , нашої незалежності .",yes,no,none,none,none,none,high,
2744,450b39452fe6,"Потрібно, щоб кошти від активів агресора працювали на реальну допомогу захисту від агресора – звернення Президента",2024-08-21,https://www.president.gov.ua/news/potribno-shob-koshti-vid-aktiviv-agresora-pracyuvali-na-real-92733,decolonisation,незалежність,незалежності,"Я подякував йому за підтримку України та українців , нашого захисту , нашої незалежності .",Говорив із Патріархом Варфоломієм .,Поінформував щодо ухваленого закону на посилення нашої духовної незалежності .,yes,no,none,none,none,none,high,
2745,450b39452fe6,"Потрібно, щоб кошти від активів агресора працювали на реальну допомогу захисту від агресора – звернення Президента",2024-08-21,https://www.president.gov.ua/news/potribno-shob-koshti-vid-aktiviv-agresora-pracyuvali-na-real-92733,ontological_security,духовний,духовної,Поінформував щодо ухваленого закону на посилення нашої духовної незалежності .,"Я подякував йому за підтримку України та українців , нашого захисту , нашої незалежності .","Дуже важливо , що ми маємо спільне розуміння того об’єднавчого потенціалу для українського православ’я , який дає цей ухвалений закон , і все для цього передбачено цілком достатньо , щоб справді позбутися залежності від Москви й додати єдності Україні .",yes,yes,ontological,nation,Moscow_Patriarchate,ban,high,Informed Patriarch Bartholomew about adopted law strengthening spiritual independence.
2746,450b39452fe6,"Потрібно, щоб кошти від активів агресора працювали на реальну допомогу захисту від агресора – звернення Президента",2024-08-21,https://www.president.gov.ua/news/potribno-shob-koshti-vid-aktiviv-agresora-pracyuvali-na-real-92733,decolonisation,незалежність,незалежності,Поінформував щодо ухваленого закону на посилення нашої духовної незалежності .,"Я подякував йому за підтримку України та українців , нашого захисту , нашої незалежності .","Дуже важливо , що ми маємо спільне розуміння того об’єднавчого потенціалу для українського православ’я , який дає цей ухвалений закон , і все для цього передбачено цілком достатньо , щоб справді позбутися залежності від Москви й додати єдності Україні .",yes,no,none,none,none,none,high,
2747,450b39452fe6,"Потрібно, щоб кошти від активів агресора працювали на реальну допомогу захисту від агресора – звернення Президента",2024-08-21,https://www.president.gov.ua/news/potribno-shob-koshti-vid-aktiviv-agresora-pracyuvali-na-real-92733,ontological_security,духовний незалежність,духовної незалежності,Поінформував щодо ухваленого закону на посилення нашої духовної незалежності .,"Я подякував йому за підтримку України та українців , нашого захисту , нашої незалежності .","Дуже важливо , що ми маємо спільне розуміння того об’єднавчого потенціалу для українського православ’я , який дає цей ухвалений закон , і все для цього передбачено цілком достатньо , щоб справді позбутися залежності від Москви й додати єдності Україні .",yes,yes,ontological,nation,Moscow_Patriarchate,ban,high,Informed Patriarch Bartholomew about adopted law strengthening spiritual independence.
2807,4622f81c7ed4,Нам в Україні потрібно говорити в один голос зі світом щодо постачання для оборони та посилювати тиск на Росію – звернення Президента Володимира Зеленського,2023-02-02,https://www.president.gov.ua/news/nam-v-ukrayini-potribno-govoriti-v-odin-golos-zi-svitom-shod-80753,decolonisation,окупант,окупанта,Ми не залишимо без нашої відповіді жодну агресивну дію окупанта .,Для особливо вагомої розмови .,"Ворог у специфічній стадії , коли стратегічно програш Росії вже зрозумілий .",yes,no,none,none,none,none,high,
2808,4622f81c7ed4,Нам в Україні потрібно говорити в один голос зі світом щодо постачання для оборони та посилювати тиск на Росію – звернення Президента Володимира Зеленського,2023-02-02,https://www.president.gov.ua/news/nam-v-ukrayini-potribno-govoriti-v-odin-golos-zi-svitom-shod-80753,material_security,ворог,Ворог,"Ворог у специфічній стадії , коли стратегічно програш Росії вже зрозумілий .",Ми не залишимо без нашої відповіді жодну агресивну дію окупанта .,Але тактично у них іще є ресурс для спроб наступальних дій .,yes,no,none,none,none,none,high,
2809,4622f81c7ed4,Нам в Україні потрібно говорити в один голос зі світом щодо постачання для оборони та посилювати тиск на Росію – звернення Президента Володимира Зеленського,2023-02-02,https://www.president.gov.ua/news/nam-v-ukrayini-potribno-govoriti-v-odin-golos-zi-svitom-shod-80753,material_security,оборона,оборони,"Ми ж маємо продовжувати те саме , що робимо : посилювати нашу стійкість , бути абсолютно єдиними в прагненні забезпечити нашу армію та всіх захисників необхідною зброєю та обладнанням – нам в Україні потрібно говорити одним голосом зі світом щодо постачання для оборони .","Вони шукають варіанти , щоб спробувати змінити перебіг війни та намагаються поставити на службу агресії потенціал усіх територій , які вони поки що контролюють .",А також маємо щомісячно відчутно посилювати глобальний тиск на Росію .,yes,no,none,none,none,none,high,
2810,4622f81c7ed4,Нам в Україні потрібно говорити в один голос зі світом щодо постачання для оборони та посилювати тиск на Росію – звернення Президента Володимира Зеленського,2023-02-02,https://www.president.gov.ua/news/nam-v-ukrayini-potribno-govoriti-v-odin-golos-zi-svitom-shod-80753,material_security,ворог,Ворог,"Ворог має вийти із цієї своєї стадії значно більш послабленим , ніж вони передбачають для себе в найгірших сценаріях .",А також маємо щомісячно відчутно посилювати глобальний тиск на Росію .,Це важке завдання для нас .,yes,no,none,none,none,none,high,
2811,4622f81c7ed4,Нам в Україні потрібно говорити в один голос зі світом щодо постачання для оборони та посилювати тиск на Росію – звернення Президента Володимира Зеленського,2023-02-02,https://www.president.gov.ua/news/nam-v-ukrayini-potribno-govoriti-v-odin-golos-zi-svitom-shod-80753,material_security,ворог,ворогом,Продовжуємо й нашу боротьбу з внутрішнім ворогом .,Але ми повинні його виконати .,"Дякую Службі безпеки України , ДБР , Офісу Генерального прокурора й усім тим , хто ще залучений до очищення нашої держави .",yes,no,none,none,none,none,high,
2812,4622f81c7ed4,Нам в Україні потрібно говорити в один голос зі світом щодо постачання для оборони та посилювати тиск на Росію – звернення Президента Володимира Зеленського,2023-02-02,https://www.president.gov.ua/news/nam-v-ukrayini-potribno-govoriti-v-odin-golos-zi-svitom-shod-80753,material_security,безпека,безпеки,"Дякую Службі безпеки України , ДБР , Офісу Генерального прокурора й усім тим , хто ще залучений до очищення нашої держави .",Продовжуємо й нашу боротьбу з внутрішнім ворогом .,Нові кроки будуть .,yes,no,none,none,none,none,high,
2813,4622f81c7ed4,Нам в Україні потрібно говорити в один голос зі світом щодо постачання для оборони та посилювати тиск на Росію – звернення Президента Володимира Зеленського,2023-02-02,https://www.president.gov.ua/news/nam-v-ukrayini-potribno-govoriti-v-odin-golos-zi-svitom-shod-80753,material_security,загроза,загрози,"І про те , що ми маємо нашою подальшою інтеграцією давати енергію й мотивацію нашому народу боротися попри будь-які перешкоди й загрози .","Про те , що Україні потрібна незмінна та повна підтримка в захисті від Росії .","Я вірю , що Україна заслуговує вже цьогоріч підійти до відкриття переговорів про членство в ЄС .",yes,no,none,none,none,none,high,
2814,4622f81c7ed4,Нам в Україні потрібно говорити в один голос зі світом щодо постачання для оборони та посилювати тиск на Росію – звернення Президента Володимира Зеленського,2023-02-02,https://www.president.gov.ua/news/nam-v-ukrayini-potribno-govoriti-v-odin-golos-zi-svitom-shod-80753,church_actors,релігійний,релігійних,"Був Президент Байден , були сенатори й члени Палати представників , лідери релігійних громад та різних політичних спільнот .","Це щорічна подія , яка об’єднує найбільш потужних представників американської держави й суспільства .","Закликав їх робити все , що можемо , і так , як мусимо , у протистоянні російському злу , щоб силою своїх дій доповнити силу наших молитов .",yes,no,none,none,none,none,high,
2815,4622f81c7ed4,Нам в Україні потрібно говорити в один голос зі світом щодо постачання для оборони та посилювати тиск на Росію – звернення Президента Володимира Зеленського,2023-02-02,https://www.president.gov.ua/news/nam-v-ukrayini-potribno-govoriti-v-odin-golos-zi-svitom-shod-80753,urgency,внутрішній ворог,внутрішнім ворогом,Продовжуємо й нашу боротьбу з внутрішнім ворогом .,Але ми повинні його виконати .,"Дякую Службі безпеки України , ДБР , Офісу Генерального прокурора й усім тим , хто ще залучений до очищення нашої держави .",yes,no,none,none,none,none,high,
2907,48650e6cdb63,Звернення Президента Володимира Зеленського з нагоди Дня захисників і захисниць України,2022-10-14,https://www.president.gov.ua/news/zvernennya-prezidenta-volodimira-zelenskogo-z-nagodi-dnya-za-78485,decolonisation,воля,волі,"Народу , який завжди найбільше хотів одного – волі .","Переможе так , що це увінчає успіхом боротьбу багатьох поколінь нашого народу .",Для себе й для своїх дітей .,yes,no,none,none,none,none,high,
2908,48650e6cdb63,Звернення Президента Володимира Зеленського з нагоди Дня захисників і захисниць України,2022-10-14,https://www.president.gov.ua/news/zvernennya-prezidenta-volodimira-zelenskogo-z-nagodi-dnya-za-78485,material_security,загроза,загрози,"Були різні періоди , різні загрози .","Тут стоїть капличка , споруджена за ескізом Шевченка .",Але Україна вистояла .,yes,no,none,none,none,none,high,
2909,48650e6cdb63,Звернення Президента Володимира Зеленського з нагоди Дня захисників і захисниць України,2022-10-14,https://www.president.gov.ua/news/zvernennya-prezidenta-volodimira-zelenskogo-z-nagodi-dnya-za-78485,material_security,ворог,ворог,"Цей нинішній ворог у своєму злі об’єднує , здається , усіх ворогів нашої державності , які були .",І проти рашистів .,"І перемогою над цим ворогом ми відповімо всім ворогам , які посягали на Україну , на тих , хто жив , хто живе і хто житиме на нашій землі .",yes,no,none,none,none,none,high,
2910,48650e6cdb63,Звернення Президента Володимира Зеленського з нагоди Дня захисників і захисниць України,2022-10-14,https://www.president.gov.ua/news/zvernennya-prezidenta-volodimira-zelenskogo-z-nagodi-dnya-za-78485,material_security,ворог,ворогів,"Цей нинішній ворог у своєму злі об’єднує , здається , усіх ворогів нашої державності , які були .",І проти рашистів .,"І перемогою над цим ворогом ми відповімо всім ворогам , які посягали на Україну , на тих , хто жив , хто живе і хто житиме на нашій землі .",yes,no,none,none,none,none,high,
2911,48650e6cdb63,Звернення Президента Володимира Зеленського з нагоди Дня захисників і захисниць України,2022-10-14,https://www.president.gov.ua/news/zvernennya-prezidenta-volodimira-zelenskogo-z-nagodi-dnya-za-78485,material_security,ворог,ворогом,"І перемогою над цим ворогом ми відповімо всім ворогам , які посягали на Україну , на тих , хто жив , хто живе і хто житиме на нашій землі .","Цей нинішній ворог у своєму злі об’єднує , здається , усіх ворогів нашої державності , які були .",Це буде перемога всього нашого народу .,yes,no,none,none,none,none,high,
2912,48650e6cdb63,Звернення Президента Володимира Зеленського з нагоди Дня захисників і захисниць України,2022-10-14,https://www.president.gov.ua/news/zvernennya-prezidenta-volodimira-zelenskogo-z-nagodi-dnya-za-78485,material_security,ворог,ворогам,"І перемогою над цим ворогом ми відповімо всім ворогам , які посягали на Україну , на тих , хто жив , хто живе і хто житиме на нашій землі .","Цей нинішній ворог у своєму злі об’єднує , здається , усіх ворогів нашої державності , які були .",Це буде перемога всього нашого народу .,yes,no,none,none,none,none,high,
2913,48650e6cdb63,Звернення Президента Володимира Зеленського з нагоди Дня захисників і захисниць України,2022-10-14,https://www.president.gov.ua/news/zvernennya-prezidenta-volodimira-zelenskogo-z-nagodi-dnya-za-78485,material_security,безпека,безпеки,Служби безпеки України .,Сил спеціальних операцій .,"Це буде перемога прикордонників , Національної гвардії , Національної поліції , тероборони , зв’язківців .",yes,no,none,none,none,none,high,
2914,48650e6cdb63,Звернення Президента Володимира Зеленського з нагоди Дня захисників і захисниць України,2022-10-14,https://www.president.gov.ua/news/zvernennya-prezidenta-volodimira-zelenskogo-z-nagodi-dnya-za-78485,material_security,ворог,Ворог,"Ворог може вдарити по наших містах , але ніколи – по нашій гідності .","Світ бачить , що українці не втрачають людяності за жодних обставин .","Рашисти спалили музей Сковороди , десятки церков , сотні шкіл і дитячих садочків ...",yes,no,none,none,none,none,high,
2915,48650e6cdb63,Звернення Президента Володимира Зеленського з нагоди Дня захисників і захисниць України,2022-10-14,https://www.president.gov.ua/news/zvernennya-prezidenta-volodimira-zelenskogo-z-nagodi-dnya-za-78485,church_actors,церква,церков,"Рашисти спалили музей Сковороди , десятки церков , сотні шкіл і дитячих садочків ...","Ворог може вдарити по наших містах , але ніколи – по нашій гідності .",Але вони нічого не можуть вдіяти проти нашої філософії .,yes,no,none,none,none,none,high,
2916,48650e6cdb63,Звернення Президента Володимира Зеленського з нагоди Дня захисників і захисниць України,2022-10-14,https://www.president.gov.ua/news/zvernennya-prezidenta-volodimira-zelenskogo-z-nagodi-dnya-za-78485,material_security,ворог,ворогом,"Будівельники , які відновлюють зруйноване ворогом .","Енергетики , які перемагають темряву цілодобово .","Наші героїчні медики , наші рятувальники , сапери , вчителі , державні службовці , місцеве самоврядування , фермери , промисловці .",yes,no,none,none,none,none,high,
2917,48650e6cdb63,Звернення Президента Володимира Зеленського з нагоди Дня захисників і захисниць України,2022-10-14,https://www.president.gov.ua/news/zvernennya-prezidenta-volodimira-zelenskogo-z-nagodi-dnya-za-78485,decolonisation,незалежність,незалежність,У війні за незалежність для всіх наших людей в усіх куточках України .,День перемоги у війні за нашу свободу .,"У війні за право на життя і для народу , і для держави , ім’я яким – Україна .",yes,no,none,none,none,none,high,
2918,48650e6cdb63,Звернення Президента Володимира Зеленського з нагоди Дня захисників і захисниць України,2022-10-14,https://www.president.gov.ua/news/zvernennya-prezidenta-volodimira-zelenskogo-z-nagodi-dnya-za-78485,decolonisation,воля,волі,"У війні за нашу пам’ять і традицію , традицію волі .",У війні за наші цінності .,У цій війні все залежить від тебе .,yes,no,none,none,none,none,high,
2919,48650e6cdb63,Звернення Президента Володимира Зеленського з нагоди Дня захисників і захисниць України,2022-10-14,https://www.president.gov.ua/news/zvernennya-prezidenta-volodimira-zelenskogo-z-nagodi-dnya-za-78485,material_security,ворог,ворог,"Я знаю , як на тебе тисне цей ворог .","Я знаю , що тобі дуже важко .","Я знаю , що вони роблять .",yes,no,none,none,none,none,high,
2933,49293ef4ff5e,За цей тиждень ми додали Україні нових домовленостей щодо зброї – звернення Президента,2024-10-12,https://www.president.gov.ua/news/za-cej-tizhden-mi-dodali-ukrayini-novih-domovlenostej-shodo-93817,material_security,ворог,ворога,"Загалом Донеччина і Запорізький напрямок – це дуже складні умови , жорсткі дії ворога .","Кожен солдат , кожен сержант , кожен офіцер , який забезпечує захист наших позицій .",Але стійкість наших підрозділів має вирішальне значення .,yes,no,none,none,none,none,high,
2934,49293ef4ff5e,За цей тиждень ми додали Україні нових домовленостей щодо зброї – звернення Президента,2024-10-12,https://www.president.gov.ua/news/za-cej-tizhden-mi-dodali-ukrayini-novih-domovlenostej-shodo-93817,material_security,оборона,обороні,"Також у деяких партнерів є спеціальні технології , які можуть бути застосовані в Україні зараз – в обороні , в наших активних діях .","Але водночас є багато партнерів , які з обʼєктивних причин не можуть допомогти постачанням зброї : не мають своєї , але здатні допомогти нам з фінансуванням .","Є лідерство країн , яке обʼєднує інших у світі заради такої нашої спільної виробничої роботи .",yes,no,none,none,none,none,high,
2935,49293ef4ff5e,За цей тиждень ми додали Україні нових домовленостей щодо зброї – звернення Президента,2024-10-12,https://www.president.gov.ua/news/za-cej-tizhden-mi-dodali-ukrayini-novih-domovlenostej-shodo-93817,material_security,оборона,оборони,На рівні міністерств оборони це опрацьовується .,Зараз у Франції ми говорили про нову модель взаємодії – про створення спільних українсько - французьких виробництв у нашій державі .,"Вже працює данська модель , коли уряди держав - партнерів залучають інвестиції у виробництво зброї , а нову , французьку модель ми розглядаємо як можливість залучати інвестиції у створення саме нових виробництв .",yes,no,none,none,none,none,high,
2936,49293ef4ff5e,За цей тиждень ми додали Україні нових домовленостей щодо зброї – звернення Президента,2024-10-12,https://www.president.gov.ua/news/za-cej-tizhden-mi-dodali-ukrayini-novih-domovlenostej-shodo-93817,material_security,оборона,оборони,"Дуже розраховуємо на цей результат для України , і це персональне завдання для міністра оборони , для Мінстратегпрому – забезпечити виконання всіх наших домовленостей .","Вже працює данська модель , коли уряди держав - партнерів залучають інвестиції у виробництво зброї , а нову , французьку модель ми розглядаємо як можливість залучати інвестиції у створення саме нових виробництв .","Я хочу сьогодні відзначити воїнів нашої Нацгвардії України , які бʼються разом з усіма на фронті та особливо проявили себе цими тижнями .",yes,no,none,none,none,none,high,
2937,49293ef4ff5e,За цей тиждень ми додали Україні нових домовленостей щодо зброї – звернення Президента,2024-10-12,https://www.president.gov.ua/news/za-cej-tizhden-mi-dodali-ukrayini-novih-domovlenostej-shodo-93817,material_security,ворог,ворога,"Їхні імена зараз називати ми не можемо : особливо чутливі завдання у хлопців , спеціальна робота проти ворога .","І ще спецпризначенці 2-го та 4-го загонів Центру спецпризначення Нацгвардії « Омега » , які воюють на Харківщині та на нашій Донеччині .","І результат саме такий , як потрібно Україні .",yes,no,none,none,none,none,high,
2938,49293ef4ff5e,За цей тиждень ми додали Україні нових домовленостей щодо зброї – звернення Президента,2024-10-12,https://www.president.gov.ua/news/za-cej-tizhden-mi-dodali-ukrayini-novih-domovlenostej-shodo-93817,ontological_security,духовний,Духовні,"Духовні отці з різних конфесій , які служать , щоб наші воїни мали духовну підтримку та правильну пораду , світлу надію .",І ще хочу сьогодні відзначити українських військових капеланів .,"Дуже важливо , щоб більше представників церков і релігійних спільнот , усі , хто працює на духовну незалежність України , долучались до військової служби Україні , були ближче до хлопців на передовій – передусім у бойових бригадах , саме там , де найбільш потрібно .",yes,no,none,none,none,none,high,
2939,49293ef4ff5e,За цей тиждень ми додали Україні нових домовленостей щодо зброї – звернення Президента,2024-10-12,https://www.president.gov.ua/news/za-cej-tizhden-mi-dodali-ukrayini-novih-domovlenostej-shodo-93817,church_actors,конфесія,конфесій,"Духовні отці з різних конфесій , які служать , щоб наші воїни мали духовну підтримку та правильну пораду , світлу надію .",І ще хочу сьогодні відзначити українських військових капеланів .,"Дуже важливо , щоб більше представників церков і релігійних спільнот , усі , хто працює на духовну незалежність України , долучались до військової служби Україні , були ближче до хлопців на передовій – передусім у бойових бригадах , саме там , де найбільш потрібно .",yes,no,none,none,none,none,high,
2940,49293ef4ff5e,За цей тиждень ми додали Україні нових домовленостей щодо зброї – звернення Президента,2024-10-12,https://www.president.gov.ua/news/za-cej-tizhden-mi-dodali-ukrayini-novih-domovlenostej-shodo-93817,ontological_security,духовний,духовну,"Духовні отці з різних конфесій , які служать , щоб наші воїни мали духовну підтримку та правильну пораду , світлу надію .",І ще хочу сьогодні відзначити українських військових капеланів .,"Дуже важливо , щоб більше представників церков і релігійних спільнот , усі , хто працює на духовну незалежність України , долучались до військової служби Україні , були ближче до хлопців на передовій – передусім у бойових бригадах , саме там , де найбільш потрібно .",yes,no,none,none,none,none,high,
2941,49293ef4ff5e,За цей тиждень ми додали Україні нових домовленостей щодо зброї – звернення Президента,2024-10-12,https://www.president.gov.ua/news/za-cej-tizhden-mi-dodali-ukrayini-novih-domovlenostej-shodo-93817,church_actors,церква,церков,"Дуже важливо , щоб більше представників церков і релігійних спільнот , усі , хто працює на духовну незалежність України , долучались до військової служби Україні , були ближче до хлопців на передовій – передусім у бойових бригадах , саме там , де найбільш потрібно .","Духовні отці з різних конфесій , які служать , щоб наші воїни мали духовну підтримку та правильну пораду , світлу надію .","Я дякую кожному військовому капелану , який служить саме так – з нашими українськими воїнами .",yes,yes,ontological,nation,Russia,none,medium,"Those working for spiritual independence of Ukraine should join military service, be closer to soldiers on the front. Links spiritual independence to military effort."
2942,49293ef4ff5e,За цей тиждень ми додали Україні нових домовленостей щодо зброї – звернення Президента,2024-10-12,https://www.president.gov.ua/news/za-cej-tizhden-mi-dodali-ukrayini-novih-domovlenostej-shodo-93817,church_actors,релігійний,релігійних,"Дуже важливо , щоб більше представників церков і релігійних спільнот , усі , хто працює на духовну незалежність України , долучались до військової служби Україні , були ближче до хлопців на передовій – передусім у бойових бригадах , саме там , де найбільш потрібно .","Духовні отці з різних конфесій , які служать , щоб наші воїни мали духовну підтримку та правильну пораду , світлу надію .","Я дякую кожному військовому капелану , який служить саме так – з нашими українськими воїнами .",yes,yes,ontological,nation,Russia,none,medium,"Those working for spiritual independence of Ukraine should join military service, be closer to soldiers on the front. Links spiritual independence to military effort."
2943,49293ef4ff5e,За цей тиждень ми додали Україні нових домовленостей щодо зброї – звернення Президента,2024-10-12,https://www.president.gov.ua/news/za-cej-tizhden-mi-dodali-ukrayini-novih-domovlenostej-shodo-93817,ontological_security,духовний,духовну,"Дуже важливо , щоб більше представників церков і релігійних спільнот , усі , хто працює на духовну незалежність України , долучались до військової служби Україні , були ближче до хлопців на передовій – передусім у бойових бригадах , саме там , де найбільш потрібно .","Духовні отці з різних конфесій , які служать , щоб наші воїни мали духовну підтримку та правильну пораду , світлу надію .","Я дякую кожному військовому капелану , який служить саме так – з нашими українськими воїнами .",yes,yes,ontological,nation,Russia,none,medium,"Those working for spiritual independence of Ukraine should join military service, be closer to soldiers on the front. Links spiritual independence to military effort."
2944,49293ef4ff5e,За цей тиждень ми додали Україні нових домовленостей щодо зброї – звернення Президента,2024-10-12,https://www.president.gov.ua/news/za-cej-tizhden-mi-dodali-ukrayini-novih-domovlenostej-shodo-93817,decolonisation,незалежність,незалежність,"Дуже важливо , щоб більше представників церков і релігійних спільнот , усі , хто працює на духовну незалежність України , долучались до військової служби Україні , були ближче до хлопців на передовій – передусім у бойових бригадах , саме там , де найбільш потрібно .","Духовні отці з різних конфесій , які служать , щоб наші воїни мали духовну підтримку та правильну пораду , світлу надію .","Я дякую кожному військовому капелану , який служить саме так – з нашими українськими воїнами .",yes,no,none,none,none,none,high,
2945,49293ef4ff5e,За цей тиждень ми додали Україні нових домовленостей щодо зброї – звернення Президента,2024-10-12,https://www.president.gov.ua/news/za-cej-tizhden-mi-dodali-ukrayini-novih-domovlenostej-shodo-93817,ontological_security,духовний незалежність,духовну незалежність,"Дуже важливо , щоб більше представників церков і релігійних спільнот , усі , хто працює на духовну незалежність України , долучались до військової служби Україні , були ближче до хлопців на передовій – передусім у бойових бригадах , саме там , де найбільш потрібно .","Духовні отці з різних конфесій , які служать , щоб наші воїни мали духовну підтримку та правильну пораду , світлу надію .","Я дякую кожному військовому капелану , який служить саме так – з нашими українськими воїнами .",yes,yes,ontological,nation,Russia,none,medium,"Those working for spiritual independence of Ukraine should join military service, be closer to soldiers on the front. Links spiritual independence to military effort."
2971,4aaca8be34af,Обговорили з партнерами роботу щодо ППО – нових систем для України; готуємо посилення – звернення Президента,2024-08-20,https://www.president.gov.ua/news/obgovorili-z-partnerami-robotu-shodo-ppo-novih-sistem-dlya-u-92713,material_security,оборона,Оборона,Оборона на Покровському й Торецькому напрямках .,Фронт .,"Важка ситуація , але хлопці роблять усе , щоб знищувати окупанта .",yes,no,none,none,none,none,high,
2972,4aaca8be34af,Обговорили з партнерами роботу щодо ППО – нових систем для України; готуємо посилення – звернення Президента,2024-08-20,https://www.president.gov.ua/news/obgovorili-z-partnerami-robotu-shodo-ppo-novih-sistem-dlya-u-92713,decolonisation,окупант,окупанта,"Важка ситуація , але хлопці роблять усе , щоб знищувати окупанта .",Оборона на Покровському й Торецькому напрямках .,Також Головком доповів і щодо оновлень на Курському напрямку .,yes,no,none,none,none,none,high,
2973,4aaca8be34af,Обговорили з партнерами роботу щодо ППО – нових систем для України; готуємо посилення – звернення Президента,2024-08-20,https://www.president.gov.ua/news/obgovorili-z-partnerami-robotu-shodo-ppo-novih-sistem-dlya-u-92713,ontological_security,духовний,духовної,Ухвалено закон щодо нашої духовної незалежності .,Хочу сьогодні відзначити роботу Верховної Ради України .,"Це те , про що ми говорили з членами Ради церков і релігійних організацій .",yes,yes,ontological,nation,Moscow_Patriarchate,ban,high,Law on spiritual independence adopted. The culmination of the legislative securitisation process - Law 3894-IX banning Russia-affiliated religious orgs.
2974,4aaca8be34af,Обговорили з партнерами роботу щодо ППО – нових систем для України; готуємо посилення – звернення Президента,2024-08-20,https://www.president.gov.ua/news/obgovorili-z-partnerami-robotu-shodo-ppo-novih-sistem-dlya-u-92713,decolonisation,незалежність,незалежності,Ухвалено закон щодо нашої духовної незалежності .,Хочу сьогодні відзначити роботу Верховної Ради України .,"Це те , про що ми говорили з членами Ради церков і релігійних організацій .",yes,no,none,none,none,none,high,
2975,4aaca8be34af,Обговорили з партнерами роботу щодо ППО – нових систем для України; готуємо посилення – звернення Президента,2024-08-20,https://www.president.gov.ua/news/obgovorili-z-partnerami-robotu-shodo-ppo-novih-sistem-dlya-u-92713,church_actors,церква,церков,"Це те , про що ми говорили з членами Ради церков і релігійних організацій .",Ухвалено закон щодо нашої духовної незалежності .,І днями я буду говорити також з представниками Вселенського патріарха Варфоломія .,yes,no,none,none,none,none,high,
2976,4aaca8be34af,Обговорили з партнерами роботу щодо ППО – нових систем для України; готуємо посилення – звернення Президента,2024-08-20,https://www.president.gov.ua/news/obgovorili-z-partnerami-robotu-shodo-ppo-novih-sistem-dlya-u-92713,church_actors,релігійний,релігійних,"Це те , про що ми говорили з членами Ради церков і релігійних організацій .",Ухвалено закон щодо нашої духовної незалежності .,І днями я буду говорити також з представниками Вселенського патріарха Варфоломія .,yes,no,none,none,none,none,high,
2977,4aaca8be34af,Обговорили з партнерами роботу щодо ППО – нових систем для України; готуємо посилення – звернення Президента,2024-08-20,https://www.president.gov.ua/news/obgovorili-z-partnerami-robotu-shodo-ppo-novih-sistem-dlya-u-92713,ontological_security,духовний незалежність,духовної незалежності,Ухвалено закон щодо нашої духовної незалежності .,Хочу сьогодні відзначити роботу Верховної Ради України .,"Це те , про що ми говорили з членами Ради церков і релігійних організацій .",yes,yes,ontological,nation,Moscow_Patriarchate,ban,high,Law on spiritual independence adopted. The culmination of the legislative securitisation process - Law 3894-IX banning Russia-affiliated religious orgs.
3149,4dac2b8b3658,"Поступово війна повертається на територію Росії, і це неминучий, природний та справедливий процес – звернення Президента України",2023-07-30,https://www.president.gov.ua/news/postupovo-vijna-povertayetsya-na-teritoriyu-rosiyi-i-ce-nemi-84621,material_security,оборона,оборони,"Наші громади , урядовці , представники сил оборони й безпеки .",Провели у Франківську засідання Конгресу місцевих та регіональних влад України .,"Партнери України , які співпрацюють із Конгресом .",yes,no,none,none,none,none,high,
3150,4dac2b8b3658,"Поступово війна повертається на територію Росії, і це неминучий, природний та справедливий процес – звернення Президента України",2023-07-30,https://www.president.gov.ua/news/postupovo-vijna-povertayetsya-na-teritoriyu-rosiyi-i-ce-nemi-84621,material_security,безпека,безпеки,"Наші громади , урядовці , представники сил оборони й безпеки .",Провели у Франківську засідання Конгресу місцевих та регіональних влад України .,"Партнери України , які співпрацюють із Конгресом .",yes,no,none,none,none,none,high,
3151,4dac2b8b3658,"Поступово війна повертається на територію Росії, і це неминучий, природний та справедливий процес – звернення Президента України",2023-07-30,https://www.president.gov.ua/news/postupovo-vijna-povertayetsya-na-teritoriyu-rosiyi-i-ce-nemi-84621,church_actors,церква,церков,"Дуже важлива , до речі , залученість церков тут , на Франківщині , до розв’язання соціальних питань .","Укриття й фортифікація , допомога бригадам , допомога родинам героїв , захист переселенців – на все це є ресурси в місцевої влади .","Допомога переселенцям , сім’ям воїнів , медичній сфері .",yes,no,none,none,none,none,high,
3152,4dac2b8b3658,"Поступово війна повертається на територію Росії, і це неминучий, природний та справедливий процес – звернення Президента України",2023-07-30,https://www.president.gov.ua/news/postupovo-vijna-povertayetsya-na-teritoriyu-rosiyi-i-ce-nemi-84621,material_security,безпека,безпеки,"Представили громадам нашу роботу щодо Формули миру , гарантій безпеки для України на час до вступу в НАТО , переговорів з Альянсом та з Євросоюзом .",І ще кілька речей .,"Люди мають розуміти деталі нашої міжнародної політики , і є частина , у якій можуть допомогти .",yes,no,none,none,none,none,high,
3191,4ed7fa57bad1,Розв'язана Росією війна проти України впливає на глобальну ситуацію – звернення Президента України до співтовариства Foreign Policy Community of Indonesia (FPC),2022-05-27,https://www.president.gov.ua/news/rozvyazana-rosiyeyu-vijna-proti-ukrayini-vplivaye-na-globaln-75401,material_security,загроза,загрози,"А таких аспектів , окрім загрози голоду й хаосу , насправді багато .","І це я навів лише один аспект того , як війна , розв'язана Росією , впливає на увесь світ .",Сам факт морської блокади України Росією є не менш дестабілізаційним для співжиття у світі .,yes,no,none,none,none,none,high,
3192,4ed7fa57bad1,Розв'язана Росією війна проти України впливає на глобальну ситуацію – звернення Президента України до співтовариства Foreign Policy Community of Indonesia (FPC),2022-05-27,https://www.president.gov.ua/news/rozvyazana-rosiyeyu-vijna-proti-ukrayini-vplivaye-na-globaln-75401,material_security,безпека,безпеці,"А отже , жоден із торговельних маршрутів на морі й жодна країна після цього не будуть у безпеці .","Якщо Росії вдасться безкарно пройти через це у війні проти України , то інші держави побачать , що морська блокада – це нібито допустимий інструмент тиску в сучасному світі .","Беремо третій аспект – характер війни , як її веде російська держава проти нас .",yes,no,none,none,none,none,high,
3193,4ed7fa57bad1,Розв'язана Росією війна проти України впливає на глобальну ситуацію – звернення Президента України до співтовариства Foreign Policy Community of Indonesia (FPC),2022-05-27,https://www.president.gov.ua/news/rozvyazana-rosiyeyu-vijna-proti-ukrayini-vplivaye-na-globaln-75401,material_security,безпека,безпеки,"До речі , це також суттєво з точки зору продовольчої безпеки .","По підприємствах , по складах , зокрема по складах з продовольством , по житлових будинках , по залізниці .",Ми прагнемо не допустити розгортання продовольчої кризи .,yes,no,none,none,none,none,high,
3194,4ed7fa57bad1,Розв'язана Росією війна проти України впливає на глобальну ситуацію – звернення Президента України до співтовариства Foreign Policy Community of Indonesia (FPC),2022-05-27,https://www.president.gov.ua/news/rozvyazana-rosiyeyu-vijna-proti-ukrayini-vplivaye-na-globaln-75401,church_actors,релігійний,релігійних,"У різних регіонах України спалені чи пошкоджені російськими обстрілами десятки релігійних обʼєктів – церкви , мечеті , інші місця зустрічей релігійних громад .","Майже дві тисячі освітніх об'єктів – це університети , школи , дитячі садочки .","Тільки вчора й тільки в одному нашому місті , у Харкові , внаслідок російських артилерійських ударів загинули 9 людей .",yes,no,none,none,none,none,high,
3195,4ed7fa57bad1,Розв'язана Росією війна проти України впливає на глобальну ситуацію – звернення Президента України до співтовариства Foreign Policy Community of Indonesia (FPC),2022-05-27,https://www.president.gov.ua/news/rozvyazana-rosiyeyu-vijna-proti-ukrayini-vplivaye-na-globaln-75401,church_actors,церква,церкви,"У різних регіонах України спалені чи пошкоджені російськими обстрілами десятки релігійних обʼєктів – церкви , мечеті , інші місця зустрічей релігійних громад .","Майже дві тисячі освітніх об'єктів – це університети , школи , дитячі садочки .","Тільки вчора й тільки в одному нашому місті , у Харкові , внаслідок російських артилерійських ударів загинули 9 людей .",yes,no,none,none,none,none,high,
3196,4ed7fa57bad1,Розв'язана Росією війна проти України впливає на глобальну ситуацію – звернення Президента України до співтовариства Foreign Policy Community of Indonesia (FPC),2022-05-27,https://www.president.gov.ua/news/rozvyazana-rosiyeyu-vijna-proti-ukrayini-vplivaye-na-globaln-75401,decolonisation,окупант,окупанти,Також окупанти депортують наших людей на територію самої Росії та розселяють у різних віддалених регіонах .,"Якщо народ не хоче підкоритися , то його вирішено знищити .",Кількість таких депортованих українців – сотні тисяч .,yes,no,none,none,none,none,high,
3197,4ed7fa57bad1,Розв'язана Росією війна проти України впливає на глобальну ситуацію – звернення Президента України до співтовариства Foreign Policy Community of Indonesia (FPC),2022-05-27,https://www.president.gov.ua/news/rozvyazana-rosiyeyu-vijna-proti-ukrayini-vplivaye-na-globaln-75401,decolonisation,окупант,окупантів,Четвертий аспект – це ставлення російських окупантів до людей на захопленій території .,"Насправді вражає , з якою відвертістю Росія намагається повернути у світове життя порядки тих старих часів , коли колонізатори та імперії навʼязували свою політику чи своє панування іншим народам .","Маємо досвід Криму , який з 2014 року перебуває під контролем Росії як окупанта .",yes,no,none,none,none,none,high,
3198,4ed7fa57bad1,Розв'язана Росією війна проти України впливає на глобальну ситуацію – звернення Президента України до співтовариства Foreign Policy Community of Indonesia (FPC),2022-05-27,https://www.president.gov.ua/news/rozvyazana-rosiyeyu-vijna-proti-ukrayini-vplivaye-na-globaln-75401,decolonisation,окупант,окупанта,"Маємо досвід Криму , який з 2014 року перебуває під контролем Росії як окупанта .",Четвертий аспект – це ставлення російських окупантів до людей на захопленій території .,І був перетворений на одне з найбільш небезпечних місць у Європі .,yes,no,none,none,none,none,high,
3199,4ed7fa57bad1,Розв'язана Росією війна проти України впливає на глобальну ситуацію – звернення Президента України до співтовариства Foreign Policy Community of Indonesia (FPC),2022-05-27,https://www.president.gov.ua/news/rozvyazana-rosiyeyu-vijna-proti-ukrayini-vplivaye-na-globaln-75401,decolonisation,окупант,окупантів,"Не буває жодного тижня – я підкреслюю це , жодного тижня за вісім років – щоб не надходили новини про нові репресії чи судилища проти тих , хто не влаштовує окупантів .","І для всіх , хто цінує свободу , і для корінного народу Криму – кримських татар , і для мусульман на півострові .","Як наслідок – ви не знайдете у Європі іншого місця , ніж окупований Росією Крим , де так безкарно й так масово репресують мусульман та всіх інших , хто просто хоче жити своїм вільним життям .",yes,no,none,none,none,none,high,
3200,4ed7fa57bad1,Розв'язана Росією війна проти України впливає на глобальну ситуацію – звернення Президента України до співтовариства Foreign Policy Community of Indonesia (FPC),2022-05-27,https://www.president.gov.ua/news/rozvyazana-rosiyeyu-vijna-proti-ukrayini-vplivaye-na-globaln-75401,material_security,безпека,безпеку,"Зараз Росія всупереч своїм документально зафіксованим зобовʼязанням гарантувати безпеку України після відмови нашої держави від ядерного статусу веде проти нас загарбницьку , колонізаторську війну .",Це відбулось у 1990-х роках .,І при цьому погрожує ядерною зброєю .,yes,no,none,none,none,none,high,
3201,4ed7fa57bad1,Розв'язана Росією війна проти України впливає на глобальну ситуацію – звернення Президента України до співтовариства Foreign Policy Community of Indonesia (FPC),2022-05-27,https://www.president.gov.ua/news/rozvyazana-rosiyeyu-vijna-proti-ukrayini-vplivaye-na-globaln-75401,material_security,безпека,безпеку,"І як після цього надійно гарантувати довгострокову безпеку тим регіонам , які обирають для себе без'ядерний статус ?",Хто ж після цього може повірити в ідею ядерного роззброєння ?,"Ще півроку пів року тому навіть уявити було неможливо , що такі питання постануть .",yes,no,none,none,none,none,high,
3202,4ed7fa57bad1,Розв'язана Росією війна проти України впливає на глобальну ситуацію – звернення Президента України до співтовариства Foreign Policy Community of Indonesia (FPC),2022-05-27,https://www.president.gov.ua/news/rozvyazana-rosiyeyu-vijna-proti-ukrayini-vplivaye-na-globaln-75401,decolonisation,окупант,окупантів,"Що швидше будуть звільнені наші землі від окупантів , то надійніше будуть захищені люди всюди у світі .",Щоб збільшити залежність інших країн від себе та щоб доступ до продовольства став ще одним чинником тиску в глобальній політиці .,"Захищені від агресивних бажань тих , хто хоче проводити колоніальну політику , як у старі часи .",yes,no,none,none,none,none,high,
3203,4ed7fa57bad1,Розв'язана Росією війна проти України впливає на глобальну ситуацію – звернення Президента України до співтовариства Foreign Policy Community of Indonesia (FPC),2022-05-27,https://www.president.gov.ua/news/rozvyazana-rosiyeyu-vijna-proti-ukrayini-vplivaye-na-globaln-75401,decolonisation,колоніальний,колоніальну,"Захищені від агресивних бажань тих , хто хоче проводити колоніальну політику , як у старі часи .","Що швидше будуть звільнені наші землі від окупантів , то надійніше будуть захищені люди всюди у світі .","Якщо світ справді буде обʼєднаним і чесним щодо цієї агресії Росії проти нашої суверенної держави , то швидкість припинення цієї війни вимірюватиметься тижнями .",yes,no,none,none,none,none,high,
3204,4ed7fa57bad1,Розв'язана Росією війна проти України впливає на глобальну ситуацію – звернення Президента України до співтовариства Foreign Policy Community of Indonesia (FPC),2022-05-27,https://www.president.gov.ua/news/rozvyazana-rosiyeyu-vijna-proti-ukrayini-vplivaye-na-globaln-75401,material_security,загроза,загрозою,Маємо назавжди відучити будь-які держави світу від ядерного шантажу та загравання із загрозою від хімічної чи біологічної зброї .,Маємо зупинити масові вбивства та репресії .,"І я вірю , що на цьому саміті будуть тільки держави - друзі , держави - партнери , і не буде будь-яких окупантів .",yes,no,none,none,none,none,high,
3205,4ed7fa57bad1,Розв'язана Росією війна проти України впливає на глобальну ситуацію – звернення Президента України до співтовариства Foreign Policy Community of Indonesia (FPC),2022-05-27,https://www.president.gov.ua/news/rozvyazana-rosiyeyu-vijna-proti-ukrayini-vplivaye-na-globaln-75401,decolonisation,окупант,окупантів,"І я вірю , що на цьому саміті будуть тільки держави - друзі , держави - партнери , і не буде будь-яких окупантів .",Маємо назавжди відучити будь-які держави світу від ядерного шантажу та загравання із загрозою від хімічної чи біологічної зброї .,"Прошу всіх індонезійців молитися за мир в Україні , за народ України і за те , щоб мудрості світу вистачило , щоб урятувати людство від наявних загроз .",yes,no,none,none,none,none,high,
3206,4ed7fa57bad1,Розв'язана Росією війна проти України впливає на глобальну ситуацію – звернення Президента України до співтовариства Foreign Policy Community of Indonesia (FPC),2022-05-27,https://www.president.gov.ua/news/rozvyazana-rosiyeyu-vijna-proti-ukrayini-vplivaye-na-globaln-75401,material_security,загроза,загроз,"Прошу всіх індонезійців молитися за мир в Україні , за народ України і за те , щоб мудрості світу вистачило , щоб урятувати людство від наявних загроз .","І я вірю , що на цьому саміті будуть тільки держави - друзі , держави - партнери , і не буде будь-яких окупантів .",Дякую вам за увагу !,yes,no,none,none,none,none,high,
3260,502053d833af,"Усі 462 доби ми б’ємося за наше майбутнє, а значить – за наших дітей, за їхню волю та їхню долю – виступ Президента України на конференції «UA: Війна. Недоспівана колискова» з нагоди Міжнародного дня захисту дітей",2023-05-31,https://www.president.gov.ua/news/usi-462-dobi-mi-byemosya-za-nashe-majbutnye-znachit-za-nashi-83269,church_actors,релігійний,релігійний,"Вона не політик , не релігійний діяч , не науковець , не митець і , мабуть , найголовніше , не доросла людина .","Ці слова належать людині , відомій в усьому світі , людині , яка , на погляд багатьох , змінила історію .",Це слова дитини .,yes,no,none,none,none,none,high,
3261,502053d833af,"Усі 462 доби ми б’ємося за наше майбутнє, а значить – за наших дітей, за їхню волю та їхню долю – виступ Президента України на конференції «UA: Війна. Недоспівана колискова» з нагоди Міжнародного дня захисту дітей",2023-05-31,https://www.president.gov.ua/news/usi-462-dobi-mi-byemosya-za-nashe-majbutnye-znachit-za-nashi-83269,material_security,безпека,безпеку,"Ми знаємо , що маємо відновити права й безпеку для всіх українських дітей .","Але ми знаємо , що маємо повернути їх усіх .","Наша держава докладає всіх можливих зусиль , щоб повернути українських дітей , щоб повернути їм нормальне життя , щоб повернути наших дітей додому , в Україну .",yes,no,none,none,none,none,high,
3262,502053d833af,"Усі 462 доби ми б’ємося за наше майбутнє, а значить – за наших дітей, за їхню волю та їхню долю – виступ Президента України на конференції «UA: Війна. Недоспівана колискова» з нагоди Міжнародного дня захисту дітей",2023-05-31,https://www.president.gov.ua/news/usi-462-dobi-mi-byemosya-za-nashe-majbutnye-znachit-za-nashi-83269,material_security,безпека,безпеки,"Платформа , на базі якої можна об’єднати зусилля державних і міжнародних інституцій задля реалізації стратегії захисту й безпеки українських дітей Bring Kids Back UA .","І я хочу , якщо можна , використовувати сьогодні такі слова , підтримати й привітати з початком роботи Центр порятунку й захисту українських дітей – наш штаб порятунку й захисту діточок .","Це детальний і покроковий план дій – затверджений план дій , – що передбачає повернення депортованих Росією дітей , їхню реінтеграцію , соціалізацію , гуманітарну допомогу , дуже важливу психологічну підтримку , втілення сучасних освітніх ініціатив , роботу з фіксації всіх скоєних проти наших дітей злочинів та обов’язково – притягнення до відповідальності за них , розвиток сімейних форм виховання та ще низку дій для забезпечення кожного права кожної нашої української дитини .",yes,no,none,none,none,none,high,
3263,502053d833af,"Усі 462 доби ми б’ємося за наше майбутнє, а значить – за наших дітей, за їхню волю та їхню долю – виступ Президента України на конференції «UA: Війна. Недоспівана колискова» з нагоди Міжнародного дня захисту дітей",2023-05-31,https://www.president.gov.ua/news/usi-462-dobi-mi-byemosya-za-nashe-majbutnye-znachit-za-nashi-83269,material_security,безпека,безпеку,"Ми об’єднаємо світову більшість заради того , щоб відновити безпеку для українських дітей .","Я думаю , сьогодні детально про це команда розкаже , омбудсмен обов’язково скаже .","Усі ми розуміємо : відновлення й реалізацію всіх прав наших дітей – у повному обсязі та на якісному , вищому рівні – може дати лише наша справедлива перемога .",yes,no,none,none,none,none,high,
3264,502053d833af,"Усі 462 доби ми б’ємося за наше майбутнє, а значить – за наших дітей, за їхню волю та їхню долю – виступ Президента України на конференції «UA: Війна. Недоспівана колискова» з нагоди Міжнародного дня захисту дітей",2023-05-31,https://www.president.gov.ua/news/usi-462-dobi-mi-byemosya-za-nashe-majbutnye-znachit-za-nashi-83269,decolonisation,деокупація,деокупація,Повна деокупація всіх наших територій .,І ми це розуміємо .,Повноцінна безпека в мирних містах і селах .,yes,no,none,none,none,none,high,
3265,502053d833af,"Усі 462 доби ми б’ємося за наше майбутнє, а значить – за наших дітей, за їхню волю та їхню долю – виступ Президента України на конференції «UA: Війна. Недоспівана колискова» з нагоди Міжнародного дня захисту дітей",2023-05-31,https://www.president.gov.ua/news/usi-462-dobi-mi-byemosya-za-nashe-majbutnye-znachit-za-nashi-83269,material_security,безпека,безпека,Повноцінна безпека в мирних містах і селах .,Повна деокупація всіх наших територій .,"А отже , відповідна підтримка України світом – озброєнням і технікою , засобами ППО , тиском на державу - терориста у будь-яких напрямах …",yes,no,none,none,none,none,high,
3266,502053d833af,"Усі 462 доби ми б’ємося за наше майбутнє, а значить – за наших дітей, за їхню волю та їхню долю – виступ Президента України на конференції «UA: Війна. Недоспівана колискова» з нагоди Міжнародного дня захисту дітей",2023-05-31,https://www.president.gov.ua/news/usi-462-dobi-mi-byemosya-za-nashe-majbutnye-znachit-za-nashi-83269,decolonisation,воля,волю,За їхню волю та їхню долю .,"462 дні нашої битви – передусім за наше майбутнє , значить за дітей .","За Україну , яку ми залишимо їм .",yes,no,none,none,none,none,high,
3267,502053d833af,"Усі 462 доби ми б’ємося за наше майбутнє, а значить – за наших дітей, за їхню волю та їхню долю – виступ Президента України на конференції «UA: Війна. Недоспівана колискова» з нагоди Міжнародного дня захисту дітей",2023-05-31,https://www.president.gov.ua/news/usi-462-dobi-mi-byemosya-za-nashe-majbutnye-znachit-za-nashi-83269,decolonisation,окупант,окупанти,"Ми відбудуємо все , що зруйнували російські окупанти .","Те , що ми називаємо майбутнім і можемо лише уявити , для них буде сьогоденням і реаліями , які вони обов’язково отримають у спадок від нас .","Ми зробимо все , щоб кожна українська дитина змогла повернутися додому , в Україну , у своє місто , свій двір , у свій дім , свою кімнату , своє ліжко , у своє дитинство .",yes,no,none,none,none,none,high,
3474,54cfad66561e,Завдання у всіх в Україні – збільшувати потенціал наших можливостей на фронті та послаблювати окупантів – звернення Президента Володимира Зеленського,2023-08-09,https://www.president.gov.ua/news/zavdannya-u-vsih-v-ukrayini-zbilshuvati-potencial-nashih-moz-84805,church_actors,церква,церкву,"Сьогодні російські терористи знову вдарили по Запоріжжю – влучання по звичайній забудові , пошкоджено церкву , житловий будинок …","Це допоможе людям , містам , селам .","Станом на зараз відомо про те , що є загиблі , на жаль ...",yes,no,none,none,none,none,high,
3475,54cfad66561e,Завдання у всіх в Україні – збільшувати потенціал наших можливостей на фронті та послаблювати окупантів – звернення Президента Володимира Зеленського,2023-08-09,https://www.president.gov.ua/news/zavdannya-u-vsih-v-ukrayini-zbilshuvati-potencial-nashih-moz-84805,decolonisation,звільнення,звільнення,"Дякую всім , хто з нами прагне повного звільнення української землі від окупанта !","Я дякую всім , хто допомагає нам захищати людей від терору Росії !","Звичайно , дякую кожному нашому солдату , кожному сержанту , офіцеру , генералу , які дають Україні такі потрібні результати на фронті !",yes,no,none,none,none,none,high,
3476,54cfad66561e,Завдання у всіх в Україні – збільшувати потенціал наших можливостей на фронті та послаблювати окупантів – звернення Президента Володимира Зеленського,2023-08-09,https://www.president.gov.ua/news/zavdannya-u-vsih-v-ukrayini-zbilshuvati-potencial-nashih-moz-84805,decolonisation,окупант,окупанта,"Дякую всім , хто з нами прагне повного звільнення української землі від окупанта !","Я дякую всім , хто допомагає нам захищати людей від терору Росії !","Звичайно , дякую кожному нашому солдату , кожному сержанту , офіцеру , генералу , які дають Україні такі потрібні результати на фронті !",yes,no,none,none,none,none,high,
3814,5a2af7ed8186,Звернення Президента України до учасників Національного молитовного сніданку,2024-06-29,https://www.president.gov.ua/news/zvernennya-prezidenta-ukrayini-do-uchasnikiv-nacionalnogo-mo-91873,material_security,безпека,безпеки,"І це – наше прагнення зберегти найсвітліше в людях та в нашій країні – вистояти у страшний час війни та забезпечити Україні реальну , відчутну і – з погляду міжнародної безпеки – повчальну перемогу добра над злом , щоб інші агресори не нападали на своїх сусідів .","Але є те , чим ми всі безперечно поєднані .","В історії людей було , на жаль , дуже багато війн , і не всі вони були настільки прозорими , щоб було одразу видно , з якої сторони б’ється добро , і хто несе зло , і в чому буде перемога всіх людей на землі , коли Україна виграє , і що саме все людство може програти , якщо Росія візьме гору .",yes,no,none,none,none,none,high,
3815,5a2af7ed8186,Звернення Президента України до учасників Національного молитовного сніданку,2024-06-29,https://www.president.gov.ua/news/zvernennya-prezidenta-ukrayini-do-uchasnikiv-nacionalnogo-mo-91873,material_security,безпека,безпеці,"Зараз , у цій війні , ми захищаємо цінності , які близькі кожній нормальній людині – усім , хто поважає життя , хто цінує сім’ю , і хто радіє , коли бачить , як діти радіють , і коли діти можуть жити – і не просто жити , а саме так , як вони про це мріють – зі своїми рідними , у своєму домі та в безпеці .","В історії людей було , на жаль , дуже багато війн , і не всі вони були настільки прозорими , щоб було одразу видно , з якої сторони б’ється добро , і хто несе зло , і в чому буде перемога всіх людей на землі , коли Україна виграє , і що саме все людство може програти , якщо Росія візьме гору .","І разом ми можемо все це забезпечити – разом , хоч би якими різними ми були .",yes,no,none,none,none,none,high,
3816,5a2af7ed8186,Звернення Президента України до учасників Національного молитовного сніданку,2024-06-29,https://www.president.gov.ua/news/zvernennya-prezidenta-ukrayini-do-uchasnikiv-nacionalnogo-mo-91873,church_actors,священник,священників,І серед них християнських священників – Богдана Гелету та Івана Левицького .,"Ми повернули з російського полону і 90 наших воїнів , і десятьох цивільних людей .","Вони зараз перебувають тут , із нами .",yes,no,none,none,none,none,high,
3817,5a2af7ed8186,Звернення Президента України до учасників Національного молитовного сніданку,2024-06-29,https://www.president.gov.ua/news/zvernennya-prezidenta-ukrayini-do-uchasnikiv-nacionalnogo-mo-91873,church_actors,парафія,парафії,"Богдан Гелета та Іван Левицький несли слово Боже в Бердянську , у парафії Різдва Пресвятої Богородиці Української греко - католицької церкви .","Ми вам дуже дякуємо за силу та за гідність , із якими ви пройшли цей шлях , через усе це .",16 листопада 22-го року окупанти схопили їх і з того часу утримували в неволі .,yes,no,none,none,none,none,high,
3818,5a2af7ed8186,Звернення Президента України до учасників Національного молитовного сніданку,2024-06-29,https://www.president.gov.ua/news/zvernennya-prezidenta-ukrayini-do-uchasnikiv-nacionalnogo-mo-91873,church_actors,церква,церкви,"Богдан Гелета та Іван Левицький несли слово Боже в Бердянську , у парафії Різдва Пресвятої Богородиці Української греко - католицької церкви .","Ми вам дуже дякуємо за силу та за гідність , із якими ви пройшли цей шлях , через усе це .",16 листопада 22-го року окупанти схопили їх і з того часу утримували в неволі .,yes,no,none,none,none,none,high,
3819,5a2af7ed8186,Звернення Президента України до учасників Національного молитовного сніданку,2024-06-29,https://www.president.gov.ua/news/zvernennya-prezidenta-ukrayini-do-uchasnikiv-nacionalnogo-mo-91873,decolonisation,окупант,окупанти,16 листопада 22-го року окупанти схопили їх і з того часу утримували в неволі .,"Богдан Гелета та Іван Левицький несли слово Боже в Бердянську , у парафії Різдва Пресвятої Богородиці Української греко - католицької церкви .","Завдяки зусиллям нашої команди та посередництву Ватикану , за яке я особливо вдячний , дуже дякуємо , вдалося повернути їх на свободу .",yes,no,none,none,none,none,high,
3820,5a2af7ed8186,Звернення Президента України до учасників Національного молитовного сніданку,2024-06-29,https://www.president.gov.ua/news/zvernennya-prezidenta-ukrayini-do-uchasnikiv-nacionalnogo-mo-91873,material_security,безпека,безпеку,"Ми повинні боротися , щоб повернути нормальне життя й безпеку кожному місту і кожній українській громаді – усім , хто страждає від російського зла , від російських ударів і хто , на жаль , в окупації Росії .","І так само ми з вами повинні не здаватися та боротися за те , щоб повернути додому всіх , усіх наших людей , які ще досі в російському полоні , усіх українських дітей , які були викрадені на окупованій території та депортовані силою в Росію .","Ми повинні діяти разом , щоб повністю реалізувати Формулу миру і щоб російський окупант ні в чому не переміг життя .",yes,no,none,none,none,none,high,
3821,5a2af7ed8186,Звернення Президента України до учасників Національного молитовного сніданку,2024-06-29,https://www.president.gov.ua/news/zvernennya-prezidenta-ukrayini-do-uchasnikiv-nacionalnogo-mo-91873,decolonisation,окупант,окупант,"Ми повинні діяти разом , щоб повністю реалізувати Формулу миру і щоб російський окупант ні в чому не переміг життя .","Ми повинні боротися , щоб повернути нормальне життя й безпеку кожному місту і кожній українській громаді – усім , хто страждає від російського зла , від російських ударів і хто , на жаль , в окупації Росії .","Ми не раз доводили , що не буває нездійсненних речей , коли справді віриш у свої сили , коли дійсно знаєш , що на твоєму боці – правда людська й Божа , коли дієш і коли робиш усе , щоб люди були в єдності .",yes,no,none,none,none,none,high,
3822,5a2af7ed8186,Звернення Президента України до учасників Національного молитовного сніданку,2024-06-29,https://www.president.gov.ua/news/zvernennya-prezidenta-ukrayini-do-uchasnikiv-nacionalnogo-mo-91873,material_security,безпека,безпеку,"І хай кожен новий день , кожен новий результат наближають для України мир і для всіх наших людей наближають безпеку .","І я вірю , що ми можемо повернути мир Україні .",Дякую вам за підтримку !,yes,no,none,none,none,none,high,
4243,65a4c1046cc9,"Промова Президента України в Ерахтасі, парламенті Ірландії",2022-04-06,https://www.president.gov.ua/news/promova-prezidenta-ukrayini-v-erahtasi-parlamenti-irlandiyi-74137,decolonisation,окупант,окупантів,"І це вже стало фірмовим почерком окупантів – знищувати все , що забезпечує звичайне життя звичайним людям .","Одній із десятків , які Росія розглядає як мішень .","Вони послідовно знищують місця зберігання пального , розподільчі центри продуктів , знищують навіть звичайну аграрну техніку та мінують поля .",yes,no,none,none,none,none,high,
4244,65a4c1046cc9,"Промова Президента України в Ерахтасі, парламенті Ірландії",2022-04-06,https://www.president.gov.ua/news/promova-prezidenta-ukrayini-v-erahtasi-parlamenti-irlandiyi-74137,material_security,загроза,загроза,"Без нашого експорту – це не просто дефіцит , а загроза голоду для понад десятка країн Африки та Азії .",Україна – одна з провідних держав на світовому ринку продовольства .,Бо фізично не вистачатиме обсягів продукції і суттєво зростуть ціни .,yes,no,none,none,none,none,high,
4245,65a4c1046cc9,"Промова Президента України в Ерахтасі, парламенті Ірландії",2022-04-06,https://www.president.gov.ua/news/promova-prezidenta-ukrayini-v-erahtasi-parlamenti-irlandiyi-74137,decolonisation,окупант,окупантів,"Але ми точно знаємо , що це було частиною загальної тактики окупантів .","Ми не знаємо , скільки маріупольців було вбито Росією .","Вони те саме зробили або намагалися зробити з Черніговом , Сумами , Охтиркою , Харковом , Ізюмом , Волновахою та багатьма іншими нашими українськими містами .",yes,no,none,none,none,none,high,
4246,65a4c1046cc9,"Промова Президента України в Ерахтасі, парламенті Ірландії",2022-04-06,https://www.president.gov.ua/news/promova-prezidenta-ukrayini-v-erahtasi-parlamenti-irlandiyi-74137,decolonisation,окупант,окупанти,"Факт , що російські окупанти розстрілювали людей на дорогах , коли ті намагалися врятуватись із заблокованих міст .","Факт , що мешканці Маріуполя на аркушах шкільних зошитів малювали , як знайти , де у міських дворах поховані тіла їхніх близьких .",Досі на українських автошляхах – сотні розстріляних машин .,yes,no,none,none,none,none,high,
4247,65a4c1046cc9,"Промова Президента України в Ерахтасі, парламенті Ірландії",2022-04-06,https://www.president.gov.ua/news/promova-prezidenta-ukrayini-v-erahtasi-parlamenti-irlandiyi-74137,decolonisation,окупант,Окупанти,Окупанти обстріляли навіть 73 швидких !,"Факт , що внаслідок російських обстрілів зруйновано або пошкоджено 927 освітніх закладів , 285 лікарень .",Вони бомбардували й обстрілювали навіть церкви ...,yes,no,none,none,none,none,high,
4248,65a4c1046cc9,"Промова Президента України в Ерахтасі, парламенті Ірландії",2022-04-06,https://www.president.gov.ua/news/promova-prezidenta-ukrayini-v-erahtasi-parlamenti-irlandiyi-74137,church_actors,церква,церкви,Вони бомбардували й обстрілювали навіть церкви ...,Окупанти обстріляли навіть 73 швидких !,"Навіть будівлі - укриття , про які вони точно знали , що там немає нікого , окрім жінок і дітей ...",yes,no,none,none,none,none,high,
4249,65a4c1046cc9,"Промова Президента України в Ерахтасі, парламенті Ірландії",2022-04-06,https://www.president.gov.ua/news/promova-prezidenta-ukrayini-v-erahtasi-parlamenti-irlandiyi-74137,decolonisation,колоніальний,колоніальну,"У ХХІ столітті вони розглядають свою державу як колоніальну імперію , яка нібито має право підкорювати сусідні народи та знищувати будь-яку основу для їхнього самостійного життя .","Їхні державні пропагандисти , їхні політики навіть не приховують більше , що вони хочуть .",Знищувати навіть саму ідентичність народів .,yes,no,none,none,none,none,high,
4250,65a4c1046cc9,"Промова Президента України в Ерахтасі, парламенті Ірландії",2022-04-06,https://www.president.gov.ua/news/promova-prezidenta-ukrayini-v-erahtasi-parlamenti-irlandiyi-74137,ontological_security,ідентичність,ідентичність,Знищувати навіть саму ідентичність народів .,"У ХХІ столітті вони розглядають свою державу як колоніальну імперію , яка нібито має право підкорювати сусідні народи та знищувати будь-яку основу для їхнього самостійного життя .","Все , що робить нас українцями ...",yes,no,none,none,none,none,high,
4251,65a4c1046cc9,"Промова Президента України в Ерахтасі, парламенті Ірландії",2022-04-06,https://www.president.gov.ua/news/promova-prezidenta-ukrayini-v-erahtasi-parlamenti-irlandiyi-74137,material_security,санкція,санкції,"Зараз , коли лунають дискусії про санкції проти Російської Федерації , я просто вже не можу чути будь-які сумніви , не можу бачити будь-яку нерішучість ...","Разом із російською армією на нашу територію одразу заходили й підрозділи , які створені для придушення будь-якого політичного опору ...","Після всього , що ми пережили в Україні .",yes,no,none,none,none,none,high,
4252,65a4c1046cc9,"Промова Президента України в Ерахтасі, парламенті Ірландії",2022-04-06,https://www.president.gov.ua/news/promova-prezidenta-ukrayini-v-erahtasi-parlamenti-irlandiyi-74137,material_security,санкція,санкцій,Вдячний за підтримку санкцій проти Росії .,"Я вдячний і керівництву вашої держави , і кожному ірландцю і кожній .",Вдячний за надану нам гуманітарну та фінансову підтримку .,yes,no,none,none,none,none,high,
4253,65a4c1046cc9,"Промова Президента України в Ерахтасі, парламенті Ірландії",2022-04-06,https://www.president.gov.ua/news/promova-prezidenta-ukrayini-v-erahtasi-parlamenti-irlandiyi-74137,material_security,безпека,безпеку,"Вдячний за особливу турботу про наших людей , які шукали та знайшли безпеку на вашій землі .",Вдячний за надану нам гуманітарну та фінансову підтримку .,"Тільки вдумайтесь у це : Росія залишила без дому вже 10 мільйонів українців , які були змушені поїхати з рідних міст через цю війну ...",yes,no,none,none,none,none,high,
4254,65a4c1046cc9,"Промова Президента України в Ерахтасі, парламенті Ірландії",2022-04-06,https://www.president.gov.ua/news/promova-prezidenta-ukrayini-v-erahtasi-parlamenti-irlandiyi-74137,material_security,санкція,санкцій,Закликаю вас переконувати партнерів по Євросоюзу щодо жорсткіших санкцій проти Російської Федерації .,Тому я закликаю вас проявити ще більше лідерства у нашій антивоєнній коаліції !,"До таких санкцій , які реально зупинять військову машину Росії .",yes,no,none,none,none,none,high,
4255,65a4c1046cc9,"Промова Президента України в Ерахтасі, парламенті Ірландії",2022-04-06,https://www.president.gov.ua/news/promova-prezidenta-ukrayini-v-erahtasi-parlamenti-irlandiyi-74137,material_security,санкція,санкцій,"До таких санкцій , які реально зупинять військову машину Росії .",Закликаю вас переконувати партнерів по Євросоюзу щодо жорсткіших санкцій проти Російської Федерації .,Треба зупиняти всю торгівлю з Росією .,yes,no,none,none,none,none,high,
4383,67f531b56cda,"Системи ППО, які є у світі, не можуть просто припадати пилом десь на базах, коли вони можуть урятувати тисячі життів від російського терору – звернення Президента",2024-04-02,https://www.president.gov.ua/news/sistemi-ppo-yaki-ye-u-sviti-ne-mozhut-prosto-pripadati-pilom-90005,material_security,сбу,СБУ,"Провів нараду з СБУ , Мінцифри , Держспецзв’язку та секретарем РНБО щодо ситуації з онлайн - казино .","І ще кілька речей , які важливо відзначити .",Змістовні були доповіді .,yes,no,none,none,none,none,high,
4384,67f531b56cda,"Системи ППО, які є у світі, не можуть просто припадати пилом десь на базах, коли вони можуть урятувати тисячі життів від російського терору – звернення Президента",2024-04-02,https://www.president.gov.ua/news/sistemi-ppo-yaki-ye-u-sviti-ne-mozhut-prosto-pripadati-pilom-90005,church_actors,церква,церков,"Зустрівся з представниками протестантських церков та католицької церкви – це мільйони наших людей , які святкували Великдень у цю неділю .",Так і має бути .,Привітав їх .,yes,no,none,none,none,none,high,
4385,67f531b56cda,"Системи ППО, які є у світі, не можуть просто припадати пилом десь на базах, коли вони можуть урятувати тисячі життів від російського терору – звернення Президента",2024-04-02,https://www.president.gov.ua/news/sistemi-ppo-yaki-ye-u-sviti-ne-mozhut-prosto-pripadati-pilom-90005,church_actors,церква,церкви,"Зустрівся з представниками протестантських церков та католицької церкви – це мільйони наших людей , які святкували Великдень у цю неділю .",Так і має бути .,Привітав їх .,yes,no,none,none,none,none,high,
4386,67f531b56cda,"Системи ППО, які є у світі, не можуть просто припадати пилом десь на базах, коли вони можуть урятувати тисячі життів від російського терору – звернення Президента",2024-04-02,https://www.president.gov.ua/news/sistemi-ppo-yaki-ye-u-sviti-ne-mozhut-prosto-pripadati-pilom-90005,church_actors,церква,церкви,"Важливо і щоб наші християнські громади , церкви розвивали інститут військового капеланства .","Подякував за те , що вони підтримують українців , перебувають всі тут , у нашій державі , у різних частинах України , зокрема й на прифронтовій території .","Це те , що справді підтримує на фронті : мають бути ті , хто допоможе людському духу знайти необхідну опору .",yes,no,none,none,none,none,high,
4387,67f531b56cda,"Системи ППО, які є у світі, не можуть просто припадати пилом десь на базах, коли вони можуть урятувати тисячі життів від російського терору – звернення Президента",2024-04-02,https://www.president.gov.ua/news/sistemi-ppo-yaki-ye-u-sviti-ne-mozhut-prosto-pripadati-pilom-90005,church_actors,церква,церков,"І , звичайно , ми цінуємо зусилля церков у комунікації з християнами світу , щоб усюди люди знали правду про війну тут , про російське зло , про ті злочини , які вчиняють окупанти .","Це те , що справді підтримує на фронті : мають бути ті , хто допоможе людському духу знайти необхідну опору .",Цей діалог між церквами й громадами – діалог правди – ефективний .,yes,no,none,none,none,none,high,
4388,67f531b56cda,"Системи ППО, які є у світі, не можуть просто припадати пилом десь на базах, коли вони можуть урятувати тисячі життів від російського терору – звернення Президента",2024-04-02,https://www.president.gov.ua/news/sistemi-ppo-yaki-ye-u-sviti-ne-mozhut-prosto-pripadati-pilom-90005,decolonisation,окупант,окупанти,"І , звичайно , ми цінуємо зусилля церков у комунікації з християнами світу , щоб усюди люди знали правду про війну тут , про російське зло , про ті злочини , які вчиняють окупанти .","Це те , що справді підтримує на фронті : мають бути ті , хто допоможе людському духу знайти необхідну опору .",Цей діалог між церквами й громадами – діалог правди – ефективний .,yes,no,none,none,none,none,high,
4389,67f531b56cda,"Системи ППО, які є у світі, не можуть просто припадати пилом десь на базах, коли вони можуть урятувати тисячі життів від російського терору – звернення Президента",2024-04-02,https://www.president.gov.ua/news/sistemi-ppo-yaki-ye-u-sviti-ne-mozhut-prosto-pripadati-pilom-90005,church_actors,церква,церквами,Цей діалог між церквами й громадами – діалог правди – ефективний .,"І , звичайно , ми цінуємо зусилля церков у комунікації з християнами світу , щоб усюди люди знали правду про війну тут , про російське зло , про ті злочини , які вчиняють окупанти .","Коли світло викриває зло , війна скоріше буде завершена справедливо для України .",yes,no,none,none,none,none,high,
4390,67f531b56cda,"Системи ППО, які є у світі, не можуть просто припадати пилом десь на базах, коли вони можуть урятувати тисячі життів від російського терору – звернення Президента",2024-04-02,https://www.president.gov.ua/news/sistemi-ppo-yaki-ye-u-sviti-ne-mozhut-prosto-pripadati-pilom-90005,decolonisation,незалежність,незалежність,"Дякую всім , хто захищає життя , нашу державу , нашу незалежність !","Я дякую всім , хто допомагає Україні !",Дякую нашим воїнам !,yes,no,none,none,none,none,high,
4391,67f531b56cda,"Системи ППО, які є у світі, не можуть просто припадати пилом десь на базах, коли вони можуть урятувати тисячі життів від російського терору – звернення Президента",2024-04-02,https://www.president.gov.ua/news/sistemi-ppo-yaki-ye-u-sviti-ne-mozhut-prosto-pripadati-pilom-90005,decolonisation,окупант,окупанта,"Дякую всім , хто тримає позиції та знищує окупанта .","Красногорівка , Новомихайлівка , Первомайське , Тоненьке , Кліщіївка , Терни , Білогорівка та всі інші місця жорстких боїв – боїв заради України .",Обов’язково маємо перемогти .,yes,no,none,none,none,none,high,
4418,68e5fe347a9e,"Дуже важливо, що у Києво-Печерській лаврі сьогодні прозвучала і ще звучатиме щира молитва за Україну – звернення Президента Володимира Зеленського",2023-01-07,https://www.president.gov.ua/news/duzhe-vazhlivo-sho-u-kiyevo-pecherskij-lavri-sogodni-prozvuc-80277,ontological_security,духовний,духовної,"Ще раз вітаю з Різдвом Христовим усіх , хто святкує сьогодні , у цей день , який уже став історичним для України , для духовної незалежності нашого народу .","Бажаю здоровʼя , шановні українці !","Я був радий сьогодні бачити , скільки людей , скільки наших воїнів прийшли на службу Божу у храм Києво - Печерської лаври – у те святе місце , яке є одним із витоків української культурної традиції .",yes,yes,ontological,nation,Moscow_Patriarchate,none,high,Christmas at Lavra framed as historic day for Ukraine's spiritual independence. OCU service at formerly UOC-MP-held site.
4419,68e5fe347a9e,"Дуже важливо, що у Києво-Печерській лаврі сьогодні прозвучала і ще звучатиме щира молитва за Україну – звернення Президента Володимира Зеленського",2023-01-07,https://www.president.gov.ua/news/duzhe-vazhlivo-sho-u-kiyevo-pecherskij-lavri-sogodni-prozvuc-80277,decolonisation,незалежність,незалежності,"Ще раз вітаю з Різдвом Христовим усіх , хто святкує сьогодні , у цей день , який уже став історичним для України , для духовної незалежності нашого народу .","Бажаю здоровʼя , шановні українці !","Я був радий сьогодні бачити , скільки людей , скільки наших воїнів прийшли на службу Божу у храм Києво - Печерської лаври – у те святе місце , яке є одним із витоків української культурної традиції .",yes,yes,ontological,nation,Moscow_Patriarchate,none,high,Christmas at Lavra framed as historic day for Ukraine's spiritual independence. OCU service at formerly UOC-MP-held site.
4420,68e5fe347a9e,"Дуже важливо, що у Києво-Печерській лаврі сьогодні прозвучала і ще звучатиме щира молитва за Україну – звернення Президента Володимира Зеленського",2023-01-07,https://www.president.gov.ua/news/duzhe-vazhlivo-sho-u-kiyevo-pecherskij-lavri-sogodni-prozvuc-80277,church_actors,лавра,лаври,"Я був радий сьогодні бачити , скільки людей , скільки наших воїнів прийшли на службу Божу у храм Києво - Печерської лаври – у те святе місце , яке є одним із витоків української культурної традиції .","Ще раз вітаю з Різдвом Христовим усіх , хто святкує сьогодні , у цей день , який уже став історичним для України , для духовної незалежності нашого народу .","Дуже важливо , що у лаврі сьогодні прозвучала і ще звучатиме щира молитва за Україну .",yes,yes,ontological,church_independence,Moscow_Patriarchate,property_transfer,high,President celebrates OCU service at Kyiv-Pechersk Lavra - site transferred from UOC-MP. Reclaiming spiritual space as identity assertion.
4421,68e5fe347a9e,"Дуже важливо, що у Києво-Печерській лаврі сьогодні прозвучала і ще звучатиме щира молитва за Україну – звернення Президента Володимира Зеленського",2023-01-07,https://www.president.gov.ua/news/duzhe-vazhlivo-sho-u-kiyevo-pecherskij-lavri-sogodni-prozvuc-80277,decolonisation,незалежність,незалежність,Українська незалежність має бути міцною в усіх її елементах .,І що ніхто більше не буде робити українське чужим у лаврі .,І буде такою .,yes,no,none,none,none,none,high,
4422,68e5fe347a9e,"Дуже важливо, що у Києво-Печерській лаврі сьогодні прозвучала і ще звучатиме щира молитва за Україну – звернення Президента Володимира Зеленського",2023-01-07,https://www.president.gov.ua/news/duzhe-vazhlivo-sho-u-kiyevo-pecherskij-lavri-sogodni-prozvuc-80277,decolonisation,незалежність,незалежності,"Це буде точно не менш потужно , ніж у попередні роки , і головний пріоритет – це убезпечення нашої незалежності , зміцнення нашої здатності оборонятись – усіма кроками , які необхідні , усіма засобами , які спрацюють .","По -перше , ми затвердили загальний план роботи РНБО в цьому році .","По -друге , є проміжний підсумок у роботі щодо багатьох громадян Росії та повʼязаних з нею осіб , які виправдовують війну , допомагають її вести чи оспівують державу - терориста .",yes,no,none,none,none,none,high,
4423,68e5fe347a9e,"Дуже важливо, що у Києво-Печерській лаврі сьогодні прозвучала і ще звучатиме щира молитва за Україну – звернення Президента Володимира Зеленського",2023-01-07,https://www.president.gov.ua/news/duzhe-vazhlivo-sho-u-kiyevo-pecherskij-lavri-sogodni-prozvuc-80277,material_security,санкція,санкцій,Сьогодні є перший такий санкційний список – будуть наступні рішення щодо санкцій проти таких осіб .,"По -друге , є проміжний підсумок у роботі щодо багатьох громадян Росії та повʼязаних з нею осіб , які виправдовують війну , допомагають її вести чи оспівують державу - терориста .","Усі , чий голос звучить в унісон із гуркотом російської артилерії , будуть ізольовані від цивілізованого світу .",yes,yes,material,state,UOC-MP,sanctions,medium,"First sanctions list announced - likely targeting UOC-MP-affiliated individuals, though specifics not named in this sentence."
4424,68e5fe347a9e,"Дуже важливо, що у Києво-Печерській лаврі сьогодні прозвучала і ще звучатиме щира молитва за Україну – звернення Президента Володимира Зеленського",2023-01-07,https://www.president.gov.ua/news/duzhe-vazhlivo-sho-u-kiyevo-pecherskij-lavri-sogodni-prozvuc-80277,decolonisation,окупант,окупантів,"Укотре підтвердилося : тільки вигнання російських окупантів з української землі та ліквідація будь-яких можливостей Росії тиснути на Україну та всю Європу означатиме відновлення тиші , безпеки й миру .","Але реальність – це російські снаряди , які знову били по Бахмуту та інших українських позиціях .","Заради цього працюємо ми , саме на це спрямована допомога наших партнерів , саме таку мету зараз має весь цивілізований світ .",yes,no,none,none,none,none,high,
4425,68e5fe347a9e,"Дуже важливо, що у Києво-Печерській лаврі сьогодні прозвучала і ще звучатиме щира молитва за Україну – звернення Президента Володимира Зеленського",2023-01-07,https://www.president.gov.ua/news/duzhe-vazhlivo-sho-u-kiyevo-pecherskij-lavri-sogodni-prozvuc-80277,urgency,ліквідація,ліквідація,"Укотре підтвердилося : тільки вигнання російських окупантів з української землі та ліквідація будь-яких можливостей Росії тиснути на Україну та всю Європу означатиме відновлення тиші , безпеки й миру .","Але реальність – це російські снаряди , які знову били по Бахмуту та інших українських позиціях .","Заради цього працюємо ми , саме на це спрямована допомога наших партнерів , саме таку мету зараз має весь цивілізований світ .",yes,no,none,none,none,none,high,
4426,68e5fe347a9e,"Дуже важливо, що у Києво-Печерській лаврі сьогодні прозвучала і ще звучатиме щира молитва за Україну – звернення Президента Володимира Зеленського",2023-01-07,https://www.president.gov.ua/news/duzhe-vazhlivo-sho-u-kiyevo-pecherskij-lavri-sogodni-prozvuc-80277,material_security,безпека,безпеки,"Укотре підтвердилося : тільки вигнання російських окупантів з української землі та ліквідація будь-яких можливостей Росії тиснути на Україну та всю Європу означатиме відновлення тиші , безпеки й миру .","Але реальність – це російські снаряди , які знову били по Бахмуту та інших українських позиціях .","Заради цього працюємо ми , саме на це спрямована допомога наших партнерів , саме таку мету зараз має весь цивілізований світ .",yes,no,none,none,none,none,high,
4427,68e5fe347a9e,"Дуже важливо, що у Києво-Печерській лаврі сьогодні прозвучала і ще звучатиме щира молитва за Україну – звернення Президента Володимира Зеленського",2023-01-07,https://www.president.gov.ua/news/duzhe-vazhlivo-sho-u-kiyevo-pecherskij-lavri-sogodni-prozvuc-80277,decolonisation,незалежність,незалежність,"І я дякую всім , хто нам допомагає боронити незалежність України !","Заради цього працюємо ми , саме на це спрямована допомога наших партнерів , саме таку мету зараз має весь цивілізований світ .","Дякую кожному й кожній , хто воює й працює заради нашої держави !",yes,no,none,none,none,none,high,
4428,68e5fe347a9e,"Дуже важливо, що у Києво-Печерській лаврі сьогодні прозвучала і ще звучатиме щира молитва за Україну – звернення Президента Володимира Зеленського",2023-01-07,https://www.president.gov.ua/news/duzhe-vazhlivo-sho-u-kiyevo-pecherskij-lavri-sogodni-prozvuc-80277,ontological_security,духовний незалежність,духовної незалежності,"Ще раз вітаю з Різдвом Христовим усіх , хто святкує сьогодні , у цей день , який уже став історичним для України , для духовної незалежності нашого народу .","Бажаю здоровʼя , шановні українці !","Я був радий сьогодні бачити , скільки людей , скільки наших воїнів прийшли на службу Божу у храм Києво - Печерської лаври – у те святе місце , яке є одним із витоків української культурної традиції .",yes,yes,ontological,nation,Moscow_Patriarchate,none,high,Christmas at Lavra framed as historic day for Ukraine's spiritual independence. OCU service at formerly UOC-MP-held site.
4456,69628732bc90,Безпека – перший пріоритет – звернення Президента України за підсумками засідання РНБО,2023-06-23,https://www.president.gov.ua/news/bezpeka-pershij-prioritet-zvernennya-prezidenta-ukrayini-za-83769,material_security,ворог,ворог,"Загалом сьогодні розглянули ситуацію з укриттями в областях , районах , містах , які ворог тероризує найбільш інтенсивно .","Найважливіше : міністри Клименко та Камишін представили перші зведені підсумки перевірки укриттів у регіонах нашої держави : Клименко – по всій країні , Камишін – щодо Києва .",Висновки невтішні .,yes,no,none,none,none,none,high,
4457,69628732bc90,Безпека – перший пріоритет – звернення Президента України за підсумками засідання РНБО,2023-06-23,https://www.president.gov.ua/news/bezpeka-pershij-prioritet-zvernennya-prezidenta-ukrayini-za-83769,church_actors,церква,Церква,"Це і Київ , і Запоріжжя , і Харків , і Дніпро , і Конотоп , і Біла Церква , і багато інших міст .",Майже по всій країні .,"Особливо цинічна та ганебна ситуація в тих містах , які мають значний фінансовий ресурс , але , на жаль , – інші пріоритети .",yes,no,none,none,none,none,high,
4458,69628732bc90,Безпека – перший пріоритет – звернення Президента України за підсумками засідання РНБО,2023-06-23,https://www.president.gov.ua/news/bezpeka-pershij-prioritet-zvernennya-prezidenta-ukrayini-za-83769,material_security,безпека,Безпека,Безпека – перший пріоритет .,Доступні та надійні укриття по всій країні мають бути й будуть пріоритетом для керівників усіх рівнів .,"Генеральний прокурор поінформував РНБО про позовну роботу органів прокуратури для повернення приміщень укриттів , які були незаконно виведені з власності громад .",yes,no,none,none,none,none,high,
4506,6b7e723f64e9,Звернення Президента Володимира Зеленського з нагоди Дня Конституції України,2022-06-28,https://www.president.gov.ua/news/zvernennya-prezidenta-volodimira-zelenskogo-z-nagodi-dnya-ko-76093,church_actors,релігійний,релігійні,"Давні документи й літописи , пам’ятки історії та права , релігійні традиції та народні звичаї , наука , література , музика , живопис , легенди та міфи , прислів’я та приказки і навіть випуски новин .","Той факт , що все вищезгадане – правда , доводить багато речей .",Усе це по-своєму змальовує нашу державу і нас із вами .,yes,no,none,none,none,none,high,
4507,6b7e723f64e9,Звернення Президента Володимира Зеленського з нагоди Дня Конституції України,2022-06-28,https://www.president.gov.ua/news/zvernennya-prezidenta-volodimira-zelenskogo-z-nagodi-dnya-ko-76093,decolonisation,незалежність,незалежність,"Це право українського народу на самовизначення , всенародно схвалена незалежність України , незворотність шляху до Європи .","Пояснюють , чому й за що ми б’ємося .","Це відповідальність перед Богом , власною совістю , попередніми , нинішнім та прийдешніми поколіннями .",yes,no,none,none,none,none,high,
4508,6b7e723f64e9,Звернення Президента Володимира Зеленського з нагоди Дня Конституції України,2022-06-28,https://www.president.gov.ua/news/zvernennya-prezidenta-volodimira-zelenskogo-z-nagodi-dnya-ko-76093,material_security,суверенітет,суверенітет,Наш суверенітет поширюється на всю територію .,Гріх його не захищати .,Ми – унітарна держава .,yes,no,none,none,none,none,high,
4509,6b7e723f64e9,Звернення Президента Володимира Зеленського з нагоди Дня Конституції України,2022-06-28,https://www.president.gov.ua/news/zvernennya-prezidenta-volodimira-zelenskogo-z-nagodi-dnya-ko-76093,material_security,загроза,загроз,Якій байдуже до всіх загроз та ризиків Третьої світової війни .,Стримує другу армію світу .,Але нам не байдуже до норм третьої статті Конституції .,yes,no,none,none,none,none,high,
4510,6b7e723f64e9,Звернення Президента Володимира Зеленського з нагоди Дня Конституції України,2022-06-28,https://www.president.gov.ua/news/zvernennya-prezidenta-volodimira-zelenskogo-z-nagodi-dnya-ko-76093,material_security,безпека,безпека,"Людина , її життя і здоров'я , честь і гідність , недоторканність і безпека – це найвища соціальна цінність .",Але нам не байдуже до норм третьої статті Конституції .,"І наші люди ціною життя , здоров’я й безпеки боронять цей принцип .",yes,no,none,none,none,none,high,
4511,6b7e723f64e9,Звернення Президента Володимира Зеленського з нагоди Дня Конституції України,2022-06-28,https://www.president.gov.ua/news/zvernennya-prezidenta-volodimira-zelenskogo-z-nagodi-dnya-ko-76093,material_security,безпека,безпеки,"І наші люди ціною життя , здоров’я й безпеки боронять цей принцип .","Людина , її життя і здоров'я , честь і гідність , недоторканність і безпека – це найвища соціальна цінність .",З честю та гідністю !,yes,no,none,none,none,none,high,
4512,6b7e723f64e9,Звернення Президента Володимира Зеленського з нагоди Дня Конституції України,2022-06-28,https://www.president.gov.ua/news/zvernennya-prezidenta-volodimira-zelenskogo-z-nagodi-dnya-ko-76093,decolonisation,воля,воля,"Наш Державний гімн « Ще не вмерла України і слава , і воля … »",Тому що тут таке не злітає .,Вони живуть і будуть жити .,yes,no,none,none,none,none,high,
4513,6b7e723f64e9,Звернення Президента Володимира Зеленського з нагоди Дня Конституції України,2022-06-28,https://www.president.gov.ua/news/zvernennya-prezidenta-volodimira-zelenskogo-z-nagodi-dnya-ko-76093,decolonisation,окупант,окупанту,"Дивлячись в очі окупанту , співати , що вони згинуть , як роса на сонці .",Гучно співати .,Цей народ неможливо перемогти !,yes,no,none,none,none,none,high,
4514,6b7e723f64e9,Звернення Президента Володимира Зеленського з нагоди Дня Конституції України,2022-06-28,https://www.president.gov.ua/news/zvernennya-prezidenta-volodimira-zelenskogo-z-nagodi-dnya-ko-76093,decolonisation,окупант,Окупант,"Окупант чекав на гостинний прийом , а отримав шалений спротив .",І перемагати його можна без слів .,"Зустріч не хлібом - сіллю , а « Стугною » і « Джавелінами » , « Байрактаром » і « Нептуном » , « Вільхою » і « Хаймарсами » .",yes,no,none,none,none,none,high,
4515,6b7e723f64e9,Звернення Президента Володимира Зеленського з нагоди Дня Конституції України,2022-06-28,https://www.president.gov.ua/news/zvernennya-prezidenta-volodimira-zelenskogo-z-nagodi-dnya-ko-76093,material_security,ворог,ворога,"Для світу – це восьме диво , для ворога – дев'ятий вал , а для нас – 17-та стаття Конституції України .",Наш спротив триває вже 125 днів .,Захист України – це найважливіші функції держави і справа всього українського народу .,yes,no,none,none,none,none,high,
4516,6b7e723f64e9,Звернення Президента Володимира Зеленського з нагоди Дня Конституції України,2022-06-28,https://www.president.gov.ua/news/zvernennya-prezidenta-volodimira-zelenskogo-z-nagodi-dnya-ko-76093,material_security,ворог,ворогу,Саме тому українці не побоялися сказати ворогу « идите домой » .,Це свобода слова .,Бо мають свободу думки .,yes,no,none,none,none,none,high,
4517,6b7e723f64e9,Звернення Президента Володимира Зеленського з нагоди Дня Конституції України,2022-06-28,https://www.president.gov.ua/news/zvernennya-prezidenta-volodimira-zelenskogo-z-nagodi-dnya-ko-76093,material_security,ворог,Ворог,"Ворог не зможе усвідомити силу , з якою ми готові битися за свою волю , за свої права та свободи .",Не маємо ми й такого бажання .,"Той , хто не має цього сам , ніколи не позбавить цього інших .",yes,no,none,none,none,none,high,
4518,6b7e723f64e9,Звернення Президента Володимира Зеленського з нагоди Дня Конституції України,2022-06-28,https://www.president.gov.ua/news/zvernennya-prezidenta-volodimira-zelenskogo-z-nagodi-dnya-ko-76093,decolonisation,воля,волю,"Ворог не зможе усвідомити силу , з якою ми готові битися за свою волю , за свої права та свободи .",Не маємо ми й такого бажання .,"Той , хто не має цього сам , ніколи не позбавить цього інших .",yes,no,none,none,none,none,high,
4519,6b7e723f64e9,Звернення Президента Володимира Зеленського з нагоди Дня Конституції України,2022-06-28,https://www.president.gov.ua/news/zvernennya-prezidenta-volodimira-zelenskogo-z-nagodi-dnya-ko-76093,material_security,ворог,ворога,Для ворога неминучим є покарання .,Саме тому для нас неминучою є перемога .,І воно настане .,yes,no,none,none,none,none,high,
4579,6c18145a3cf2,"Держава робить усе, щоб допомогти Маріуполю – звернення Президента Володимира Зеленського",2022-03-11,https://www.president.gov.ua/news/derzhava-robit-use-shob-dopomogti-mariupolyu-zvernennya-prez-73485,material_security,безпека,безпеку,"Дати їм нарешті безпеку у Полтаві , Києві , Черкасах , Запоріжжі , Дніпрі , Львові .","Суми , Тростянець , Краснопілля , Ірпінь , Буча , Гостомель , Ізюм . За цей день уже вдалося вивезти майже 40 тисяч наших людей .","Вдалося також доправити й гуманітарні вантажі : сотні тонн продовольства , медикаментів .",yes,no,none,none,none,none,high,
4580,6c18145a3cf2,"Держава робить усе, щоб допомогти Маріуполю – звернення Президента Володимира Зеленського",2022-03-11,https://www.president.gov.ua/news/derzhava-robit-use-shob-dopomogti-mariupolyu-zvernennya-prez-73485,material_security,ворог,ворог,"Ми робимо все , щоб врятувати наших людей у містах , які ворог хоче просто знищити .","Вдалося також доправити й гуманітарні вантажі : сотні тонн продовольства , медикаментів .",З урахуванням роботи гуманітарних коридорів у попередні два дні ми вже евакуювали близько ста тисяч людей .,yes,no,none,none,none,none,high,
4581,6c18145a3cf2,"Держава робить усе, щоб допомогти Маріуполю – звернення Президента Володимира Зеленського",2022-03-11,https://www.president.gov.ua/news/derzhava-robit-use-shob-dopomogti-mariupolyu-zvernennya-prez-73485,urgency,припинити,припинили,"Хоча ми зробили все , що було потрібно для роботи гуманітарного коридору , російські війська так і не припинили вогонь .",Маріуполь та Волноваха залишаються повністю заблокованими .,Попри це я вирішив все одно направити колону вантажівок для Маріуполя .,yes,no,none,none,none,none,high,
4582,6c18145a3cf2,"Держава робить усе, щоб допомогти Маріуполю – звернення Президента Володимира Зеленського",2022-03-11,https://www.president.gov.ua/news/derzhava-robit-use-shob-dopomogti-mariupolyu-zvernennya-prez-73485,decolonisation,окупант,окупанти,"Але окупанти розпочали танкову атаку саме там , де мав бути цей коридор .",Надважливу місію .,Коридор життя для маріупольців .,yes,no,none,none,none,none,high,
4583,6c18145a3cf2,"Держава робить усе, щоб допомогти Маріуполю – звернення Президента Володимира Зеленського",2022-03-11,https://www.president.gov.ua/news/derzhava-robit-use-shob-dopomogti-mariupolyu-zvernennya-prez-73485,urgency,надзвичайний,надзвичайних,Сьогодні вони зруйнували будівлю головного управління Держслужби з надзвичайних ситуацій у Донецькій області .,"Постійно бомбардувати , постійно обстрілювати .","Саме поряд із цією будівлею й було те місце , де мали збиратися маріупольці на евакуацію .",yes,no,none,none,none,none,high,
4584,6c18145a3cf2,"Держава робить усе, щоб допомогти Маріуполю – звернення Президента Володимира Зеленського",2022-03-11,https://www.president.gov.ua/news/derzhava-robit-use-shob-dopomogti-mariupolyu-zvernennya-prez-73485,decolonisation,окупант,Окупанти,"Окупанти роблять усе , щоб обманути наших людей у містах , що в облозі .",Українці і українки .,Вони блокують звʼязок .,yes,no,none,none,none,none,high,
4585,6c18145a3cf2,"Держава робить усе, щоб допомогти Маріуполю – звернення Президента Володимира Зеленського",2022-03-11,https://www.president.gov.ua/news/derzhava-robit-use-shob-dopomogti-mariupolyu-zvernennya-prez-73485,church_actors,церква,церкви,По церкви в Харькове ?,По роддому в Мариуполе ?,По детской больнице « Охматдет » ?,yes,no,none,none,none,none,high,
4586,6c18145a3cf2,"Держава робить усе, щоб допомогти Маріуполю – звернення Президента Володимира Зеленського",2022-03-11,https://www.president.gov.ua/news/derzhava-robit-use-shob-dopomogti-mariupolyu-zvernennya-prez-73485,material_security,ворог,ворога,"Загинув , прикриваючи наших військових і героїчно стримуючи наступ ворога .",Посмертно .,Капітан Корпан Олександр Богданович .,yes,no,none,none,none,none,high,
4587,6c18145a3cf2,"Держава робить усе, щоб допомогти Маріуполю – звернення Президента Володимира Зеленського",2022-03-11,https://www.president.gov.ua/news/derzhava-robit-use-shob-dopomogti-mariupolyu-zvernennya-prez-73485,material_security,ворог,ворога,Під час ракетного обстрілу ціною власного життя особисто давав інформацію щодо дій ворога .,Посмертно .,Молодший сержант Волков Євгеній Володимирович .,yes,no,none,none,none,none,high,
4588,6c18145a3cf2,"Держава робить усе, щоб допомогти Маріуполю – звернення Президента Володимира Зеленського",2022-03-11,https://www.president.gov.ua/news/derzhava-robit-use-shob-dopomogti-mariupolyu-zvernennya-prez-73485,material_security,оборона,обороною,"Уміло керував обороною на північно - східному напрямку , завдяки чому вдалося не допустити захоплення Чернігова .",Генерал - майор Ніколюк Віктор Дмитрович .,Полковник Хода Леонід Олексійович .,yes,no,none,none,none,none,high,
4589,6c18145a3cf2,"Держава робить усе, щоб допомогти Маріуполю – звернення Президента Володимира Зеленського",2022-03-11,https://www.president.gov.ua/news/derzhava-robit-use-shob-dopomogti-mariupolyu-zvernennya-prez-73485,material_security,ворог,ворога,Завдяки його діям було знищено значну кількість техніки та військових ворога у місті Гостомелі .,Підполковник Пономаренко Вʼячеслав Анатолійович .,Підполковник Яковенко Олександр Олексійович .,yes,no,none,none,none,none,high,
4590,6c18145a3cf2,"Держава робить усе, щоб допомогти Маріуполю – звернення Президента Володимира Зеленського",2022-03-11,https://www.president.gov.ua/news/derzhava-robit-use-shob-dopomogti-mariupolyu-zvernennya-prez-73485,material_security,ворог,ворога,"Вивів свої підрозділи з-під артилерійського вогню ворога , завдяки чому зберіг особовий склад і продовжив успішно обороняти Донецьку область .",Підполковник Яковенко Олександр Олексійович .,Майор Бова Євгеній Петрович .,yes,no,none,none,none,none,high,
4591,6c18145a3cf2,"Держава робить усе, щоб допомогти Маріуполю – звернення Президента Володимира Зеленського",2022-03-11,https://www.president.gov.ua/news/derzhava-robit-use-shob-dopomogti-mariupolyu-zvernennya-prez-73485,material_security,оборона,оборону,За героїчну оборону Маріуполя та утримання позицій у постійних атаках ворога .,Майор Бова Євгеній Петрович .,Капітан Боєчко Василь Васильович .,yes,no,none,none,none,none,high,
4592,6c18145a3cf2,"Держава робить усе, щоб допомогти Маріуполю – звернення Президента Володимира Зеленського",2022-03-11,https://www.president.gov.ua/news/derzhava-robit-use-shob-dopomogti-mariupolyu-zvernennya-prez-73485,material_security,ворог,ворога,За героїчну оборону Маріуполя та утримання позицій у постійних атаках ворога .,Майор Бова Євгеній Петрович .,Капітан Боєчко Василь Васильович .,yes,no,none,none,none,none,high,
4593,6c18145a3cf2,"Держава робить усе, щоб допомогти Маріуполю – звернення Президента Володимира Зеленського",2022-03-11,https://www.president.gov.ua/news/derzhava-robit-use-shob-dopomogti-mariupolyu-zvernennya-prez-73485,urgency,ліквідація,ліквідацію,За надзвичайно успішну ліквідацію техніки та живої сили ворога .,Капітан Боєчко Василь Васильович .,Сержант Мороз Олег Романович .,yes,no,none,none,none,none,high,
4594,6c18145a3cf2,"Держава робить усе, щоб допомогти Маріуполю – звернення Президента Володимира Зеленського",2022-03-11,https://www.president.gov.ua/news/derzhava-robit-use-shob-dopomogti-mariupolyu-zvernennya-prez-73485,material_security,ворог,ворога,За надзвичайно успішну ліквідацію техніки та живої сили ворога .,Капітан Боєчко Василь Васильович .,Сержант Мороз Олег Романович .,yes,no,none,none,none,none,high,
4595,6c18145a3cf2,"Держава робить усе, щоб допомогти Маріуполю – звернення Президента Володимира Зеленського",2022-03-11,https://www.president.gov.ua/news/derzhava-robit-use-shob-dopomogti-mariupolyu-zvernennya-prez-73485,material_security,ворог,ворога,Завдяки його героїчним діям вдалося зупинити наступ ворога в Луганській області .,Сержант Мороз Олег Романович .,Матрос Самофалов Валерій Михайлович .,yes,no,none,none,none,none,high,
4596,6c18145a3cf2,"Держава робить усе, щоб допомогти Маріуполю – звернення Президента Володимира Зеленського",2022-03-11,https://www.president.gov.ua/news/derzhava-robit-use-shob-dopomogti-mariupolyu-zvernennya-prez-73485,material_security,ворог,ворога,В одному бою вперше в історії цієї війни збив одразу три гвинтокрили ворога .,Матрос Самофалов Валерій Михайлович .,"Також я підписав указ про нагородження орденами за особисту мужність 39 нацгвардійців , 31 поліцейського ( дев'ятьох посмертно ) , 14 прикордонників ( чотирьох посмертно ) , 23 працівників Державної служби з надзвичайних ситуацій .",yes,no,none,none,none,none,high,
4597,6c18145a3cf2,"Держава робить усе, щоб допомогти Маріуполю – звернення Президента Володимира Зеленського",2022-03-11,https://www.president.gov.ua/news/derzhava-robit-use-shob-dopomogti-mariupolyu-zvernennya-prez-73485,urgency,надзвичайний,надзвичайних,"Також я підписав указ про нагородження орденами за особисту мужність 39 нацгвардійців , 31 поліцейського ( дев'ятьох посмертно ) , 14 прикордонників ( чотирьох посмертно ) , 23 працівників Державної служби з надзвичайних ситуацій .",В одному бою вперше в історії цієї війни збив одразу три гвинтокрили ворога .,Сьогодні ж звання бригадного генерала присвоєно :,yes,no,none,none,none,none,high,
4598,6c18145a3cf2,"Держава робить усе, щоб допомогти Маріуполю – звернення Президента Володимира Зеленського",2022-03-11,https://www.president.gov.ua/news/derzhava-robit-use-shob-dopomogti-mariupolyu-zvernennya-prez-73485,material_security,ворог,ворога,За надзвичайно успішні дії проти ворога у Херсонській області .,Ліщинському Владиславу Вацлавовичу .,Гуцолу Володимиру Володимировичу .,yes,no,none,none,none,none,high,
4599,6c18145a3cf2,"Держава робить усе, щоб допомогти Маріуполю – звернення Президента Володимира Зеленського",2022-03-11,https://www.president.gov.ua/news/derzhava-robit-use-shob-dopomogti-mariupolyu-zvernennya-prez-73485,material_security,ворог,ворога,За успішне знищення повітряного десанту ворога у Василькові .,Гуцолу Володимиру Володимировичу .,Демʼянчику Григорію Петровичу .,yes,no,none,none,none,none,high,
4628,6ceaba47e5f7,Виступ Президента України на засіданні Ради Безпеки ООН,2022-04-05,https://www.president.gov.ua/news/vistup-prezidenta-ukrayini-na-zasidanni-radi-bezpeki-oon-74121,material_security,безпека,Безпеки,"Хіба що тим , що це робить постійний член Ради Безпеки Організації Об’єднаних Націй .","Чим це відрізняється від того , що робили терористи ДАІШ на захопленій ними території ?",Руйнує внутрішню єдність держав .,yes,no,none,none,none,none,high,
4629,6ceaba47e5f7,Виступ Президента України на засіданні Ради Безпеки ООН,2022-04-05,https://www.president.gov.ua/news/vistup-prezidenta-ukrayini-na-zasidanni-radi-bezpeki-oon-74121,church_actors,релігійний,релігійної,Проводить послідовну політику знищення етнічної та релігійної різноманітності .,Заперечує право понад десятка народів на двох континентах на самовизначення й самостійне державне життя .,"Розпалює війни та свідомо веде їх так , щоб убити якнайбільшу кількість звичайних мирних людей .",yes,no,none,none,none,none,high,
4630,6ceaba47e5f7,Виступ Президента України на засіданні Ради Безпеки ООН,2022-04-05,https://www.president.gov.ua/news/vistup-prezidenta-ukrayini-na-zasidanni-radi-bezpeki-oon-74121,material_security,безпека,безпеки,"Провокує глобальну продовольчу кризу , яка може призвести до голоду в державах Африки , в державах Азії й точно закінчиться масштабним політичним хаосом у країнах , де стабільність продовольчих цін – базовий чинник внутрішньої безпеки .",Підтримує на державному рівні ненависть і намагається експортувати її в інші держави за допомогою своєї системи пропаганди й політичної корупції .,"Тож де ця безпека , яку має гарантувати Рада Безпеки ?",yes,no,none,none,none,none,high,
4631,6ceaba47e5f7,Виступ Президента України на засіданні Ради Безпеки ООН,2022-04-05,https://www.president.gov.ua/news/vistup-prezidenta-ukrayini-na-zasidanni-radi-bezpeki-oon-74121,material_security,безпека,безпека,"Тож де ця безпека , яку має гарантувати Рада Безпеки ?","Провокує глобальну продовольчу кризу , яка може призвести до голоду в державах Африки , в державах Азії й точно закінчиться масштабним політичним хаосом у країнах , де стабільність продовольчих цін – базовий чинник внутрішньої безпеки .",Її немає .,yes,no,none,none,none,none,high,
4632,6ceaba47e5f7,Виступ Президента України на засіданні Ради Безпеки ООН,2022-04-05,https://www.president.gov.ua/news/vistup-prezidenta-ukrayini-na-zasidanni-radi-bezpeki-oon-74121,material_security,безпека,Безпеки,"Тож де ця безпека , яку має гарантувати Рада Безпеки ?","Провокує глобальну продовольчу кризу , яка може призвести до голоду в державах Африки , в державах Азії й точно закінчиться масштабним політичним хаосом у країнах , де стабільність продовольчих цін – базовий чинник внутрішньої безпеки .",Її немає .,yes,no,none,none,none,none,high,
4633,6ceaba47e5f7,Виступ Президента України на засіданні Ради Безпеки ООН,2022-04-05,https://www.president.gov.ua/news/vistup-prezidenta-ukrayini-na-zasidanni-radi-bezpeki-oon-74121,material_security,безпека,Безпеки,"Хоча і є Рада Безпеки , як нічого й не було .",Її немає .,"Тож де той мир , заради гарантування якого створювалась Організація Об’єднаних Націй ?",yes,no,none,none,none,none,high,
4634,6ceaba47e5f7,Виступ Президента України на засіданні Ради Безпеки ООН,2022-04-05,https://www.president.gov.ua/news/vistup-prezidenta-ukrayini-na-zasidanni-radi-bezpeki-oon-74121,decolonisation,окупант,окупанти,"Масові вбивства у нашому місті Бучі – це , на жаль , лише один із багатьох приклад того , що здійснюють окупанти на нашій землі вже протягом 41 дня .","Свідомо створюють на тимчасово окупованих територіях такі умови , щоб там було вбито якнайбільше цивільних людей .","А є ще багато інших таких місць , про які світу ще тільки доведеться дізнатися повну правду : Маріуполь , Харків , Чернігів , Охтирка , Бородянка та ще десятки , десятки українських громад , кожна з яких – як Буча .",yes,no,none,none,none,none,high,
4635,6ceaba47e5f7,Виступ Президента України на засіданні Ради Безпеки ООН,2022-04-05,https://www.president.gov.ua/news/vistup-prezidenta-ukrayini-na-zasidanni-radi-bezpeki-oon-74121,material_security,безпека,Безпеки,"Ми маємо справу з державою , яка перетворює право вето у Раді Безпеки ООН на право смерті .","Вони крадуть усе – від продовольства до золотих сережок , які просто виривають із кров’ю .",Яка підриває всю архітектуру глобальної безпеки .,yes,no,none,none,none,none,high,
4636,6ceaba47e5f7,Виступ Президента України на засіданні Ради Безпеки ООН,2022-04-05,https://www.president.gov.ua/news/vistup-prezidenta-ukrayini-na-zasidanni-radi-bezpeki-oon-74121,material_security,безпека,безпеки,Яка підриває всю архітектуру глобальної безпеки .,"Ми маємо справу з державою , яка перетворює право вето у Раді Безпеки ООН на право смерті .",Яка дозволяє злу бути безкарним і поширюватися світом .,yes,no,none,none,none,none,high,
4637,6ceaba47e5f7,Виступ Президента України на засіданні Ради Безпеки ООН,2022-04-05,https://www.president.gov.ua/news/vistup-prezidenta-ukrayini-na-zasidanni-radi-bezpeki-oon-74121,material_security,безпека,безпеку,"Знищуючи все , що тільки може працювати на мир і безпеку .",Яка дозволяє злу бути безкарним і поширюватися світом .,"Якщо це продовжиться , то фіналом буде те , що кожна з держав зможе розраховувати тільки на силу зброї , щоб гарантувати собі безпеку , а не на міжнародне право , не на міжнародні інституції .",yes,no,none,none,none,none,high,
4638,6ceaba47e5f7,Виступ Президента України на засіданні Ради Безпеки ООН,2022-04-05,https://www.president.gov.ua/news/vistup-prezidenta-ukrayini-na-zasidanni-radi-bezpeki-oon-74121,material_security,безпека,безпеку,"Якщо це продовжиться , то фіналом буде те , що кожна з держав зможе розраховувати тільки на силу зброї , щоб гарантувати собі безпеку , а не на міжнародне право , не на міжнародні інституції .","Знищуючи все , що тільки може працювати на мир і безпеку .",ООН можна буде просто закрити .,yes,no,none,none,none,none,high,
4639,6ceaba47e5f7,Виступ Президента України на засіданні Ради Безпеки ООН,2022-04-05,https://www.president.gov.ua/news/vistup-prezidenta-ukrayini-na-zasidanni-radi-bezpeki-oon-74121,material_security,безпека,безпеки,"І ми просимо зробити це вже в мирному Києві – для того , щоб визначитись , як будемо реформувати світову систему безпеки .","Щоб це зробити , пропонуємо скликати глобальну конференцію .",Як будемо реально гарантувати непорушність загальновизнаних кордонів і цілісність держав .,yes,no,none,none,none,none,high,
4640,6ceaba47e5f7,Виступ Президента України на засіданні Ради Безпеки ООН,2022-04-05,https://www.president.gov.ua/news/vistup-prezidenta-ukrayini-na-zasidanni-radi-bezpeki-oon-74121,material_security,безпека,безпеки,Сила справедливості та сила безпеки .,Домінуючою має стати сила миру .,Як про це людство завжди й мріяло .,yes,no,none,none,none,none,high,
4641,6ceaba47e5f7,Виступ Президента України на засіданні Ради Безпеки ООН,2022-04-05,https://www.president.gov.ua/news/vistup-prezidenta-ukrayini-na-zasidanni-radi-bezpeki-oon-74121,material_security,безпека,безпеки,Україна готова дати майданчик для одного з головних офісів оновленої системи безпеки .,Як про це людство завжди й мріяло .,"Як офіс у Женеві спеціалізується на правах людини , як офіс у Найробі – на захисті навколишнього середовища , так офіс у Києві – Офіс U - 24 – може спеціалізуватися на превентивних заходах для підтримання миру .",yes,no,none,none,none,none,high,
4642,6ceaba47e5f7,Виступ Президента України на засіданні Ради Безпеки ООН,2022-04-05,https://www.president.gov.ua/news/vistup-prezidenta-ukrayini-na-zasidanni-radi-bezpeki-oon-74121,material_security,безпека,безпеки,"Тому Україна має необхідне моральне право , щоб пропонувати реформу світової системи безпеки .","Якби кожного разу , коли є така потреба , кожен у світі мав упевненість , що допомога прийде , світ був би однозначно безпечнішим .","Ми довели , що допомагаємо іншим не тільки у щасті , а й у темні часи .",yes,no,none,none,none,none,high,
4643,6ceaba47e5f7,Виступ Президента України на засіданні Ради Безпеки ООН,2022-04-05,https://www.president.gov.ua/news/vistup-prezidenta-ukrayini-na-zasidanni-radi-bezpeki-oon-74121,material_security,безпека,Безпеки,І зараз ми потребуємо рішень від Ради Безпеки .,"Ми довели , що допомагаємо іншим не тільки у щасті , а й у темні часи .",Для миру в Україні .,yes,no,none,none,none,none,high,
4844,72af594379ab,Переможемо завдяки нашому вмінню гуртуватися та завжди памʼятати про своїх – звернення Президента України Володимира Зеленського,2022-03-14,https://www.president.gov.ua/news/peremozhemo-zavdyaki-nashomu-vminnyu-gurtuvatisya-ta-zavzhdi-73541,decolonisation,незалежність,незалежність,"18-й день нашої війни за життя , за Україну , за незалежність .",Сьогодні 18-й день .,Початок сьогоднішнього дня був чорним .,yes,no,none,none,none,none,high,
4845,72af594379ab,Переможемо завдяки нашому вмінню гуртуватися та завжди памʼятати про своїх – звернення Президента України Володимира Зеленського,2022-03-14,https://www.president.gov.ua/news/peremozhemo-zavdyaki-nashomu-vminnyu-gurtuvatisya-ta-zavzhdi-73541,material_security,безпека,безпеки,"Унаслідок обстрілу Міжнародного центру миротворчості та безпеки загинули 35 людей , ще 134 людини отримали поранення .",30 ракет на одну тільки Львівську область .,"Там не відбувалося нічого , що могло б загрожувати території Російської Федерації .",yes,no,none,none,none,none,high,
4846,72af594379ab,Переможемо завдяки нашому вмінню гуртуватися та завжди памʼятати про своїх – звернення Президента України Володимира Зеленського,2022-03-14,https://www.president.gov.ua/news/peremozhemo-zavdyaki-nashomu-vminnyu-gurtuvatisya-ta-zavzhdi-73541,material_security,санкція,санкцій,"Минулого року я чітко попереджав лідерів НАТО : якщо не буде жорстких превентивних санкцій проти Російської Федерації , вона піде війною .",І всього лише за 20 кілометрів звідти – кордони НАТО .,Ми мали рацію .,yes,no,none,none,none,none,high,
4847,72af594379ab,Переможемо завдяки нашому вмінню гуртуватися та завжди памʼятати про своїх – звернення Президента України Володимира Зеленського,2022-03-14,https://www.president.gov.ua/news/peremozhemo-zavdyaki-nashomu-vminnyu-gurtuvatisya-ta-zavzhdi-73541,decolonisation,окупант,окупанти,На сході нашої країни окупанти вирішили « демілітаризувати » та « денацифікувати » Святогірську лавру Української православної церкви Московської патріархії .,"Але , схоже , не всі на Заході знають , що вони роблять .",На час удару на території монастиря перебували тільки монахи та сотні біженців .,yes,no,none,none,none,none,high,
4848,72af594379ab,Переможемо завдяки нашому вмінню гуртуватися та завжди памʼятати про своїх – звернення Президента України Володимира Зеленського,2022-03-14,https://www.president.gov.ua/news/peremozhemo-zavdyaki-nashomu-vminnyu-gurtuvatisya-ta-zavzhdi-73541,church_actors,православний,православної,На сході нашої країни окупанти вирішили « демілітаризувати » та « денацифікувати » Святогірську лавру Української православної церкви Московської патріархії .,"Але , схоже , не всі на Заході знають , що вони роблять .",На час удару на території монастиря перебували тільки монахи та сотні біженців .,yes,no,none,none,none,none,high,
4849,72af594379ab,Переможемо завдяки нашому вмінню гуртуватися та завжди памʼятати про своїх – звернення Президента України Володимира Зеленського,2022-03-14,https://www.president.gov.ua/news/peremozhemo-zavdyaki-nashomu-vminnyu-gurtuvatisya-ta-zavzhdi-73541,church_actors,церква,церкви,На сході нашої країни окупанти вирішили « демілітаризувати » та « денацифікувати » Святогірську лавру Української православної церкви Московської патріархії .,"Але , схоже , не всі на Заході знають , що вони роблять .",На час удару на території монастиря перебували тільки монахи та сотні біженців .,yes,no,none,none,none,none,high,
4850,72af594379ab,Переможемо завдяки нашому вмінню гуртуватися та завжди памʼятати про своїх – звернення Президента України Володимира Зеленського,2022-03-14,https://www.president.gov.ua/news/peremozhemo-zavdyaki-nashomu-vminnyu-gurtuvatisya-ta-zavzhdi-73541,church_actors,монастир,монастиря,На час удару на території монастиря перебували тільки монахи та сотні біженців .,На сході нашої країни окупанти вирішили « демілітаризувати » та « денацифікувати » Святогірську лавру Української православної церкви Московської патріархії .,Жодної військової цілі у лаврі чи поряд з нею не було .,yes,no,none,none,none,none,high,
4851,72af594379ab,Переможемо завдяки нашому вмінню гуртуватися та завжди памʼятати про своїх – звернення Президента України Володимира Зеленського,2022-03-14,https://www.president.gov.ua/news/peremozhemo-zavdyaki-nashomu-vminnyu-gurtuvatisya-ta-zavzhdi-73541,urgency,надзвичайний,надзвичайну,"Зустрів там , на блокпосту , надзвичайну людину , яка щоденно підтримує наших захисників , щоденно привозить їм каструлю з борщем , справді смачним , справді українським .","Своїх – по духу , по серцю , по щирості .",Просто від душі .,yes,no,none,none,none,none,high,
4852,72af594379ab,Переможемо завдяки нашому вмінню гуртуватися та завжди памʼятати про своїх – звернення Президента України Володимира Зеленського,2022-03-14,https://www.president.gov.ua/news/peremozhemo-zavdyaki-nashomu-vminnyu-gurtuvatisya-ta-zavzhdi-73541,material_security,безпека,безпеки,"Необхідний для нас , для миру і для безпеки .","І наша мета – щоб у цій боротьбі , у цій переговорній складній роботі , Україна отримала необхідний результат .","Щоб ми мали гарантії – нормальні , дієві .",yes,no,none,none,none,none,high,
4853,72c6ae74b540,Ми гарантуємо Україні духовну незалежність – звернення Президента Володимира Зеленського,2022-12-01,https://www.president.gov.ua/news/mi-garantuyemo-ukrayini-duhovnu-nezalezhnist-zvernennya-prez-79577,decolonisation,незалежність,незалежності,Люди підтвердили Акт проголошення незалежності України – вільно й законно .,Всі підтримали .,"Це був справжній референдум , а не якась імітація .",yes,no,none,none,none,none,high,
4854,72c6ae74b540,Ми гарантуємо Україні духовну незалежність – звернення Президента Володимира Зеленського,2022-12-01,https://www.president.gov.ua/news/mi-garantuyemo-ukrayini-duhovnu-nezalezhnist-zvernennya-prez-79577,decolonisation,воля,волі,"І було важливо , що не просто політики , а саме люди поставили крапку в історії імперії , яка будувалася на запереченні волі людей .","Це був чесний референдум , і саме тому його визнав світ .","Яка вбивала , намагаючись увічнити заперечення волі людей , але яку люди все одно повалили .",yes,no,none,none,none,none,high,
4855,72c6ae74b540,Ми гарантуємо Україні духовну незалежність – звернення Президента Володимира Зеленського,2022-12-01,https://www.president.gov.ua/news/mi-garantuyemo-ukrayini-duhovnu-nezalezhnist-zvernennya-prez-79577,decolonisation,воля,волі,"Яка вбивала , намагаючись увічнити заперечення волі людей , але яку люди все одно повалили .","І було важливо , що не просто політики , а саме люди поставили крапку в історії імперії , яка будувалася на запереченні волі людей .",І якраз своєю волею .,yes,no,none,none,none,none,high,
4856,72c6ae74b540,Ми гарантуємо Україні духовну незалежність – звернення Президента Володимира Зеленського,2022-12-01,https://www.president.gov.ua/news/mi-garantuyemo-ukrayini-duhovnu-nezalezhnist-zvernennya-prez-79577,decolonisation,воля,волею,І якраз своєю волею .,"Яка вбивала , намагаючись увічнити заперечення волі людей , але яку люди все одно повалили .",З того дня 1991 року українці пережили багато намагань перетворити крапку на три крапки чи на крапку з комою .,yes,no,none,none,none,none,high,
4857,72c6ae74b540,Ми гарантуємо Україні духовну незалежність – звернення Президента Володимира Зеленського,2022-12-01,https://www.president.gov.ua/news/mi-garantuyemo-ukrayini-duhovnu-nezalezhnist-zvernennya-prez-79577,decolonisation,воля,волі,"Ми й тепер боронимо Україну від таких « товаришів » , які хотіли цьогоріч відзначати сторіччя імперії замість чергової річниці волі .","Ми бачили багато діячів , які не могли заспокоїтися , що імперію таки повалили .",Вони хотіли ...,yes,no,none,none,none,none,high,
4858,72c6ae74b540,Ми гарантуємо Україні духовну незалежність – звернення Президента Володимира Зеленського,2022-12-01,https://www.president.gov.ua/news/mi-garantuyemo-ukrayini-duhovnu-nezalezhnist-zvernennya-prez-79577,decolonisation,незалежність,незалежності,Ми вже вибороли це й забезпечимо для нашої держави всю повноту незалежності .,Українці більше ніколи не будуть камінчиками якихось там імперій .,"Забезпечимо , зокрема , духовну незалежність .",yes,no,none,none,none,none,high,
4859,72c6ae74b540,Ми гарантуємо Україні духовну незалежність – звернення Президента Володимира Зеленського,2022-12-01,https://www.president.gov.ua/news/mi-garantuyemo-ukrayini-duhovnu-nezalezhnist-zvernennya-prez-79577,ontological_security,духовний,духовну,"Забезпечимо , зокрема , духовну незалежність .",Ми вже вибороли це й забезпечимо для нашої держави всю повноту незалежності .,Ми ніколи й нікому не дозволимо будувати імперію всередині української душі .,yes,yes,ontological,nation,Moscow_Patriarchate,none,high,Declarative framing: Ukraine will guarantee spiritual independence. Implies Moscow Patriarchate connection threatens spiritual sovereignty.
4860,72c6ae74b540,Ми гарантуємо Україні духовну незалежність – звернення Президента Володимира Зеленського,2022-12-01,https://www.president.gov.ua/news/mi-garantuyemo-ukrayini-duhovnu-nezalezhnist-zvernennya-prez-79577,decolonisation,незалежність,незалежність,"Забезпечимо , зокрема , духовну незалежність .",Ми вже вибороли це й забезпечимо для нашої держави всю повноту незалежності .,Ми ніколи й нікому не дозволимо будувати імперію всередині української душі .,yes,yes,ontological,nation,Moscow_Patriarchate,none,high,Declarative framing: Ukraine will guarantee spiritual independence. Implies Moscow Patriarchate connection threatens spiritual sovereignty.
4861,72c6ae74b540,Ми гарантуємо Україні духовну незалежність – звернення Президента Володимира Зеленського,2022-12-01,https://www.president.gov.ua/news/mi-garantuyemo-ukrayini-duhovnu-nezalezhnist-zvernennya-prez-79577,church_actors,релігійний,релігійних,"Засідання , на якому ми розглянули численні факти зв’язків окремих релігійних кіл в Україні з державою - агресором .",Сьогодні відбулося засідання РНБО .,"На жаль , навіть російський терор і повномасштабна війна не переконали деяких діячів у тому , що варто подолати спокусу зла .",yes,yes,material,state,UOC-MP,other,high,NSDC examined 'links of certain religious circles with the aggressor state'. Frames UOC-MP as security threat via foreign state ties.
4862,72c6ae74b540,Ми гарантуємо Україні духовну незалежність – звернення Президента Володимира Зеленського,2022-12-01,https://www.president.gov.ua/news/mi-garantuyemo-ukrayini-duhovnu-nezalezhnist-zvernennya-prez-79577,church_actors,релігійний,релігійних,РНБО доручила уряду внести на розгляд Верховної Ради законопроект щодо унеможливлення діяльності в Україні афілійованих із центрами впливу в Російській Федерації релігійних організацій .,"Отже , перше .",Друге .,yes,yes,both,state,UOC-MP,ban,high,NSDC instructs government to submit bill prohibiting activity of religious orgs affiliated with Russian centres of influence. Classic extraordinary measure.
4863,72c6ae74b540,Ми гарантуємо Україні духовну незалежність – звернення Президента Володимира Зеленського,2022-12-01,https://www.president.gov.ua/news/mi-garantuyemo-ukrayini-duhovnu-nezalezhnist-zvernennya-prez-79577,church_actors,упц,УПЦ,Державній службі з етнополітики та свободи совісті – забезпечити проведення релігієзнавчої експертизи Статуту про управління УПЦ на наявність церковно - канонічного зв’язку з Московським патріархатом і за необхідності – вжити передбачених законом заходів .,Друге .,Третє .,yes,yes,material,state,UOC-MP,other,high,State religious affairs service instructed to examine UOC statute for canonical links to Moscow Patriarchate.
4864,72c6ae74b540,Ми гарантуємо Україні духовну незалежність – звернення Президента Володимира Зеленського,2022-12-01,https://www.president.gov.ua/news/mi-garantuyemo-ukrayini-duhovnu-nezalezhnist-zvernennya-prez-79577,church_actors,релігійний,релігійними,"Забезпечити перевірку наявності правових підстав та дотримання умов користування релігійними організаціями майном , яке перебуває на території Національного Києво - Печерського історико - культурного заповідника .",Третє .,Четверте .,yes,yes,material,state,UOC-MP,property_transfer,high,Verification of legal grounds for religious orgs' use of property at Kyiv-Pechersk Lavra. Implies potential property transfer.
4865,72c6ae74b540,Ми гарантуємо Україні духовну незалежність – звернення Президента Володимира Зеленського,2022-12-01,https://www.president.gov.ua/news/mi-garantuyemo-ukrayini-duhovnu-nezalezhnist-zvernennya-prez-79577,material_security,безпека,безпеки,"Всім органам , до компетенції яких належить питання у сфері забезпечення національної безпеки , активізувати заходи з виявлення та протидії підривній діяльності російських спецслужб у релігійному середовищі України .",Четверте .,І застосувати персональні санкції – прізвища будуть оприлюднені невдовзі .,yes,yes,material,state,Russia,sanctions,high,National security organs to counter subversive activity of Russian special services in Ukrainian religious environment. Followed by personal sanctions.
4866,72c6ae74b540,Ми гарантуємо Україні духовну незалежність – звернення Президента Володимира Зеленського,2022-12-01,https://www.president.gov.ua/news/mi-garantuyemo-ukrayini-duhovnu-nezalezhnist-zvernennya-prez-79577,material_security,спецслужба,спецслужб,"Всім органам , до компетенції яких належить питання у сфері забезпечення національної безпеки , активізувати заходи з виявлення та протидії підривній діяльності російських спецслужб у релігійному середовищі України .",Четверте .,І застосувати персональні санкції – прізвища будуть оприлюднені невдовзі .,yes,yes,material,state,Russia,sanctions,high,National security organs to counter subversive activity of Russian special services in Ukrainian religious environment. Followed by personal sanctions.
4867,72c6ae74b540,Ми гарантуємо Україні духовну незалежність – звернення Президента Володимира Зеленського,2022-12-01,https://www.president.gov.ua/news/mi-garantuyemo-ukrayini-duhovnu-nezalezhnist-zvernennya-prez-79577,church_actors,релігійний,релігійному,"Всім органам , до компетенції яких належить питання у сфері забезпечення національної безпеки , активізувати заходи з виявлення та протидії підривній діяльності російських спецслужб у релігійному середовищі України .",Четверте .,І застосувати персональні санкції – прізвища будуть оприлюднені невдовзі .,yes,yes,material,state,Russia,sanctions,high,National security organs to counter subversive activity of Russian special services in Ukrainian religious environment. Followed by personal sanctions.
4868,72c6ae74b540,Ми гарантуємо Україні духовну незалежність – звернення Президента Володимира Зеленського,2022-12-01,https://www.president.gov.ua/news/mi-garantuyemo-ukrayini-duhovnu-nezalezhnist-zvernennya-prez-79577,material_security,санкція,санкції,І застосувати персональні санкції – прізвища будуть оприлюднені невдовзі .,"Всім органам , до компетенції яких належить питання у сфері забезпечення національної безпеки , активізувати заходи з виявлення та протидії підривній діяльності російських спецслужб у релігійному середовищі України .",І пʼяте .,yes,yes,material,state,UOC-MP,sanctions,high,Personal sanctions against individuals - names to be published. Extraordinary measure targeting specific church-affiliated persons.
4869,72c6ae74b540,Ми гарантуємо Україні духовну незалежність – звернення Президента Володимира Зеленського,2022-12-01,https://www.president.gov.ua/news/mi-garantuyemo-ukrayini-duhovnu-nezalezhnist-zvernennya-prez-79577,ontological_security,духовний,духовну,Цими та іншими рішеннями ми гарантуємо Україні духовну незалежність .,"Відбудеться реформа цієї структури , яка дасть їй змогу реально захищати права та законні інтереси українців і держави .",Хочу підкреслити : у 1991 році наша держава стала саме на законний і демократичний шлях .,yes,yes,ontological,nation,Moscow_Patriarchate,ban,high,Summary statement: 'With these decisions we guarantee Ukraine spiritual independence.' Links NSDC extraordinary measures to ontological security.
4870,72c6ae74b540,Ми гарантуємо Україні духовну незалежність – звернення Президента Володимира Зеленського,2022-12-01,https://www.president.gov.ua/news/mi-garantuyemo-ukrayini-duhovnu-nezalezhnist-zvernennya-prez-79577,decolonisation,незалежність,незалежність,Цими та іншими рішеннями ми гарантуємо Україні духовну незалежність .,"Відбудеться реформа цієї структури , яка дасть їй змогу реально захищати права та законні інтереси українців і держави .",Хочу підкреслити : у 1991 році наша держава стала саме на законний і демократичний шлях .,yes,yes,ontological,nation,Moscow_Patriarchate,ban,high,Summary statement: 'With these decisions we guarantee Ukraine spiritual independence.' Links NSDC extraordinary measures to ontological security.
4871,72c6ae74b540,Ми гарантуємо Україні духовну незалежність – звернення Президента Володимира Зеленського,2022-12-01,https://www.president.gov.ua/news/mi-garantuyemo-ukrayini-duhovnu-nezalezhnist-zvernennya-prez-79577,material_security,безпека,безпеки,"Сьогодні ж продовжили працювати над реалізацією української формули миру , яку я презентував на саміті G19 , зокрема її пункту щодо продовольчої безпеки .",І національні інтереси .,Говорив для цього з Президентом Сенегалу й Головою Африканського Союзу .,partial,no,none,none,none,none,high,Keyword has related but different meaning in this context.
4872,72c6ae74b540,Ми гарантуємо Україні духовну незалежність – звернення Президента Володимира Зеленського,2022-12-01,https://www.president.gov.ua/news/mi-garantuyemo-ukrayini-duhovnu-nezalezhnist-zvernennya-prez-79577,material_security,безпека,безпеки,"А також про те , як можемо залучити країни Африки до відновлення сили міжнародного права й гарантування всієї повноти глобальної безпеки .","Це ініціатива , яка реально повертає світу стабільність і передбачуваність .",І ще одне .,partial,no,none,none,none,none,high,Keyword has related but different meaning in this context.
4873,72c6ae74b540,Ми гарантуємо Україні духовну незалежність – звернення Президента Володимира Зеленського,2022-12-01,https://www.president.gov.ua/news/mi-garantuyemo-ukrayini-duhovnu-nezalezhnist-zvernennya-prez-79577,decolonisation,звільнення,звільнення,"Я дякую всій нашій команді , яка працює для звільнення українців .","Армія , тероборона , нацгвардійці , ВМС та прикордонники .","Буданов , Єрмак , Усов , Малюк , Лубінець .",yes,no,none,none,none,none,high,
4874,72c6ae74b540,Ми гарантуємо Україні духовну незалежність – звернення Президента Володимира Зеленського,2022-12-01,https://www.president.gov.ua/news/mi-garantuyemo-ukrayini-duhovnu-nezalezhnist-zvernennya-prez-79577,decolonisation,незалежність,незалежність,"Вічна пам’ять усім , хто віддав своє життя за незалежність !","Слава всім , хто працює для захисту України !",Слава Україні !,yes,no,none,none,none,none,high,
4875,72c6ae74b540,Ми гарантуємо Україні духовну незалежність – звернення Президента Володимира Зеленського,2022-12-01,https://www.president.gov.ua/news/mi-garantuyemo-ukrayini-duhovnu-nezalezhnist-zvernennya-prez-79577,church_actors,московський патріархат,Московським патріархатом,Державній службі з етнополітики та свободи совісті – забезпечити проведення релігієзнавчої експертизи Статуту про управління УПЦ на наявність церковно - канонічного зв’язку з Московським патріархатом і за необхідності – вжити передбачених законом заходів .,Друге .,Третє .,yes,yes,material,state,UOC-MP,other,high,State religious affairs service instructed to examine UOC statute for canonical links to Moscow Patriarchate.
4876,72c6ae74b540,Ми гарантуємо Україні духовну незалежність – звернення Президента Володимира Зеленського,2022-12-01,https://www.president.gov.ua/news/mi-garantuyemo-ukrayini-duhovnu-nezalezhnist-zvernennya-prez-79577,material_security,національний безпека,національної безпеки,"Всім органам , до компетенції яких належить питання у сфері забезпечення національної безпеки , активізувати заходи з виявлення та протидії підривній діяльності російських спецслужб у релігійному середовищі України .",Четверте .,І застосувати персональні санкції – прізвища будуть оприлюднені невдовзі .,yes,yes,material,state,Russia,sanctions,high,National security organs to counter subversive activity of Russian special services in Ukrainian religious environment. Followed by personal sanctions.
4877,72c6ae74b540,Ми гарантуємо Україні духовну незалежність – звернення Президента Володимира Зеленського,2022-12-01,https://www.president.gov.ua/news/mi-garantuyemo-ukrayini-duhovnu-nezalezhnist-zvernennya-prez-79577,ontological_security,духовний незалежність,духовну незалежність,"Забезпечимо , зокрема , духовну незалежність .",Ми вже вибороли це й забезпечимо для нашої держави всю повноту незалежності .,Ми ніколи й нікому не дозволимо будувати імперію всередині української душі .,yes,yes,ontological,nation,Moscow_Patriarchate,none,high,Declarative framing: Ukraine will guarantee spiritual independence. Implies Moscow Patriarchate connection threatens spiritual sovereignty.
4878,72c6ae74b540,Ми гарантуємо Україні духовну незалежність – звернення Президента Володимира Зеленського,2022-12-01,https://www.president.gov.ua/news/mi-garantuyemo-ukrayini-duhovnu-nezalezhnist-zvernennya-prez-79577,ontological_security,духовний незалежність,духовну незалежність,Цими та іншими рішеннями ми гарантуємо Україні духовну незалежність .,"Відбудеться реформа цієї структури , яка дасть їй змогу реально захищати права та законні інтереси українців і держави .",Хочу підкреслити : у 1991 році наша держава стала саме на законний і демократичний шлях .,yes,yes,ontological,nation,Moscow_Patriarchate,ban,high,Summary statement: 'With these decisions we guarantee Ukraine spiritual independence.' Links NSDC extraordinary measures to ontological security.
4959,746f87026ebd,"Ситуація в Зоні відчуження, святкування Великодня та боротьба з коронавірусом: звернення Президента України до громадян",2020-04-14,https://www.president.gov.ua/news/situaciya-v-zoni-vidchuzhennya-svyatkuvannya-velikodnya-ta-b-60637,urgency,надзвичайний,надзвичайних,Щодня протягом останнього тижня голова Державної служби з надзвичайних ситуацій доповідає про перебіг подій .,Мова про пожежі в лісах Зони відчуження .,Учора подолано шість осередків вогню .,yes,no,none,none,none,none,high,Chornobyl fires + COVID + Lavra COVID outbreak. Pandemic context.
4960,746f87026ebd,"Ситуація в Зоні відчуження, святкування Великодня та боротьба з коронавірусом: звернення Президента України до громадян",2020-04-14,https://www.president.gov.ua/news/situaciya-v-zoni-vidchuzhennya-svyatkuvannya-velikodnya-ta-b-60637,material_security,загроза,Загрози,"Загрози для атомної електростанції , сховища відпрацьованого палива та інших критичних об’єктів немає .",Учора подолано шість осередків вогню .,Станом на зараз відкритий вогонь у Зоні відчуження не спостерігається .,yes,no,none,none,none,none,high,Chornobyl fires + COVID + Lavra COVID outbreak. Pandemic context.
4961,746f87026ebd,"Ситуація в Зоні відчуження, святкування Великодня та боротьба з коронавірусом: звернення Президента України до громадян",2020-04-14,https://www.president.gov.ua/news/situaciya-v-zoni-vidchuzhennya-svyatkuvannya-velikodnya-ta-b-60637,decolonisation,воля,волі,"Але якщо хтось усе ще думає палити траву – знайте , що це може коштувати вам 153 тисячі гривень або навіть позбавлення волі .","Я вірю , що ми – розумна та доросла нація .",Щодо боротьби з коронавірусом в Україні .,no,no,none,none,none,none,high,Keyword match does not reflect category meaning in context.
4962,746f87026ebd,"Ситуація в Зоні відчуження, святкування Великодня та боротьба з коронавірусом: звернення Президента України до громадян",2020-04-14,https://www.president.gov.ua/news/situaciya-v-zoni-vidchuzhennya-svyatkuvannya-velikodnya-ta-b-60637,material_security,безпека,безпеки,"Це високоякісне захисне спорядження , потрібне для безпеки лікарів .",Я також вдячний керівництву Об’єднаних Арабських Еміратів за надану гуманітарну допомогу .,"Дякую й іншим державам , з якими ми тісно взаємодіємо задля забезпечення людей усім необхідним .",yes,no,none,none,none,none,high,Chornobyl fires + COVID + Lavra COVID outbreak. Pandemic context.
4963,746f87026ebd,"Ситуація в Зоні відчуження, святкування Великодня та боротьба з коронавірусом: звернення Президента України до громадян",2020-04-14,https://www.president.gov.ua/news/situaciya-v-zoni-vidchuzhennya-svyatkuvannya-velikodnya-ta-b-60637,church_actors,монастир,монастиря,"Наразі на території монастиря підтверджено вже майже 100 захворілих на коронавірус , і , на жаль , є два летальних випадки .","Впевнений , ви знаєте про ситуацію у Києво - Печерській лаврі .",Усім захворілим ми бажаємо швидкого одужання .,yes,no,none,none,none,none,high,Chornobyl fires + COVID + Lavra COVID outbreak. Pandemic context.
4964,746f87026ebd,"Ситуація в Зоні відчуження, святкування Великодня та боротьба з коронавірусом: звернення Президента України до громадян",2020-04-14,https://www.president.gov.ua/news/situaciya-v-zoni-vidchuzhennya-svyatkuvannya-velikodnya-ta-b-60637,church_actors,церква,церков,Ви зможете побачити трансляцію богослужінь з усіх церков на телевізійних каналах України .,Ми маємо домовленості з українськими медіагрупами .,"Кожен з нас розуміє , що цьогоріч доведеться змінювати традиції .",yes,no,none,none,none,none,high,Chornobyl fires + COVID + Lavra COVID outbreak. Pandemic context.
4965,746f87026ebd,"Ситуація в Зоні відчуження, святкування Великодня та боротьба з коронавірусом: звернення Президента України до громадян",2020-04-14,https://www.president.gov.ua/news/situaciya-v-zoni-vidchuzhennya-svyatkuvannya-velikodnya-ta-b-60637,material_security,безпека,безпеки,І робити це заради власної безпеки – це зрілість і мудрість нації .,"Кожен з нас розуміє , що цьогоріч доведеться змінювати традиції .","Від нашої поведінки на Пасху , від нашої дисципліни будуть залежати подальші терміни карантину .",yes,no,none,none,none,none,high,Chornobyl fires + COVID + Lavra COVID outbreak. Pandemic context.
4966,746f87026ebd,"Ситуація в Зоні відчуження, святкування Великодня та боротьба з коронавірусом: звернення Президента України до громадян",2020-04-14,https://www.president.gov.ua/news/situaciya-v-zoni-vidchuzhennya-svyatkuvannya-velikodnya-ta-b-60637,material_security,безпека,безпеки,Заради безпеки себе та ближнього .,"Не цього року , будь ласка .",Насамкінець розповім про гарну ініціативу студентів і курсантів навчальних закладів Міністерства внутрішніх справ України .,yes,no,none,none,none,none,high,Chornobyl fires + COVID + Lavra COVID outbreak. Pandemic context.
5034,762362c7a4a1,Готуємо нові рішення заради нашої сили й заради захисту наших людей – звернення Президента,2024-06-29,https://www.president.gov.ua/news/gotuyemo-novi-rishennya-zaradi-nashoyi-sili-j-zaradi-zahistu-91885,decolonisation,звільнення,звільнення,"Дуже довго ми працювали заради звільнення з російської неволі Нарімана Джеляла , заступника голови Меджлісу кримськотатарського народу , двох священників Української греко - католицької церкви та цивільних людей , які були захоплені росіянами на окупованій території ще в 17-му та 18-му роках .","Дорогі українці , українки !",Нарешті наші люди вдома .,yes,no,none,none,none,none,high,
5035,762362c7a4a1,Готуємо нові рішення заради нашої сили й заради захисту наших людей – звернення Президента,2024-06-29,https://www.president.gov.ua/news/gotuyemo-novi-rishennya-zaradi-nashoyi-sili-j-zaradi-zahistu-91885,church_actors,священник,священників,"Дуже довго ми працювали заради звільнення з російської неволі Нарімана Джеляла , заступника голови Меджлісу кримськотатарського народу , двох священників Української греко - католицької церкви та цивільних людей , які були захоплені росіянами на окупованій території ще в 17-му та 18-му роках .","Дорогі українці , українки !",Нарешті наші люди вдома .,yes,no,none,none,none,none,high,
5036,762362c7a4a1,Готуємо нові рішення заради нашої сили й заради захисту наших людей – звернення Президента,2024-06-29,https://www.president.gov.ua/news/gotuyemo-novi-rishennya-zaradi-nashoyi-sili-j-zaradi-zahistu-91885,church_actors,церква,церкви,"Дуже довго ми працювали заради звільнення з російської неволі Нарімана Джеляла , заступника голови Меджлісу кримськотатарського народу , двох священників Української греко - католицької церкви та цивільних людей , які були захоплені росіянами на окупованій території ще в 17-му та 18-му роках .","Дорогі українці , українки !",Нарешті наші люди вдома .,yes,no,none,none,none,none,high,
5037,762362c7a4a1,Готуємо нові рішення заради нашої сили й заради захисту наших людей – звернення Президента,2024-06-29,https://www.president.gov.ua/news/gotuyemo-novi-rishennya-zaradi-nashoyi-sili-j-zaradi-zahistu-91885,decolonisation,звільнення,звільнень,"Дякую Об’єднаним Арабським Еміратам і Ватикану за посередництво для звільнень , які відбулися цього тижня .","Єрмак , Буданов , Малюк , Лубінець , Клименко – дякую .",Ми працюємо далі .,yes,no,none,none,none,none,high,
5038,762362c7a4a1,Готуємо нові рішення заради нашої сили й заради захисту наших людей – звернення Президента,2024-06-29,https://www.president.gov.ua/news/gotuyemo-novi-rishennya-zaradi-nashoyi-sili-j-zaradi-zahistu-91885,decolonisation,звільнення,звільнення,"Зустрівся сьогодні з Наріманом Джелялом , і ми вже говорили про те , що далі будемо робити і для нашої перемоги та звільнення нашої землі , і для підтримки кримськотатарського народу .",Ми працюємо далі .,Сьогодні був також на Національному молитовному сніданку й особисто там привітав звільнених із полону священників Богдана Гелету та Івана Левицького .,yes,no,none,none,none,none,high,
5039,762362c7a4a1,Готуємо нові рішення заради нашої сили й заради захисту наших людей – звернення Президента,2024-06-29,https://www.president.gov.ua/news/gotuyemo-novi-rishennya-zaradi-nashoyi-sili-j-zaradi-zahistu-91885,church_actors,священник,священників,Сьогодні був також на Національному молитовному сніданку й особисто там привітав звільнених із полону священників Богдана Гелету та Івана Левицького .,"Зустрівся сьогодні з Наріманом Джелялом , і ми вже говорили про те , що далі будемо робити і для нашої перемоги та звільнення нашої землі , і для підтримки кримськотатарського народу .","Я подякував також усім представникам церков і релігійних спільнот за підтримку наших людей , наших громад , за допомогу нашій державі у цей надзвичайно складний час війни .",yes,no,none,none,none,none,high,
5040,762362c7a4a1,Готуємо нові рішення заради нашої сили й заради захисту наших людей – звернення Президента,2024-06-29,https://www.president.gov.ua/news/gotuyemo-novi-rishennya-zaradi-nashoyi-sili-j-zaradi-zahistu-91885,church_actors,церква,церков,"Я подякував також усім представникам церков і релігійних спільнот за підтримку наших людей , наших громад , за допомогу нашій державі у цей надзвичайно складний час війни .",Сьогодні був також на Національному молитовному сніданку й особисто там привітав звільнених із полону священників Богдана Гелету та Івана Левицького .,"Хай усі молитви за мир для України й за нашу , українську , перемогу будуть почуті .",yes,no,none,none,none,none,high,
5041,762362c7a4a1,Готуємо нові рішення заради нашої сили й заради захисту наших людей – звернення Президента,2024-06-29,https://www.president.gov.ua/news/gotuyemo-novi-rishennya-zaradi-nashoyi-sili-j-zaradi-zahistu-91885,church_actors,релігійний,релігійних,"Я подякував також усім представникам церков і релігійних спільнот за підтримку наших людей , наших громад , за допомогу нашій державі у цей надзвичайно складний час війни .",Сьогодні був також на Національному молитовному сніданку й особисто там привітав звільнених із полону священників Богдана Гелету та Івана Левицького .,"Хай усі молитви за мир для України й за нашу , українську , перемогу будуть почуті .",yes,no,none,none,none,none,high,
5310,7cfa5f11e4ca,«Україна. Київська Русь. 1033»: звернення Президента Володимира Зеленського з нагоди Дня Хрещення Київської Русі – України,2021-07-28,https://www.president.gov.ua/news/ukrayina-kiyivska-rus-1033-zvernennya-prezidenta-volodimira-69757,church_actors,церква,церкву,"Вийшовши на « Арсенальній » , взявши каву та пройшовши кількасот метрів , ми бачимо церкву Спаса на Берестові , яка вперше згадується в 1072 році і є об'єктом Світової спадщини ЮНЕСКО .","Взявши електросамокат , можна дістатись і побачити Києво - Печерську лавру , Михайлівський Золотоверхий собор , Аскольдову могилу .",У ній похований син Володимира Мономаха і праправнук Володимира Юрій Долгорукий .,yes,no,none,none,none,none,high,
5311,7cfa5f11e4ca,«Україна. Київська Русь. 1033»: звернення Президента Володимира Зеленського з нагоди Дня Хрещення Київської Русі – України,2021-07-28,https://www.president.gov.ua/news/ukrayina-kiyivska-rus-1033-zvernennya-prezidenta-volodimira-69757,church_actors,монастир,монастир,Це Видубичі й Видубицький монастир .,"А лише на одній « зеленій » гілці метрополітену можна доторкнутись до історії , так би мовити , без пересадок .",Це збудована Ярославом Мудрим головна брама стародавнього Києва – Золоті ворота .,yes,no,none,none,none,none,high,
5312,7cfa5f11e4ca,«Україна. Київська Русь. 1033»: звернення Президента Володимира Зеленського з нагоди Дня Хрещення Київської Русі – України,2021-07-28,https://www.president.gov.ua/news/ukrayina-kiyivska-rus-1033-zvernennya-prezidenta-volodimira-69757,church_actors,церква,церква,І збудована іншим праправнуком Володимира – Всеволодом Ольговичем – Кирилівська церква .,Це збудована Ярославом Мудрим головна брама стародавнього Києва – Золоті ворота .,"Створена в 1140 році на Дорогожичах , вона стала символічним місцем , що зв’язувало Київ з іншими володіннями та відгалуженням державного коріння .",yes,no,none,none,none,none,high,
5313,7cfa5f11e4ca,«Україна. Київська Русь. 1033»: звернення Президента Володимира Зеленського з нагоди Дня Хрещення Київської Русі – України,2021-07-28,https://www.president.gov.ua/news/ukrayina-kiyivska-rus-1033-zvernennya-prezidenta-volodimira-69757,church_actors,церква,церква,"Це Спасо - Преображенський собор , П’ятницька церква в Чернігові , Свято - Василівський собор в Овручі , Юр’єва божниця в Острі , схили Витачева .","Та не тільки столиця , а й уся велика Україна багата тисячолітніми пам’ятками про нього .","Це Володимирський собор в українському Криму , в українському Херсонесі , де український правитель , Великий князь Київський Володимир , за однією з версій , приймав хрещення .",yes,no,none,none,none,none,high,
5314,7cfa5f11e4ca,«Україна. Київська Русь. 1033»: звернення Президента Володимира Зеленського з нагоди Дня Хрещення Київської Русі – України,2021-07-28,https://www.president.gov.ua/news/ukrayina-kiyivska-rus-1033-zvernennya-prezidenta-volodimira-69757,church_actors,церква,церков,"Не секрет , що Великий князь Київський має значну повагу серед усіх церков та конфесій .","І намагатися довести свою причетність до історії тисячі років і тисячі подій , перебуваючи від місць , де вони відбувалися , за тисячі кілометрів .","Володимир Хреститель канонізований і православною , і католицькою церквою як рівноапостольний святий .",yes,no,none,none,none,none,high,
5315,7cfa5f11e4ca,«Україна. Київська Русь. 1033»: звернення Президента Володимира Зеленського з нагоди Дня Хрещення Київської Русі – України,2021-07-28,https://www.president.gov.ua/news/ukrayina-kiyivska-rus-1033-zvernennya-prezidenta-volodimira-69757,church_actors,конфесія,конфесій,"Не секрет , що Великий князь Київський має значну повагу серед усіх церков та конфесій .","І намагатися довести свою причетність до історії тисячі років і тисячі подій , перебуваючи від місць , де вони відбувалися , за тисячі кілометрів .","Володимир Хреститель канонізований і православною , і католицькою церквою як рівноапостольний святий .",yes,no,none,none,none,none,high,
5316,7cfa5f11e4ca,«Україна. Київська Русь. 1033»: звернення Президента Володимира Зеленського з нагоди Дня Хрещення Київської Русі – України,2021-07-28,https://www.president.gov.ua/news/ukrayina-kiyivska-rus-1033-zvernennya-prezidenta-volodimira-69757,church_actors,православний,православною,"Володимир Хреститель канонізований і православною , і католицькою церквою як рівноапостольний святий .","Не секрет , що Великий князь Київський має значну повагу серед усіх церков та конфесій .","Можна сказати , що саме завдяки йому в сучасній Україні є місце всім церквам і конфесіям .",yes,no,none,none,none,none,high,
5317,7cfa5f11e4ca,«Україна. Київська Русь. 1033»: звернення Президента Володимира Зеленського з нагоди Дня Хрещення Київської Русі – України,2021-07-28,https://www.president.gov.ua/news/ukrayina-kiyivska-rus-1033-zvernennya-prezidenta-volodimira-69757,church_actors,церква,церквою,"Володимир Хреститель канонізований і православною , і католицькою церквою як рівноапостольний святий .","Не секрет , що Великий князь Київський має значну повагу серед усіх церков та конфесій .","Можна сказати , що саме завдяки йому в сучасній Україні є місце всім церквам і конфесіям .",yes,no,none,none,none,none,high,
5318,7cfa5f11e4ca,«Україна. Київська Русь. 1033»: звернення Президента Володимира Зеленського з нагоди Дня Хрещення Київської Русі – України,2021-07-28,https://www.president.gov.ua/news/ukrayina-kiyivska-rus-1033-zvernennya-prezidenta-volodimira-69757,church_actors,церква,церквам,"Можна сказати , що саме завдяки йому в сучасній Україні є місце всім церквам і конфесіям .","Володимир Хреститель канонізований і православною , і католицькою церквою як рівноапостольний святий .","Ніде у світі фактично немає аналогів української Ради церков , до якої входять усі православні , греко - католицькі , римо - католицькі , протестантські , євангельські церкви , іудейське та мусульманське релігійні об'єднання .",yes,no,none,none,none,none,high,
5319,7cfa5f11e4ca,«Україна. Київська Русь. 1033»: звернення Президента Володимира Зеленського з нагоди Дня Хрещення Київської Русі – України,2021-07-28,https://www.president.gov.ua/news/ukrayina-kiyivska-rus-1033-zvernennya-prezidenta-volodimira-69757,church_actors,конфесія,конфесіям,"Можна сказати , що саме завдяки йому в сучасній Україні є місце всім церквам і конфесіям .","Володимир Хреститель канонізований і православною , і католицькою церквою як рівноапостольний святий .","Ніде у світі фактично немає аналогів української Ради церков , до якої входять усі православні , греко - католицькі , римо - католицькі , протестантські , євангельські церкви , іудейське та мусульманське релігійні об'єднання .",yes,no,none,none,none,none,high,
5320,7cfa5f11e4ca,«Україна. Київська Русь. 1033»: звернення Президента Володимира Зеленського з нагоди Дня Хрещення Київської Русі – України,2021-07-28,https://www.president.gov.ua/news/ukrayina-kiyivska-rus-1033-zvernennya-prezidenta-volodimira-69757,church_actors,церква,церков,"Ніде у світі фактично немає аналогів української Ради церков , до якої входять усі православні , греко - католицькі , римо - католицькі , протестантські , євангельські церкви , іудейське та мусульманське релігійні об'єднання .","Можна сказати , що саме завдяки йому в сучасній Україні є місце всім церквам і конфесіям .","І всі вони неодноразово проводять спільні молитви за Україну саме в тому місці , де я зараз перебуваю .",yes,no,none,none,none,none,high,
5321,7cfa5f11e4ca,«Україна. Київська Русь. 1033»: звернення Президента Володимира Зеленського з нагоди Дня Хрещення Київської Русі – України,2021-07-28,https://www.president.gov.ua/news/ukrayina-kiyivska-rus-1033-zvernennya-prezidenta-volodimira-69757,church_actors,церква,церкви,"Ніде у світі фактично немає аналогів української Ради церков , до якої входять усі православні , греко - католицькі , римо - католицькі , протестантські , євангельські церкви , іудейське та мусульманське релігійні об'єднання .","Можна сказати , що саме завдяки йому в сучасній Україні є місце всім церквам і конфесіям .","І всі вони неодноразово проводять спільні молитви за Україну саме в тому місці , де я зараз перебуваю .",yes,no,none,none,none,none,high,
5322,7cfa5f11e4ca,«Україна. Київська Русь. 1033»: звернення Президента Володимира Зеленського з нагоди Дня Хрещення Київської Русі – України,2021-07-28,https://www.president.gov.ua/news/ukrayina-kiyivska-rus-1033-zvernennya-prezidenta-volodimira-69757,church_actors,релігійний,релігійні,"Ніде у світі фактично немає аналогів української Ради церков , до якої входять усі православні , греко - католицькі , римо - католицькі , протестантські , євангельські церкви , іудейське та мусульманське релігійні об'єднання .","Можна сказати , що саме завдяки йому в сучасній Україні є місце всім церквам і конфесіям .","І всі вони неодноразово проводять спільні молитви за Україну саме в тому місці , де я зараз перебуваю .",yes,no,none,none,none,none,high,
5323,7cfa5f11e4ca,«Україна. Київська Русь. 1033»: звернення Президента Володимира Зеленського з нагоди Дня Хрещення Київської Русі – України,2021-07-28,https://www.president.gov.ua/news/ukrayina-kiyivska-rus-1033-zvernennya-prezidenta-volodimira-69757,decolonisation,незалежність,незалежність,"А разом усі ці три епохи були основою , коли в 1991 році Україна проголосила свою незалежність .","Саме вона була історичною основою в ті часи , коли в Педагогічному музеї на вулиці , що названа на честь Великого князя Володимира , Українська Центральна Рада оголосила про створення Української Народної Республіки , обрала її гербом Володимирів символ – тризуб , а валюту назвала гривнею – на згадку про першу грошову одиницю Київської Русі .",Цьогоріч ми відзначатимемо тільки 30-річчя її здобуття .,yes,no,none,none,none,none,high,
5324,7cfa5f11e4ca,«Україна. Київська Русь. 1033»: звернення Президента Володимира Зеленського з нагоди Дня Хрещення Київської Русі – України,2021-07-28,https://www.president.gov.ua/news/ukrayina-kiyivska-rus-1033-zvernennya-prezidenta-volodimira-69757,church_actors,церква,церкви,І водночас 1025 років буде від дня побудови Володимиром Десятинної церкви .,Нашій сучасній валюті буде тільки 25 років .,"На кожній її плінфі було витиснуто тризуб , на її будівництво Володимир жертвував десяту частину золотих і срібних монет , на яких також був тризуб .",yes,no,none,none,none,none,high,
5325,7cfa5f11e4ca,«Україна. Київська Русь. 1033»: звернення Президента Володимира Зеленського з нагоди Дня Хрещення Київської Русі – України,2021-07-28,https://www.president.gov.ua/news/ukrayina-kiyivska-rus-1033-zvernennya-prezidenta-volodimira-69757,church_actors,церква,церква,У 1240 році Десятинна церква була зруйнована ханом Батиєм .,"І , як сто років тому , як і тисячу років тому , тризуб – це наш Державний герб .","А після відновлення , у 1928 році , – зруйнована вдруге , радянською владою .",yes,no,none,none,none,none,high,
5326,7cfa5f11e4ca,«Україна. Київська Русь. 1033»: звернення Президента Володимира Зеленського з нагоди Дня Хрещення Київської Русі – України,2021-07-28,https://www.president.gov.ua/news/ukrayina-kiyivska-rus-1033-zvernennya-prezidenta-volodimira-69757,church_actors,церква,церкви,Всі добудови П'ятницької церкви зруйнувала нацистська бомба в 1941 році .,Храм Спаса на Берестові був також зруйнований Батиєм у 1240 році .,Це – також частина нашої історії .,yes,no,none,none,none,none,high,
5327,7cfa5f11e4ca,«Україна. Київська Русь. 1033»: звернення Президента Володимира Зеленського з нагоди Дня Хрещення Київської Русі – України,2021-07-28,https://www.president.gov.ua/news/ukrayina-kiyivska-rus-1033-zvernennya-prezidenta-volodimira-69757,ontological_security,київський русь,Київської Русі,Величний хранитель історії української державності – історії Київської Русі .,Це Софійський собор .,Саме вона була історичним фундаментом для будівництва козацько - гетьманської держави .,yes,no,none,none,none,none,high,
5328,7cfa5f11e4ca,«Україна. Київська Русь. 1033»: звернення Президента Володимира Зеленського з нагоди Дня Хрещення Київської Русі – України,2021-07-28,https://www.president.gov.ua/news/ukrayina-kiyivska-rus-1033-zvernennya-prezidenta-volodimira-69757,ontological_security,київський русь,Київської Русі,З Днем Хрещення Київської Русі – України !,"Пам’ятаємо про минуле , діємо сьогодні , думаємо про майбутнє .",,yes,no,none,none,none,none,high,
5431,7fa17a24c64c,Звернення Президента до учасників саміту Міжнародної коаліції за повернення українських дітей на рівні лідерів,2025-09-23,https://www.president.gov.ua/news/zvernennya-prezidenta-do-uchasnikiv-samitu-mizhnarodnoyi-koa-100285,ontological_security,ідентичність,ідентичність,"Спершу Росія їх викрала й депортувала , а тепер намагається вкрасти все , що у них всередині : їхню культуру , їхній характер , їхній зв’язок із родиною та їхню ідентичність .",Тисячі й тисячі наших дітей стали жертвами подвійного злочину Росії .,"Можливо , не кожен із присутніх є батьком чи матір’ю , але всі знають , як швидко ростуть діти , наскільки цінною є кожна мить і якими вразливими можуть бути їхні перші кроки в житті .",yes,no,none,none,none,none,high,
5432,7fa17a24c64c,Звернення Президента до учасників саміту Міжнародної коаліції за повернення українських дітей на рівні лідерів,2025-09-23,https://www.president.gov.ua/news/zvernennya-prezidenta-do-uchasnikiv-samitu-mizhnarodnoyi-koa-100285,material_security,санкція,санкцій,"І я закликаю вас : у кожному пакеті санкцій посилюйте тиск на російських політиків , чиновників , суддів , пропагандистів та інших осіб , причетних до викрадення дітей і спроб « перепрограмувати » їхню свідомість .","Йдеться про фінансування , пошук , перевірку інформації та притягнення винних до відповідальності .","Усе це відомо – табори , де викрадених дітей навчають ненависті , установи , причетні до цього , навіть структури російської державної церкви , які використовуються для знищення української ідентичності дітей .",yes,no,none,none,none,none,high,
5433,7fa17a24c64c,Звернення Президента до учасників саміту Міжнародної коаліції за повернення українських дітей на рівні лідерів,2025-09-23,https://www.president.gov.ua/news/zvernennya-prezidenta-do-uchasnikiv-samitu-mizhnarodnoyi-koa-100285,church_actors,церква,церкви,"Усе це відомо – табори , де викрадених дітей навчають ненависті , установи , причетні до цього , навіть структури російської державної церкви , які використовуються для знищення української ідентичності дітей .","І я закликаю вас : у кожному пакеті санкцій посилюйте тиск на російських політиків , чиновників , суддів , пропагандистів та інших осіб , причетних до викрадення дітей і спроб « перепрограмувати » їхню свідомість .","І кожен , хто не заплющує очі та діє у відповідь , захищає людство .",yes,yes,ontological,identity,Russia,none,high,Russian state church structures used to destroy Ukrainian identity of deported children. Links church structures to identity destruction.
5434,7fa17a24c64c,Звернення Президента до учасників саміту Міжнародної коаліції за повернення українських дітей на рівні лідерів,2025-09-23,https://www.president.gov.ua/news/zvernennya-prezidenta-do-uchasnikiv-samitu-mizhnarodnoyi-koa-100285,ontological_security,ідентичність,ідентичності,"Усе це відомо – табори , де викрадених дітей навчають ненависті , установи , причетні до цього , навіть структури російської державної церкви , які використовуються для знищення української ідентичності дітей .","І я закликаю вас : у кожному пакеті санкцій посилюйте тиск на російських політиків , чиновників , суддів , пропагандистів та інших осіб , причетних до викрадення дітей і спроб « перепрограмувати » їхню свідомість .","І кожен , хто не заплющує очі та діє у відповідь , захищає людство .",yes,yes,ontological,identity,Russia,none,high,Russian state church structures used to destroy Ukrainian identity of deported children. Links church structures to identity destruction.
5435,7fa17a24c64c,Звернення Президента до учасників саміту Міжнародної коаліції за повернення українських дітей на рівні лідерів,2025-09-23,https://www.president.gov.ua/news/zvernennya-prezidenta-do-uchasnikiv-samitu-mizhnarodnoyi-koa-100285,material_security,санкція,санкцій,"Кожен у Росії , хто причетний до викрадення дітей , « перевиховання » та знущань , потрапить під дію санкцій .","І кожен , хто не заплющує очі та діє у відповідь , захищає людство .","Санкційні пакети – це завжди непросто , але включення в них осіб , винних у злочинах проти дітей , посилює цю роботу і надає їй моральної ваги .",yes,no,none,none,none,none,high,
5436,7fa17a24c64c,Звернення Президента до учасників саміту Міжнародної коаліції за повернення українських дітей на рівні лідерів,2025-09-23,https://www.president.gov.ua/news/zvernennya-prezidenta-do-uchasnikiv-samitu-mizhnarodnoyi-koa-100285,material_security,санкція,санкцій,"Нехай результатом цього засідання коаліції стане підтримка ініціатив із пошуку , повернення та реінтеграції наших дітей , а також реальний тиск на Росію через запровадження санкцій .","Вони відмовляються надавати реальну інформацію не тільки нам , а й міжнародним організаціям .",Необхідно перейти від уваги до дій .,yes,no,none,none,none,none,high,
5636,830a678fce85,Привітання Президента України Володимира Зеленського з Великоднем,2022-04-24,https://www.president.gov.ua/news/privitannya-prezidenta-ukrayini-volodimira-zelenskogo-z-veli-74529,church_actors,церква,Церкви,"Непохитний стовп Церкви Христової , непорушний мур головної твердині – Києва , нерушима стіна держави .",Вона над нами всіма .,"Допоки є Оранта , є Софія , а з нею стоїть Київ , а з ними – вся Україна !",yes,no,none,none,none,none,high,
5637,830a678fce85,Привітання Президента України Володимира Зеленського з Великоднем,2022-04-24,https://www.president.gov.ua/news/privitannya-prezidenta-ukrayini-volodimira-zelenskogo-z-veli-74529,decolonisation,воля,волю,"Зміцни волю тих , хто захищає нас від неволі .","Бороніть , небеса , тих , хто боронить рідну землю .","Збережи тих , хто береже Україну .",yes,no,none,none,none,none,high,
5638,830a678fce85,Привітання Президента України Володимира Зеленського з Великоднем,2022-04-24,https://www.president.gov.ua/news/privitannya-prezidenta-ukrayini-volodimira-zelenskogo-z-veli-74529,material_security,оборона,оборона,"Це наші військові , нацгвардійці , прикордонники , наша територіальна оборона , розвідка .","Збережи тих , хто береже Україну .",Ці та всі інші наші воїни світла .,yes,no,none,none,none,none,high,
5639,830a678fce85,Привітання Президента України Володимира Зеленського з Великоднем,2022-04-24,https://www.president.gov.ua/news/privitannya-prezidenta-ukrayini-volodimira-zelenskogo-z-veli-74529,decolonisation,воля,волю,Зміцни нашу волю й наш дух .,Не дай нам втратити єдність .,Не дай нам втратити себе .,yes,no,none,none,none,none,high,
5640,830a678fce85,Привітання Президента України Володимира Зеленського з Великоднем,2022-04-24,https://www.president.gov.ua/news/privitannya-prezidenta-ukrayini-volodimira-zelenskogo-z-veli-74529,material_security,загроза,загрозу,"І торішню , і теперішню загрозу об’єднує одне – ніщо не зможе здолати Україну .",Через чуму під назвою війна .,"Велике свято сьогодні дає нам велику надію й непохитну віру в те , що світло переможе темряву , добро переможе зло , життя переможе смерть , а отже , неодмінно переможе Україна !",yes,no,none,none,none,none,high,
5641,830a678fce85,Привітання Президента України Володимира Зеленського з Великоднем,2022-04-24,https://www.president.gov.ua/news/privitannya-prezidenta-ukrayini-volodimira-zelenskogo-z-veli-74529,ontological_security,київський русь,Київської Русі,"У соборі , який закладено тисячу років тому на полі священної битви , де військо Київської Русі - України розгромило печенігів .",І я перебуваю у великому місці – великому Софійському соборі .,"У соборі , який не зруйнувала ні ординська навала , ні нацистська окупація , який вистояв попри все !",yes,no,none,none,none,none,high,
5670,8393fbf74df4,Виступ Президента України Володимира Зеленського на саміті НАТО,2022-03-24,https://www.president.gov.ua/news/vistup-prezidenta-ukrayini-volodimira-zelenskogo-na-samiti-n-73785,material_security,безпека,безпеки,"Місяць безкарного руйнування мирної держави , а разом з нею – всієї архітектури глобальної безпеки .",Місяць найчорніших страждань .,Усе це – у всього світу на очах .,yes,no,none,none,none,none,high,
5671,8393fbf74df4,Виступ Президента України Володимира Зеленського на саміті НАТО,2022-03-24,https://www.president.gov.ua/news/vistup-prezidenta-ukrayini-volodimira-zelenskogo-na-samiti-n-73785,church_actors,церква,церков,"Будь-які обʼєкти – від житлових будинків до церков , від складів з їжею до університетів , від мостів до лікарень .",Руйнує все живе .,Україна зверталася до вас по літаки .,yes,no,none,none,none,none,high,
5672,8393fbf74df4,Виступ Президента України Володимира Зеленського на саміті НАТО,2022-03-24,https://www.president.gov.ua/news/vistup-prezidenta-ukrayini-volodimira-zelenskogo-na-samiti-n-73785,material_security,безпека,безпеці,"Бо якщо ми помиляємося , то світ у безпеці .",І щоб це так було – що у вас насправді дуже міцний Альянс .,"Але якщо ми не помиляємось хоча б на один відсоток , я прошу переглянути ваше ставлення .",yes,no,none,none,none,none,high,
5673,8393fbf74df4,Виступ Президента України Володимира Зеленського на саміті НАТО,2022-03-24,https://www.president.gov.ua/news/vistup-prezidenta-ukrayini-volodimira-zelenskogo-na-samiti-n-73785,material_security,безпека,безпеку,"І реально подбати про безпеку , безпеку у Європі , а отже , і в світі .",Ваші власні оцінки .,Ви можете надати нам один відсоток від усіх ваших літаків .,yes,no,none,none,none,none,high,
5674,8393fbf74df4,Виступ Президента України Володимира Зеленського на саміті НАТО,2022-03-24,https://www.president.gov.ua/news/vistup-prezidenta-ukrayini-volodimira-zelenskogo-na-samiti-n-73785,material_security,оборона,оборони,Засоби протиповітряної оборони .,Протикорабельна зброя .,Хіба можна вистояти у такій війні без цього ?,yes,no,none,none,none,none,high,
5675,8393fbf74df4,Виступ Президента України Володимира Зеленського на саміті НАТО,2022-03-24,https://www.president.gov.ua/news/vistup-prezidenta-ukrayini-volodimira-zelenskogo-na-samiti-n-73785,material_security,безпека,безпеки,"Тож коли це все нарешті буде , це дасть нам так само , як і вам , сто відсотків безпеки .",Хіба можна вистояти у такій війні без цього ?,А нам потрібен один .,yes,no,none,none,none,none,high,
5676,8393fbf74df4,Виступ Президента України Володимира Зеленського на саміті НАТО,2022-03-24,https://www.president.gov.ua/news/vistup-prezidenta-ukrayini-volodimira-zelenskogo-na-samiti-n-73785,material_security,безпека,безпеці,І як багато ми можемо дати загальній безпеці у Європі та світі .,"Ми показали , на що здатні наші стандарти .","Як багато ми можемо зробити для захисту від агресії проти всього , що ми цінуємо , що ви цінуєте .",yes,no,none,none,none,none,high,
5677,8393fbf74df4,Виступ Президента України Володимира Зеленського на саміті НАТО,2022-03-24,https://www.president.gov.ua/news/vistup-prezidenta-ukrayini-volodimira-zelenskogo-na-samiti-n-73785,material_security,безпека,безпеки,Реальних гарантій безпеки .,Чекає реальних дій .,"Від тих , чиє слово варте довіри .",yes,no,none,none,none,none,high,
5734,8459a7bbdd89,Покарати Росію за терор – це історичне завдання сучасного покоління лідерів світу – звернення  Президента України,2023-07-18,https://www.president.gov.ua/news/pokarati-rosiyu-za-teror-ce-istorichne-zavdannya-suchasnogo-84409,material_security,безпека,безпеки,"Зі свого боку розробляємо варіанти дій , домовленостей для того , щоб зберегти і українську глобальну роль гаранта продовольчої безпеки , і наші морські виходи на світовий ринок , і робочі місця для українців у портах та аграрній індустрії .","Ми працюємо з нашими партнерами , щоб запобігти цьому .","Боремось і за світову безпеку , і за нашого українського фермера .",yes,no,none,none,none,none,high,
5735,8459a7bbdd89,Покарати Росію за терор – це історичне завдання сучасного покоління лідерів світу – звернення  Президента України,2023-07-18,https://www.president.gov.ua/news/pokarati-rosiyu-za-teror-ce-istorichne-zavdannya-suchasnogo-84409,material_security,безпека,безпеку,"Боремось і за світову безпеку , і за нашого українського фермера .","Зі свого боку розробляємо варіанти дій , домовленостей для того , щоб зберегти і українську глобальну роль гаранта продовольчої безпеки , і наші морські виходи на світовий ринок , і робочі місця для українців у портах та аграрній індустрії .","До речі , напередодні зустрівся з представниками африканських ЗМІ – друкованих видань , радіо , телебачення – з Південно - Африканської Республіки , з Нігерії , Кенії , Уганди , Гани , Беніну , Кот - дʼІвуару .",yes,no,none,none,none,none,high,
5736,8459a7bbdd89,Покарати Росію за терор – це історичне завдання сучасного покоління лідерів світу – звернення  Президента України,2023-07-18,https://www.president.gov.ua/news/pokarati-rosiyu-za-teror-ce-istorichne-zavdannya-suchasnogo-84409,material_security,безпека,безпеки,"Звичайно , на Ставці були доповіді військових , розвідки , Служби безпеки , МВС .","Я вдячний кожному й кожній у світових ЗМІ , хто чесно розповідає своїй аудиторії про побачене в нашому регіоні , в нашій країні .","Питання зрозумілі – ситуація на передовій , усі гарячі напрямки – від Куп’янського до Херсонщини , Донецька область , південні райони Запорізької області .",yes,no,none,none,none,none,high,
5737,8459a7bbdd89,Покарати Росію за терор – це історичне завдання сучасного покоління лідерів світу – звернення  Президента України,2023-07-18,https://www.president.gov.ua/news/pokarati-rosiyu-za-teror-ce-istorichne-zavdannya-suchasnogo-84409,material_security,санкція,санкцій,"Кожен такий факт буде нашим аргументом , що наявних санкцій , тиску проти Росії недостатньо .","А кожен факт використання компонентів із країн вільного світу для виробництва зброї російських терористів , зокрема , ракет і « Шахедів » …","Світ повинен настільки обмежити торговельні відносини з державою - терористом , щоб жодного компонента з вільного світу не можна було використати для терору .",yes,no,none,none,none,none,high,
5738,8459a7bbdd89,Покарати Росію за терор – це історичне завдання сучасного покоління лідерів світу – звернення  Президента України,2023-07-18,https://www.president.gov.ua/news/pokarati-rosiyu-za-teror-ce-istorichne-zavdannya-suchasnogo-84409,ontological_security,духовний,духовної,"Я провів сьогодні важливу нараду щодо духовної незалежності України , наших подальших кроків для захисту прав і законних інтересів громадян України у сфері релігійних відносин .","Світ повинен настільки обмежити торговельні відносини з державою - терористом , щоб жодного компонента з вільного світу не можна було використати для терору .",Невдовзі будуть новини .,yes,yes,ontological,nation,Russia,other,high,"Meeting on spiritual independence of Ukraine, further steps to protect rights and legitimate interests of citizens in religious relations."
5739,8459a7bbdd89,Покарати Росію за терор – це історичне завдання сучасного покоління лідерів світу – звернення  Президента України,2023-07-18,https://www.president.gov.ua/news/pokarati-rosiyu-za-teror-ce-istorichne-zavdannya-suchasnogo-84409,decolonisation,незалежність,незалежності,"Я провів сьогодні важливу нараду щодо духовної незалежності України , наших подальших кроків для захисту прав і законних інтересів громадян України у сфері релігійних відносин .","Світ повинен настільки обмежити торговельні відносини з державою - терористом , щоб жодного компонента з вільного світу не можна було використати для терору .",Невдовзі будуть новини .,yes,no,none,none,none,none,high,
5740,8459a7bbdd89,Покарати Росію за терор – це історичне завдання сучасного покоління лідерів світу – звернення  Президента України,2023-07-18,https://www.president.gov.ua/news/pokarati-rosiyu-za-teror-ce-istorichne-zavdannya-suchasnogo-84409,church_actors,релігійний,релігійних,"Я провів сьогодні важливу нараду щодо духовної незалежності України , наших подальших кроків для захисту прав і законних інтересів громадян України у сфері релігійних відносин .","Світ повинен настільки обмежити торговельні відносини з державою - терористом , щоб жодного компонента з вільного світу не можна було використати для терору .",Невдовзі будуть новини .,yes,yes,ontological,nation,Russia,other,high,"Meeting on spiritual independence of Ukraine, further steps to protect rights and legitimate interests of citizens in religious relations."
5741,8459a7bbdd89,Покарати Росію за терор – це історичне завдання сучасного покоління лідерів світу – звернення  Президента України,2023-07-18,https://www.president.gov.ua/news/pokarati-rosiyu-za-teror-ce-istorichne-zavdannya-suchasnogo-84409,material_security,оборона,оборони,"І дякую всім партнерам за сьогоднішній « Рамштайн » , а особливо – міністру оборони США Остіну за дуже чіткі , недвозначні й потужні заяви .","Я дякую всім у світі , хто допомагає !","Подолати російську агресію , покарати Росію за терор – це історичне завдання сучасного покоління лідерів світу .",yes,no,none,none,none,none,high,
5742,8459a7bbdd89,Покарати Росію за терор – це історичне завдання сучасного покоління лідерів світу – звернення  Президента України,2023-07-18,https://www.president.gov.ua/news/pokarati-rosiyu-za-teror-ce-istorichne-zavdannya-suchasnogo-84409,ontological_security,духовний незалежність,духовної незалежності,"Я провів сьогодні важливу нараду щодо духовної незалежності України , наших подальших кроків для захисту прав і законних інтересів громадян України у сфері релігійних відносин .","Світ повинен настільки обмежити торговельні відносини з державою - терористом , щоб жодного компонента з вільного світу не можна було використати для терору .",Невдовзі будуть новини .,yes,yes,ontological,nation,Russia,other,high,"Meeting on spiritual independence of Ukraine, further steps to protect rights and legitimate interests of citizens in religious relations."
5827,86a76aa1bd55,Президент України підтримав звернення до центру пам’яті Голокосту про присвоєння митрополиту Андрею Шептицькому почесного звання Праведника народів світу,2020-01-26,https://www.president.gov.ua/news/prezident-ukrayini-pidtrimav-zvernennya-do-centru-pamyati-go-59485,church_actors,релігійний,релігійних,Під час робочого візиту до Республіки Польща Президент України Володимир Зеленський підтримав звернення Всеукраїнського конгресу іудейських релігійних громад до центру пам’яті Голокосту « Яд Вашем » про присвоєння митрополиту Андрею Шептицькому почесного звання Праведника народів світу .,,« Сьогодні ми відзначатимемо 75-ту річницю визволення нацистського концтабору Аушвіц - Біркенау .,yes,no,none,none,none,none,high,Holocaust memorial - Metropolitan Sheptytsky honour. Not about UOC securitisation.
5828,86a76aa1bd55,Президент України підтримав звернення до центру пам’яті Голокосту про присвоєння митрополиту Андрею Шептицькому почесного звання Праведника народів світу,2020-01-26,https://www.president.gov.ua/news/prezident-ukrayini-pidtrimav-zvernennya-do-centru-pamyati-go-59485,church_actors,митрополит,митрополиту,Під час робочого візиту до Республіки Польща Президент України Володимир Зеленський підтримав звернення Всеукраїнського конгресу іудейських релігійних громад до центру пам’яті Голокосту « Яд Вашем » про присвоєння митрополиту Андрею Шептицькому почесного звання Праведника народів світу .,,« Сьогодні ми відзначатимемо 75-ту річницю визволення нацистського концтабору Аушвіц - Біркенау .,yes,no,none,none,none,none,high,Holocaust memorial - Metropolitan Sheptytsky honour. Not about UOC securitisation.
5829,86a76aa1bd55,Президент України підтримав звернення до центру пам’яті Голокосту про присвоєння митрополиту Андрею Шептицькому почесного звання Праведника народів світу,2020-01-26,https://www.president.gov.ua/news/prezident-ukrayini-pidtrimav-zvernennya-do-centru-pamyati-go-59485,decolonisation,визволення,визволення,« Сьогодні ми відзначатимемо 75-ту річницю визволення нацистського концтабору Аушвіц - Біркенау .,Під час робочого візиту до Республіки Польща Президент України Володимир Зеленський підтримав звернення Всеукраїнського конгресу іудейських релігійних громад до центру пам’яті Голокосту « Яд Вашем » про присвоєння митрополиту Андрею Шептицькому почесного звання Праведника народів світу .,Бути тут у Міжнародний день пам’яті жертв Голокосту для мене дуже важливо .,yes,no,none,none,none,none,high,Holocaust memorial - Metropolitan Sheptytsky honour. Not about UOC securitisation.
5830,86a76aa1bd55,Президент України підтримав звернення до центру пам’яті Голокосту про присвоєння митрополиту Андрею Шептицькому почесного звання Праведника народів світу,2020-01-26,https://www.president.gov.ua/news/prezident-ukrayini-pidtrimav-zvernennya-do-centru-pamyati-go-59485,urgency,припинити,припинити,"Не можу не згадати і про родину Шептицьких , яка не тільки врятувала понад 160 євреїв , але й відкрито вимагала від нацистських керівників припинити їхнє переслідування .",« Це люди великого серця і такої ж великої відваги .,Нещодавно головний рабин України Моше Реувен Асман попросив центр пам’яті Голокосту « Яд Вашем » присвоїти митрополиту Андрею Шептицькому почесне звання Праведника народів світу .,partial,no,none,none,none,none,high,Keyword has related but different meaning in this context.
5831,86a76aa1bd55,Президент України підтримав звернення до центру пам’яті Голокосту про присвоєння митрополиту Андрею Шептицькому почесного звання Праведника народів світу,2020-01-26,https://www.president.gov.ua/news/prezident-ukrayini-pidtrimav-zvernennya-do-centru-pamyati-go-59485,church_actors,митрополит,митрополиту,Нещодавно головний рабин України Моше Реувен Асман попросив центр пам’яті Голокосту « Яд Вашем » присвоїти митрополиту Андрею Шептицькому почесне звання Праведника народів світу .,"Не можу не згадати і про родину Шептицьких , яка не тільки врятувала понад 160 євреїв , але й відкрито вимагала від нацистських керівників припинити їхнє переслідування .","Я долучаюся до цього прохання задля відновлення історичної справедливості » , – наголосив Президент України .",yes,no,none,none,none,none,high,Holocaust memorial - Metropolitan Sheptytsky honour. Not about UOC securitisation.
5881,889d490f1d4a,Привітання Президента України Володимира Зеленського з Різдвом Христовим,2023-12-24,https://www.president.gov.ua/news/privitannya-prezidenta-ukrayini-volodimira-zelenskogo-z-rizd-87981,material_security,ворог,ворога,"Як сьогодні важливо не стільки те , як ми прикрашаємо свої оселі , а те , як захищаємо свої домівки й прибираємо з них сміття – вимітаємо ворога зі свого дому .","Як змінилися наші подарунки , цінності , традиції .","Як тішимося , коли помічаємо у вечірньому небі першу зорю й не бачимо в ньому ворожих ракет і « шахедів » .",yes,no,none,none,none,none,high,
5882,889d490f1d4a,Привітання Президента України Володимира Зеленського з Різдвом Христовим,2023-12-24,https://www.president.gov.ua/news/privitannya-prezidenta-ukrayini-volodimira-zelenskogo-z-rizd-87981,material_security,ворог,ворога,"Усі , хто сьогодні зустрічає Святий вечір в окопах зі зброєю в руках , зустрічаючи ворога .",Повернулися переможцями .,Усі наші воїни світла .,yes,no,none,none,none,none,high,
5883,889d490f1d4a,Привітання Президента України Володимира Зеленського з Різдвом Христовим,2023-12-24,https://www.president.gov.ua/news/privitannya-prezidenta-ukrayini-volodimira-zelenskogo-z-rizd-87981,church_actors,конфесія,конфесій,І навіть від різних конфесій .,"І сьогодні вона звучатиме в різних куточках планети , ітиме від сердець різних людей , різними мовами .","Бо це – молитва за життя , і вона не має кордонів .",yes,no,none,none,none,none,high,
5884,889d490f1d4a,Привітання Президента України Володимира Зеленського з Різдвом Христовим,2023-12-24,https://www.president.gov.ua/news/privitannya-prezidenta-ukrayini-volodimira-zelenskogo-z-rizd-87981,decolonisation,незалежність,незалежності,"Шлях до здобуття всеосяжної незалежності , зокрема й духовної незалежності .","У непрості часи , коли захищаємо свою землю й свою душу , долаємо шлях до свободи .",Свободи нашої віри від ідеології рабства .,yes,no,none,none,none,none,high,
5885,889d490f1d4a,Привітання Президента України Володимира Зеленського з Різдвом Христовим,2023-12-24,https://www.president.gov.ua/news/privitannya-prezidenta-ukrayini-volodimira-zelenskogo-z-rizd-87981,ontological_security,духовний,духовної,"Шлях до здобуття всеосяжної незалежності , зокрема й духовної незалежності .","У непрості часи , коли захищаємо свою землю й свою душу , долаємо шлях до свободи .",Свободи нашої віри від ідеології рабства .,yes,yes,ontological,nation,Moscow_Patriarchate,none,high,"Path to achieving comprehensive independence, including spiritual independence. Christmas message frames spiritual independence as ongoing project."
5886,889d490f1d4a,Привітання Президента України Володимира Зеленського з Різдвом Христовим,2023-12-24,https://www.president.gov.ua/news/privitannya-prezidenta-ukrayini-volodimira-zelenskogo-z-rizd-87981,material_security,безпека,безпеку,"І який відбирає безпеку та спокій , який відбирає чужі землі й людські життя .","Який несе насильство , агресію , ненависть .",Але який буде переможено .,yes,no,none,none,none,none,high,
5887,889d490f1d4a,Привітання Президента України Володимира Зеленського з Різдвом Христовим,2023-12-24,https://www.president.gov.ua/news/privitannya-prezidenta-ukrayini-volodimira-zelenskogo-z-rizd-87981,ontological_security,духовний незалежність,духовної незалежності,"Шлях до здобуття всеосяжної незалежності , зокрема й духовної незалежності .","У непрості часи , коли захищаємо свою землю й свою душу , долаємо шлях до свободи .",Свободи нашої віри від ідеології рабства .,yes,yes,ontological,nation,Moscow_Patriarchate,none,high,"Path to achieving comprehensive independence, including spiritual independence. Christmas message frames spiritual independence as ongoing project."
6058,8dd21ed4a2f4,Промова Президента України Володимира Зеленського у Бундестазі,2022-03-17,https://www.president.gov.ua/news/promova-prezidenta-ukrayini-volodimira-zelenskogo-u-bundesta-73621,church_actors,церква,церкви,"Все – житлові будинки , лікарні , школи , церкви .","Я звертаюся до вас , коли Росія бомбардує наші міста , руйнуючи все , що є в Україні .","Ракетами , авіабомбами , реактивною артилерією .",yes,no,none,none,none,none,high,
6059,8dd21ed4a2f4,Промова Президента України Володимира Зеленського у Бундестазі,2022-03-17,https://www.president.gov.ua/news/promova-prezidenta-ukrayini-volodimira-zelenskogo-u-bundesta-73621,decolonisation,окупант,Окупанти,Окупанти вбили 108 дітей .,За три тижні загинули тисячі українців .,"Посеред Європи , у нас , у 2022 році .",yes,no,none,none,none,none,high,
6060,8dd21ed4a2f4,Промова Президента України Володимира Зеленського у Бундестазі,2022-03-17,https://www.president.gov.ua/news/promova-prezidenta-ukrayini-volodimira-zelenskogo-u-bundesta-73621,material_security,санкція,санкцій,"Після санкцій , яких вочевидь замало , щоб зупинити цю війну .","Після кроків на підтримку , частина з яких запізніла .","І після того , як ми побачили , скільки звʼязків ваші компанії залишають із Росією .",yes,no,none,none,none,none,high,
6061,8dd21ed4a2f4,Промова Президента України Володимира Зеленського у Бундестазі,2022-03-17,https://www.president.gov.ua/news/promova-prezidenta-ukrayini-volodimira-zelenskogo-u-bundesta-73621,material_security,безпека,безпеці,"Коли ми запитували у вас , що має зробити Україна , щоб стати членом НАТО , бути у безпеці , отримати гарантії безпеки , ми чули у відповідь : такого рішення на столі поки що немає й найближчим часом не буде .",А це був цемент для нової стіни .,Як і крісла для нас за цим столом .,yes,no,none,none,none,none,high,
6062,8dd21ed4a2f4,Промова Президента України Володимира Зеленського у Бундестазі,2022-03-17,https://www.president.gov.ua/news/promova-prezidenta-ukrayini-volodimira-zelenskogo-u-bundesta-73621,material_security,безпека,безпеки,"Коли ми запитували у вас , що має зробити Україна , щоб стати членом НАТО , бути у безпеці , отримати гарантії безпеки , ми чули у відповідь : такого рішення на столі поки що немає й найближчим часом не буде .",А це був цемент для нової стіни .,Як і крісла для нас за цим столом .,yes,no,none,none,none,none,high,
6063,8dd21ed4a2f4,Промова Президента України Володимира Зеленського у Бундестазі,2022-03-17,https://www.president.gov.ua/news/promova-prezidenta-ukrayini-volodimira-zelenskogo-u-bundesta-73621,material_security,санкція,санкції,"Коли ми просили про превентивні санкції , ми звертались до Європи , ми звертались до багатьох країн .",Каміння для нової стіни .,Ми звертались до вас .,yes,no,none,none,none,none,high,
6064,8dd21ed4a2f4,Промова Президента України Володимира Зеленського у Бундестазі,2022-03-17,https://www.president.gov.ua/news/promova-prezidenta-ukrayini-volodimira-zelenskogo-u-bundesta-73621,material_security,санкція,Санкції,"Санкції такі , щоб агресор відчув , що ви – сила , ми бачили затягування .",Ми звертались до вас .,Ми відчули спротив .,yes,no,none,none,none,none,high,
6065,8dd21ed4a2f4,Промова Президента України Володимира Зеленського у Бундестазі,2022-03-17,https://www.president.gov.ua/news/promova-prezidenta-ukrayini-volodimira-zelenskogo-u-bundesta-73621,material_security,санкція,санкцій,Які підтримують посилення санкцій проти Росії .,Які між грошима Росії та смертями українських дітей обирають життя .,"Таке , яке може гарантувати мир .",yes,no,none,none,none,none,high,
6079,8e00bd95c521,Промова Президента України в Народних зборах Албанії,2022-05-03,https://www.president.gov.ua/news/promova-prezidenta-ukrayini-v-narodnih-zborah-albaniyi-74745,decolonisation,окупант,окупанти,"Але можна взяти будь-яке українське місто чи село , куди зайшли окупанти , і звідти будуть дуже схожі повідомлення .",Це буквально випалене місто .,Про руйнування і про вбивства .,yes,no,none,none,none,none,high,
6080,8e00bd95c521,Промова Президента України в Народних зборах Албанії,2022-05-03,https://www.president.gov.ua/news/promova-prezidenta-ukrayini-v-narodnih-zborah-albaniyi-74745,decolonisation,окупант,окупанти,"Але окупанти не дозволяли їм навіть підвестися , а не те що зігрітися .","Люди переставали відчувати ноги , у них відмерзали пальці .","У районах , звільнених від російської армії , ми постійно знаходимо поховання закатованих людей .",yes,no,none,none,none,none,high,
6081,8e00bd95c521,Промова Президента України в Народних зборах Албанії,2022-05-03,https://www.president.gov.ua/news/promova-prezidenta-ukrayini-v-narodnih-zborah-albaniyi-74745,decolonisation,окупант,окупанти,Часто окупанти навіть не дозволяли закопати тіла вбитих ними людей .,Багатьох вбили пострілом у потилицю .,"Тіла знаходять у лісах , у посадках , у підвалах , в колодязях .",yes,no,none,none,none,none,high,
6082,8e00bd95c521,Промова Президента України в Народних зборах Албанії,2022-05-03,https://www.president.gov.ua/news/promova-prezidenta-ukrayini-v-narodnih-zborah-albaniyi-74745,urgency,припинити,припинити,Росії пропонувалося припинити вогонь хоча б на православну Пасху .,"Відступаючи з нашої землі , російська армія залишила вбитих і просто на вулицях .",Не було відповіді .,yes,no,none,none,none,none,high,
6083,8e00bd95c521,Промова Президента України в Народних зборах Албанії,2022-05-03,https://www.president.gov.ua/news/promova-prezidenta-ukrayini-v-narodnih-zborah-albaniyi-74745,church_actors,православний,православну,Росії пропонувалося припинити вогонь хоча б на православну Пасху .,"Відступаючи з нашої землі , російська армія залишила вбитих і просто на вулицях .",Не було відповіді .,yes,no,none,none,none,none,high,
6084,8e00bd95c521,Промова Президента України в Народних зборах Албанії,2022-05-03,https://www.president.gov.ua/news/promova-prezidenta-ukrayini-v-narodnih-zborah-albaniyi-74745,church_actors,релігійний,релігійних,Тільки вдумайтеся : 86 релігійних обʼєктів зруйновано чи пошкоджено внаслідок обстрілів .,Священність місяця Рамадан Росія також проігнорувала .,"І все це – церкви , мечеті , молитовні будинки .",yes,no,none,none,none,none,high,
6085,8e00bd95c521,Промова Президента України в Народних зборах Албанії,2022-05-03,https://www.president.gov.ua/news/promova-prezidenta-ukrayini-v-narodnih-zborah-albaniyi-74745,church_actors,церква,церкви,"І все це – церкви , мечеті , молитовні будинки .",Тільки вдумайтеся : 86 релігійних обʼєктів зруйновано чи пошкоджено внаслідок обстрілів .,Російська армія не намагається вберегти від своїх обстрілів навіть обʼєкти російської ж церкви !,yes,no,none,none,none,none,high,
6086,8e00bd95c521,Промова Президента України в Народних зборах Албанії,2022-05-03,https://www.president.gov.ua/news/promova-prezidenta-ukrayini-v-narodnih-zborah-albaniyi-74745,church_actors,церква,церкви,Російська армія не намагається вберегти від своїх обстрілів навіть обʼєкти російської ж церкви !,"І все це – церкви , мечеті , молитовні будинки .",Це повне забуття моралі .,yes,no,none,none,none,none,high,
6087,8e00bd95c521,Промова Президента України в Народних зборах Албанії,2022-05-03,https://www.president.gov.ua/news/promova-prezidenta-ukrayini-v-narodnih-zborah-albaniyi-74745,material_security,загроза,загрозою,"Намагаючись відродити тиранію найгіршого рівня , яку тільки бачили у ХХ столітті , Росія стала найбільшою загрозою всьому вільному світу .",Вони хочуть піти далі .,"І я вдячний кожному народу , який разом з нами бореться проти цієї тиранії .",yes,no,none,none,none,none,high,
6088,8e00bd95c521,Промова Президента України в Народних зборах Албанії,2022-05-03,https://www.president.gov.ua/news/promova-prezidenta-ukrayini-v-narodnih-zborah-albaniyi-74745,material_security,санкція,санкцій,За підтримку санкцій проти Росії .,За оборонну допомогу .,"За те , що піклуєтеся про наших людей і приймаєте в себе наших дітей , зокрема в Дурресі .",yes,no,none,none,none,none,high,
6089,8e00bd95c521,Промова Президента України в Народних зборах Албанії,2022-05-03,https://www.president.gov.ua/news/promova-prezidenta-ukrayini-v-narodnih-zborah-albaniyi-74745,material_security,загроза,загрози,А й зможемо захистити Європу в майбутньому від повторення такої загрози .,"Я вірю , що , працюючи разом з усіма європейцями саме так – щоденними добрими зусиллями , ми зможемо не тільки зупинити цю війну , розвʼязану Росією .","Зараз , коли у Європейському Союзі обговорюється шостий санкційний пакет проти агресії Росії , ми маємо наполягати всі разом , щоб його частиною стало нафтове ембарго й реальне блокування будь-яких схем , які Росія використовує , щоб обманути вільний світ та ігнорувати санкції .",yes,no,none,none,none,none,high,
6090,8e00bd95c521,Промова Президента України в Народних зборах Албанії,2022-05-03,https://www.president.gov.ua/news/promova-prezidenta-ukrayini-v-narodnih-zborah-albaniyi-74745,material_security,санкція,санкції,"Зараз , коли у Європейському Союзі обговорюється шостий санкційний пакет проти агресії Росії , ми маємо наполягати всі разом , щоб його частиною стало нафтове ембарго й реальне блокування будь-яких схем , які Росія використовує , щоб обманути вільний світ та ігнорувати санкції .",А й зможемо захистити Європу в майбутньому від повторення такої загрози .,Російські банки мають бути повністю відключені від світової фінансової системи .,yes,no,none,none,none,none,high,
6091,8e00bd95c521,Промова Президента України в Народних зборах Албанії,2022-05-03,https://www.president.gov.ua/news/promova-prezidenta-ukrayini-v-narodnih-zborah-albaniyi-74745,material_security,підрив,підрив,"А може , хтось із тих , хто працює на підрив вже й вашої держави ?","А може , кати Маріуполя ?",Я вдячний Албанії за взаємодію на майданчику Організації Обʼєднаних Націй .,yes,no,none,none,none,none,high,
6092,8e00bd95c521,Промова Президента України в Народних зборах Албанії,2022-05-03,https://www.president.gov.ua/news/promova-prezidenta-ukrayini-v-narodnih-zborah-albaniyi-74745,material_security,безпека,Безпеки,"Особливо зараз , коли ваша держава працює як непостійний член Ради Безпеки ООН .",Я вдячний Албанії за взаємодію на майданчику Організації Обʼєднаних Націй .,Треба зробити принципову річ і припинити використання коштів ООН для спонсорування Росії .,yes,no,none,none,none,none,high,
6093,8e00bd95c521,Промова Президента України в Народних зборах Албанії,2022-05-03,https://www.president.gov.ua/news/promova-prezidenta-ukrayini-v-narodnih-zborah-albaniyi-74745,urgency,припинити,припинити,Треба зробити принципову річ і припинити використання коштів ООН для спонсорування Росії .,"Особливо зараз , коли ваша держава працює як непостійний член Ради Безпеки ООН .","Якщо вона порушує Статут ООН , загрожує продовольчій безпеці світу та знищує мир у Європі , вона не має права отримувати від ООН жодного цента .",yes,no,none,none,none,none,high,
6094,8e00bd95c521,Промова Президента України в Народних зборах Албанії,2022-05-03,https://www.president.gov.ua/news/promova-prezidenta-ukrayini-v-narodnih-zborah-albaniyi-74745,material_security,безпека,безпеці,"Якщо вона порушує Статут ООН , загрожує продовольчій безпеці світу та знищує мир у Європі , вона не має права отримувати від ООН жодного цента .",Треба зробити принципову річ і припинити використання коштів ООН для спонсорування Росії .,"За час із 2014 року , коли Росія захопила наш півострів Крим і розпочала війну на Донбасі , ООН закупила в неї товарів і послуг як мінімум на два з половиною мільярди доларів .",yes,no,none,none,none,none,high,
6108,8e4821e9f609,Промова Президента України Володимира Зеленського на засіданні Європейської ради,2022-03-25,https://www.president.gov.ua/news/promova-prezidenta-ukrayini-volodimira-zelenskogo-na-zasidan-73809,church_actors,церква,церкви,Руйнують церкви !,"Ґвалтують жінок , грабують будинки .",Всі .,yes,no,none,none,none,none,high,
6109,8e4821e9f609,Промова Президента України Володимира Зеленського на засіданні Європейської ради,2022-03-25,https://www.president.gov.ua/news/promova-prezidenta-ukrayini-volodimira-zelenskogo-na-zasidan-73809,church_actors,церква,церкви,"Їх не хвилює , хто там : діти , жінки , служителі церкви , які супроводжують гуманітарний вантаж .",Обстрілюють гуманітарні колони .,"Вбивають людей у Донецьку , і кажуть , що це ми , « націоналісти » .",yes,no,none,none,none,none,high,
6110,8e4821e9f609,Промова Президента України Володимира Зеленського на засіданні Європейської ради,2022-03-25,https://www.president.gov.ua/news/promova-prezidenta-ukrayini-volodimira-zelenskogo-na-zasidan-73809,material_security,санкція,санкції,Ви застосували санкції .,І ми це дійсно цінуємо .,Ми вдячні .,yes,no,none,none,none,none,high,
6111,8e4821e9f609,Промова Президента України Володимира Зеленського на засіданні Європейської ради,2022-03-25,https://www.president.gov.ua/news/promova-prezidenta-ukrayini-volodimira-zelenskogo-na-zasidan-73809,material_security,санкція,санкції,"А ти вагаєшся , запроваджувати санкції чи ні ?",І цих тисяч вже немає .,"Вагаєшся , пропускати зброю чи ні ?",yes,no,none,none,none,none,high,
6119,8e7177336953,Звернення Президента Володимира Зеленського з нагоди Дня захисників і захисниць України,2023-10-01,https://www.president.gov.ua/news/zvernennya-prezidenta-volodimira-zelenskogo-z-nagodi-dnya-za-85993,church_actors,церква,церква,"Над Золотими воротами зведена надбрамна церква Пресвятої Богородиці , що служила небесному захисту міста .","Перед кожним із нас і задля кожного з нас стоять наші сучасні вартові , наші бійці вздовж лінії фронту , які захищають нашу землю сьогодні .","Небо над нами сьогодні захищають сили ППО та всі наші воїни , берегинею яких є і Покрова .",yes,no,none,none,none,none,high,
6120,8e7177336953,Звернення Президента Володимира Зеленського з нагоди Дня захисників і захисниць України,2023-10-01,https://www.president.gov.ua/news/zvernennya-prezidenta-volodimira-zelenskogo-z-nagodi-dnya-za-85993,material_security,ворог,ворог,"24 лютого почалося не коли годинник показав північ , а коли ворог почав наступ .",Якими маємо стати ?,Для нас перші хвилини того дня – це перші ракети й перші удари по Україні .,yes,no,none,none,none,none,high,
6121,8e7177336953,Звернення Президента Володимира Зеленського з нагоди Дня захисників і захисниць України,2023-10-01,https://www.president.gov.ua/news/zvernennya-prezidenta-volodimira-zelenskogo-z-nagodi-dnya-za-85993,material_security,оборона,оборони,"Звертаючись до наших сил оборони й безпеки в ту мить , я казав : « Стійте міцно !",Для нас перші хвилини того дня – це перші ракети й перші удари по Україні .,"Ви все , що в нас є … »",yes,no,none,none,none,none,high,
6122,8e7177336953,Звернення Президента Володимира Зеленського з нагоди Дня захисників і захисниць України,2023-10-01,https://www.president.gov.ua/news/zvernennya-prezidenta-volodimira-zelenskogo-z-nagodi-dnya-za-85993,material_security,безпека,безпеки,"Звертаючись до наших сил оборони й безпеки в ту мить , я казав : « Стійте міцно !",Для нас перші хвилини того дня – це перші ракети й перші удари по Україні .,"Ви все , що в нас є … »",yes,no,none,none,none,none,high,
6123,8e7177336953,Звернення Президента Володимира Зеленського з нагоди Дня захисників і захисниць України,2023-10-01,https://www.president.gov.ua/news/zvernennya-prezidenta-volodimira-zelenskogo-z-nagodi-dnya-za-85993,material_security,безпека,безпеки,"Наші прикордонники , наша піхота , танкісти , льотчики , моряки , артилеристи , зенітники , наші десантники , спецпризначенці , розвідка , Служба безпеки України , Національна гвардія , поліція , тероборона .","Всім , хто першим прийняв важкий бій .","Всі , хто захищає українську землю , море й небо .",yes,no,none,none,none,none,high,
6124,8e7177336953,Звернення Президента Володимира Зеленського з нагоди Дня захисників і захисниць України,2023-10-01,https://www.president.gov.ua/news/zvernennya-prezidenta-volodimira-zelenskogo-z-nagodi-dnya-za-85993,material_security,безпека,безпеку,"Дякуємо всім , хто захищає наші кордони й рубежі , правопорядок і безпеку наших вулиць , захищає наші землі від мін і снарядів , наші оселі від пожеж і вогню .",Бо такими вони всі стали для нас у першу хвилину 24 лютого .,"Всі , хто стоїть на захисті України .",yes,no,none,none,none,none,high,
6125,8e7177336953,Звернення Президента Володимира Зеленського з нагоди Дня захисників і захисниць України,2023-10-01,https://www.president.gov.ua/news/zvernennya-prezidenta-volodimira-zelenskogo-z-nagodi-dnya-za-85993,material_security,безпека,безпеки,Всі наші сили безпеки й оборони .,"Всі , хто стоїть на захисті України .","Солдати , сержанти , старшини , матроси , офіцери й генерали , які разом доводять : неважливо , що на погонах , важливо , що в головах і серцях .",yes,no,none,none,none,none,high,
6126,8e7177336953,Звернення Президента Володимира Зеленського з нагоди Дня захисників і захисниць України,2023-10-01,https://www.president.gov.ua/news/zvernennya-prezidenta-volodimira-zelenskogo-z-nagodi-dnya-za-85993,material_security,оборона,оборони,Всі наші сили безпеки й оборони .,"Всі , хто стоїть на захисті України .","Солдати , сержанти , старшини , матроси , офіцери й генерали , які разом доводять : неважливо , що на погонах , важливо , що в головах і серцях .",yes,no,none,none,none,none,high,
6127,8e7177336953,Звернення Президента Володимира Зеленського з нагоди Дня захисників і захисниць України,2023-10-01,https://www.president.gov.ua/news/zvernennya-prezidenta-volodimira-zelenskogo-z-nagodi-dnya-za-85993,material_security,оборона,оборони,Та вже незабаром проривав першу лінію оборони окупанта .,"А хтось скаже , що 24 лютого був на першому курсі .","Всі , кому довелося швидко подорослішати .",yes,no,none,none,none,none,high,
6128,8e7177336953,Звернення Президента Володимира Зеленського з нагоди Дня захисників і захисниць України,2023-10-01,https://www.president.gov.ua/news/zvernennya-prezidenta-volodimira-zelenskogo-z-nagodi-dnya-za-85993,decolonisation,окупант,окупанта,Та вже незабаром проривав першу лінію оборони окупанта .,"А хтось скаже , що 24 лютого був на першому курсі .","Всі , кому довелося швидко подорослішати .",yes,no,none,none,none,none,high,
6129,8e7177336953,Звернення Президента Володимира Зеленського з нагоди Дня захисників і захисниць України,2023-10-01,https://www.president.gov.ua/news/zvernennya-prezidenta-volodimira-zelenskogo-z-nagodi-dnya-za-85993,decolonisation,незалежність,незалежності,"Мета цього дня – ушанування хоробрості та героїзму захисників і захисниць незалежності й територіальної цілісності України , військових традицій і звитяг українського народу .",Дорогі українці !,"І в перші хвилини 24 лютого , і дотепер ці звитяги щодня бачить весь світ .",yes,no,none,none,none,none,high,
6130,8e7177336953,Звернення Президента Володимира Зеленського з нагоди Дня захисників і захисниць України,2023-10-01,https://www.president.gov.ua/news/zvernennya-prezidenta-volodimira-zelenskogo-z-nagodi-dnya-za-85993,urgency,припинити,припинили,"Вони не мають терміну дії , кінцевої дати чи крайньої точки , після якої ми припинили б спротив і боротьбу , окрім однієї – нашої перемоги .","Ні планово , ні аварійно ніхто не має й не зможе « відключити » нашу стійкість , витримку , міцність , відвагу .","Щоденно наближаючи її , ми кажемо : « Будемо боротися стільки , скільки буде потрібно ! »",yes,no,none,none,none,none,high,
6131,8e7177336953,Звернення Президента Володимира Зеленського з нагоди Дня захисників і захисниць України,2023-10-01,https://www.president.gov.ua/news/zvernennya-prezidenta-volodimira-zelenskogo-z-nagodi-dnya-za-85993,decolonisation,окупант,окупантів,Виганяємо окупантів .,"Ми зупинили навалу значних сил ворожої армії , вистояли й не віддали Київ , Харків , Одесу , Миколаїв , Запоріжжя , Суми та ще сотні - сотні міст і сіл .",І робимо й будемо робити це надалі .,yes,no,none,none,none,none,high,
6132,8e7177336953,Звернення Президента Володимира Зеленського з нагоди Дня захисників і захисниць України,2023-10-01,https://www.president.gov.ua/news/zvernennya-prezidenta-volodimira-zelenskogo-z-nagodi-dnya-za-85993,material_security,територіальний цілісність,територіальної цілісності,"Мета цього дня – ушанування хоробрості та героїзму захисників і захисниць незалежності й територіальної цілісності України , військових традицій і звитяг українського народу .",Дорогі українці !,"І в перші хвилини 24 лютого , і дотепер ці звитяги щодня бачить весь світ .",yes,no,none,none,none,none,high,
6224,9161232dd76f,"Ми не можемо залишити жодного міста й села в російській окупації, яка несе насильство й приниження людей – звернення Президента України",2023-07-15,https://www.president.gov.ua/news/mi-ne-mozhemo-zalishiti-zhodnogo-mista-j-sela-v-rosijskij-ok-84357,church_actors,патріарх,патріарх,"Генсек НАТО Столтенберг , Президент Європейської ради Мішель , Президентка Єврокомісії фон дер Ляєн , Вселенський патріарх Варфоломій .","Також Словаччини , Болгарії , Литви , Швеції , Португалії , Іспанії та Канади , Австралії та Нової Зеландії , Південно - Африканської Республіки , Гвінеї - Бісау .","Звернення до студентської спільноти Аргентини , спілкування з найбільшими й найбільш перспективними американськими інвесторами та керівниками компаній .",yes,no,none,none,none,none,high,
6225,9161232dd76f,"Ми не можемо залишити жодного міста й села в російській окупації, яка несе насильство й приниження людей – звернення Президента України",2023-07-15,https://www.president.gov.ua/news/mi-ne-mozhemo-zalishiti-zhodnogo-mista-j-sela-v-rosijskij-ok-84357,decolonisation,звільнення,звільнення,"Я вдячний усім нашим партнерам – кожному лідеру , кожному політику , громадському діячу , кожній країні , які справді підтримують нас у тому , що тільки повне звільнення всієї нашої української території дасть змогу повернути повну силу міжнародному порядку , заснованому на правилах .","Всюди , де триває російська окупація , панують насильство , приниження людей .","І , звичайно , моя вдячність усім нашим воїнам .",yes,no,none,none,none,none,high,
6268,92c1898797ce,Маємо максимально завдавати ураження всім російським позиціям і робимо це – звернення Президента,2024-08-16,https://www.president.gov.ua/news/mayemo-maksimalno-zavdavati-urazhennya-vsim-rosijskim-pozici-92637,decolonisation,окупант,окупант,"Бачимо , що окупант зазнає втрат , і це корисно , дуже корисно для нашої оборони .",Було вже кілька доповідей Головкома Сирського про фронтову ситуацію та про нашу операцію в Курській області .,Це стосується знищення логістики російської армії та витрати їхніх резервів .,yes,no,none,none,none,none,high,
6269,92c1898797ce,Маємо максимально завдавати ураження всім російським позиціям і робимо це – звернення Президента,2024-08-16,https://www.president.gov.ua/news/mayemo-maksimalno-zavdavati-urazhennya-vsim-rosijskim-pozici-92637,material_security,оборона,оборони,"Бачимо , що окупант зазнає втрат , і це корисно , дуже корисно для нашої оборони .",Було вже кілька доповідей Головкома Сирського про фронтову ситуацію та про нашу операцію в Курській області .,Це стосується знищення логістики російської армії та витрати їхніх резервів .,yes,no,none,none,none,none,high,
6270,92c1898797ce,Маємо максимально завдавати ураження всім російським позиціям і робимо це – звернення Президента,2024-08-16,https://www.president.gov.ua/news/mayemo-maksimalno-zavdavati-urazhennya-vsim-rosijskim-pozici-92637,church_actors,церква,церков,Говорив із членами Ради церков та релігійних організацій .,І ще одне за сьогодні – надзвичайно важливе .,І вдячний за підтримку нашого курсу на духовну незалежність України .,yes,no,none,none,none,none,high,
6271,92c1898797ce,Маємо максимально завдавати ураження всім російським позиціям і робимо це – звернення Президента,2024-08-16,https://www.president.gov.ua/news/mayemo-maksimalno-zavdavati-urazhennya-vsim-rosijskim-pozici-92637,church_actors,релігійний,релігійних,Говорив із членами Ради церков та релігійних організацій .,І ще одне за сьогодні – надзвичайно важливе .,І вдячний за підтримку нашого курсу на духовну незалежність України .,yes,no,none,none,none,none,high,
6272,92c1898797ce,Маємо максимально завдавати ураження всім російським позиціям і робимо це – звернення Президента,2024-08-16,https://www.president.gov.ua/news/mayemo-maksimalno-zavdavati-urazhennya-vsim-rosijskim-pozici-92637,ontological_security,духовний,духовну,І вдячний за підтримку нашого курсу на духовну незалежність України .,Говорив із членами Ради церков та релігійних організацій .,"Верховній Раді запропоновано законопроєкт , який може реально гарантувати , що не буде жодних маніпуляцій із Москви українською церквою .",yes,yes,ontological,nation,Moscow_Patriarchate,none,high,Grateful for support of 'our course toward spiritual independence of Ukraine'. Council of Churches endorsement.
6273,92c1898797ce,Маємо максимально завдавати ураження всім російським позиціям і робимо це – звернення Президента,2024-08-16,https://www.president.gov.ua/news/mayemo-maksimalno-zavdavati-urazhennya-vsim-rosijskim-pozici-92637,decolonisation,незалежність,незалежність,І вдячний за підтримку нашого курсу на духовну незалежність України .,Говорив із членами Ради церков та релігійних організацій .,"Верховній Раді запропоновано законопроєкт , який може реально гарантувати , що не буде жодних маніпуляцій із Москви українською церквою .",yes,no,none,none,none,none,high,
6274,92c1898797ce,Маємо максимально завдавати ураження всім російським позиціям і робимо це – звернення Президента,2024-08-16,https://www.president.gov.ua/news/mayemo-maksimalno-zavdavati-urazhennya-vsim-rosijskim-pozici-92637,church_actors,церква,церквою,"Верховній Раді запропоновано законопроєкт , який може реально гарантувати , що не буде жодних маніпуляцій із Москви українською церквою .",І вдячний за підтримку нашого курсу на духовну незалежність України .,"Цей законопроєкт повинен спрацювати й повинен додати Україні соборності , реальної нашої єдності духовної .",yes,yes,both,church_independence,Moscow_Patriarchate,ban,high,Bill proposed to Rada guaranteeing no Moscow manipulation of Ukrainian church. Explicit extraordinary measure targeting Moscow Patriarchate influence.
6275,92c1898797ce,Маємо максимально завдавати ураження всім російським позиціям і робимо це – звернення Президента,2024-08-16,https://www.president.gov.ua/news/mayemo-maksimalno-zavdavati-urazhennya-vsim-rosijskim-pozici-92637,ontological_security,духовний,духовної,"Цей законопроєкт повинен спрацювати й повинен додати Україні соборності , реальної нашої єдності духовної .","Верховній Раді запропоновано законопроєкт , який може реально гарантувати , що не буде жодних маніпуляцій із Москви українською церквою .","Дякую всім , хто зміцнює незалежність України !",yes,yes,ontological,nation,Moscow_Patriarchate,ban,high,"Bill should add to Ukraine's sobornost (unity), real spiritual unity. Legislative measure framed as strengthening national spiritual cohesion."
6276,92c1898797ce,Маємо максимально завдавати ураження всім російським позиціям і робимо це – звернення Президента,2024-08-16,https://www.president.gov.ua/news/mayemo-maksimalno-zavdavati-urazhennya-vsim-rosijskim-pozici-92637,decolonisation,незалежність,незалежність,"Дякую всім , хто зміцнює незалежність України !","Цей законопроєкт повинен спрацювати й повинен додати Україні соборності , реальної нашої єдності духовної .",Слава Україні !,yes,no,none,none,none,none,high,
6277,92c1898797ce,Маємо максимально завдавати ураження всім російським позиціям і робимо це – звернення Президента,2024-08-16,https://www.president.gov.ua/news/mayemo-maksimalno-zavdavati-urazhennya-vsim-rosijskim-pozici-92637,material_security,територіальний цілісність,територіальної цілісності,Прийняв вірчі грамоти і вдячний за чітку підтримку нашої територіальної цілісності та міжнародного права .,"Прибули для роботи в Україні нові посли держав - партнерів : Бельгія , Індія , Нідерланди , Словаччина , Італія , Мексика .","І сьогодні ж провів кілька нарад щодо подальшої роботи для наближення миру для України , справедливого миру , і для захисту наших людей .",yes,no,none,none,none,none,high,
6278,92c1898797ce,Маємо максимально завдавати ураження всім російським позиціям і робимо це – звернення Президента,2024-08-16,https://www.president.gov.ua/news/mayemo-maksimalno-zavdavati-urazhennya-vsim-rosijskim-pozici-92637,ontological_security,духовний незалежність,духовну незалежність,І вдячний за підтримку нашого курсу на духовну незалежність України .,Говорив із членами Ради церков та релігійних організацій .,"Верховній Раді запропоновано законопроєкт , який може реально гарантувати , що не буде жодних маніпуляцій із Москви українською церквою .",yes,yes,ontological,nation,Moscow_Patriarchate,none,high,Grateful for support of 'our course toward spiritual independence of Ukraine'. Council of Churches endorsement.
6342,9411e1b166a6,"Продовжимо посилювати нашу ППО і працювати над тим, щоб повернути війну назад у Росію – звернення Президента України",2023-12-29,https://www.president.gov.ua/news/prodovzhimo-posilyuvati-nashu-ppo-i-pracyuvati-nad-tim-shob-88025,church_actors,церква,церкви,"Мішені вже для Росії звичні – понад 100 приватних будинків зруйновані або пошкоджені , 45 багатоповерхівок , школи , дві церкви , лікарні , пологовий будинок , багато торговельних і складських приміщень .","Наші воїни збили більшість із них – різні типи ракет , « шахеди » .",Станом на цей час 29 людей загинули .,yes,no,none,none,none,none,high,
6343,9411e1b166a6,"Продовжимо посилювати нашу ППО і працювати над тим, щоб повернути війну назад у Росію – звернення Президента України",2023-12-29,https://www.president.gov.ua/news/prodovzhimo-posilyuvati-nashu-ppo-i-pracyuvati-nad-tim-shob-88025,material_security,оборона,оборони,Наші воїни протиповітряної оборони сьогодні зробили багато .,"Особливо тим , хто допоміг нашій державі з ППО .","Враховуючи , що російські терористи спеціально старались обійти наш захист .",yes,no,none,none,none,none,high,
6399,966acfa2bfee,Змістовні переговори про мир і безпеку для України – єдиний шанс для Росії зменшити шкоду від власних помилок – звернення Президента Володимира Зеленського,2022-03-19,https://www.president.gov.ua/news/zmistovni-peregovori-pro-mir-i-bezpeku-dlya-ukrayini-yedinij-73661,material_security,оборона,оборони,"Вантажі для нашої оборони , для наших людей будуть завозитися в Україну настільки легко , наскільки це дозволяють закони фізики .",Протягом дня урядовці опрацювали рішення для повного перезавантаження митниці .,"Прибираємо абсолютно всю бюрократію , всі папірці , а також ПДВ , мито , всі митні платежі .",yes,no,none,none,none,none,high,
6400,966acfa2bfee,Змістовні переговори про мир і безпеку для України – єдиний шанс для Росії зменшити шкоду від власних помилок – звернення Президента Володимира Зеленського,2022-03-19,https://www.president.gov.ua/news/zmistovni-peregovori-pro-mir-i-bezpeku-dlya-ukrayini-yedinij-73661,material_security,оборона,оборони,"Я наголошую : це рішення , яке необхідне для оборони , для підтримання нормального життя у період воєнного стану .","Голова Верховної Ради України Руслан Стефанчук та профільні комітети працюють над тим , щоб новації були підтримані й нашими депутатами .",І я хочу порадити окремим депутатам не спекулювати із цим питанням .,yes,no,none,none,none,none,high,
6401,966acfa2bfee,Змістовні переговори про мир і безпеку для України – єдиний шанс для Росії зменшити шкоду від власних помилок – звернення Президента Володимира Зеленського,2022-03-19,https://www.president.gov.ua/news/zmistovni-peregovori-pro-mir-i-bezpeku-dlya-ukrayini-yedinij-73661,decolonisation,окупант,окупанти,Але окупанти продовжують блокувати постачання гуманітарних вантажів по більшості напрямків в оточені міста .,Доставлені сотні тонн найнеобхідніших продуктів .,Це абсолютно свідома тактика .,yes,no,none,none,none,none,high,
6402,966acfa2bfee,Змістовні переговори про мир і безпеку для України – єдиний шанс для Росії зменшити шкоду від власних помилок – звернення Президента Володимира Зеленського,2022-03-19,https://www.president.gov.ua/news/zmistovni-peregovori-pro-mir-i-bezpeku-dlya-ukrayini-yedinij-73661,decolonisation,окупант,окупантами,"Вони мають чіткий наказ – зробити абсолютно все , щоб гуманітарна катастрофа в українських містах перетворилася на « аргумент » для українців співпрацювати з окупантами .",Це абсолютно свідома тактика .,Це воєнний злочин .,yes,no,none,none,none,none,high,
6403,966acfa2bfee,Змістовні переговори про мир і безпеку для України – єдиний шанс для Росії зменшити шкоду від власних помилок – звернення Президента Володимира Зеленського,2022-03-19,https://www.president.gov.ua/news/zmistovni-peregovori-pro-mir-i-bezpeku-dlya-ukrayini-yedinij-73661,decolonisation,окупант,окупантами,"З-під завалів зруйнованого окупантами в Маріуполі драмтеатру , де ховалися мирні люди від російських обстрілів та бомб , продовжують рятувати людей .","У місто , де розташований Міжнародний кримінальний суд .",Вже понад 130 – на поверхні .,yes,no,none,none,none,none,high,
6404,966acfa2bfee,Змістовні переговори про мир і безпеку для України – єдиний шанс для Росії зменшити шкоду від власних помилок – звернення Президента Володимира Зеленського,2022-03-19,https://www.president.gov.ua/news/zmistovni-peregovori-pro-mir-i-bezpeku-dlya-ukrayini-yedinij-73661,decolonisation,окупант,окупантів,"Київська область , Сумщина , Чернігівщина , на півдні нашої держави – армія зупинила окупантів .","Людей , які не витримують і півгодини пів години в бою .",Початковий план російських військових із захоплення нашої держави провалився .,yes,no,none,none,none,none,high,
6405,966acfa2bfee,Змістовні переговори про мир і безпеку для України – єдиний шанс для Росії зменшити шкоду від власних помилок – звернення Президента Володимира Зеленського,2022-03-19,https://www.president.gov.ua/news/zmistovni-peregovori-pro-mir-i-bezpeku-dlya-ukrayini-yedinij-73661,church_actors,церква,церков,"Нічого , окрім руйнації невійськової інфраструктури – житлових будинків , лікарень , шкіл , церков .","Окрім постійних ударів по цивільному населенню , по мирних містах , по людях , по дітях , ракет , авіабомб , обстрілів з « Градів » , « Ураганів » .",Але ця тактика їхніх військових лише погіршує ситуацію для російської держави .,yes,no,none,none,none,none,high,
6406,966acfa2bfee,Змістовні переговори про мир і безпеку для України – єдиний шанс для Росії зменшити шкоду від власних помилок – звернення Президента Володимира Зеленського,2022-03-19,https://www.president.gov.ua/news/zmistovni-peregovori-pro-mir-i-bezpeku-dlya-ukrayini-yedinij-73661,material_security,санкція,санкцій,Призводить до нових і нових руйнівних санкцій .,Але ця тактика їхніх військових лише погіршує ситуацію для російської держави .,Спонукає нових учасників приєднуватися до нашої антивоєнної коаліції .,yes,no,none,none,none,none,high,
6407,966acfa2bfee,Змістовні переговори про мир і безпеку для України – єдиний шанс для Росії зменшити шкоду від власних помилок – звернення Президента Володимира Зеленського,2022-03-19,https://www.president.gov.ua/news/zmistovni-peregovori-pro-mir-i-bezpeku-dlya-ukrayini-yedinij-73661,material_security,безпека,безпеку,"Тому переговори про мир , про безпеку для нас , для України – змістовні , чесні та без затягування – це єдиний шанс для Росії зменшити шкоду від власних помилок .","Дозволяє обʼєднувати для тиску на Росію навіть такі держави , які намагалися залишатися нейтральними завжди .",Ми завжди наполягали на переговорах .,yes,no,none,none,none,none,high,
6408,966acfa2bfee,Змістовні переговори про мир і безпеку для України – єдиний шанс для Росії зменшити шкоду від власних помилок – звернення Президента Володимира Зеленського,2022-03-19,https://www.president.gov.ua/news/zmistovni-peregovori-pro-mir-i-bezpeku-dlya-ukrayini-yedinij-73661,material_security,ворог,ворога,"За мужність , за ефективні дії з відбиття атак ворога , за захист міста - героя Маріуполя .","Та майору Прокопенку Денису Геннадійовичу , командиру окремого загону спецпризначення « Азов » .",Слава усім нашим героям !,yes,no,none,none,none,none,high,
6409,966acfa2bfee,Змістовні переговори про мир і безпеку для України – єдиний шанс для Росії зменшити шкоду від власних помилок – звернення Президента Володимира Зеленського,2022-03-19,https://www.president.gov.ua/news/zmistovni-peregovori-pro-mir-i-bezpeku-dlya-ukrayini-yedinij-73661,material_security,територіальний цілісність,територіальну цілісність,Настав час відновлювати територіальну цілісність і справедливість для України .,Час говорити .,"Інакше втрати Росії будуть такими , що вам не вистачить і кількох поколінь , щоб піднятися .",yes,no,none,none,none,none,high,
6471,98d3802ff4c7,Заява Президента України під час спільного з Президентом Туреччини спілкування з журналістами,2025-11-19,https://www.president.gov.ua/news/zayava-prezidenta-ukrayini-pid-chas-spilnogo-z-prezidentom-t-101465,decolonisation,незалежність,незалежність,"Я хочу подякувати за співпрацю – а вона є , – яка допомагає нам захищати життя , а також за чітке ставлення Туреччини до всіх ключових аспектів цієї трагедії , цієї агресії – Туреччина підтримує незалежність України .","Для України важлива принципова позиція Туреччини щодо російської війни проти наших людей , проти нашої держави .","Ми дякуємо за підтримку нашої територіальної цілісності , суверенітету .",yes,no,none,none,none,none,high,
6472,98d3802ff4c7,Заява Президента України під час спільного з Президентом Туреччини спілкування з журналістами,2025-11-19,https://www.president.gov.ua/news/zayava-prezidenta-ukrayini-pid-chas-spilnogo-z-prezidentom-t-101465,material_security,суверенітет,суверенітету,"Ми дякуємо за підтримку нашої територіальної цілісності , суверенітету .","Я хочу подякувати за співпрацю – а вона є , – яка допомагає нам захищати життя , а також за чітке ставлення Туреччини до всіх ключових аспектів цієї трагедії , цієї агресії – Туреччина підтримує незалежність України .","Наш суверенітет – це щоденна боротьба українців – військових , цивільних , усіх , хто захищає право на життя в Україні , наше право на самооборону .",yes,no,none,none,none,none,high,
6473,98d3802ff4c7,Заява Президента України під час спільного з Президентом Туреччини спілкування з журналістами,2025-11-19,https://www.president.gov.ua/news/zayava-prezidenta-ukrayini-pid-chas-spilnogo-z-prezidentom-t-101465,material_security,суверенітет,суверенітет,"Наш суверенітет – це щоденна боротьба українців – військових , цивільних , усіх , хто захищає право на життя в Україні , наше право на самооборону .","Ми дякуємо за підтримку нашої територіальної цілісності , суверенітету .","Сьогодні вночі всі у світі знову могли побачити , що несе ця війна , що несе агресія Росії .",yes,no,none,none,none,none,high,
6474,98d3802ff4c7,Заява Президента України під час спільного з Президентом Туреччини спілкування з журналістами,2025-11-19,https://www.president.gov.ua/news/zayava-prezidenta-ukrayini-pid-chas-spilnogo-z-prezidentom-t-101465,material_security,безпека,безпеку,"Звісно , ми говорили предметно й по ситуації в дипломатії – зараз багато процесів активізувались , і ми стараємося зробити так , щоб уся активність була спрямована саме на мир , на достойний мир і гарантовану безпеку .",Розраховуємо на результати .,"Війна має закінчитись , немає альтернатив миру , Росія повинна усвідомлювати , що за війну , за вбивства не має бути жодної винагороди , і не має залишитись у Росії можливості розв’язати іншу подібну війну – проти України чи проти будь-якої іншої країни в регіоні поруч .",yes,no,none,none,none,none,high,
6475,98d3802ff4c7,Заява Президента України під час спільного з Президентом Туреччини спілкування з журналістами,2025-11-19,https://www.president.gov.ua/news/zayava-prezidenta-ukrayini-pid-chas-spilnogo-z-prezidentom-t-101465,material_security,безпека,безпека,І ми однаково з Туреччиною це бачимо : мир і безпека мають бути гарантованими .,"Війна має закінчитись , немає альтернатив миру , Росія повинна усвідомлювати , що за війну , за вбивства не має бути жодної винагороди , і не має залишитись у Росії можливості розв’язати іншу подібну війну – проти України чи проти будь-якої іншої країни в регіоні поруч .",Гарантії безпеки дуже важливі .,yes,no,none,none,none,none,high,
6476,98d3802ff4c7,Заява Президента України під час спільного з Президентом Туреччини спілкування з журналістами,2025-11-19,https://www.president.gov.ua/news/zayava-prezidenta-ukrayini-pid-chas-spilnogo-z-prezidentom-t-101465,material_security,безпека,безпеки,Гарантії безпеки дуже важливі .,І ми однаково з Туреччиною це бачимо : мир і безпека мають бути гарантованими .,"Ми будемо й надалі тісно координуватись , працювати з усіма нашими партнерами .",yes,no,none,none,none,none,high,
6477,98d3802ff4c7,Заява Президента України під час спільного з Президентом Туреччини спілкування з журналістами,2025-11-19,https://www.president.gov.ua/news/zayava-prezidenta-ukrayini-pid-chas-spilnogo-z-prezidentom-t-101465,material_security,безпека,безпеки,"Всі розуміють значення безпеки в Чорному морі , і гарантувати таку безпеку можна тільки разом із Туреччиною .","Важлива активна залученість Туреччини до Коаліції охочих , особливо до військово - морського компонента .","Дуже стараємось відновити обміни , обміни полонених , щоб повернути додому українських військових , українських цивільних , які утримуються Росією , у тому числі це кримськотатарські політичні та релігійні в’язні в Росії .",yes,no,none,none,none,none,high,
6478,98d3802ff4c7,Заява Президента України під час спільного з Президентом Туреччини спілкування з журналістами,2025-11-19,https://www.president.gov.ua/news/zayava-prezidenta-ukrayini-pid-chas-spilnogo-z-prezidentom-t-101465,material_security,безпека,безпеку,"Всі розуміють значення безпеки в Чорному морі , і гарантувати таку безпеку можна тільки разом із Туреччиною .","Важлива активна залученість Туреччини до Коаліції охочих , особливо до військово - морського компонента .","Дуже стараємось відновити обміни , обміни полонених , щоб повернути додому українських військових , українських цивільних , які утримуються Росією , у тому числі це кримськотатарські політичні та релігійні в’язні в Росії .",yes,no,none,none,none,none,high,
6479,98d3802ff4c7,Заява Президента України під час спільного з Президентом Туреччини спілкування з журналістами,2025-11-19,https://www.president.gov.ua/news/zayava-prezidenta-ukrayini-pid-chas-spilnogo-z-prezidentom-t-101465,church_actors,релігійний,релігійні,"Дуже стараємось відновити обміни , обміни полонених , щоб повернути додому українських військових , українських цивільних , які утримуються Росією , у тому числі це кримськотатарські політичні та релігійні в’язні в Росії .","Всі розуміють значення безпеки в Чорному морі , і гарантувати таку безпеку можна тільки разом із Туреччиною .","Звісно , ми працюємо і щоб повернути викрадених наших українських дітей .",yes,no,none,none,none,none,high,
6480,98d3802ff4c7,Заява Президента України під час спільного з Президентом Туреччини спілкування з журналістами,2025-11-19,https://www.president.gov.ua/news/zayava-prezidenta-ukrayini-pid-chas-spilnogo-z-prezidentom-t-101465,material_security,територіальний цілісність,територіальної цілісності,"Ми дякуємо за підтримку нашої територіальної цілісності , суверенітету .","Я хочу подякувати за співпрацю – а вона є , – яка допомагає нам захищати життя , а також за чітке ставлення Туреччини до всіх ключових аспектів цієї трагедії , цієї агресії – Туреччина підтримує незалежність України .","Наш суверенітет – це щоденна боротьба українців – військових , цивільних , усіх , хто захищає право на життя в Україні , наше право на самооборону .",yes,no,none,none,none,none,high,
6521,9a781542268c,Європі потрібна швидкість в ухваленні рішень і чіткі інструменти для захисту від непотрібних блокувань – виступ Президента на засіданні Євроради,2025-03-20,https://www.president.gov.ua/news/yevropi-potribna-shvidkist-v-uhvalenni-rishen-i-chitki-instr-96761,church_actors,православний,православну,"І в місті Кропивницькому , у Центрі України , пошкоджено житлові будинки , а також православну церкву та школу .",Вони атакували об’єкти нашої інфраструктури .,Серед поранених – четверо дітей .,yes,no,none,none,none,none,high,
6522,9a781542268c,Європі потрібна швидкість в ухваленні рішень і чіткі інструменти для захисту від непотрібних блокувань – виступ Президента на засіданні Євроради,2025-03-20,https://www.president.gov.ua/news/yevropi-potribna-shvidkist-v-uhvalenni-rishen-i-chitki-instr-96761,church_actors,церква,церкву,"І в місті Кропивницькому , у Центрі України , пошкоджено житлові будинки , а також православну церкву та школу .",Вони атакували об’єкти нашої інфраструктури .,Серед поранених – четверо дітей .,yes,no,none,none,none,none,high,
6523,9a781542268c,Європі потрібна швидкість в ухваленні рішень і чіткі інструменти для захисту від непотрібних блокувань – виступ Президента на засіданні Євроради,2025-03-20,https://www.president.gov.ua/news/yevropi-potribna-shvidkist-v-uhvalenni-rishen-i-chitki-instr-96761,urgency,припинити,припинити,І попри слова Путіна про нібито готовність припинити атаки нічого не змінилося .,"Ми в Україні стикаємось із цим щодня й щоночі , ви це знаєте .","Я хочу подякувати нашим солдатам , рятувальникам , лікарям , медсестрам – усім , хто захищає від російських ударів і рятує життя .",yes,no,none,none,none,none,high,
6524,9a781542268c,Європі потрібна швидкість в ухваленні рішень і чіткі інструменти для захисту від непотрібних блокувань – виступ Президента на засіданні Євроради,2025-03-20,https://www.president.gov.ua/news/yevropi-potribna-shvidkist-v-uhvalenni-rishen-i-chitki-instr-96761,material_security,оборона,оборони,"І це особливо стосується протиповітряної оборони , військової допомоги та нашої загальної стійкості .","Тому необхідно , щоб ваша підтримка України не зменшувалася , а навпаки – тривала й зростала .","Нам потрібні кошти на артилерійські снаряди , і ми були б дуже вдячні за європейську підтримку в розмірі щонайменше 5 мільярдів євро в найкоротші терміни .",yes,no,none,none,none,none,high,
6525,9a781542268c,Європі потрібна швидкість в ухваленні рішень і чіткі інструменти для захисту від непотрібних блокувань – виступ Президента на засіданні Євроради,2025-03-20,https://www.president.gov.ua/news/yevropi-potribna-shvidkist-v-uhvalenni-rishen-i-chitki-instr-96761,decolonisation,незалежність,незалежність,"Європі потрібна технологічна незалежність , зокрема й у виробництві зброї .","Інвестиції у виробництво зброї потрібні як в Україні , так і у ваших країнах .","Все необхідне для захисту континенту має вироблятися тут , у Європі .",yes,no,none,none,none,none,high,
6526,9a781542268c,Європі потрібна швидкість в ухваленні рішень і чіткі інструменти для захисту від непотрібних блокувань – виступ Президента на засіданні Євроради,2025-03-20,https://www.president.gov.ua/news/yevropi-potribna-shvidkist-v-uhvalenni-rishen-i-chitki-instr-96761,material_security,безпека,безпеки,"Але її подальший розвиток , постійна модернізація та підвищення ефективності – разом із вашими інвестиціями в нашу промисловість і спільне виробництво – є запорукою нової основи європейської безпеки .","Україна має ефективні й сучасні технології , як ви знаєте , зокрема у сфері безпілотників та радіоелектронної боротьби , які можуть дати користь усій Європі та нашим глобальним партнерам , і саме зараз ця зброя забезпечує нашу обороноздатність .","Крім того , прошу не послаблювати тиск на Росію через війну .",yes,no,none,none,none,none,high,
6527,9a781542268c,Європі потрібна швидкість в ухваленні рішень і чіткі інструменти для захисту від непотрібних блокувань – виступ Президента на засіданні Євроради,2025-03-20,https://www.president.gov.ua/news/yevropi-potribna-shvidkist-v-uhvalenni-rishen-i-chitki-instr-96761,material_security,санкція,Санкції,"Санкції дуже , дуже необхідні .","Крім того , прошу не послаблювати тиск на Росію через війну .","Санкції мають зберігатися доти , доки Росія не почне виводити свої війська з нашої землі та повністю не відшкодує збитки , завдані її агресією .",yes,no,none,none,none,none,high,
6528,9a781542268c,Європі потрібна швидкість в ухваленні рішень і чіткі інструменти для захисту від непотрібних блокувань – виступ Президента на засіданні Євроради,2025-03-20,https://www.president.gov.ua/news/yevropi-potribna-shvidkist-v-uhvalenni-rishen-i-chitki-instr-96761,material_security,санкція,Санкції,"Санкції мають зберігатися доти , доки Росія не почне виводити свої війська з нашої землі та повністю не відшкодує збитки , завдані її агресією .","Санкції дуже , дуже необхідні .",Я закликаю вас продовжувати боротися зі схемами обходу санкцій і спробами Росії фінансувати свою військову діяльність .,yes,no,none,none,none,none,high,
6529,9a781542268c,Європі потрібна швидкість в ухваленні рішень і чіткі інструменти для захисту від непотрібних блокувань – виступ Президента на засіданні Євроради,2025-03-20,https://www.president.gov.ua/news/yevropi-potribna-shvidkist-v-uhvalenni-rishen-i-chitki-instr-96761,material_security,санкція,санкцій,Я закликаю вас продовжувати боротися зі схемами обходу санкцій і спробами Росії фінансувати свою військову діяльність .,"Санкції мають зберігатися доти , доки Росія не почне виводити свої війська з нашої землі та повністю не відшкодує збитки , завдані її агресією .","Те , що дипломатичні зусилля тривають , не означає , що Росія має зазнавати меншого тиску .",yes,no,none,none,none,none,high,
6530,9a781542268c,Європі потрібна швидкість в ухваленні рішень і чіткі інструменти для захисту від непотрібних блокувань – виступ Президента на засіданні Євроради,2025-03-20,https://www.president.gov.ua/news/yevropi-potribna-shvidkist-v-uhvalenni-rishen-i-chitki-instr-96761,urgency,припинити,припинити,"Путін має припинити висувати непотрібні вимоги , які лише затягують війну , і почати виконувати те , що він обіцяє світу .",Прошу вас це підтримати .,"На цей час уже могло б минути більш як тиждень без убивств , без ударів , без вогню , якби Путін не був єдиним , хто продовжує цю війну .",yes,no,none,none,none,none,high,
6531,9a781542268c,Європі потрібна швидкість в ухваленні рішень і чіткі інструменти для захисту від непотрібних блокувань – виступ Президента на засіданні Євроради,2025-03-20,https://www.president.gov.ua/news/yevropi-potribna-shvidkist-v-uhvalenni-rishen-i-chitki-instr-96761,material_security,безпека,безпеці,"Європейські зусилля , які мали б сприяти більшій безпеці та миру , також постійно гальмуються .","Україна виконала вимоги , але зараз є серйозні труднощі з відкриттям першого і , звичайно , інших переговорних кластерів щодо вступу України до ЄС .","І я вважаю , що це неправильно .",yes,no,none,none,none,none,high,
6532,9a781542268c,Європі потрібна швидкість в ухваленні рішень і чіткі інструменти для захисту від непотрібних блокувань – виступ Президента на засіданні Євроради,2025-03-20,https://www.president.gov.ua/news/yevropi-potribna-shvidkist-v-uhvalenni-rishen-i-chitki-instr-96761,material_security,оборона,обороні,"Якщо ми говоримо про те , що Європа має стати сильнішою у глобальній конкуренції , ми маємо також говорити про те , щоб зробити процес ухвалення рішень в Європі швидшим , гнучкішим , ефективнішим – чи то в політиці , обороні , економіці , промисловості , чи в будь-якій іншій сфері .","Європа мусить мати спосіб запобігати окремим учасникам блокувати те , що потрібне для всіх .",Європі потрібна швидкість в ухваленні рішень і чіткі інструменти для захисту від непотрібних блокувань .,yes,no,none,none,none,none,high,
6533,9a781542268c,Європі потрібна швидкість в ухваленні рішень і чіткі інструменти для захисту від непотрібних блокувань – виступ Президента на засіданні Євроради,2025-03-20,https://www.president.gov.ua/news/yevropi-potribna-shvidkist-v-uhvalenni-rishen-i-chitki-instr-96761,material_security,безпека,безпеку,Європа завжди має бути за столом переговорів у всіх розмовах про безпеку Європи .,Усі разом .,І так воно й буде .,yes,no,none,none,none,none,high,
6534,9a781542268c,Європі потрібна швидкість в ухваленні рішень і чіткі інструменти для захисту від непотрібних блокувань – виступ Президента на засіданні Євроради,2025-03-20,https://www.president.gov.ua/news/yevropi-potribna-shvidkist-v-uhvalenni-rishen-i-chitki-instr-96761,material_security,безпека,безпеки,"І наостанок я хочу подякувати тим із вас , хто працює разом із нами над майбутніми гарантіями безпеки для України і , відповідно , для всього східного флангу Європи й континенту загалом .",І саме тому я закликаю вас підтримати нас так само й не дозволити нам залишитися осторонь спільних європейських зусиль .,"А тих , хто ще не долучився до цих зусиль , запрошую це зробити .",yes,no,none,none,none,none,high,
6535,9a781542268c,Європі потрібна швидкість в ухваленні рішень і чіткі інструменти для захисту від непотрібних блокувань – виступ Президента на засіданні Євроради,2025-03-20,https://www.president.gov.ua/news/yevropi-potribna-shvidkist-v-uhvalenni-rishen-i-chitki-instr-96761,material_security,безпека,безпеки,І всі ми маємо бути максимально ефективними в цій роботі над гарантіями безпеки і максимально швидкими .,"А тих , хто ще не долучився до цих зусиль , запрошую це зробити .",Швидкість у досягненні цих результатів означає наближення миру й забезпечення його стійкості .,yes,no,none,none,none,none,high,
6598,9c784594e39a,"Щоб у майбутньому у Європі не було війни, наша єдність має спрацювати на повну силу – виступ Президента України на інавгураційній пленарній сесії ІІІ саміту Європейської політичної спільноти",2023-10-05,https://www.president.gov.ua/news/shob-u-majbutnomu-u-yevropi-ne-bulo-vijni-nasha-yednist-maye-86117,material_security,безпека,безпеку,"Це про історію , мораль та безпеку , які ми поділяємо .",І це не просто про географію .,"Спільність , яка не має права стати слабшою .",yes,no,none,none,none,none,high,
6599,9c784594e39a,"Щоб у майбутньому у Європі не було війни, наша єдність має спрацювати на повну силу – виступ Президента України на інавгураційній пленарній сесії ІІІ саміту Європейської політичної спільноти",2023-10-05,https://www.president.gov.ua/news/shob-u-majbutnomu-u-yevropi-ne-bulo-vijni-nasha-yednist-maye-86117,church_actors,церква,церкви,"Будинки , школи , університети , церкви , електростанції , транспорт .",Тисячі й тисячі об’єктів уже зруйновані такими ракетами !,"Але Харків , хоч і поранений цим терором , хоч і посічений уламками ракет , живе .",yes,no,none,none,none,none,high,
6600,9c784594e39a,"Щоб у майбутньому у Європі не було війни, наша єдність має спрацювати на повну силу – виступ Президента України на інавгураційній пленарній сесії ІІІ саміту Європейської політичної спільноти",2023-10-05,https://www.president.gov.ua/news/shob-u-majbutnomu-u-yevropi-ne-bulo-vijni-nasha-yednist-maye-86117,material_security,ворог,ворог,"Будь ласка , пам’ятайте : найбільш небезпечний ворог той , який зробив висновки та підготувався до наступного удару на основі цих висновків .","Росія шукає можливостей заморозити ситуацію та адаптуватися , робить висновки зі своїх помилок і готується йти далі .","Москва чітко окреслює свою амбіцію – захопити більше імперського простору собі та не дозволити Європі бути простором вільних націй та демократій , які працюють , зламати європейську єдність .",yes,no,none,none,none,none,high,
6601,9c784594e39a,"Щоб у майбутньому у Європі не було війни, наша єдність має спрацювати на повну силу – виступ Президента України на інавгураційній пленарній сесії ІІІ саміту Європейської політичної спільноти",2023-10-05,https://www.president.gov.ua/news/shob-u-majbutnomu-u-yevropi-ne-bulo-vijni-nasha-yednist-maye-86117,decolonisation,імперський,імперського,"Москва чітко окреслює свою амбіцію – захопити більше імперського простору собі та не дозволити Європі бути простором вільних націй та демократій , які працюють , зламати європейську єдність .","Будь ласка , пам’ятайте : найбільш небезпечний ворог той , який зробив висновки та підготувався до наступного удару на основі цих висновків .",І війна при цьому є базовим інструментом Росії – інструментом підкорення або маніпулювання іншими .,yes,no,none,none,none,none,high,
6602,9c784594e39a,"Щоб у майбутньому у Європі не було війни, наша єдність має спрацювати на повну силу – виступ Президента України на інавгураційній пленарній сесії ІІІ саміту Європейської політичної спільноти",2023-10-05,https://www.president.gov.ua/news/shob-u-majbutnomu-u-yevropi-ne-bulo-vijni-nasha-yednist-maye-86117,material_security,безпека,безпеки,"Усі ці країни потребують економічної підтримки , усі ці країни потребують гарантій безпеки , щоб у Росії не було й спокуси ще коли-небудь спробувати зламати їхній суверенітет .","Нам потрібен такий формат підтримки націй , чиє життя Росія вже намагалася зруйнувати , аби руїна більше ніколи та більше нікуди немає куди не могла поширитися .",Потрібен чіткий сигнал : жодного шансу Росії .,yes,no,none,none,none,none,high,
6603,9c784594e39a,"Щоб у майбутньому у Європі не було війни, наша єдність має спрацювати на повну силу – виступ Президента України на інавгураційній пленарній сесії ІІІ саміту Європейської політичної спільноти",2023-10-05,https://www.president.gov.ua/news/shob-u-majbutnomu-u-yevropi-ne-bulo-vijni-nasha-yednist-maye-86117,material_security,суверенітет,суверенітет,"Усі ці країни потребують економічної підтримки , усі ці країни потребують гарантій безпеки , щоб у Росії не було й спокуси ще коли-небудь спробувати зламати їхній суверенітет .","Нам потрібен такий формат підтримки націй , чиє життя Росія вже намагалася зруйнувати , аби руїна більше ніколи та більше нікуди немає куди не могла поширитися .",Потрібен чіткий сигнал : жодного шансу Росії .,yes,no,none,none,none,none,high,
6604,9c784594e39a,"Щоб у майбутньому у Європі не було війни, наша єдність має спрацювати на повну силу – виступ Президента України на інавгураційній пленарній сесії ІІІ саміту Європейської політичної спільноти",2023-10-05,https://www.president.gov.ua/news/shob-u-majbutnomu-u-yevropi-ne-bulo-vijni-nasha-yednist-maye-86117,material_security,ворог,вороги,"Вони абсолютно підтримують захист свободи й розуміють , що Росія та інші вороги нашого з вами способу життя хочуть скористатися наслідками політичних штормів .","Спілкувався з конгресменами – обидві партії , обидві палати .",І ми у Європі маємо бути готові .,yes,no,none,none,none,none,high,
6605,9c784594e39a,"Щоб у майбутньому у Європі не було війни, наша єдність має спрацювати на повну силу – виступ Президента України на інавгураційній пленарній сесії ІІІ саміту Європейської політичної спільноти",2023-10-05,https://www.president.gov.ua/news/shob-u-majbutnomu-u-yevropi-ne-bulo-vijni-nasha-yednist-maye-86117,material_security,санкція,санкціями,"Маємо й надалі тиснути санкціями , політично та економічно , щоб Росія не могла поширювати хаос .","Не можна дати Путіну дестабілізувати будь-які інші частини світу та наших партнерів , щоб зруйнувати міць Європи .","Присутність Росії , її військових або маріонеток на території будь-якої країни – це загроза всім нам .",yes,no,none,none,none,none,high,
6606,9c784594e39a,"Щоб у майбутньому у Європі не було війни, наша єдність має спрацювати на повну силу – виступ Президента України на інавгураційній пленарній сесії ІІІ саміту Європейської політичної спільноти",2023-10-05,https://www.president.gov.ua/news/shob-u-majbutnomu-u-yevropi-ne-bulo-vijni-nasha-yednist-maye-86117,material_security,загроза,загроза,"Присутність Росії , її військових або маріонеток на території будь-якої країни – це загроза всім нам .","Маємо й надалі тиснути санкціями , політично та економічно , щоб Росія не могла поширювати хаос .","Ми повинні працювати разом , щоб витіснити Росію з територій інших країн .",yes,no,none,none,none,none,high,
6607,9c784594e39a,"Щоб у майбутньому у Європі не було війни, наша єдність має спрацювати на повну силу – виступ Президента України на інавгураційній пленарній сесії ІІІ саміту Європейської політичної спільноти",2023-10-05,https://www.president.gov.ua/news/shob-u-majbutnomu-u-yevropi-ne-bulo-vijni-nasha-yednist-maye-86117,decolonisation,окупант,окупантів,"ППО у нашій країні – і особливо зараз , перед зимою , – зброя в руках наших солдатів , ракети й артилерія , якою ми знищуємо позиції окупантів та звільняємо нашу землю й наші домівки .",Можливості українських воїнів .,"Кожен російський дрон , збитий в Україні , кожен російський танк , знищений в Україні , – це гарантія , що цей дрон , цей танк , будь-яка інша знищена в Україні російська зброя не вдарить по комусь іншому у Європі .",yes,no,none,none,none,none,high,
6608,9c784594e39a,"Щоб у майбутньому у Європі не було війни, наша єдність має спрацювати на повну силу – виступ Президента України на інавгураційній пленарній сесії ІІІ саміту Європейської політичної спільноти",2023-10-05,https://www.president.gov.ua/news/shob-u-majbutnomu-u-yevropi-ne-bulo-vijni-nasha-yednist-maye-86117,material_security,безпека,безпеку,"Діти кожної країни заслуговують на безпеку – і всюди у своїй країні , а не тільки в метро , не тільки в укриттях під землею .","Хай амбіції Путіна будуть руїною , а не наші з вами країни , не наші з вами міста .",Ми повинні зробити це можливим .,yes,no,none,none,none,none,high,
6659,9e18ffdfcc12,"Щоб перемогти тиранію, потрібне більше єднання; демократичний світ здатен його досягти – звернення Володимира Зеленського",2023-03-29,https://www.president.gov.ua/news/shob-peremogti-tiraniyu-potribne-bilshe-yednannya-demokratic-81929,material_security,ворог,ворога,"Я дякую кожному й кожній , хто робить усе , щоб втрати ворога там зростали !","Бʼються стійко , результативно .","А особлива подяка воїнам нашої 57-ї окремої мотопіхотної бригади імені Костя Гордієнка , 77-ї окремої аеромобільної бригади та славетній 93-й окремій механізованій бригаді « Холодний Яр » .",yes,no,none,none,none,none,high,
6660,9e18ffdfcc12,"Щоб перемогти тиранію, потрібне більше єднання; демократичний світ здатен його досягти – звернення Володимира Зеленського",2023-03-29,https://www.president.gov.ua/news/shob-peremogti-tiraniyu-potribne-bilshe-yednannya-demokratic-81929,material_security,оборона,оборони,"Україна не втратила ще жодного тижня за час повномасштабної війни – постійно додаємо сили нашій державі , міцності нашим силам оборони й безпеки , впевненості нашому руху до перемоги .",Провів сьогодні відповідні наради .,"Плюс сьогодні ще й зроблений крок на зміцнення духовної незалежності нашої держави , на захист нашого суспільства від старих і цинічних московських маніпуляцій релігією .",yes,no,none,none,none,none,high,
6661,9e18ffdfcc12,"Щоб перемогти тиранію, потрібне більше єднання; демократичний світ здатен його досягти – звернення Володимира Зеленського",2023-03-29,https://www.president.gov.ua/news/shob-peremogti-tiraniyu-potribne-bilshe-yednannya-demokratic-81929,material_security,безпека,безпеки,"Україна не втратила ще жодного тижня за час повномасштабної війни – постійно додаємо сили нашій державі , міцності нашим силам оборони й безпеки , впевненості нашому руху до перемоги .",Провів сьогодні відповідні наради .,"Плюс сьогодні ще й зроблений крок на зміцнення духовної незалежності нашої держави , на захист нашого суспільства від старих і цинічних московських маніпуляцій релігією .",yes,no,none,none,none,none,high,
6662,9e18ffdfcc12,"Щоб перемогти тиранію, потрібне більше єднання; демократичний світ здатен його досягти – звернення Володимира Зеленського",2023-03-29,https://www.president.gov.ua/news/shob-peremogti-tiraniyu-potribne-bilshe-yednannya-demokratic-81929,ontological_security,духовний,духовної,"Плюс сьогодні ще й зроблений крок на зміцнення духовної незалежності нашої держави , на захист нашого суспільства від старих і цинічних московських маніпуляцій релігією .","Україна не втратила ще жодного тижня за час повномасштабної війни – постійно додаємо сили нашій державі , міцності нашим силам оборони й безпеки , впевненості нашому руху до перемоги .",Україна – це територія найбільшої релігійної свободи у нашій частині Європи .,yes,yes,ontological,nation,Moscow_Patriarchate,ban,high,"Step taken to strengthen spiritual independence, protect society from 'old and cynical Moscow manipulations of religion'. Legislative action implied."
6663,9e18ffdfcc12,"Щоб перемогти тиранію, потрібне більше єднання; демократичний світ здатен його досягти – звернення Володимира Зеленського",2023-03-29,https://www.president.gov.ua/news/shob-peremogti-tiraniyu-potribne-bilshe-yednannya-demokratic-81929,decolonisation,незалежність,незалежності,"Плюс сьогодні ще й зроблений крок на зміцнення духовної незалежності нашої держави , на захист нашого суспільства від старих і цинічних московських маніпуляцій релігією .","Україна не втратила ще жодного тижня за час повномасштабної війни – постійно додаємо сили нашій державі , міцності нашим силам оборони й безпеки , впевненості нашому руху до перемоги .",Україна – це територія найбільшої релігійної свободи у нашій частині Європи .,yes,no,none,none,none,none,high,
6664,9e18ffdfcc12,"Щоб перемогти тиранію, потрібне більше єднання; демократичний світ здатен його досягти – звернення Володимира Зеленського",2023-03-29,https://www.president.gov.ua/news/shob-peremogti-tiraniyu-potribne-bilshe-yednannya-demokratic-81929,church_actors,релігійний,релігійної,Україна – це територія найбільшої релігійної свободи у нашій частині Європи .,"Плюс сьогодні ще й зроблений крок на зміцнення духовної незалежності нашої держави , на захист нашого суспільства від старих і цинічних московських маніпуляцій релігією .",Так – від 91-го року .,yes,no,none,none,none,none,high,
6665,9e18ffdfcc12,"Щоб перемогти тиранію, потрібне більше єднання; демократичний світ здатен його досягти – звернення Володимира Зеленського",2023-03-29,https://www.president.gov.ua/news/shob-peremogti-tiraniyu-potribne-bilshe-yednannya-demokratic-81929,decolonisation,незалежність,незалежність,"Я дякую всім , хто підтримує українську боротьбу за незалежність !","Я дякую всім , хто дбає про Україну й наших громадян !",Слава нашим воїнам !,yes,no,none,none,none,none,high,
6666,9e18ffdfcc12,"Щоб перемогти тиранію, потрібне більше єднання; демократичний світ здатен його досягти – звернення Володимира Зеленського",2023-03-29,https://www.president.gov.ua/news/shob-peremogti-tiraniyu-potribne-bilshe-yednannya-demokratic-81929,ontological_security,духовний незалежність,духовної незалежності,"Плюс сьогодні ще й зроблений крок на зміцнення духовної незалежності нашої держави , на захист нашого суспільства від старих і цинічних московських маніпуляцій релігією .","Україна не втратила ще жодного тижня за час повномасштабної війни – постійно додаємо сили нашій державі , міцності нашим силам оборони й безпеки , впевненості нашому руху до перемоги .",Україна – це територія найбільшої релігійної свободи у нашій частині Європи .,yes,yes,ontological,nation,Moscow_Patriarchate,ban,high,"Step taken to strengthen spiritual independence, protect society from 'old and cynical Moscow manipulations of religion'. Legislative action implied."
6975,a5510c169a12,"Україну стільки разів хотіли знищити, але не змогли – звернення Президента Володимира Зеленського",2022-03-03,https://www.president.gov.ua/news/ukrayinu-stilki-raziv-hotili-znishiti-ale-ne-zmogli-zvernenn-73297,decolonisation,окупант,окупанти,"Стоїмо так , що окупанти змушені були міняти тактику .",І далі стоїмо .,"Ракетно - бомбові удари Росії по українських містах – це зізнання , що не змогли зробити нічого суттєвого на нашій землі .",yes,no,none,none,none,none,high,
6976,a5510c169a12,"Україну стільки разів хотіли знищити, але не змогли – звернення Президента Володимира Зеленського",2022-03-03,https://www.president.gov.ua/news/ukrayinu-stilki-raziv-hotili-znishiti-ale-ne-zmogli-zvernenn-73297,material_security,оборона,оборони,Усі лінії нашої оборони збережені .,"Ракетно - бомбові удари Росії по українських містах – це зізнання , що не змогли зробити нічого суттєвого на нашій землі .",На жодному зі стратегічних напрямків у ворога немає успіху .,yes,no,none,none,none,none,high,
6977,a5510c169a12,"Україну стільки разів хотіли знищити, але не змогли – звернення Президента Володимира Зеленського",2022-03-03,https://www.president.gov.ua/news/ukrayinu-stilki-raziv-hotili-znishiti-ale-ne-zmogli-zvernenn-73297,material_security,ворог,ворога,На жодному зі стратегічних напрямків у ворога немає успіху .,Усі лінії нашої оборони збережені .,Вони пригнічені .,yes,no,none,none,none,none,high,
6978,a5510c169a12,"Україну стільки разів хотіли знищити, але не змогли – звернення Президента Володимира Зеленського",2022-03-03,https://www.president.gov.ua/news/ukrayinu-stilki-raziv-hotili-znishiti-ale-ne-zmogli-zvernenn-73297,material_security,оборона,оборона,Спрацювала наша протиповітряна оборона .,Київ вистояв цю ніч і витримав черговий ракетно - бомбовий удар .,"Херсон , Ізюм , усі інші міста , по яких окупанти били з повітря , били сильно , потужно , нічого їм не віддали .",yes,no,none,none,none,none,high,
6979,a5510c169a12,"Україну стільки разів хотіли знищити, але не змогли – звернення Президента Володимира Зеленського",2022-03-03,https://www.president.gov.ua/news/ukrayinu-stilki-raziv-hotili-znishiti-ale-ne-zmogli-zvernenn-73297,decolonisation,окупант,окупанти,"Херсон , Ізюм , усі інші міста , по яких окупанти били з повітря , били сильно , потужно , нічого їм не віддали .",Спрацювала наша протиповітряна оборона .,"Чернігів , Суми , Миколаїв тримають оборону .",yes,no,none,none,none,none,high,
6980,a5510c169a12,"Україну стільки разів хотіли знищити, але не змогли – звернення Президента Володимира Зеленського",2022-03-03,https://www.president.gov.ua/news/ukrayinu-stilki-raziv-hotili-znishiti-ale-ne-zmogli-zvernenn-73297,material_security,оборона,оборону,"Чернігів , Суми , Миколаїв тримають оборону .","Херсон , Ізюм , усі інші міста , по яких окупанти били з повітря , били сильно , потужно , нічого їм не віддали .",Одеса .,yes,no,none,none,none,none,high,
6981,a5510c169a12,"Україну стільки разів хотіли знищити, але не змогли – звернення Президента Володимира Зеленського",2022-03-03,https://www.president.gov.ua/news/ukrayinu-stilki-raziv-hotili-znishiti-ale-ne-zmogli-zvernenn-73297,church_actors,православний,православних,"Одна з найдавніших православних памʼяток міста , памʼяток України .",Мішенню Росії став Успенський собор у Харкові .,На час війни собор – це укриття для харківʼян .,yes,no,none,none,none,none,high,
6982,a5510c169a12,"Україну стільки разів хотіли знищити, але не змогли – звернення Президента Володимира Зеленського",2022-03-03,https://www.president.gov.ua/news/ukrayinu-stilki-raziv-hotili-znishiti-ale-ne-zmogli-zvernenn-73297,church_actors,церква,церкви,І навіть якщо ви зруйнуєте всі наші українські собори та церкви – ви не зруйнуєте нашої щирої віри в Україну і в Бога .,А собор ми точно відновимо – щоб жодного сліду війни там не залишилося .,Віри в людей .,yes,no,none,none,none,none,high,
7063,a750da14442e,"Російські війська знищують усе, що робить нас народом, але за це на них чекає відповідальність – звернення Президента Володимира Зеленського",2022-03-26,https://www.president.gov.ua/news/rosijski-vijska-znishuyut-use-sho-robit-nas-narodom-ale-za-c-73873,decolonisation,окупант,окупантам,"І всі разом говоримо окупантам одне : ідіть додому , поки ще можете ходити .","Сьогодні ми були всі разом з тобою – на твоїх вулицях , у твоєму протесті .","Російські загарбники увійшли у Славутич і зустріли там таку ж реакцію , як і на півдні нашої держави , як і на сході нашої країни .",yes,no,none,none,none,none,high,
7064,a750da14442e,"Російські війська знищують усе, що робить нас народом, але за це на них чекає відповідальність – звернення Президента Володимира Зеленського",2022-03-26,https://www.president.gov.ua/news/rosijski-vijska-znishuyut-use-sho-robit-nas-narodom-ale-za-c-73873,decolonisation,окупант,Окупантам,"Окупантам не допоможе нічого , що вони роблять .","Кожен день нашої боротьби за Україну , кожен прояв нашого спротиву в усіх районах , куди окупанти поки що зайшли , доводять , що Україна – це сповнена життя держава , яка має історичне коріння та моральну основу на всій своїй території .","Відключення нашого телебачення й підключення камлання московських телеведучих , листівки з пропагандою , роздача рублів .",yes,no,none,none,none,none,high,
7065,a750da14442e,"Російські війська знищують усе, що робить нас народом, але за це на них чекає відповідальність – звернення Президента Володимира Зеленського",2022-03-26,https://www.president.gov.ua/news/rosijski-vijska-znishuyut-use-sho-robit-nas-narodom-ale-za-c-73873,decolonisation,окупант,окупанти,А тепер окупанти кидають їх на нашій землі та просто втікають ...,"Зокрема найновіші зразки , які Росія намагалася зберігати в секреті .","В принципі , правильно роблять .",yes,no,none,none,none,none,high,
7066,a750da14442e,"Російські війська знищують усе, що робить нас народом, але за це на них чекає відповідальність – звернення Президента Володимира Зеленського",2022-03-26,https://www.president.gov.ua/news/rosijski-vijska-znishuyut-use-sho-robit-nas-narodom-ale-za-c-73873,material_security,оборона,обороні,Кожен і кожна в Україні об'єднались і всю свою енергію вже понад місяць віддають обороні нашої держави .,А інших альтернатив немає й не буде .,"Разом зі Збройними Силами , разом з усіма нашими захисниками й нашими захисницями , разом з нашою Національною гвардією .",yes,no,none,none,none,none,high,
7067,a750da14442e,"Російські війська знищують усе, що робить нас народом, але за це на них чекає відповідальність – звернення Президента Володимира Зеленського",2022-03-26,https://www.president.gov.ua/news/rosijski-vijska-znishuyut-use-sho-robit-nas-narodom-ale-za-c-73873,decolonisation,окупант,окупантами,"Сьогодні ж вручив нагороди бійцям Нацгвардії , які відзначилися в боях із російськими окупантами .","Дякую за всі кроки до перемоги , яка буде , і які стали можливими завдяки вам .",А також присвоїв звання бригадного генерала п'ятьом полковникам Нацгвардії України .,yes,no,none,none,none,none,high,
7068,a750da14442e,"Російські війська знищують усе, що робить нас народом, але за це на них чекає відповідальність – звернення Президента Володимира Зеленського",2022-03-26,https://www.president.gov.ua/news/rosijski-vijska-znishuyut-use-sho-robit-nas-narodom-ale-za-c-73873,material_security,безпека,безпеки,І про необхідність посилення нашої спільної безпеки .,"Про наших людей , які знайшли захист на території Польщі .",Безпеки наших держав .,yes,no,none,none,none,none,high,
7069,a750da14442e,"Російські війська знищують усе, що робить нас народом, але за це на них чекає відповідальність – звернення Президента Володимира Зеленського",2022-03-26,https://www.president.gov.ua/news/rosijski-vijska-znishuyut-use-sho-robit-nas-narodom-ale-za-c-73873,material_security,безпека,Безпеки,Безпеки наших держав .,І про необхідність посилення нашої спільної безпеки .,Безпеки насправді для всіх європейців .,yes,no,none,none,none,none,high,
7070,a750da14442e,"Російські війська знищують усе, що робить нас народом, але за це на них чекає відповідальність – звернення Президента Володимира Зеленського",2022-03-26,https://www.president.gov.ua/news/rosijski-vijska-znishuyut-use-sho-robit-nas-narodom-ale-za-c-73873,material_security,безпека,Безпеки,Безпеки насправді для всіх європейців .,Безпеки наших держав .,Яка ціна цієї безпеки ?,yes,no,none,none,none,none,high,
7071,a750da14442e,"Російські війська знищують усе, що робить нас народом, але за це на них чекає відповідальність – звернення Президента Володимира Зеленського",2022-03-26,https://www.president.gov.ua/news/rosijski-vijska-znishuyut-use-sho-robit-nas-narodom-ale-za-c-73873,material_security,безпека,безпеки,Яка ціна цієї безпеки ?,Безпеки насправді для всіх європейців .,Це ж дуже конкретно .,yes,no,none,none,none,none,high,
7072,a750da14442e,"Російські війська знищують усе, що робить нас народом, але за це на них чекає відповідальність – звернення Президента Володимира Зеленського",2022-03-26,https://www.president.gov.ua/news/rosijski-vijska-znishuyut-use-sho-robit-nas-narodom-ale-za-c-73873,material_security,оборона,оборона,Це протиракетна оборона .,Це танки для нашої держави .,Це протикорабельна зброя .,yes,no,none,none,none,none,high,
7073,a750da14442e,"Російські війська знищують усе, що робить нас народом, але за це на них чекає відповідальність – звернення Президента Володимира Зеленського",2022-03-26,https://www.president.gov.ua/news/rosijski-vijska-znishuyut-use-sho-robit-nas-narodom-ale-za-c-73873,material_security,безпека,безпека,Бо це безпека Європи .,Саме ці слова : партнерам потрібно !,"І саме про це ми домовлялися в Києві , коли троє прем'єр - міністрів східноєвропейських країн , а також пан Качинський , прибули в нашу столицю .",yes,no,none,none,none,none,high,
7074,a750da14442e,"Російські війська знищують усе, що робить нас народом, але за це на них чекає відповідальність – звернення Президента Володимира Зеленського",2022-03-26,https://www.president.gov.ua/news/rosijski-vijska-znishuyut-use-sho-robit-nas-narodom-ale-za-c-73873,decolonisation,дерусификация,дерусификация,"Россия сама делает все , чтобы на территории нашего государства состоялась дерусификация .","Там , где русский всегда был частью повседневной жизни , как и украинский язык , на востоке нашего государства , и там , где вы превращаете мирные города сегодня в руины .",Вы это делаете .,yes,no,none,none,none,none,high,
7075,a750da14442e,"Російські війська знищують усе, що робить нас народом, але за це на них чекає відповідальність – звернення Президента Володимира Зеленського",2022-03-26,https://www.president.gov.ua/news/rosijski-vijska-znishuyut-use-sho-robit-nas-narodom-ale-za-c-73873,material_security,оборона,оборони,Наші представники – міністр закордонних справ та міністр оборони України – зустрілися сьогодні в Польщі з колегами зі Сполучених Штатів .,Это еще одно проявление вашей самоубийственной политики .,До них приєднався і Президент США Джозеф Байден .,yes,no,none,none,none,none,high,
7076,a750da14442e,"Російські війська знищують усе, що робить нас народом, але за це на них чекає відповідальність – звернення Президента Володимира Зеленського",2022-03-26,https://www.president.gov.ua/news/rosijski-vijska-znishuyut-use-sho-robit-nas-narodom-ale-za-c-73873,decolonisation,окупант,Окупанти,Окупанти скоїли черговий злочин проти історії .,"Проти всього , що утримує світ у межах моралі та людяності .",Проти історичної справедливості .,yes,no,none,none,none,none,high,
7077,a750da14442e,"Російські війська знищують усе, що робить нас народом, але за це на них чекає відповідальність – звернення Президента Володимира Зеленського",2022-03-26,https://www.president.gov.ua/news/rosijski-vijska-znishuyut-use-sho-robit-nas-narodom-ale-za-c-73873,church_actors,церква,церкви,"Навіть у церкви , навіть у меморіали жертвам Голокосту !","Російські війська цілком свідомо вбивають мирних людей , знищують житлові квартали , поціляють в укриття та лікарні , у школи , університети .","Російські війська отримують саме такі накази : знищувати все , що робить наш народ народом , наших людей людьми , нашу культуру культурою .",yes,no,none,none,none,none,high,
7078,a750da14442e,"Російські війська знищують усе, що робить нас народом, але за це на них чекає відповідальність – звернення Президента Володимира Зеленського",2022-03-26,https://www.president.gov.ua/news/rosijski-vijska-znishuyut-use-sho-robit-nas-narodom-ale-za-c-73873,decolonisation,окупант,окупанти,"Саме так , як діють окупанти в Україні .",80 років тому нацисти саме так намагалися захопити Європу .,Ніхто їм цього не пробачить .,yes,no,none,none,none,none,high,
7092,a795adc1420d,"Європейці повинні посилювати санкції проти Росії так, щоб у неї не було жодної можливості продовжувати геноцид в Україні – звернення Президента Володимира Зеленського",2022-03-09,https://www.president.gov.ua/news/yevropejci-povinni-posilyuvati-sankciyi-proti-rosiyi-tak-sho-73465,material_security,загроза,загрози,Люди вчасно почали ховатися від повітряної загрози .,Розбір завалів іще триває .,"Від 500-кілограмових авіаційних бомб , які окупанти скидають на наші українські міста .",yes,no,none,none,none,none,high,
7093,a795adc1420d,"Європейці повинні посилювати санкції проти Росії так, щоб у неї не було жодної можливості продовжувати геноцид в Україні – звернення Президента Володимира Зеленського",2022-03-09,https://www.president.gov.ua/news/yevropejci-povinni-posilyuvati-sankciyi-proti-rosiyi-tak-sho-73465,decolonisation,окупант,окупанти,"Від 500-кілограмових авіаційних бомб , які окупанти скидають на наші українські міста .",Люди вчасно почали ховатися від повітряної загрози .,І вже багато разів .,yes,no,none,none,none,none,high,
7094,a795adc1420d,"Європейці повинні посилювати санкції проти Росії так, щоб у неї не було жодної можливості продовжувати геноцид в Україні – звернення Президента Володимира Зеленського",2022-03-09,https://www.president.gov.ua/news/yevropejci-povinni-posilyuvati-sankciyi-proti-rosiyi-tak-sho-73465,decolonisation,окупант,окупанти,"Сьогодні ми повинні бути єдиними в засудженні цього воєнного злочину Росії , у якому відображається все те зло , яке окупанти принесли на нашу землю .",Маріупольці !,Усі зруйновані міста .,yes,no,none,none,none,none,high,
7095,a795adc1420d,"Європейці повинні посилювати санкції проти Росії так, щоб у неї не було жодної можливості продовжувати геноцид в Україні – звернення Президента Володимира Зеленського",2022-03-09,https://www.president.gov.ua/news/yevropejci-povinni-posilyuvati-sankciyi-proti-rosiyi-tak-sho-73465,material_security,загроза,загрози,"Те , що вони зробили з Волновахою , Харковом , Ізюмом , Охтиркою , Черніговом , Бородянкою , Гостомелем , Житомиром та ще десятками наших українських міст , які ніколи не становили жодної загрози Російській Федерації .",Усі зруйновані міста .,Зруйновані лікарні .,yes,no,none,none,none,none,high,
7096,a795adc1420d,"Європейці повинні посилювати санкції проти Росії так, щоб у неї не було жодної можливості продовжувати геноцид в Україні – звернення Президента Володимира Зеленського",2022-03-09,https://www.president.gov.ua/news/yevropejci-povinni-posilyuvati-sankciyi-proti-rosiyi-tak-sho-73465,church_actors,церква,церкви,"Зруйновані школи , зруйновані церкви , звичайні будинки .",Зруйновані лікарні .,І всі вбиті люди .,yes,no,none,none,none,none,high,
7097,a795adc1420d,"Європейці повинні посилювати санкції проти Росії так, щоб у неї не було жодної можливості продовжувати геноцид в Україні – звернення Президента Володимира Зеленського",2022-03-09,https://www.president.gov.ua/news/yevropejci-povinni-posilyuvati-sankciyi-proti-rosiyi-tak-sho-73465,material_security,санкція,санкції,"А отже , ви повинні посилювати санкції проти Росії так , щоб у неї більше не було жодної можливості продовжувати цей геноцид .",Ви знаєте .,"Ви повинні тиснути на Росію так , щоб вони сіли за стіл переговорів і завершили цю звірячу війну .",yes,no,none,none,none,none,high,
7171,a8e1f6245df9,"Кожен прояв російського терору – це додаткові аргументи, що все має завершитись у трибуналі – звернення Президента України",2023-04-25,https://www.president.gov.ua/news/kozhen-proyav-rosijskogo-teroru-ce-dodatkovi-argumenti-sho-v-82481,decolonisation,окупант,окупантом,Загалом понад 60 музеїв і галерей у різних областях нашої країни так само зруйновані або пошкоджені окупантом .,Десять людей були поранені – їм надається необхідна допомога .,Сьогодні ж у Херсонській області ударом російської авіації була зруйнована церква .,yes,no,none,none,none,none,high,
7172,a8e1f6245df9,"Кожен прояв російського терору – це додаткові аргументи, що все має завершитись у трибуналі – звернення Президента України",2023-04-25,https://www.president.gov.ua/news/kozhen-proyav-rosijskogo-teroru-ce-dodatkovi-argumenti-sho-v-82481,church_actors,церква,церква,Сьогодні ж у Херсонській області ударом російської авіації була зруйнована церква .,Загалом понад 60 музеїв і галерей у різних областях нашої країни так само зруйновані або пошкоджені окупантом .,У селі Кізомис Білозерської громади .,yes,no,none,none,none,none,high,
7173,a8e1f6245df9,"Кожен прояв російського терору – це додаткові аргументи, що все має завершитись у трибуналі – звернення Президента України",2023-04-25,https://www.president.gov.ua/news/kozhen-proyav-rosijskogo-teroru-ce-dodatkovi-argumenti-sho-v-82481,church_actors,православний,Православний,Православний храм …,У селі Кізомис Білозерської громади .,Керованою авіабомбою .,yes,no,none,none,none,none,high,
7174,a8e1f6245df9,"Кожен прояв російського терору – це додаткові аргументи, що все має завершитись у трибуналі – звернення Президента України",2023-04-25,https://www.president.gov.ua/news/kozhen-proyav-rosijskogo-teroru-ce-dodatkovi-argumenti-sho-v-82481,church_actors,церква,церква,Ця церква стала однією з уже сотень розбитих російськими ударами церков і молитовних будинків .,"Тобто російські військові знали , що саме вони знищують .",Крим …,yes,no,none,none,none,none,high,
7175,a8e1f6245df9,"Кожен прояв російського терору – це додаткові аргументи, що все має завершитись у трибуналі – звернення Президента України",2023-04-25,https://www.president.gov.ua/news/kozhen-proyav-rosijskogo-teroru-ce-dodatkovi-argumenti-sho-v-82481,church_actors,церква,церков,Ця церква стала однією з уже сотень розбитих російськими ударами церков і молитовних будинків .,"Тобто російські військові знали , що саме вони знищують .",Крим …,yes,no,none,none,none,none,high,
7176,a8e1f6245df9,"Кожен прояв російського терору – це додаткові аргументи, що все має завершитись у трибуналі – звернення Президента України",2023-04-25,https://www.president.gov.ua/news/kozhen-proyav-rosijskogo-teroru-ce-dodatkovi-argumenti-sho-v-82481,decolonisation,окупант,окупанти,Сьогодні окупанти увірвалися в будинок Абдурешита Джеппарова .,Крим …,"Він один із представників кримськотатарського національного руху , правозахисник , громадянин України .",yes,no,none,none,none,none,high,
7177,a8e1f6245df9,"Кожен прояв російського терору – це додаткові аргументи, що все має завершитись у трибуналі – звернення Президента України",2023-04-25,https://www.president.gov.ua/news/kozhen-proyav-rosijskogo-teroru-ce-dodatkovi-argumenti-sho-v-82481,material_security,спецслужба,спецслужби,"Це те , що кожен день в Україні доводить – усе те , що російські війська та спецслужби окупанта роблять на нашій землі проти наших людей .","Ніхто й ніде не може почуватися безпечно , поки агресор не розбитий .","І це те , що вони мріють принести на землі інших народів .",yes,no,none,none,none,none,high,
7178,a8e1f6245df9,"Кожен прояв російського терору – це додаткові аргументи, що все має завершитись у трибуналі – звернення Президента України",2023-04-25,https://www.president.gov.ua/news/kozhen-proyav-rosijskogo-teroru-ce-dodatkovi-argumenti-sho-v-82481,decolonisation,окупант,окупанта,"Це те , що кожен день в Україні доводить – усе те , що російські війська та спецслужби окупанта роблять на нашій землі проти наших людей .","Ніхто й ніде не може почуватися безпечно , поки агресор не розбитий .","І це те , що вони мріють принести на землі інших народів .",yes,no,none,none,none,none,high,
7179,a8e1f6245df9,"Кожен прояв російського терору – це додаткові аргументи, що все має завершитись у трибуналі – звернення Президента України",2023-04-25,https://www.president.gov.ua/news/kozhen-proyav-rosijskogo-teroru-ce-dodatkovi-argumenti-sho-v-82481,material_security,санкція,санкціями,"Силою права , тобто санкціями , які потребують постійного посилення , а також нашою спільною роботою заради справедливості .","Нашою зброєю – як українською , так і тією , яку ми отримуємо від партнерів .","Кожен прояв російського терору , кожен день агресії – це додаткові аргументи , що все це має завершитись у трибуналі – у новому Нюрнберзі щодо рашизму , щодо тих , хто знищує життя і людей , у кого ракети – проти музеїв , а керовані авіабомби – проти церков .",yes,no,none,none,none,none,high,
7180,a8e1f6245df9,"Кожен прояв російського терору – це додаткові аргументи, що все має завершитись у трибуналі – звернення Президента України",2023-04-25,https://www.president.gov.ua/news/kozhen-proyav-rosijskogo-teroru-ce-dodatkovi-argumenti-sho-v-82481,church_actors,церква,церков,"Кожен прояв російського терору , кожен день агресії – це додаткові аргументи , що все це має завершитись у трибуналі – у новому Нюрнберзі щодо рашизму , щодо тих , хто знищує життя і людей , у кого ракети – проти музеїв , а керовані авіабомби – проти церков .","Силою права , тобто санкціями , які потребують постійного посилення , а також нашою спільною роботою заради справедливості .",Росія має програти .,yes,no,none,none,none,none,high,
7181,a8e1f6245df9,"Кожен прояв російського терору – це додаткові аргументи, що все має завершитись у трибуналі – звернення Президента України",2023-04-25,https://www.president.gov.ua/news/kozhen-proyav-rosijskogo-teroru-ce-dodatkovi-argumenti-sho-v-82481,material_security,санкція,санкцій,"Сьогодні наша міжнародна санкційна група , група експертів , яку очолюють Андрій Єрмак і Майкл Макфол , представила документ про посилення санкцій проти Росії .","Бо все інше – це програш життя , це програш права , це програш власне світу .",Перший такий санкційний план був виконаний більш ніж на 70 % .,yes,no,none,none,none,none,high,
7182,a8e1f6245df9,"Кожен прояв російського терору – це додаткові аргументи, що все має завершитись у трибуналі – звернення Президента України",2023-04-25,https://www.president.gov.ua/news/kozhen-proyav-rosijskogo-teroru-ce-dodatkovi-argumenti-sho-v-82481,material_security,санкція,Санкції,"Санкції проти російського нафтогазового сектору , проти атомної галузі , проти абсолютно кожного , хто допомагає Росії обходити вже застосовані обмеження .","Цей санкційний документ буде на столах у всіх ключових лідерів світу – як політичних , так і громадських , бізнесових .",Це необхідний самозахист міжнародного правопорядку .,yes,no,none,none,none,none,high,
7183,a8e1f6245df9,"Кожен прояв російського терору – це додаткові аргументи, що все має завершитись у трибуналі – звернення Президента України",2023-04-25,https://www.president.gov.ua/news/kozhen-proyav-rosijskogo-teroru-ce-dodatkovi-argumenti-sho-v-82481,material_security,оборона,оборони,"Командувачі , Головком , розвідка , Міністерство оборони .",Сьогодні ж я провів чергове засідання Ставки .,"Доповіді щодо бойових дій на фронті зараз , наших можливостей активно рухатися , комплектації нових підрозділів .",yes,no,none,none,none,none,high,
7184,a8e1f6245df9,"Кожен прояв російського терору – це додаткові аргументи, що все має завершитись у трибуналі – звернення Президента України",2023-04-25,https://www.president.gov.ua/news/kozhen-proyav-rosijskogo-teroru-ce-dodatkovi-argumenti-sho-v-82481,material_security,безпека,безпеки,"Вже зрозуміло , що результатом нашої перемоги стане можливість України бути реальним постачальником безпеки для всіх наших партнерів , для всіх у світі , хто цінує міжнародний порядок , заснований на правилах .",Представили економічну стратегію сьогоднішнього й повоєнного періоду .,"Нові стандарти безпеки , які ми втілимо в нашому житті : у нашій інфраструктурі , енергетиці , логістиці та зв’язку , у соціальній та освітній сферах , у нашому виробництві – все це можна буде масштабувати в інших частинах світу .",yes,no,none,none,none,none,high,
7185,a8e1f6245df9,"Кожен прояв російського терору – це додаткові аргументи, що все має завершитись у трибуналі – звернення Президента України",2023-04-25,https://www.president.gov.ua/news/kozhen-proyav-rosijskogo-teroru-ce-dodatkovi-argumenti-sho-v-82481,material_security,безпека,безпеки,"Нові стандарти безпеки , які ми втілимо в нашому житті : у нашій інфраструктурі , енергетиці , логістиці та зв’язку , у соціальній та освітній сферах , у нашому виробництві – все це можна буде масштабувати в інших частинах світу .","Вже зрозуміло , що результатом нашої перемоги стане можливість України бути реальним постачальником безпеки для всіх наших партнерів , для всіх у світі , хто цінує міжнародний порядок , заснований на правилах .","Так само – українські системи захисту , наша зброя , наш досвід наших людей , набутий у протистоянні російському терору .",yes,no,none,none,none,none,high,
7186,a8e1f6245df9,"Кожен прояв російського терору – це додаткові аргументи, що все має завершитись у трибуналі – звернення Президента України",2023-04-25,https://www.president.gov.ua/news/kozhen-proyav-rosijskogo-teroru-ce-dodatkovi-argumenti-sho-v-82481,decolonisation,окупант,окупанта,Дякую вам за рішучість при знищенні окупанта в Бахмуті !,"Молодці , хлопці !",Слава Україні !,yes,no,none,none,none,none,high,
7202,a92886099546,"Дуже важливо, що попри весь тиск на наші сили лінія фронту не зазнала змін – звернення Президента України",2023-02-21,https://www.president.gov.ua/news/duzhe-vazhlivo-sho-popri-ves-tisk-na-nashi-sili-liniya-front-81153,decolonisation,окупант,Окупанти,"Окупанти застосовують там увесь спектр зброї проти наших хлопців , включно навіть зі сльозогінними гранатами .",Генерал Тарнавський доповів щодо боїв на Авдіївському та інших напрямках .,Але дуже важливо : попри увесь тиск на наші сили лінія фронту змін не зазнала .,yes,no,none,none,none,none,high,
7203,a92886099546,"Дуже важливо, що попри весь тиск на наші сили лінія фронту не зазнала змін – звернення Президента України",2023-02-21,https://www.president.gov.ua/news/duzhe-vazhlivo-sho-popri-ves-tisk-na-nashi-sili-liniya-front-81153,material_security,оборона,оборони,Були на Ставці доповіді й інших командувачів та керівників наших сил оборони й безпеки .,"Я дякую за це всім нашим бійцям , усім солдатам і сержантам , офіцерам і генералам , які захищають відповідні фронтові напрямки .","Наєв , « Північ » , та ОСУВ « Одеса » , Москальов , – заслухав їхні доповіді .",yes,no,none,none,none,none,high,
7204,a92886099546,"Дуже важливо, що попри весь тиск на наші сили лінія фронту не зазнала змін – звернення Президента України",2023-02-21,https://www.president.gov.ua/news/duzhe-vazhlivo-sho-popri-ves-tisk-na-nashi-sili-liniya-front-81153,material_security,безпека,безпеки,Були на Ставці доповіді й інших командувачів та керівників наших сил оборони й безпеки .,"Я дякую за це всім нашим бійцям , усім солдатам і сержантам , офіцерам і генералам , які захищають відповідні фронтові напрямки .","Наєв , « Північ » , та ОСУВ « Одеса » , Москальов , – заслухав їхні доповіді .",yes,no,none,none,none,none,high,
7205,a92886099546,"Дуже важливо, що попри весь тиск на наші сили лінія фронту не зазнала змін – звернення Президента України",2023-02-21,https://www.president.gov.ua/news/duzhe-vazhlivo-sho-popri-ves-tisk-na-nashi-sili-liniya-front-81153,material_security,безпека,безпеки,Служба безпеки України .,Зовнішня розвідка .,"Сили МВС та Нацгвардії , прикордонна служба .",yes,no,none,none,none,none,high,
7206,a92886099546,"Дуже важливо, що попри весь тиск на наші сили лінія фронту не зазнала змін – звернення Президента України",2023-02-21,https://www.president.gov.ua/news/duzhe-vazhlivo-sho-popri-ves-tisk-na-nashi-sili-liniya-front-81153,material_security,оборона,оборони,Міністр оборони .,"Сили МВС та Нацгвардії , прикордонна служба .",Інші представники уряду .,yes,no,none,none,none,none,high,
7207,a92886099546,"Дуже важливо, що попри весь тиск на наші сили лінія фронту не зазнала змін – звернення Президента України",2023-02-21,https://www.president.gov.ua/news/duzhe-vazhlivo-sho-popri-ves-tisk-na-nashi-sili-liniya-front-81153,material_security,оборона,оборони,Тримаємо повну увагу до кожної деталі нашого плану оборони та амбіцій ворога .,Інші представники уряду .,Була й доповідь Прем’єр - міністра України Дениса Шмигаля щодо ситуації в енергетиці та процесу відновлення нашої енергосистеми після російських ударів .,yes,no,none,none,none,none,high,
7208,a92886099546,"Дуже важливо, що попри весь тиск на наші сили лінія фронту не зазнала змін – звернення Президента України",2023-02-21,https://www.president.gov.ua/news/duzhe-vazhlivo-sho-popri-ves-tisk-na-nashi-sili-liniya-front-81153,material_security,ворог,ворога,Тримаємо повну увагу до кожної деталі нашого плану оборони та амбіцій ворога .,Інші представники уряду .,Була й доповідь Прем’єр - міністра України Дениса Шмигаля щодо ситуації в енергетиці та процесу відновлення нашої енергосистеми після російських ударів .,yes,no,none,none,none,none,high,
7209,a92886099546,"Дуже важливо, що попри весь тиск на наші сили лінія фронту не зазнала змін – звернення Президента України",2023-02-21,https://www.president.gov.ua/news/duzhe-vazhlivo-sho-popri-ves-tisk-na-nashi-sili-liniya-front-81153,decolonisation,незалежність,незалежність,Італія принципово й потужно підтримує нас у боротьбі за незалежність .,Зустрівся сьогодні з делегацією Італії на чолі з Прем’єр - міністром пані Джорджею Мелоні .,"Є новий пакет оборонної підтримки , що включає , зокрема , ППО .",yes,no,none,none,none,none,high,
7210,a92886099546,"Дуже важливо, що попри весь тиск на наші сили лінія фронту не зазнала змін – звернення Президента України",2023-02-21,https://www.president.gov.ua/news/duzhe-vazhlivo-sho-popri-ves-tisk-na-nashi-sili-liniya-front-81153,material_security,санкція,санкції,Обговорили сьогодні й нові санкції проти Росії .,"Тобто трибунал для агресора , компенсаційний механізм для України .",Я вдячний усім італійцям за історичну підтримку України на шляху у Євросоюз .,yes,no,none,none,none,none,high,
7211,a92886099546,"Дуже важливо, що попри весь тиск на наші сили лінія фронту не зазнала змін – звернення Президента України",2023-02-21,https://www.president.gov.ua/news/duzhe-vazhlivo-sho-popri-ves-tisk-na-nashi-sili-liniya-front-81153,material_security,безпека,безпеку,Ми разом дієво зміцнюємо глобальну безпеку .,"Наша співпраця з Америкою не припиняється ані на день , ані на хвилину .","І , до речі , розгублені скарги , що звучать із Москви , є лише зайвим доказом нашої ефективності – України , Сполучених Штатів і всього вільного світу .",yes,no,none,none,none,none,high,
7212,a92886099546,"Дуже важливо, що попри весь тиск на наші сили лінія фронту не зазнала змін – звернення Президента України",2023-02-21,https://www.president.gov.ua/news/duzhe-vazhlivo-sho-popri-ves-tisk-na-nashi-sili-liniya-front-81153,church_actors,церква,церквах,"Держава - терорист ударами ракет по вулицях міст , по житлових будинках , по школах , по аптеках і лікарнях , по церквах , по зупинках автобусів , по ринках , по електростанціях намагається сказати світу , що на терор нібито варто зважати ...","Як і тисячі подібних російських обстрілів , які є справжнім посланням Росії світу .","Я впевнений , що ми поставимо на місце державу - терориста .",yes,no,none,none,none,none,high,
7213,a92886099546,"Дуже важливо, що попри весь тиск на наші сили лінія фронту не зазнала змін – звернення Президента України",2023-02-21,https://www.president.gov.ua/news/duzhe-vazhlivo-sho-popri-ves-tisk-na-nashi-sili-liniya-front-81153,material_security,безпека,безпеки,"Наша армія , наша розвідка , наша Служба безпеки та інші українські сили знайдуть і знищать тих , хто завдає цих жорстоких ударів по Херсону , по інших наших містах і регіонах .",Всі разом : українці і світ .,"А ширше – ми доведемо , що зважати варто лише на людяність , лише на Статут ООН і лише на право кожного народу жити вільно й захищено від терору й таких божевільних агресій , як російська .",yes,no,none,none,none,none,high,
7539,b115e4035989,Звернення Президента України Володимира Зеленського до парламенту Великої Британії,2022-03-08,https://www.president.gov.ua/news/zvernennya-prezidenta-ukrayini-volodimira-zelenskogo-do-parl-73441,material_security,ворог,ворог,А саме : куди зрештою вирушить ворог .,І наші героїчні прикордонники на острові Зміїний у Чорному морі розповіли всім про фінал війни .,"Коли російський корабель вимагав від наших хлопців скласти зброю , вони відповіли йому ...",yes,no,none,none,none,none,high,
7540,b115e4035989,Звернення Президента України Володимира Зеленського до парламенту Великої Британії,2022-03-08,https://www.president.gov.ua/news/zvernennya-prezidenta-ukrayini-volodimira-zelenskogo-do-parl-73441,decolonisation,окупант,окупанта,"Велику силу нашого народу , який до кінця гнатиме окупанта .",І ми відчули силу .,"На третій день російські війська не ховаючись били просто по людях , по житлових будинках .",yes,no,none,none,none,none,high,
7541,b115e4035989,Звернення Президента України Володимира Зеленського до парламенту Великої Британії,2022-03-08,https://www.president.gov.ua/news/zvernennya-prezidenta-ukrayini-volodimira-zelenskogo-do-parl-73441,church_actors,церква,церкви,"На сьомий день ми зрозуміли , що вони руйнують навіть церкви .",Через 80 років потому Росія вбила їх удруге .,Бомбами !,yes,no,none,none,none,none,high,
7542,b115e4035989,Звернення Президента України Володимира Зеленського до парламенту Великої Британії,2022-03-08,https://www.president.gov.ua/news/zvernennya-prezidenta-ukrayini-volodimira-zelenskogo-do-parl-73441,material_security,безпека,безпеки,І тому гарантії безпеки у Європі треба будувати з нуля .,Навіть небо закрити не можуть .,"На десятий день беззбройні українці в окупованих містах повсюдно протестували , масово .",yes,no,none,none,none,none,high,
7543,b115e4035989,Звернення Президента України Володимира Зеленського до парламенту Великої Британії,2022-03-08,https://www.president.gov.ua/news/zvernennya-prezidenta-ukrayini-volodimira-zelenskogo-do-parl-73441,decolonisation,окупант,окупантів,"Україна , яка рятує людей попри терор окупантів .",Але стала великою за ці дні цієї війни .,Яка захищає свободу попри удари однієї з найбільших армій світу .,yes,no,none,none,none,none,high,
7544,b115e4035989,Звернення Президента України Володимира Зеленського до парламенту Великої Британії,2022-03-08,https://www.president.gov.ua/news/zvernennya-prezidenta-ukrayini-volodimira-zelenskogo-do-parl-73441,material_security,санкція,санкції,Посилюйте санкції проти держави - терориста .,"І я окремо вдячний тобі , Борисе , мій друже !",Визнайте її нарешті державою - терористом .,yes,no,none,none,none,none,high,
7643,b30d09ffd2f1,Промова Президента України Володимира Зеленського у парламенті Канади,2022-03-15,https://www.president.gov.ua/news/promova-prezidenta-ukrayini-volodimira-zelenskogo-u-parlamen-73581,material_security,санкція,санкції,Ви запровадили санкції проти Росії – справді моральні .,"Ви надаєте нам зброю та іншу підтримку , якої ми так потребуємо зараз .",Справді серйозні .,yes,no,none,none,none,none,high,
7644,b30d09ffd2f1,Промова Президента України Володимира Зеленського у парламенті Канади,2022-03-15,https://www.president.gov.ua/news/promova-prezidenta-ukrayini-volodimira-zelenskogo-u-parlamen-73581,church_actors,церква,церкви,"Щоб захистити Україну та захистити Європу від цього тотального зла , яке знищує все : меморіали , церкви , школи , лікарні , житлові квартали й всі наші підприємства .","Для того , щоб зупинити Росію , нам всім треба більше робити .",Вони вбили вже 97 українських дітей !,yes,no,none,none,none,none,high,
7645,b30d09ffd2f1,Промова Президента України Володимира Зеленського у парламенті Канади,2022-03-15,https://www.president.gov.ua/news/promova-prezidenta-ukrayini-volodimira-zelenskogo-u-parlamen-73581,decolonisation,воля,волі,Проти нашої волі .,Проти нашого характеру .,"Усього того , що ви , канадці , дуже добре знаєте , дуже добре відчуваєте .",yes,no,none,none,none,none,high,
7646,b30d09ffd2f1,Промова Президента України Володимира Зеленського у парламенті Канади,2022-03-15,https://www.president.gov.ua/news/promova-prezidenta-ukrayini-volodimira-zelenskogo-u-parlamen-73581,material_security,ворог,ворогів,"Впевнений , ми разом – і тільки разом – переможемо всіх ворогів .",Вдячний від імені всього українського народу .,Слава Україні !,yes,no,none,none,none,none,high,
7943,b9c67325cd9a,"Продовжуємо нашу роботу заради об’єднання абсолютно всіх, хто може реально допомогти, хто може зміцнити дипломатію та наблизити мир – звернення Президента",2025-03-14,https://www.president.gov.ua/news/prodovzhuyemo-nashu-robotu-zaradi-obyednannya-absolyutno-vsi-96609,material_security,безпека,безпеки,"Україна сприймає цю пропозицію , і з цього можемо розпочати швидкий рух до гарантованої безпеки , до завершення цієї війни й до надійного миру .","Зараз на столі – американська пропозиція безумовної тиші в небі , на морі та на фронті .","Наші команди дуже добре попрацювали на зустрічі в Саудівській Аравії , тривають контакти з американською стороною .",yes,no,none,none,none,none,high,
7944,b9c67325cd9a,"Продовжуємо нашу роботу заради об’єднання абсолютно всіх, хто може реально допомогти, хто може зміцнити дипломатію та наблизити мир – звернення Президента",2025-03-14,https://www.president.gov.ua/news/prodovzhuyemo-nashu-robotu-zaradi-obyednannya-absolyutno-vsi-96609,decolonisation,звільнення,звільнення,"Говорили також і про звільнення наших людей із російського полону , про повернення депортованих дорослих і викрадених наших дітей .","Ватикан дуже добре сприймає те , що зараз реально зберегти життя завдяки тиші .",Сьогодні ж говорив із Патріархом Варфоломієм .,yes,no,none,none,none,none,high,
7945,b9c67325cd9a,"Продовжуємо нашу роботу заради об’єднання абсолютно всіх, хто може реально допомогти, хто може зміцнити дипломатію та наблизити мир – звернення Президента",2025-03-14,https://www.president.gov.ua/news/prodovzhuyemo-nashu-robotu-zaradi-obyednannya-absolyutno-vsi-96609,church_actors,патріарх,Патріархом,Сьогодні ж говорив із Патріархом Варфоломієм .,"Говорили також і про звільнення наших людей із російського полону , про повернення депортованих дорослих і викрадених наших дітей .","Теж – підтримка нашої держави , наших людей .",yes,no,none,none,none,none,high,
7946,b9c67325cd9a,"Продовжуємо нашу роботу заради об’єднання абсолютно всіх, хто може реально допомогти, хто може зміцнити дипломатію та наблизити мир – звернення Президента",2025-03-14,https://www.president.gov.ua/news/prodovzhuyemo-nashu-robotu-zaradi-obyednannya-absolyutno-vsi-96609,material_security,безпека,безпеки,"Гарантії безпеки , ситуація на землі , можливий розвиток ситуації – в усьому цьому маємо чітку підтримку Франції .","Говорили про технічні аспекти контролю за тишею , про можливі наступні кроки в дипломатії та в захисті наших людей , нашої Європи .",Дякуємо .,yes,no,none,none,none,none,high,
7947,b9c67325cd9a,"Продовжуємо нашу роботу заради об’єднання абсолютно всіх, хто може реально допомогти, хто може зміцнити дипломатію та наблизити мир – звернення Президента",2025-03-14,https://www.president.gov.ua/news/prodovzhuyemo-nashu-robotu-zaradi-obyednannya-absolyutno-vsi-96609,material_security,безпека,Безпека,Безпека – це пріоритет .,"Завтра відбудеться саміт європейських партнерів : ми представимо нашу позицію та реальну інформацію про те , що відбувається – відбувається на фронті , також відбувається в Курській області та в усіх наших контактах з партнерами .",Мир – це пріоритет .,yes,no,none,none,none,none,high,
7948,b9c67325cd9a,"Продовжуємо нашу роботу заради об’єднання абсолютно всіх, хто може реально допомогти, хто може зміцнити дипломатію та наблизити мир – звернення Президента",2025-03-14,https://www.president.gov.ua/news/prodovzhuyemo-nashu-robotu-zaradi-obyednannya-absolyutno-vsi-96609,decolonisation,незалежність,Незалежність,Незалежність України – це пріоритет .,Мир – це пріоритет .,"Я дякую всім , хто допомагає !",yes,no,none,none,none,none,high,
7987,bbdf883d21d6,Ми вже досягли стратегічного перелому і йдемо до нашої перемоги – звернення Президента Володимира Зеленського,2022-03-11,https://www.president.gov.ua/news/mi-vzhe-dosyagli-strategichnogo-perelomu-i-jdemo-do-nashoyi-73493,material_security,ворог,ворог,"Це вчетверо довше , ніж ворог планував на своє вторгнення .",Ми боремося за нашу свободу вже 16-й день .,Вчетверо довше !,yes,no,none,none,none,none,high,
7988,bbdf883d21d6,Ми вже досягли стратегічного перелому і йдемо до нашої перемоги – звернення Президента Володимира Зеленського,2022-03-11,https://www.president.gov.ua/news/mi-vzhe-dosyagli-strategichnogo-perelomu-i-jdemo-do-nashoyi-73493,decolonisation,окупант,окупанту,"Але українці – горді люди , які завжди захищають своє , свою землю й не віддадуть окупанту жодного клаптика цієї землі .","Сподівалася , що хтось зустрічатиме з квітами російські прапори на українських вулицях , на наших вулицях .",Жодного відсотка своєї свободи .,yes,no,none,none,none,none,high,
7989,bbdf883d21d6,Ми вже досягли стратегічного перелому і йдемо до нашої перемоги – звернення Президента Володимира Зеленського,2022-03-11,https://www.president.gov.ua/news/mi-vzhe-dosyagli-strategichnogo-perelomu-i-jdemo-do-nashoyi-73493,material_security,ворог,ворога,"Коли ми мобілізуємось , коли ми бачимо наші бойові перемоги та втрати ворога , ми очікуємо , що боротьба завершиться швидше .",Це життя .,Що окупанти впадуть швидше .,yes,no,none,none,none,none,high,
7990,bbdf883d21d6,Ми вже досягли стратегічного перелому і йдемо до нашої перемоги – звернення Президента Володимира Зеленського,2022-03-11,https://www.president.gov.ua/news/mi-vzhe-dosyagli-strategichnogo-perelomu-i-jdemo-do-nashoyi-73493,decolonisation,окупант,окупанти,Що окупанти впадуть швидше .,"Коли ми мобілізуємось , коли ми бачимо наші бойові перемоги та втрати ворога , ми очікуємо , що боротьба завершиться швидше .",Але ...,yes,no,none,none,none,none,high,
7991,bbdf883d21d6,Ми вже досягли стратегічного перелому і йдемо до нашої перемоги – звернення Президента Володимира Зеленського,2022-03-11,https://www.president.gov.ua/news/mi-vzhe-dosyagli-strategichnogo-perelomu-i-jdemo-do-nashoyi-73493,material_security,ворог,ворогом,Війна з дуже впертим ворогом .,Це вітчизняна війна .,"Який не звертає уваги на тисячі своїх убитих людей , убитих солдатів .",yes,no,none,none,none,none,high,
7992,bbdf883d21d6,Ми вже досягли стратегічного перелому і йдемо до нашої перемоги – звернення Президента Володимира Зеленського,2022-03-11,https://www.president.gov.ua/news/mi-vzhe-dosyagli-strategichnogo-perelomu-i-jdemo-do-nashoyi-73493,decolonisation,окупант,окупанти,"З країни , яку руйнували так само , як зараз окупанти знищують нас - наш Маріуполь , наш Харків , Охтирку , Чернігів , Волноваху , Ізюм тощо .",Головорізів із Сирії .,Вот так российские войска относятся к украинцам .,yes,no,none,none,none,none,high,
7993,bbdf883d21d6,Ми вже досягли стратегічного перелому і йдемо до нашої перемоги – звернення Президента Володимира Зеленського,2022-03-11,https://www.president.gov.ua/news/mi-vzhe-dosyagli-strategichnogo-perelomu-i-jdemo-do-nashoyi-73493,church_actors,церковь,церковь,"А теперь вот ещё сирийские наёмники , которых вообще не различают , кто и на каком языке здесь разговаривает , в какую церковь ходит , какую партию поддерживал .","Ракеты , авиабомбы , артиллерия .","Наёмники , которые просто едут убивать на чужой – во всех смыслах этого слова – на чужой земле .",yes,no,none,none,none,none,high,
7994,bbdf883d21d6,Ми вже досягли стратегічного перелому і йдемо до нашої перемоги – звернення Президента Володимира Зеленського,2022-03-11,https://www.president.gov.ua/news/mi-vzhe-dosyagli-strategichnogo-perelomu-i-jdemo-do-nashoyi-73493,decolonisation,окупант,окупанти,"За минулу ніч і ранок окупанти провели , як вони кажуть , « демілітаризацію » водопроводу в Чернігові .","Наёмники , которые просто едут убивать на чужой – во всех смыслах этого слова – на чужой земле .",Місто залишилося без води .,yes,no,none,none,none,none,high,
7995,bbdf883d21d6,Ми вже досягли стратегічного перелому і йдемо до нашої перемоги – звернення Президента Володимира Зеленського,2022-03-11,https://www.president.gov.ua/news/mi-vzhe-dosyagli-strategichnogo-perelomu-i-jdemo-do-nashoyi-73493,decolonisation,окупант,окупанти,"Вночі окупанти бомбардували взуттєву фабрику , багатоквартирний будинок , дитячий садочок у Дніпрі .","Гуманітарна катастрофа – два слова , які стали повноцінним синонімом інших двох слів – Російська Федерація .",За що ?,yes,no,none,none,none,none,high,
7996,bbdf883d21d6,Ми вже досягли стратегічного перелому і йдемо до нашої перемоги – звернення Президента Володимира Зеленського,2022-03-11,https://www.president.gov.ua/news/mi-vzhe-dosyagli-strategichnogo-perelomu-i-jdemo-do-nashoyi-73493,decolonisation,окупант,окупанти,"Якщо ж окупанти знову будуть стріляти і зриватимуть порятунок людей , зрештою вони отримають таку відповідь світу , що вже й самі потребуватимуть гуманітарних коридорів .","Українські військові забезпечили « тишу » , щоб гуманітарні коридори працювали .","Наші урядовці роблять усе , щоб на всій території держави було паливо , були продукти , все не так просто , але , тим не менш , медикаменти та всі – я це підкреслюю – всі товари , необхідні людям , бензин , дизель – все завозиться .",yes,no,none,none,none,none,high,
7997,bbe72d41a03f,"Зараз час, коли всі історичні складнощі для України можемо перемогти, якщо будемо берегти нашу єдність – звернення Президента України",2023-03-12,https://www.president.gov.ua/news/zaraz-chas-koli-vsi-istorichni-skladnoshi-dlya-ukrayini-mozh-81581,material_security,оборона,оборону,"Про оборону від держави - терориста , про наш спільний захист Європи .","Хороша розмова , партнерська .",Подякував за вже надану Чехією підтримку .,yes,no,none,none,none,none,high,
7998,bbe72d41a03f,"Зараз час, коли всі історичні складнощі для України можемо перемогти, якщо будемо берегти нашу єдність – звернення Президента України",2023-03-12,https://www.president.gov.ua/news/zaraz-chas-koli-vsi-istorichni-skladnoshi-dlya-ukrayini-mozh-81581,material_security,оборона,оборони,"Візити Прем'єр - міністра Фінляндії , міністра оборони Норвегії , Генсека ООН Гутерріша , лідерів керівної німецької Соціал - демократичної партії , розмова з Урсулою фон дер Ляєн , Президенткою Єврокомісії .","Загалом цей тиждень був , як і завжди , активним для України .",Все це дає результати .,yes,no,none,none,none,none,high,
7999,bbe72d41a03f,"Зараз час, коли всі історичні складнощі для України можемо перемогти, якщо будемо берегти нашу єдність – звернення Президента України",2023-03-12,https://www.president.gov.ua/news/zaraz-chas-koli-vsi-istorichni-skladnoshi-dlya-ukrayini-mozh-81581,urgency,ліквідація,ліквідації,"Хочу окремо подякувати за цей тиждень нашим енергетикам , усім працівникам ремонтних бригад , місцевої та центральної влади , яких залучали до ліквідації наслідків російського терористичного удару в четвер .","Зокрема , маємо вагоме посилення ППО – я дякую за це Норвегії ; маємо нові домовленості на дипломатичному фронті ; є рух на євроінтеграційному напрямі – як результат виконання антикорупційних кроків , визначених у рекомендаціях Єврокомісії , включно з призначенням на посаду нового директора НАБУ .",Станом на сьогодні вдалося відновити технічні можливості постачання електрики .,yes,no,none,none,none,none,high,
8000,bbe72d41a03f,"Зараз час, коли всі історичні складнощі для України можемо перемогти, якщо будемо берегти нашу єдність – звернення Президента України",2023-03-12,https://www.president.gov.ua/news/zaraz-chas-koli-vsi-istorichni-skladnoshi-dlya-ukrayini-mozh-81581,material_security,ворог,ворога,"Менш ніж за один тиждень – за час із 6 березня – й лише на одному Бахмутському напрямку вдалося знищити понад 1100 солдатів ворога – це безповоротні втрати Росії , втрати саме там , під Бахмутом .","Звичайно , дякую всім нашим воїнам « Хортиці » й « Таврії » , які бʼються на найгарячіших напрямках у максимально жорстких умовах .","Плюс іще як мінімум півтори тисячі санітарних ворожих втрат – це поранення , які несумісні для них із продовженням боїв .",yes,no,none,none,none,none,high,
8001,bbe72d41a03f,"Зараз час, коли всі історичні складнощі для України можемо перемогти, якщо будемо берегти нашу єдність – звернення Президента України",2023-03-12,https://www.president.gov.ua/news/zaraz-chas-koli-vsi-istorichni-skladnoshi-dlya-ukrayini-mozh-81581,ontological_security,духовний,духовної,Є цього тижня рух і на зміцнення нашої духовної незалежності .,"Разом , у єдності ми прийдемо до перемоги .",Суспільство це бачить .,yes,yes,ontological,nation,Russia,none,high,Progress on strengthening spiritual independence. Ongoing securitisation narrative.
8002,bbe72d41a03f,"Зараз час, коли всі історичні складнощі для України можемо перемогти, якщо будемо берегти нашу єдність – звернення Президента України",2023-03-12,https://www.president.gov.ua/news/zaraz-chas-koli-vsi-istorichni-skladnoshi-dlya-ukrayini-mozh-81581,decolonisation,незалежність,незалежності,Є цього тижня рух і на зміцнення нашої духовної незалежності .,"Разом , у єдності ми прийдемо до перемоги .",Суспільство це бачить .,yes,yes,ontological,nation,Russia,none,high,Progress on strengthening spiritual independence. Ongoing securitisation narrative.
8003,bbe72d41a03f,"Зараз час, коли всі історичні складнощі для України можемо перемогти, якщо будемо берегти нашу єдність – звернення Президента України",2023-03-12,https://www.president.gov.ua/news/zaraz-chas-koli-vsi-istorichni-skladnoshi-dlya-ukrayini-mozh-81581,church_actors,лавра,лаври,"Ми не допустимо , щоб у держави - терориста залишилась хоча б якась можливість маніпулювати духовністю нашого народу , руйнувати українські святині – наші лаври – або красти з них будь-які цінності .",І ми продовжимо цей наш рух .,І ще одне .,yes,yes,both,church_independence,Russia,property_transfer,high,"Will not allow terrorist state to manipulate people's spirituality, destroy Ukrainian shrines - our lavras - or steal valuables. Combines ontological (spiritual manipulation) and material (property) securitisation."
8004,bbe72d41a03f,"Зараз час, коли всі історичні складнощі для України можемо перемогти, якщо будемо берегти нашу єдність – звернення Президента України",2023-03-12,https://www.president.gov.ua/news/zaraz-chas-koli-vsi-istorichni-skladnoshi-dlya-ukrayini-mozh-81581,decolonisation,незалежність,незалежність,"Дякую кожному й кожній , хто зараз у бою за незалежність нашої держави !","Я дякую всім , хто дбає про нашу єдність і про єдність світу заради України !","Світла пам’ять і всім , хто віддав своє життя за Україну !",yes,no,none,none,none,none,high,
8005,bbe72d41a03f,"Зараз час, коли всі історичні складнощі для України можемо перемогти, якщо будемо берегти нашу єдність – звернення Президента України",2023-03-12,https://www.president.gov.ua/news/zaraz-chas-koli-vsi-istorichni-skladnoshi-dlya-ukrayini-mozh-81581,ontological_security,духовний незалежність,духовної незалежності,Є цього тижня рух і на зміцнення нашої духовної незалежності .,"Разом , у єдності ми прийдемо до перемоги .",Суспільство це бачить .,yes,yes,ontological,nation,Russia,none,high,Progress on strengthening spiritual independence. Ongoing securitisation narrative.
8123,c04e99805873,"Ми бачимо, як рішучість світу відкриває нові перспективи для відновлення нашої безпеки – звернення Президента",2024-06-18,https://www.president.gov.ua/news/mi-bachimo-yak-rishuchist-svitu-vidkrivaye-novi-perspektivi-91641,material_security,безпека,безпеки,"Ми бачимо , як рішучість світу відкриває нові перспективи для відновлення нашої безпеки .","Дякую всім , хто допомагав і допомагає .",Серед іншого це стосується безпеки Харкова .,yes,no,none,none,none,none,high,
8124,c04e99805873,"Ми бачимо, як рішучість світу відкриває нові перспективи для відновлення нашої безпеки – звернення Президента",2024-06-18,https://www.president.gov.ua/news/mi-bachimo-yak-rishuchist-svitu-vidkrivaye-novi-perspektivi-91641,material_security,безпека,безпеки,Серед іншого це стосується безпеки Харкова .,"Ми бачимо , як рішучість світу відкриває нові перспективи для відновлення нашої безпеки .","Знищення поблизу кордону нашими силами , нашими воїнами позицій та пускових установок російських терористів справді має значення .",yes,no,none,none,none,none,high,
8125,c04e99805873,"Ми бачимо, як рішучість світу відкриває нові перспективи для відновлення нашої безпеки – звернення Президента",2024-06-18,https://www.president.gov.ua/news/mi-bachimo-yak-rishuchist-svitu-vidkrivaye-novi-perspektivi-91641,material_security,безпека,безпеки,"Поступово переходимо і до формування груп , які будуть займатися напрацюванням конкретних кроків для відновлення безпеки .","Провів нараду з міжнародниками щодо закріплення відповідальних за регіонами , за частинами світу , щоб залучити ще більше учасників до спільної роботи над пунктами Формули миру .","Так само , як і перший Саміт миру , що відбувся у Швейцарії , групи мають стати максимально інклюзивними – щоб різні країни та лідери могли проявити себе .",yes,no,none,none,none,none,high,
8126,c04e99805873,"Ми бачимо, як рішучість світу відкриває нові перспективи для відновлення нашої безпеки – звернення Президента",2024-06-18,https://www.president.gov.ua/news/mi-bachimo-yak-rishuchist-svitu-vidkrivaye-novi-perspektivi-91641,church_actors,патріарх,Патріарху,Я вдячний Його Всесвятості Патріарху Варфоломію за приєднання до комюніке та незмінну підтримку наших мироустановчих зусиль .,"І , звичайно , продовжуємо працювати над підтримкою комюніке першого Саміту .",Будуть і інші такі новини – інші нові приєднання до комюніке .,yes,no,none,none,none,none,high,
8127,c04e99805873,"Ми бачимо, як рішучість світу відкриває нові перспективи для відновлення нашої безпеки – звернення Президента",2024-06-18,https://www.president.gov.ua/news/mi-bachimo-yak-rishuchist-svitu-vidkrivaye-novi-perspektivi-91641,material_security,безпека,Безпека,"Безпека в нас може бути тільки спільною – у наших держав , у наших народів , у нашої незалежності .","Ми надзвичайно цінуємо підтримку Литви , наші відносини та й загалом зв’язки України й українців із литовським суспільством , загалом із Балтійським регіоном .",Дякую за розуміння цього .,yes,no,none,none,none,none,high,
8128,c04e99805873,"Ми бачимо, як рішучість світу відкриває нові перспективи для відновлення нашої безпеки – звернення Президента",2024-06-18,https://www.president.gov.ua/news/mi-bachimo-yak-rishuchist-svitu-vidkrivaye-novi-perspektivi-91641,decolonisation,незалежність,незалежності,"Безпека в нас може бути тільки спільною – у наших держав , у наших народів , у нашої незалежності .","Ми надзвичайно цінуємо підтримку Литви , наші відносини та й загалом зв’язки України й українців із литовським суспільством , загалом із Балтійським регіоном .",Дякую за розуміння цього .,yes,no,none,none,none,none,high,
8129,c04e99805873,"Ми бачимо, як рішучість світу відкриває нові перспективи для відновлення нашої безпеки – звернення Президента",2024-06-18,https://www.president.gov.ua/news/mi-bachimo-yak-rishuchist-svitu-vidkrivaye-novi-perspektivi-91641,decolonisation,окупант,окупанта,Обов’язково маємо вигнати окупанта .,"Усім , чиї серця з нами , з нашими людьми .",Слава Україні !,yes,no,none,none,none,none,high,
8189,c20c745c37ac,"Російська армія може перестати вбивати, якщо одна людина в Москві віддасть такий наказ, і відсутність такого наказу є приниженням для всього світу – звернення Президента України",2022-06-04,https://www.president.gov.ua/news/rosijska-armiya-mozhe-perestati-vbivati-yaksho-odna-lyudina-75605,church_actors,лавра,лаври,Ще в середу від російського обстрілу загинули троє монахів лаври .,Вже далеко не першого удару по лаврі .,Богослужіння змушені проводити в підвалі .,yes,no,none,none,none,none,high,
8190,c20c745c37ac,"Російська армія може перестати вбивати, якщо одна людина в Москві віддасть такий наказ, і відсутність такого наказу є приниженням для всього світу – звернення Президента України",2022-06-04,https://www.president.gov.ua/news/rosijska-armiya-mozhe-perestati-vbivati-yaksho-odna-lyudina-75605,church_actors,православний,православної,"Це лавра Української православної церкви , яку в Москві досі вважають повʼязаною з Російською православною церквою .",І це одна з трьох лавр України .,Навіть це не зупиняє російську армію .,yes,no,none,none,none,none,high,
8191,c20c745c37ac,"Російська армія може перестати вбивати, якщо одна людина в Москві віддасть такий наказ, і відсутність такого наказу є приниженням для всього світу – звернення Президента України",2022-06-04,https://www.president.gov.ua/news/rosijska-armiya-mozhe-perestati-vbivati-yaksho-odna-lyudina-75605,church_actors,церква,церкви,"Це лавра Української православної церкви , яку в Москві досі вважають повʼязаною з Російською православною церквою .",І це одна з трьох лавр України .,Навіть це не зупиняє російську армію .,yes,no,none,none,none,none,high,
8192,c20c745c37ac,"Російська армія може перестати вбивати, якщо одна людина в Москві віддасть такий наказ, і відсутність такого наказу є приниженням для всього світу – звернення Президента України",2022-06-04,https://www.president.gov.ua/news/rosijska-armiya-mozhe-perestati-vbivati-yaksho-odna-lyudina-75605,church_actors,православний,православною,"Це лавра Української православної церкви , яку в Москві досі вважають повʼязаною з Російською православною церквою .",І це одна з трьох лавр України .,Навіть це не зупиняє російську армію .,yes,no,none,none,none,none,high,
8193,c20c745c37ac,"Російська армія може перестати вбивати, якщо одна людина в Москві віддасть такий наказ, і відсутність такого наказу є приниженням для всього світу – звернення Президента України",2022-06-04,https://www.president.gov.ua/news/rosijska-armiya-mozhe-perestati-vbivati-yaksho-odna-lyudina-75605,church_actors,церква,церквою,"Це лавра Української православної церкви , яку в Москві досі вважають повʼязаною з Російською православною церквою .",І це одна з трьох лавр України .,Навіть це не зупиняє російську армію .,yes,no,none,none,none,none,high,
8194,c20c745c37ac,"Російська армія може перестати вбивати, якщо одна людина в Москві віддасть такий наказ, і відсутність такого наказу є приниженням для всього світу – звернення Президента України",2022-06-04,https://www.president.gov.ua/news/rosijska-armiya-mozhe-perestati-vbivati-yaksho-odna-lyudina-75605,church_actors,православний,православні,"Вони готові спалювати все : православні церкви так само , як і будь -що інше в Україні .",Навіть це не зупиняє російську армію .,За час повномасштабної війни російськими обстрілами вже зруйновано або пошкоджено 113 церков .,yes,no,none,none,none,none,high,
8195,c20c745c37ac,"Російська армія може перестати вбивати, якщо одна людина в Москві віддасть такий наказ, і відсутність такого наказу є приниженням для всього світу – звернення Президента України",2022-06-04,https://www.president.gov.ua/news/rosijska-armiya-mozhe-perestati-vbivati-yaksho-odna-lyudina-75605,church_actors,церква,церков,За час повномасштабної війни російськими обстрілами вже зруйновано або пошкоджено 113 церков .,"Вони готові спалювати все : православні церкви так само , як і будь -що інше в Україні .","Серед них є і старовинні , що пережили Другу світову війну , але не вистояли російську окупацію .",yes,no,none,none,none,none,high,
8196,c20c745c37ac,"Російська армія може перестати вбивати, якщо одна людина в Москві віддасть такий наказ, і відсутність такого наказу є приниженням для всього світу – звернення Президента України",2022-06-04,https://www.president.gov.ua/news/rosijska-armiya-mozhe-perestati-vbivati-yaksho-odna-lyudina-75605,church_actors,лавра,лаври,Всіхсвятський скит Святогірської лаври почали відбудовувати у 2001 році .,"Є й ті , які були побудовані вже після 1991 року .",Якраз 10 червня була б чергова річниця початку будівництва .,yes,no,none,none,none,none,high,
8197,c20c745c37ac,"Російська армія може перестати вбивати, якщо одна людина в Москві віддасть такий наказ, і відсутність такого наказу є приниженням для всього світу – звернення Президента України",2022-06-04,https://www.president.gov.ua/news/rosijska-armiya-mozhe-perestati-vbivati-yaksho-odna-lyudina-75605,church_actors,православний,православними,"Вважаю , що й ця брехня пропагандистів , і цей обстріл , і підтримка православними ієрархами в Росії агресії проти України – усе це має спонукати Українську православну церкву до висновків .","Хоча монахи і миряни у Святогір’ї прекрасно бачили , що це була саме російська артилерія .","До більш рішучих висновків і до чіткого засудження кожного з тих , хто потурає агресії .",yes,no,none,none,none,none,high,
8198,c20c745c37ac,"Російська армія може перестати вбивати, якщо одна людина в Москві віддасть такий наказ, і відсутність такого наказу є приниженням для всього світу – звернення Президента України",2022-06-04,https://www.president.gov.ua/news/rosijska-armiya-mozhe-perestati-vbivati-yaksho-odna-lyudina-75605,church_actors,православний,православну,"Вважаю , що й ця брехня пропагандистів , і цей обстріл , і підтримка православними ієрархами в Росії агресії проти України – усе це має спонукати Українську православну церкву до висновків .","Хоча монахи і миряни у Святогір’ї прекрасно бачили , що це була саме російська артилерія .","До більш рішучих висновків і до чіткого засудження кожного з тих , хто потурає агресії .",yes,no,none,none,none,none,high,
8199,c20c745c37ac,"Російська армія може перестати вбивати, якщо одна людина в Москві віддасть такий наказ, і відсутність такого наказу є приниженням для всього світу – звернення Президента України",2022-06-04,https://www.president.gov.ua/news/rosijska-armiya-mozhe-perestati-vbivati-yaksho-odna-lyudina-75605,church_actors,церква,церкву,"Вважаю , що й ця брехня пропагандистів , і цей обстріл , і підтримка православними ієрархами в Росії агресії проти України – усе це має спонукати Українську православну церкву до висновків .","Хоча монахи і миряни у Святогір’ї прекрасно бачили , що це була саме російська артилерія .","До більш рішучих висновків і до чіткого засудження кожного з тих , хто потурає агресії .",yes,no,none,none,none,none,high,
8200,c20c745c37ac,"Російська армія може перестати вбивати, якщо одна людина в Москві віддасть такий наказ, і відсутність такого наказу є приниженням для всього світу – звернення Президента України",2022-06-04,https://www.president.gov.ua/news/rosijska-armiya-mozhe-perestati-vbivati-yaksho-odna-lyudina-75605,urgency,рішучий,рішучих,"До більш рішучих висновків і до чіткого засудження кожного з тих , хто потурає агресії .","Вважаю , що й ця брехня пропагандистів , і цей обстріл , і підтримка православними ієрархами в Росії агресії проти України – усе це має спонукати Українську православну церкву до висновків .","Українські дипломати зроблять усе , щоб про цей черговий злочин окупантів дізналися усі у світі .",yes,no,none,none,none,none,high,
8201,c20c745c37ac,"Російська армія може перестати вбивати, якщо одна людина в Москві віддасть такий наказ, і відсутність такого наказу є приниженням для всього світу – звернення Президента України",2022-06-04,https://www.president.gov.ua/news/rosijska-armiya-mozhe-perestati-vbivati-yaksho-odna-lyudina-75605,decolonisation,окупант,окупантів,"Українські дипломати зроблять усе , щоб про цей черговий злочин окупантів дізналися усі у світі .","До більш рішучих висновків і до чіткого засудження кожного з тих , хто потурає агресії .","Росія свідомо і системно знищує українську культурну та історичну спадщину так само , як і соціальну інфраструктуру , як і житлові будинки , як і все , що необхідне для нормального життя .",yes,no,none,none,none,none,high,
8202,c20c745c37ac,"Російська армія може перестати вбивати, якщо одна людина в Москві віддасть такий наказ, і відсутність такого наказу є приниженням для всього світу – звернення Президента України",2022-06-04,https://www.president.gov.ua/news/rosijska-armiya-mozhe-perestati-vbivati-yaksho-odna-lyudina-75605,material_security,ворог,ворогу,"Наші герої тримають позиції і роблять усе , щоб завдати ворогу максимальних втрат .","На ранок сьогоднішнього дня загальна кількість різних російських ракет , застосованих проти України , – вже 2 тисячі 503 .","Я вдячний кожному нашому захиснику , кожній захисниці , які наближають той день , коли Росії все ж таки доведеться залишити Донбас у спокої .",yes,no,none,none,none,none,high,
8453,c850aa5c1c24,"Наша тактика – коли супротивник не знає, чого від нас чекати – звернення Президента України",2022-03-18,https://www.president.gov.ua/news/nasha-taktika-koli-suprotivnik-ne-znaye-chogo-vid-nas-chekat-73645,decolonisation,окупант,окупантів,"І тому зараз я попереджаю всіх , усіх , хто спробує приєднатися до окупантів на нашій українській землі .",Ми з вами знаємо : це їм не допоможе .,Це буде найгірше рішення у вашому житті .,yes,no,none,none,none,none,high,
8454,c850aa5c1c24,"Наша тактика – коли супротивник не знає, чого від нас чекати – звернення Президента України",2022-03-18,https://www.president.gov.ua/news/nasha-taktika-koli-suprotivnik-ne-znaye-chogo-vid-nas-chekat-73645,material_security,ворог,ворог,"Наші мужні захисники продовжують утримувати всі ключові напрямки , на які тисне ворог .","Краще довге життя , ніж ті гроші , які вам пропонують за коротке .",І відповідають на кожну атаку .,yes,no,none,none,none,none,high,
8455,c850aa5c1c24,"Наша тактика – коли супротивник не знає, чого від нас чекати – звернення Президента України",2022-03-18,https://www.president.gov.ua/news/nasha-taktika-koli-suprotivnik-ne-znaye-chogo-vid-nas-chekat-73645,decolonisation,окупант,окупантів,"На кожен удар окупантів по наших мирних містах , по наших людях .",І відповідають на кожну атаку .,У полон взяті нові російські строковики .,yes,no,none,none,none,none,high,
8456,c850aa5c1c24,"Наша тактика – коли супротивник не знає, чого від нас чекати – звернення Президента України",2022-03-18,https://www.president.gov.ua/news/nasha-taktika-koli-suprotivnik-ne-znaye-chogo-vid-nas-chekat-73645,material_security,безпека,безпеку,"Такий , який гарантує безпеку кожній державі у Європі і Україні передусім .",Довготривалий і головне – чесний .,"І я щиро бажаю канцлеру Шольцу від усіх українців , від усіх європейців , щоб Німеччині й партнерам вдалося реалізувати цю місію .",yes,no,none,none,none,none,high,
8457,c850aa5c1c24,"Наша тактика – коли супротивник не знає, чого від нас чекати – звернення Президента України",2022-03-18,https://www.president.gov.ua/news/nasha-taktika-koli-suprotivnik-ne-znaye-chogo-vid-nas-chekat-73645,material_security,оборона,оборона,Наша оборона .,Бо це – наша тактика .,"Коли супротивник не знає , чого чекати від нас .",yes,no,none,none,none,none,high,
8458,c850aa5c1c24,"Наша тактика – коли супротивник не знає, чого від нас чекати – звернення Президента України",2022-03-18,https://www.president.gov.ua/news/nasha-taktika-koli-suprotivnik-ne-znaye-chogo-vid-nas-chekat-73645,decolonisation,окупант,Окупанти,"Окупанти думали , що йдуть в Україну , яку бачили колись раніше , у 14 - 15-му роках .","Не знали , що є в нас для захисту і як ми готувалися зустрічати удар .",Яку вони корумпували постійно і якої не боялися .,yes,no,none,none,none,none,high,
8459,c850aa5c1c24,"Наша тактика – коли супротивник не знає, чого від нас чекати – звернення Президента України",2022-03-18,https://www.president.gov.ua/news/nasha-taktika-koli-suprotivnik-ne-znaye-chogo-vid-nas-chekat-73645,material_security,оборона,оборони,Для нашої оборони .,"Усе , що ми зробили за декілька років .",Для нашої тактики .,yes,no,none,none,none,none,high,
8460,c850aa5c1c24,"Наша тактика – коли супротивник не знає, чого від нас чекати – звернення Президента України",2022-03-18,https://www.president.gov.ua/news/nasha-taktika-koli-suprotivnik-ne-znaye-chogo-vid-nas-chekat-73645,material_security,суверенітет,суверенітету,"Переговорів заради миру , суверенітету , територіальної цілісності нашої держави , нашої волі .",Як не час розкривати й нашу тактику переговорів .,"Працюючи більше в тиші , ніж на телебаченні , радіо чи у фейсбуці .",yes,no,none,none,none,none,high,
8461,c850aa5c1c24,"Наша тактика – коли супротивник не знає, чого від нас чекати – звернення Президента України",2022-03-18,https://www.president.gov.ua/news/nasha-taktika-koli-suprotivnik-ne-znaye-chogo-vid-nas-chekat-73645,decolonisation,воля,волі,"Переговорів заради миру , суверенітету , територіальної цілісності нашої держави , нашої волі .",Як не час розкривати й нашу тактику переговорів .,"Працюючи більше в тиші , ніж на телебаченні , радіо чи у фейсбуці .",yes,no,none,none,none,none,high,
8462,c850aa5c1c24,"Наша тактика – коли супротивник не знає, чого від нас чекати – звернення Президента України",2022-03-18,https://www.president.gov.ua/news/nasha-taktika-koli-suprotivnik-ne-znaye-chogo-vid-nas-chekat-73645,decolonisation,окупант,окупантів,Брат вийшов із машини і проклинав окупантів .,"Старша донька , Катя , їй усього лише 16 років , закрила собою братика Ігоря , йому вісім .",Мама Тетяна отримала осколкові поранення .,yes,no,none,none,none,none,high,
8463,c850aa5c1c24,"Наша тактика – коли супротивник не знає, чого від нас чекати – звернення Президента України",2022-03-18,https://www.president.gov.ua/news/nasha-taktika-koli-suprotivnik-ne-znaye-chogo-vid-nas-chekat-73645,urgency,надзвичайний,надзвичайних,Також сьогодні нагородив пʼятьох працівників Державної служби з надзвичайних ситуацій орденами « За мужність » .,Я бажаю вам миру і працюю для цього .,Всі – герої .,yes,no,none,none,none,none,high,
8464,c850aa5c1c24,"Наша тактика – коли супротивник не знає, чого від нас чекати – звернення Президента України",2022-03-18,https://www.president.gov.ua/news/nasha-taktika-koli-suprotivnik-ne-znaye-chogo-vid-nas-chekat-73645,material_security,безпека,безпека,"Вже зараз , всюди , де безпека це дозволяє .","Про те , як ми повертаємо нашу країну до життя .","Всюди , де бізнес може працювати .",yes,no,none,none,none,none,high,
8465,c850aa5c1c24,"Наша тактика – коли супротивник не знає, чого від нас чекати – звернення Президента України",2022-03-18,https://www.president.gov.ua/news/nasha-taktika-koli-suprotivnik-ne-znaye-chogo-vid-nas-chekat-73645,church_actors,церква,церква,"Наша армія , поліція , ДСНС , гуманітарні конвої , церква ...",Абсолютно .,Увесь наш народ .,yes,no,none,none,none,none,high,
8466,c850aa5c1c24,"Наша тактика – коли супротивник не знає, чого від нас чекати – звернення Президента України",2022-03-18,https://www.president.gov.ua/news/nasha-taktika-koli-suprotivnik-ne-znaye-chogo-vid-nas-chekat-73645,material_security,територіальний цілісність,територіальну цілісність,Щоб відновити нашу територіальну цілісність .,"Стільки , скільки потрібно , щоб зупинити війну .","Щоб повернути всім нам , українцям та всім європейцям , омріяний мир .",yes,no,none,none,none,none,high,
8467,c850aa5c1c24,"Наша тактика – коли супротивник не знає, чого від нас чекати – звернення Президента України",2022-03-18,https://www.president.gov.ua/news/nasha-taktika-koli-suprotivnik-ne-znaye-chogo-vid-nas-chekat-73645,material_security,територіальний цілісність,територіальної цілісності,"Переговорів заради миру , суверенітету , територіальної цілісності нашої держави , нашої волі .",Як не час розкривати й нашу тактику переговорів .,"Працюючи більше в тиші , ніж на телебаченні , радіо чи у фейсбуці .",yes,no,none,none,none,none,high,
8539,c9eb6e3f5f07,Вітання Президента України з Різдвом Христовим,2023-01-06,https://www.president.gov.ua/news/vitannya-prezidenta-ukrayini-z-rizdvom-hristovim-80261,church_actors,церква,церкви,Як це робили наші предки козаки – захисники віри й церкви Христової .,"Захищаємо свою землю , свою культуру , свої традиції , свою віру .","І так , як це робили всі їхні нащадки та продовжувачі традицій нашого війська й нашого народу .",yes,no,none,none,none,none,high,
8540,c9eb6e3f5f07,Вітання Президента України з Різдвом Христовим,2023-01-06,https://www.president.gov.ua/news/vitannya-prezidenta-ukrayini-z-rizdvom-hristovim-80261,decolonisation,окупант,окупантів,"До гостей – так , але не до окупантів .",До гостей потрібно ставитися особливо привітно та дбайливо .,"У святий день не можна прибирати й виносити з дому сміття , але ми б’ємося з чортами й виносимо сміття з нашого дому понад 300 днів поспіль .",yes,no,none,none,none,none,high,
8541,c9eb6e3f5f07,Вітання Президента України з Різдвом Христовим,2023-01-06,https://www.president.gov.ua/news/vitannya-prezidenta-ukrayini-z-rizdvom-hristovim-80261,urgency,заборонити,Заборонено,"Заборонено шити й в'язати , але ми плетемо маскувальні сітки та шиємо бронежилети , долаючи зло .","У святий день не можна прибирати й виносити з дому сміття , але ми б’ємося з чортами й виносимо сміття з нашого дому понад 300 днів поспіль .","В ці дні наші предки не ходили на полювання , але ми б’ємось , аби не стати здобиччю й перемогти звіра .",yes,no,none,none,none,none,high,
8606,cbf37bb2cb1b,"Є деякі наші нові ідеї, як наблизити реальний мир, і це стосується форматів, зустрічей, таймінгу – звернення Президента",2025-12-25,https://www.president.gov.ua/news/ye-deyaki-nashi-novi-ideyi-yak-nabliziti-realnij-mir-i-ce-st-102201,church_actors,патріарх,Патріарх,Патріарх Варфоломій – я вдячний за привітання України та всіх українців із Різдвом .,"Сьогодні теж активний наш день , день нашої дипломатії , були важливі розмови .","Також за чітку підтримку справжніх цінностей – цінностей миру та поваги до людського життя , до захисту життя .",yes,no,none,none,none,none,high,
8607,cbf37bb2cb1b,"Є деякі наші нові ідеї, як наблизити реальний мир, і це стосується форматів, зустрічей, таймінгу – звернення Президента",2025-12-25,https://www.president.gov.ua/news/ye-deyaki-nashi-novi-ideyi-yak-nabliziti-realnij-mir-i-ce-st-102201,material_security,безпека,безпека,"Справжня безпека , справжнє відновлення , справжній мир – це має бути .","І буду говорити також з іншими європейськими лідерами , щоб усі ми були в одному темпі й з одною спільною метою .","Була сьогодні доповідь Павла Паліси по питаннях , які додають нам можливостей на фронті .",yes,no,none,none,none,none,high,
8704,cdd59d665b91,Привітання Президента України з Великоднем,2025-04-20,https://www.president.gov.ua/news/privitannya-prezidenta-ukrayini-z-velikodnem-97285,decolonisation,воля,воля,"Це воля , витримка .","І саме цінності є тим , що всіх нас об’єднало абсолютно невипадково , об’єднало в перший день війни та єднає досі .",Небайдужість і людяність .,yes,no,none,none,none,none,high,
8705,cdd59d665b91,Привітання Президента України з Великоднем,2025-04-20,https://www.president.gov.ua/news/privitannya-prezidenta-ukrayini-z-velikodnem-97285,church_actors,конфесія,конфесій,"Щодня й особливо сьогодні , коли українці всіх християнських конфесій відзначають Великдень в одну дату .",Ми єдині в цьому .,Разом .,yes,no,none,none,none,none,high,
8706,cdd59d665b91,Привітання Президента України з Великоднем,2025-04-20,https://www.president.gov.ua/news/privitannya-prezidenta-ukrayini-z-velikodnem-97285,decolonisation,воля,волю,"Зміцнити волю тих , хто зараз у неволі .","Ми просимо Бога захистити тих , хто захищає нас .","За наших полонених , за всіх , хто має повернутися додому .",yes,no,none,none,none,none,high,
8707,cdd59d665b91,Привітання Президента України з Великоднем,2025-04-20,https://www.president.gov.ua/news/privitannya-prezidenta-ukrayini-z-velikodnem-97285,decolonisation,воля,волі,"Усе каміння , що в нас летить , ми перетворимо на міцний фундамент майбутнього – майбутньої волі , майбутнього миру , майбутнього спогаду про те , що ми пройшли і що нам вдалося .","Тому ми точно знаємо : все те каміння , що в нас кидають , не залишиться руїною на нашій землі .","Коли в тяжкі часи вирішальною стає не тільки перемога зброї , а передусім перемога духу .",yes,no,none,none,none,none,high,
8812,d137d9236df2,"Виступ Президента й першої леді України перед представниками урядових і ділових кіл США, пресою та українською громадою",2023-09-19,https://www.president.gov.ua/news/vistup-prezidenta-j-pershoyi-ledi-ukrayini-pered-predstavnik-85817,decolonisation,окупант,окупантів,"Вони гризуть і душать російських окупантів , наскільки це можливо .",Кожен день цієї війни українські солдати тримаються бульдожою хваткою .,Ніколи раніше російська диктатура не зустрічала такого сильного опору .,yes,no,none,none,none,none,high,
8813,d137d9236df2,"Виступ Президента й першої леді України перед представниками урядових і ділових кіл США, пресою та українською громадою",2023-09-19,https://www.president.gov.ua/news/vistup-prezidenta-j-pershoyi-ledi-ukrayini-pered-predstavnik-85817,material_security,безпека,безпеку,Але американський внесок в українську безпеку та глобальний захист свободи працює .,"Після України , якщо ми впадемо , половина Європи знову опиниться в небезпеці потрапляння під вплив Москви .",На 100 % .,yes,no,none,none,none,none,high,
8814,d137d9236df2,"Виступ Президента й першої леді України перед представниками урядових і ділових кіл США, пресою та українською громадою",2023-09-19,https://www.president.gov.ua/news/vistup-prezidenta-j-pershoyi-ledi-ukrayini-pered-predstavnik-85817,material_security,безпека,безпеки,Україна платить найвищу ціну за захист свободи та глобальної безпеки .,Це правда .,"Щодня й щоночі наші солдати жертвують своїм життям , тримаючи оборону в окопах на лінії фронту .",yes,no,none,none,none,none,high,
8815,d137d9236df2,"Виступ Президента й першої леді України перед представниками урядових і ділових кіл США, пресою та українською громадою",2023-09-19,https://www.president.gov.ua/news/vistup-prezidenta-j-pershoyi-ledi-ukrayini-pered-predstavnik-85817,material_security,оборона,оборону,"Щодня й щоночі наші солдати жертвують своїм життям , тримаючи оборону в окопах на лінії фронту .",Україна платить найвищу ціну за захист свободи та глобальної безпеки .,Вони втрачають своїх побратимів у бою .,yes,no,none,none,none,none,high,
8816,d137d9236df2,"Виступ Президента й першої леді України перед представниками урядових і ділових кіл США, пресою та українською громадою",2023-09-19,https://www.president.gov.ua/news/vistup-prezidenta-j-pershoyi-ledi-ukrayini-pered-predstavnik-85817,urgency,надзвичайний,надзвичайне,"Але навіть якщо ми робимо щось уперше , щось надзвичайне , і це заради спасіння – це приносить відповідь .",І ніколи раніше не просила зброї для захисту своєї країни .,Я бачила сльози сенаторів і конгресменів .,yes,no,none,none,none,none,high,
8817,d137d9236df2,"Виступ Президента й першої леді України перед представниками урядових і ділових кіл США, пресою та українською громадою",2023-09-19,https://www.president.gov.ua/news/vistup-prezidenta-j-pershoyi-ledi-ukrayini-pered-predstavnik-85817,urgency,надзвичайний,надзвичайні,"Сьогодні ми тут разом з Оленою , щоб висловити подяку всім вам , американцям – звичайним людям , які робили й роблять надзвичайні речі за покликом свого серця .","Це те , що робить вас Америкою .","Серця американців б'ються так само , як і серця українців .",yes,no,none,none,none,none,high,
8818,d137d9236df2,"Виступ Президента й першої леді України перед представниками урядових і ділових кіл США, пресою та українською громадою",2023-09-19,https://www.president.gov.ua/news/vistup-prezidenta-j-pershoyi-ledi-ukrayini-pered-predstavnik-85817,urgency,надзвичайний,надзвичайними,"І всі найважливіші історичні досягнення народів є відображенням того , чи здатні люди бути надзвичайними заради життя , заради свободи .","Серця американців б'ються так само , як і серця українців .","Ніколи ще в історії людства це не було так актуально , як зараз .",yes,no,none,none,none,none,high,
8819,d137d9236df2,"Виступ Президента й першої леді України перед представниками урядових і ділових кіл США, пресою та українською громадою",2023-09-19,https://www.president.gov.ua/news/vistup-prezidenta-j-pershoyi-ledi-ukrayini-pered-predstavnik-85817,material_security,оборона,оборона,"Перша леді : – Ми говорили , що ця оборона , яку веде Україна , є захистом цінностей .","Якби в Америці не було таких людей із такими великими серцями , у світі не залишилося б жодної свободи .","Таких , як право на життя та особистість .",yes,no,none,none,none,none,high,
8820,d137d9236df2,"Виступ Президента й першої леді України перед представниками урядових і ділових кіл США, пресою та українською громадою",2023-09-19,https://www.president.gov.ua/news/vistup-prezidenta-j-pershoyi-ledi-ukrayini-pered-predstavnik-85817,ontological_security,духовний,духовна,Тому це ще й духовна битва .,"Проти найгіршого , що може бути в людині , – свідомого прагнення вбити , знищити , загарбати , поневолити .","Щира подяка всім , хто бореться разом із нами в духовному вимірі й вимірі цінностей .",yes,yes,ontological,identity,Russia,none,medium,Frames the war as 'also a spiritual battle'. Ontological securitisation framing in address to US governmental and business audience.
8821,d137d9236df2,"Виступ Президента й першої леді України перед представниками урядових і ділових кіл США, пресою та українською громадою",2023-09-19,https://www.president.gov.ua/news/vistup-prezidenta-j-pershoyi-ledi-ukrayini-pered-predstavnik-85817,ontological_security,духовний,духовному,"Щира подяка всім , хто бореться разом із нами в духовному вимірі й вимірі цінностей .",Тому це ще й духовна битва .,Я маю честь бути особисто знайомою з архиєпископом Борисом Гудзяком .,yes,yes,ontological,identity,Russia,none,medium,Thanks those fighting 'in the spiritual dimension and dimension of values'. Ontological securitisation framing.
8822,d137d9236df2,"Виступ Президента й першої леді України перед представниками урядових і ділових кіл США, пресою та українською громадою",2023-09-19,https://www.president.gov.ua/news/vistup-prezidenta-j-pershoyi-ledi-ukrayini-pered-predstavnik-85817,church_actors,церква,церкви,А ще тут – настоятель церкви Святого Андрія і капелан Повітряних сил США Володимир Штеляк і наш почесний консул у місті Сіетлі й пастор Валерій Голобородько .,"І молодь , яка завдяки йому здобуває чудову освіту .","Лідери своїх громад , які допомагають іншим .",yes,no,none,none,none,none,high,
8827,d16210c4d3a2,"Запрошую вас будувати зв'язки між людьми, які триватимуть завжди – виступ Президента України під час зустрічі Національної асоціації губернаторів США",2024-07-09,https://www.president.gov.ua/news/zaproshuyu-vas-buduvati-zvyazki-mizh-lyudmi-yaki-trivatimut-92153,decolonisation,незалежність,незалежність,"На кожній із цих зустрічей я дякував Америці , усім нашим друзям в Америці та всім американцям , які підтримують Україну , наш народ , нашу свободу й незалежність у цій жахливій війні , яку розпочала Росія .",Я був у Білому домі та на саміті НАТО – зустрічався з Президентом Байденом .,Щиро дякую за вашу підтримку !,yes,no,none,none,none,none,high,
8828,d16210c4d3a2,"Запрошую вас будувати зв'язки між людьми, які триватимуть завжди – виступ Президента України під час зустрічі Національної асоціації губернаторів США",2024-07-09,https://www.president.gov.ua/news/zaproshuyu-vas-buduvati-zvyazki-mizh-lyudmi-yaki-trivatimut-92153,material_security,оборона,оборони,"Єдине , про що ми просимо , це достатня підтримка : системи протиповітряної оборони для наших міст , зброя для наших чоловіків і жінок на передовій , підтримка в захисті нормального життя та відбудові .",Ми не просимо залучення ваших солдатів .,"Це все , що нам потрібно , щоб вистояти та вигнати Росію з нашої землі , а також надіслати потужний сигнал усім іншим потенційним агресорам , які спостерігають за нами .",yes,no,none,none,none,none,high,
8829,d16210c4d3a2,"Запрошую вас будувати зв'язки між людьми, які триватимуть завжди – виступ Президента України під час зустрічі Національної асоціації губернаторів США",2024-07-09,https://www.president.gov.ua/news/zaproshuyu-vas-buduvati-zvyazki-mizh-lyudmi-yaki-trivatimut-92153,material_security,безпека,безпеку,"Їхні батьки повинні відчувати хоча б базову безпеку – мати можливість жити , працювати й забезпечувати свої сім'ї .",Дітям також потрібно ходити до школи .,"Вдумайтеся в цифри : Росія зруйнувала майже 160 тисяч цивільних об'єктів , лише житлових будинків – 130 тисяч , 3 тисячі шкіл , 700 медичних установ і 170 церков .",yes,no,none,none,none,none,high,
8830,d16210c4d3a2,"Запрошую вас будувати зв'язки між людьми, які триватимуть завжди – виступ Президента України під час зустрічі Національної асоціації губернаторів США",2024-07-09,https://www.president.gov.ua/news/zaproshuyu-vas-buduvati-zvyazki-mizh-lyudmi-yaki-trivatimut-92153,church_actors,церква,церков,"Вдумайтеся в цифри : Росія зруйнувала майже 160 тисяч цивільних об'єктів , лише житлових будинків – 130 тисяч , 3 тисячі шкіл , 700 медичних установ і 170 церков .","Їхні батьки повинні відчувати хоча б базову безпеку – мати можливість жити , працювати й забезпечувати свої сім'ї .",Хто вони є ?,yes,no,none,none,none,none,high,
8842,d20b129022a4,"Стратегія захисту для кожної цивілізованої держави – тиснути на Росію, щоб відновити мир – звернення Президента України",2022-04-09,https://www.president.gov.ua/news/strategiya-zahistu-dlya-kozhnoyi-civilizovanoyi-derzhavi-tis-74225,material_security,безпека,безпеку,"І гарантувати безпеку Україні , а отже , безпеку демократії та свободі народів на сході Європи .",Звільнити нашу землю від загарбників .,"Саме тому це не просто моральний обовʼязок усіх демократичних держав , усіх сил Європи – підтримувати прагнення України до миру .",yes,no,none,none,none,none,high,
8843,d20b129022a4,"Стратегія захисту для кожної цивілізованої держави – тиснути на Росію, щоб відновити мир – звернення Президента України",2022-04-09,https://www.president.gov.ua/news/strategiya-zahistu-dlya-kozhnoyi-civilizovanoyi-derzhavi-tis-74225,material_security,безпека,безпеку,"Тиснути на Росію якнайбільше , щоб якнайшвидше відновити мир і безпеку .","Це , власне , стратегія захисту для кожної цивілізованої держави .",Щоб якнайшвидше повернути силу міжнародному праву й зупинити катастрофу від застосування права сили .,yes,no,none,none,none,none,high,
8844,d20b129022a4,"Стратегія захисту для кожної цивілізованої держави – тиснути на Росію, щоб відновити мир – звернення Президента України",2022-04-09,https://www.president.gov.ua/news/strategiya-zahistu-dlya-kozhnoyi-civilizovanoyi-derzhavi-tis-74225,material_security,безпека,безпеки,"Почув і обіцянку того , що Австрія разом з партнерами по Європейському Союзу продовжить санкційну політику проти Росії , поки не відбудеться повне відновлення реальної безпеки в нашому регіоні .","Був задоволений почути сьогодні й від канцлера Австрії Карла Негаммера запевнення , що для Австрійської держави примусити Росію до миру так само принципово , як і для інших відповідальних держав .",Поки Росія не забере всі свої сили з української суверенної території .,yes,no,none,none,none,none,high,
8845,d20b129022a4,"Стратегія захисту для кожної цивілізованої держави – тиснути на Росію, щоб відновити мир – звернення Президента України",2022-04-09,https://www.president.gov.ua/news/strategiya-zahistu-dlya-kozhnoyi-civilizovanoyi-derzhavi-tis-74225,material_security,оборона,оборони,І це вже 45-й день нашої оборони від російської навали .,"Тобто сьогодні був справді плідний день для України , для нашої дипломатії .","Чи думали в Москві , що на 45-й день після їхнього вторгнення у Києві будуть відбуватися саме такі події ?",yes,no,none,none,none,none,high,
8846,d20b129022a4,"Стратегія захисту для кожної цивілізованої держави – тиснути на Росію, щоб відновити мир – звернення Президента України",2022-04-09,https://www.president.gov.ua/news/strategiya-zahistu-dlya-kozhnoyi-civilizovanoyi-derzhavi-tis-74225,material_security,оборона,обороні,Перша – конкретна допомога нашій обороні .,"На всіх міжнародних переговорах , в усіх контактах із лідерами світу протягом цих 45 днів я обов'язково порушую три теми .",Друга – конкретна допомога нашим людям .,yes,no,none,none,none,none,high,
8847,d20b129022a4,"Стратегія захисту для кожної цивілізованої держави – тиснути на Росію, щоб відновити мир – звернення Президента України",2022-04-09,https://www.president.gov.ua/news/strategiya-zahistu-dlya-kozhnoyi-civilizovanoyi-derzhavi-tis-74225,material_security,безпека,безпеки,"Третя – конкретні гарантії безпеки для нашої держави , яка точно переможе в цьому протистоянні .",Друга – конкретна допомога нашим людям .,"Звісно , не від усіх я чую конкретні відповіді на свої конкретні запитання .",yes,no,none,none,none,none,high,
8848,d20b129022a4,"Стратегія захисту для кожної цивілізованої держави – тиснути на Росію, щоб відновити мир – звернення Президента України",2022-04-09,https://www.president.gov.ua/news/strategiya-zahistu-dlya-kozhnoyi-civilizovanoyi-derzhavi-tis-74225,material_security,санкція,санкцій,"І це означає , що потрібно ще більше санкцій .",Росія все ще може дозволити собі жити в ілюзіях і стягувати на нашу землю нові військові сили й нову техніку .,Ще більше зброї для нашої держави .,yes,no,none,none,none,none,high,
8849,d20b129022a4,"Стратегія захисту для кожної цивілізованої держави – тиснути на Росію, щоб відновити мир – звернення Президента України",2022-04-09,https://www.president.gov.ua/news/strategiya-zahistu-dlya-kozhnoyi-civilizovanoyi-derzhavi-tis-74225,urgency,припинити,Припинити,Припинити безглузде насильство .,"Тоді це для них буде аргумент , щоб шукати мир .",І ще одна новина на сьогодні .,yes,no,none,none,none,none,high,
8850,d20b129022a4,"Стратегія захисту для кожної цивілізованої держави – тиснути на Росію, щоб відновити мир – звернення Президента України",2022-04-09,https://www.president.gov.ua/news/strategiya-zahistu-dlya-kozhnoyi-civilizovanoyi-derzhavi-tis-74225,church_actors,православний,православної,"Вдячний за це рішення ієрархам , духовенству та вірним Української православної церкви США .",І свого часу вона буде вдома – у Святій Софії .,"Хочу , щоб повернення цієї святині стало для всіх нас важливим символом .",yes,no,none,none,none,none,high,
8851,d20b129022a4,"Стратегія захисту для кожної цивілізованої держави – тиснути на Росію, щоб відновити мир – звернення Президента України",2022-04-09,https://www.president.gov.ua/news/strategiya-zahistu-dlya-kozhnoyi-civilizovanoyi-derzhavi-tis-74225,church_actors,церква,церкви,"Вдячний за це рішення ієрархам , духовенству та вірним Української православної церкви США .",І свого часу вона буде вдома – у Святій Софії .,"Хочу , щоб повернення цієї святині стало для всіх нас важливим символом .",yes,no,none,none,none,none,high,
9013,d737ea63f60a,"Ми повинні зробити все, щоб 25-й рік став для України роком миру – виступ Президента з нагоди Дня дипломата",2024-12-22,https://www.president.gov.ua/news/mi-povinni-zrobiti-vse-shob-25-j-rik-stav-dlya-ukrayini-roko-95169,decolonisation,незалежність,незалежність,"Ми проходимо вже третій рік повномасштабної війни , зберігаючи незалежність України , свій суверенітет і здатність нашої держави досягти й досягати необхідних результатів .","Вітаю вас із професійним днем та вдячний вам за роботу заради інтересів України , інтересів кожного й кожної в нашій державі , наших людей .","За рік , що минає , Україна змогла стати сильніше , змогла стати ближче до мети , яка обʼєднує увесь наш народ : нам потрібно здолати окупанта , перемогти це зло , нам потрібен справедливий мир , і кожен , кожна з вас повинні працювати саме заради цього .",yes,no,none,none,none,none,high,
9014,d737ea63f60a,"Ми повинні зробити все, щоб 25-й рік став для України роком миру – виступ Президента з нагоди Дня дипломата",2024-12-22,https://www.president.gov.ua/news/mi-povinni-zrobiti-vse-shob-25-j-rik-stav-dlya-ukrayini-roko-95169,material_security,суверенітет,суверенітет,"Ми проходимо вже третій рік повномасштабної війни , зберігаючи незалежність України , свій суверенітет і здатність нашої держави досягти й досягати необхідних результатів .","Вітаю вас із професійним днем та вдячний вам за роботу заради інтересів України , інтересів кожного й кожної в нашій державі , наших людей .","За рік , що минає , Україна змогла стати сильніше , змогла стати ближче до мети , яка обʼєднує увесь наш народ : нам потрібно здолати окупанта , перемогти це зло , нам потрібен справедливий мир , і кожен , кожна з вас повинні працювати саме заради цього .",yes,no,none,none,none,none,high,
9015,d737ea63f60a,"Ми повинні зробити все, щоб 25-й рік став для України роком миру – виступ Президента з нагоди Дня дипломата",2024-12-22,https://www.president.gov.ua/news/mi-povinni-zrobiti-vse-shob-25-j-rik-stav-dlya-ukrayini-roko-95169,decolonisation,окупант,окупанта,"За рік , що минає , Україна змогла стати сильніше , змогла стати ближче до мети , яка обʼєднує увесь наш народ : нам потрібно здолати окупанта , перемогти це зло , нам потрібен справедливий мир , і кожен , кожна з вас повинні працювати саме заради цього .","Ми проходимо вже третій рік повномасштабної війни , зберігаючи незалежність України , свій суверенітет і здатність нашої держави досягти й досягати необхідних результатів .","Бути послом України , бути українським дипломатом – це бути людиною , яка може відповісти абсолютно конкретно на питання , що саме було вами зроблено для наближення миру , для захисту інтересів України й українців .",yes,no,none,none,none,none,high,
9016,d737ea63f60a,"Ми повинні зробити все, щоб 25-й рік став для України роком миру – виступ Президента з нагоди Дня дипломата",2024-12-22,https://www.president.gov.ua/news/mi-povinni-zrobiti-vse-shob-25-j-rik-stav-dlya-ukrayini-roko-95169,material_security,оборона,оборони,"На рівні Офісу , на рівні Міністерства оборони та на рівні Міністерства закордонних справ , на рівні військового командування , на рівні посольств .",За роки війни ми налагодили системну роботу з багатьма партнерами щодо зброї для наших хлопців і дівчат на передовій .,"Я хочу подякувати всім , хто був залучений і хто зараз залучений .",yes,no,none,none,none,none,high,
9017,d737ea63f60a,"Ми повинні зробити все, щоб 25-й рік став для України роком миру – виступ Президента з нагоди Дня дипломата",2024-12-22,https://www.president.gov.ua/news/mi-povinni-zrobiti-vse-shob-25-j-rik-stav-dlya-ukrayini-roko-95169,material_security,санкція,Санкції,"Санкції проти Росії мають працювати стільки , скільки потрібно нам , для того , щоб тиснути на Росію .",Відповідальність Росії за цю війну має бути .,"Вже є рішення щодо використання заморожених російських активів на користь України , але потрібно йти далі – шукати ті російські активи , які ще не заморожені , шукати активи всіх російських воєнних злочинців та політичних спільників Путіна .",yes,no,none,none,none,none,high,
9018,d737ea63f60a,"Ми повинні зробити все, щоб 25-й рік став для України роком миру – виступ Президента з нагоди Дня дипломата",2024-12-22,https://www.president.gov.ua/news/mi-povinni-zrobiti-vse-shob-25-j-rik-stav-dlya-ukrayini-roko-95169,church_actors,церква,церков,"Потрібно працювати з усіма партнерами – на рівні держав , компаній , на рівні медіа , на рівні церков – це також дуже важливо , академічної спільноти , зі сфер мистецтва та спорту – з усіма , хто може долучитись до нашої політичної , інформаційної та культурної роботи .","Також ваше завдання – працювати якнайбільше з усіма партнерами , які вже інвестують або можуть стати інвесторами в наше внутрішнє українське виробництво зброї , у наші спільні проєкти з відновлення .","Усі форми дипломатії – від звичної дипломатії до м’якої сили , від дипломатії перших осіб і парламентської дипломатії до дипломатії сердець – усе , що може зміцнити Україну , повинно працювати заради України .",yes,no,none,none,none,none,high,
9097,d8face5857e2,"Усі разом маємо забезпечити, щоб Росія не мала жодного успіху в агресії проти України – звернення Президента Володимира Зеленського",2022-05-19,https://www.president.gov.ua/news/usi-razom-mayemo-zabezpechiti-shob-rosiya-ne-mala-zhodnogo-u-75201,material_security,оборона,оборони,"Сьогоднішній , уже 85-й день нашої оборони точно запамʼятається .",Усі наші захисники й захисниці !,Я вдячний Сполученим Штатам за схвалення нового пакету підтримки України й демократії в нашому регіоні обсягом у 40 мільярдів доларів .,yes,no,none,none,none,none,high,
9098,d8face5857e2,"Усі разом маємо забезпечити, щоб Росія не мала жодного успіху в агресії проти України – звернення Президента Володимира Зеленського",2022-05-19,https://www.president.gov.ua/news/usi-razom-mayemo-zabezpechiti-shob-rosiya-ne-mala-zhodnogo-u-75201,material_security,безпека,безпеку,Це їхній внесок у власну безпеку .,І це для партнерів не просто витрати чи подарунок .,"Бо захист України означає і їхній захист від нових війн і криз , які Росія може спровокувати .",yes,no,none,none,none,none,high,
9099,d8face5857e2,"Усі разом маємо забезпечити, щоб Росія не мала жодного успіху в агресії проти України – звернення Президента Володимира Зеленського",2022-05-19,https://www.president.gov.ua/news/usi-razom-mayemo-zabezpechiti-shob-rosiya-ne-mala-zhodnogo-u-75201,church_actors,церква,Церква,"Географія доволі широка : Київ , Біла Церква , Маріуполь , Чернігів , Харків , Одеса , Львів , Кривий Ріг , Донецьк , Херсон , Франківськ , Горлівка , Дніпро .",Загалом у сьогоднішньому спілкуванні взяли участь студенти 25 українських університетів .,Не всі університети працюють у своїх містах .,yes,no,none,none,none,none,high,
9100,d8face5857e2,"Усі разом маємо забезпечити, щоб Росія не мала жодного успіху в агресії проти України – звернення Президента Володимира Зеленського",2022-05-19,https://www.president.gov.ua/news/usi-razom-mayemo-zabezpechiti-shob-rosiya-ne-mala-zhodnogo-u-75201,material_security,безпека,безпеку,"Говорили зі студентами і про післявоєнну відбудову , і про те , як гарантувати безпеку нашій державі на десятиліття вперед .","Тож очікую від міністра , від уряду і , якщо потрібно , народних депутатів відповідних рішень .",Збройні Сили України продовжують просуватися у звільненні Харківщини .,yes,no,none,none,none,none,high,
9101,d8face5857e2,"Усі разом маємо забезпечити, щоб Росія не мала жодного успіху в агресії проти України – звернення Президента Володимира Зеленського",2022-05-19,https://www.president.gov.ua/news/usi-razom-mayemo-zabezpechiti-shob-rosiya-ne-mala-zhodnogo-u-75201,decolonisation,звільнення,звільненні,Збройні Сили України продовжують просуватися у звільненні Харківщини .,"Говорили зі студентами і про післявоєнну відбудову , і про те , як гарантувати безпеку нашій державі на десятиліття вперед .",Але на Донбасі окупанти намагаються ще більше посилити тиск .,yes,no,none,none,none,none,high,
9102,d8face5857e2,"Усі разом маємо забезпечити, щоб Росія не мала жодного успіху в агресії проти України – звернення Президента Володимира Зеленського",2022-05-19,https://www.president.gov.ua/news/usi-razom-mayemo-zabezpechiti-shob-rosiya-ne-mala-zhodnogo-u-75201,decolonisation,окупант,окупанти,Але на Донбасі окупанти намагаються ще більше посилити тиск .,Збройні Сили України продовжують просуватися у звільненні Харківщини .,"Там пекло , і це не перебільшення .",yes,no,none,none,none,none,high,
9103,d8face5857e2,"Усі разом маємо забезпечити, щоб Росія не мала жодного успіху в агресії проти України – звернення Президента Володимира Зеленського",2022-05-19,https://www.president.gov.ua/news/usi-razom-mayemo-zabezpechiti-shob-rosiya-ne-mala-zhodnogo-u-75201,decolonisation,незалежність,незалежність,"Вічна слава кожному й кожній , хто бореться за незалежність !","Вічна памʼять усім , хто віддав життя за Україну !",Слава Україні !,yes,no,none,none,none,none,high,
9175,dbc0cec4a560,"Ворог свободи має програти, ось чому ми звертаємося по підтримку до Сполучених Штатів – виступ Президента України на зустрічі з членами Національної асоціації губернаторів США",2023-04-04,https://www.president.gov.ua/news/vorog-svobodi-maye-prograti-os-chomu-mi-zvertayemosya-po-pid-82085,church_actors,церква,церкви,"Школи й церкви , житлові будинки й підприємства , транспорт та електростанції ...",Вдумайтесь у цю кількість : майже 1900 міст і сіл нашої країни потребують відбудови .,"Усі ви добре знаєте , що таке після руйнівного торнадо відновити умови для життя .",yes,no,none,none,none,none,high,
9176,dbc0cec4a560,"Ворог свободи має програти, ось чому ми звертаємося по підтримку до Сполучених Штатів – виступ Президента України на зустрічі з членами Національної асоціації губернаторів США",2023-04-04,https://www.president.gov.ua/news/vorog-svobodi-maye-prograti-os-chomu-mi-zvertayemosya-po-pid-82085,material_security,оборона,обороні,"Так само , як ви зараз із нами в обороні .","Ваші компанії , ваші робочі місця ...",Пані та панове !,yes,no,none,none,none,none,high,
9177,dbc0cec4a560,"Ворог свободи має програти, ось чому ми звертаємося по підтримку до Сполучених Штатів – виступ Президента України на зустрічі з членами Національної асоціації губернаторів США",2023-04-04,https://www.president.gov.ua/news/vorog-svobodi-maye-prograti-os-chomu-mi-zvertayemosya-po-pid-82085,material_security,оборона,оборона,"Кому , як не вам , губернаторам штатів , знати , що насправді стоїть за словами « відбудова » й « оборона » .",Пані та панове !,"Цю війну Росія розв’язала не так проти нашої країни , як проти свободи у Європі та світі загалом .",yes,no,none,none,none,none,high,
9178,dbc0cec4a560,"Ворог свободи має програти, ось чому ми звертаємося по підтримку до Сполучених Штатів – виступ Президента України на зустрічі з членами Національної асоціації губернаторів США",2023-04-04,https://www.president.gov.ua/news/vorog-svobodi-maye-prograti-os-chomu-mi-zvertayemosya-po-pid-82085,material_security,оборона,оборону,"І коли запитують , чому Америка має допомагати Україні та інвестувати в нашу оборону , я відповідаю : просто погляньте на реальність .","Цю війну Росія розв’язала не так проти нашої країни , як проти свободи у Європі та світі загалом .","Мільйони українських сімей розірвані війною , мільйони змушені шукати в інших країнах захисту від російського терору .",yes,no,none,none,none,none,high,
9179,dbc0cec4a560,"Ворог свободи має програти, ось чому ми звертаємося по підтримку до Сполучених Штатів – виступ Президента України на зустрічі з членами Національної асоціації губернаторів США",2023-04-04,https://www.president.gov.ua/news/vorog-svobodi-maye-prograti-os-chomu-mi-zvertayemosya-po-pid-82085,material_security,ворог,Ворог,"Ворог свободи повинен програти швидко й надійно там , куди зайшов зі злочинною та неспровокованою агресивною війною .",Здатна перемогти Росію на нашій землі .,"Ось чому ми звертаємося по підтримку до США , по зброю й по фінанси .",yes,no,none,none,none,none,high,
9180,dbc0cec4a560,"Ворог свободи має програти, ось чому ми звертаємося по підтримку до Сполучених Штатів – виступ Президента України на зустрічі з членами Національної асоціації губернаторів США",2023-04-04,https://www.president.gov.ua/news/vorog-svobodi-maye-prograti-os-chomu-mi-zvertayemosya-po-pid-82085,material_security,оборона,оборони,"Дякую Арканзасу та всім працівникам оборонної індустрії штату за чудові системи « Хаймарс » , які реально змінюють перебіг бойових дій і змушують російську армію до глухої оборони .",Дякую всім вам .,"Дякую Алабамі та всім працівникам підприємств штату , які виробляють , зокрема , протитанкові системи « Джавелін » , що врятували життя тисячам і тисячам українських воїнів .",yes,no,none,none,none,none,high,
9181,dbc0cec4a560,"Ворог свободи має програти, ось чому ми звертаємося по підтримку до Сполучених Штатів – виступ Президента України на зустрічі з членами Національної асоціації губернаторів США",2023-04-04,https://www.president.gov.ua/news/vorog-svobodi-maye-prograti-os-chomu-mi-zvertayemosya-po-pid-82085,material_security,безпека,безпеки,"Також наша співпраця створює нове зростання для нашої й вашої безпеки , для нашої й вашої економіки , для робочих місць в обох наших країнах .","Саме з Україною Америка має змогу захистити свої цінності , що збігаються з нашими .","Головне – не програти час , не програти шанс , який маємо .",yes,no,none,none,none,none,high,
9321,e11a1d67dddb,Звернення Президента: українці – символ незламності,2022-03-02,https://www.president.gov.ua/news/zvernennya-prezidenta-ukrayinci-simvol-nezlamnosti-73281,material_security,ворог,ворог,Потім ворог зніс нас усіх ударами по житлових будинках у Бородянці .,Вчора зранку на площі Свободи ми всі були харків'янами .,Вчора ввечері нас усіх бомбили в Києві .,yes,no,none,none,none,none,high,
9322,e11a1d67dddb,Звернення Президента: українці – символ незламності,2022-03-02,https://www.president.gov.ua/news/zvernennya-prezidenta-ukrayinci-simvol-nezlamnosti-73281,church_actors,церква,церква,Андріївська церква ?,Лавра ?,Що б вони там не мріяли – чорт з ними !,yes,no,none,none,none,none,high,
9323,e11a1d67dddb,Звернення Президента: українці – символ незламності,2022-03-02,https://www.president.gov.ua/news/zvernennya-prezidenta-ukrayinci-simvol-nezlamnosti-73281,material_security,санкція,санкції,"Нейтральна Швейцарія підтримала санкції Євросоюзу проти російських олігархів , посадовців , проти самої держави та компаній .",Наші дипломати й наші друзі об'єднують світ заради України та миру ще більше .,Ще раз : нейтральна Швейцарія !,yes,no,none,none,none,none,high,
9324,e11a1d67dddb,Звернення Президента: українці – символ незламності,2022-03-02,https://www.president.gov.ua/news/zvernennya-prezidenta-ukrayinci-simvol-nezlamnosti-73281,urgency,надзвичайний,надзвичайний,Це надзвичайний результат .,"До нашої антивоєнної коаліції приєднались вже й ті країни , на яких Москва ще тиждень тому розраховувала .",Зараз не можна залишатися нейтральними !,yes,no,none,none,none,none,high,
9325,e11a1d67dddb,Звернення Президента: українці – символ незламності,2022-03-02,https://www.president.gov.ua/news/zvernennya-prezidenta-ukrayinci-simvol-nezlamnosti-73281,material_security,ворог,ворога,Це без підрахунку втрат ворога за минулу ніч .,За шість днів війни .,Шість тисяч .,yes,no,none,none,none,none,high,
9354,e1e118649ab3,"Ми всі бачимо, зокрема, як мало світ реагує на те, що в Росії роблять з українськими полоненими – звернення Президента до правозахисної спільноти",2024-12-05,https://www.president.gov.ua/news/mi-vsi-bachimo-zokrema-yak-malo-svit-reaguye-na-te-sho-v-ros-94817,urgency,припинити,припинити,"І ми вважаємо , що злочин – не тільки те , що стількох наших людей Росія утримує в полоні , знущається з них , але й те , що багато хто у світі досі не докладає всіх зусиль , щоб припинити цей злочин , повернути людей і покарати Росію за все принесене її війною .","Шукаємо різні переговорні , політичні та юридичні можливості .",Пані та панове !,yes,no,none,none,none,none,high,
9355,e1e118649ab3,"Ми всі бачимо, зокрема, як мало світ реагує на те, що в Росії роблять з українськими полоненими – звернення Президента до правозахисної спільноти",2024-12-05,https://www.president.gov.ua/news/mi-vsi-bachimo-zokrema-yak-malo-svit-reaguye-na-te-sho-v-ros-94817,church_actors,релігійний,релігійні,"Держави , міжнародні організації , лідери , політичні спільноти та релігійні об’єднання .","Я прошу вас бути невтомними та залучати до всієї цієї роботи тих , хто поки що осторонь .","Всі , хто може бути корисним , щоб рятувати людей та забезпечувати верховенство моралі над усім тим , що роблять",yes,no,none,none,none,none,high,
9440,e4231ecb4925,"Промова Президента України Володимира Зеленського у Генеральних штатах, парламенті Нідерландів",2022-03-31,https://www.president.gov.ua/news/promova-prezidenta-ukrayini-volodimira-zelenskogo-u-generaln-74001,material_security,оборона,оборони,"Шановний міністре закордонних справ , міністре оборони !",Марку !,Нідерландський народе !,yes,no,none,none,none,none,high,
9441,e4231ecb4925,"Промова Президента України Володимира Зеленського у Генеральних штатах, парламенті Нідерландів",2022-03-31,https://www.president.gov.ua/news/promova-prezidenta-ukrayini-volodimira-zelenskogo-u-generaln-74001,material_security,загроза,загрозою,"Але не для тих , чиє життя під загрозою щохвилини .",Рутиною .,"Хто , як мешканці нашого міста Маріуполя , понад три тижні у повній блокаді .",yes,no,none,none,none,none,high,
9442,e4231ecb4925,"Промова Президента України Володимира Зеленського у Генеральних штатах, парламенті Нідерландів",2022-03-31,https://www.president.gov.ua/news/promova-prezidenta-ukrayini-volodimira-zelenskogo-u-generaln-74001,decolonisation,окупант,окупанта,"Тисячі українських дітей , десятки тисяч дорослих примусово перевезені на територію держави - окупанта .","Просто депортувала , як це робили нацисти в окупованих країнах .","Про долю більшості з них ми нічого , на жаль , не знаємо .",yes,no,none,none,none,none,high,
9443,e4231ecb4925,"Промова Президента України Володимира Зеленського у Генеральних штатах, парламенті Нідерландів",2022-03-31,https://www.president.gov.ua/news/promova-prezidenta-ukrayini-volodimira-zelenskogo-u-generaln-74001,decolonisation,окупант,окупанти,Російські окупанти ґвалтують жінок в окупованих районах .,"Спалені міста , села .","Розкрадають усе , що можна , все , що знаходять .",yes,no,none,none,none,none,high,
9444,e4231ecb4925,"Промова Президента України Володимира Зеленського у Генеральних штатах, парламенті Нідерландів",2022-03-31,https://www.president.gov.ua/news/promova-prezidenta-ukrayini-volodimira-zelenskogo-u-generaln-74001,urgency,припинити,припинимо,І не ніколи не припинимо захищатися !,Ми не змиримося з цим ніколи !,Пані та панове !,yes,no,none,none,none,none,high,
9445,e4231ecb4925,"Промова Президента України Володимира Зеленського у Генеральних штатах, парламенті Нідерландів",2022-03-31,https://www.president.gov.ua/news/promova-prezidenta-ukrayini-volodimira-zelenskogo-u-generaln-74001,church_actors,релігійний,релігійне,"Очевидно : свобода , демократія , людська гідність , згуртованість , культурне , релігійне розмаїття .",У чому була мета засновників Нідерландів ?,"Відтоді тривав шлях до всього , що показує сучасну Європу .",yes,no,none,none,none,none,high,
9446,e4231ecb4925,"Промова Президента України Володимира Зеленського у Генеральних штатах, парламенті Нідерландів",2022-03-31,https://www.president.gov.ua/news/promova-prezidenta-ukrayini-volodimira-zelenskogo-u-generaln-74001,material_security,санкція,санкціях,За лідерство у санкціях .,"Я вдячний вам , політикам , вдячний усім звичайним людям за надзвичайно потужну підтримку моєї держави , наших людей у цей час .","За принциповість щодо бізнес - активності , яка пов'язана з Російською Федерацією .",yes,no,none,none,none,none,high,
9447,e4231ecb4925,"Промова Президента України Володимира Зеленського у Генеральних штатах, парламенті Нідерландів",2022-03-31,https://www.president.gov.ua/news/promova-prezidenta-ukrayini-volodimira-zelenskogo-u-generaln-74001,decolonisation,окупант,окупанти,"У 2014 році світ ще не розумів уповні , навіщо російські окупанти зайшли на нашу землю .",Ніколи знову !,"Тоді – на землю Криму , частково – на землю Донбасу .",yes,no,none,none,none,none,high,
9448,e4231ecb4925,"Промова Президента України Володимира Зеленського у Генеральних штатах, парламенті Нідерландів",2022-03-31,https://www.president.gov.ua/news/promova-prezidenta-ukrayini-volodimira-zelenskogo-u-generaln-74001,material_security,санкція,санкції,"Але щоб це сталося , потрібно ще посилювати санкції .",Щоб утвердити зрозумілу кожному на Землі справедливість .,"Разом з іншими країнами Євросоюзу вам потрібно зробити все , щоб у Росії не було ресурсів продовжувати цю війну , війну у Європі , і не було політичної можливості переховувати злочинців .",yes,no,none,none,none,none,high,
9449,e4231ecb4925,"Промова Президента України Володимира Зеленського у Генеральних штатах, парламенті Нідерландів",2022-03-31,https://www.president.gov.ua/news/promova-prezidenta-ukrayini-volodimira-zelenskogo-u-generaln-74001,urgency,припинити,Припиніть,"Припиніть будь-яку торгівлю з цією державою , яка забула всі уроки Другої світової війни !",Разом з усіма іншими країнами Євросоюзу .,"Готуйтеся швидше відмовитися від російських енергоресурсів , щоб мільярди , мільярди євро за них не йшли на виробництво зброї й оплату масових убивств в Україні .",yes,no,none,none,none,none,high,
9450,e4231ecb4925,"Промова Президента України Володимира Зеленського у Генеральних штатах, парламенті Нідерландів",2022-03-31,https://www.president.gov.ua/news/promova-prezidenta-ukrayini-volodimira-zelenskogo-u-generaln-74001,decolonisation,окупант,окупантів,"Нам потрібна така зброя , яка дасть змогу вигнати окупантів із нашої землі .","Нам конче потрібна така зброя , з якою можна зробити безпечним наше небо , з якою можна деблокувати наші міста , де Росія влаштовує штучний голод .","Літаки , танки , протиповітряні NASAMS і протитанкові Spike , снаряди , ракети тощо .",yes,no,none,none,none,none,high,
9451,e4231ecb4925,"Промова Президента України Володимира Зеленського у Генеральних штатах, парламенті Нідерландів",2022-03-31,https://www.president.gov.ua/news/promova-prezidenta-ukrayini-volodimira-zelenskogo-u-generaln-74001,decolonisation,окупант,окупантів,Злочини російських окупантів повинні бути покарані .,Я закликаю вас впливати на міжнародні інституції !,"Депортації , масові вбивства , знищення цивільної інфраструктури , бомбардування лікарень – усе це має отримати відповідь від демократичної спільноти .",yes,no,none,none,none,none,high,
9602,e789488d85c4,Закарпаття буде одним із драйверів розвитку для всієї України – звернення Президента Володимира Зеленського,2023-08-02,https://www.president.gov.ua/news/zakarpattya-bude-odnim-iz-drajveriv-rozvitku-dlya-vsiyeyi-uk-84693,material_security,оборона,оборони,"Робимо максимум із партнерами , щоб збільшити постачання систем протиповітряної оборони .","Є влучання у південних районах – Одещина , наші порти .","Дуже важливо , щоб світ не звикав до цього російського терору .",yes,no,none,none,none,none,high,
9603,e789488d85c4,Закарпаття буде одним із драйверів розвитку для всієї України – звернення Президента Володимира Зеленського,2023-08-02,https://www.president.gov.ua/news/zakarpattya-bude-odnim-iz-drajveriv-rozvitku-dlya-vsiyeyi-uk-84693,material_security,безпека,безпеку,Зокрема й про продовольчу безпеку говорили сьогодні з нашими послами – провів позачергову велику нараду з усіма керівниками та керівницями українських дипломатичних установ .,Це дуже - дуже небезпечні сподівання .,Зібралися в Закарпатті .,yes,no,none,none,none,none,high,
9604,e789488d85c4,Закарпаття буде одним із драйверів розвитку для всієї України – звернення Президента Володимира Зеленського,2023-08-02,https://www.president.gov.ua/news/zakarpattya-bude-odnim-iz-drajveriv-rozvitku-dlya-vsiyeyi-uk-84693,material_security,санкція,санкції,Є потужні санкції проти Росії за терор .,Ми досягли надзвичайно вагомих результатів у постачанні зброї для наших воїнів .,Зараз є й нові завдання для українських дипломатів – залучати оборонні виробництва в Україну …,yes,no,none,none,none,none,high,
9605,e789488d85c4,Закарпаття буде одним із драйверів розвитку для всієї України – звернення Президента Володимира Зеленського,2023-08-02,https://www.president.gov.ua/news/zakarpattya-bude-odnim-iz-drajveriv-rozvitku-dlya-vsiyeyi-uk-84693,church_actors,релігійний,релігійних,"Освітяни , медики , представники громадських і релігійних організацій та обов’язково – наші воїни , яких мав честь я нагородити .",Важлива зустріч .,"Хоробрі й відважні воїни , якими ми пишаємось – усіма .",yes,no,none,none,none,none,high,
9606,e789488d85c4,Закарпаття буде одним із драйверів розвитку для всієї України – звернення Президента Володимира Зеленського,2023-08-02,https://www.president.gov.ua/news/zakarpattya-bude-odnim-iz-drajveriv-rozvitku-dlya-vsiyeyi-uk-84693,material_security,оборона,оборони,128-ма окрема гірсько - штурмова Закарпатська бригада та 101-ша окрема бригада Територіальної оборони …,"Я дякую всім , хто б’ється за Україну !","Дякую вам , воїни .",yes,no,none,none,none,none,high,
9610,e7ad0869eb82,"З Криму все почалося, ним і завершиться – потрібно звільнити півострів з-під окупації – промова Президента України на відкритті другого саміту Кримської платформи",2022-08-23,https://www.president.gov.ua/news/z-krimu-vse-pochalosya-nim-i-zavershitsya-potribno-zvilniti-77237,decolonisation,окупант,окупанти,"Коли ми повернемо й виправимо все те , що наробили окупанти на нашому українському півострові .","Я хочу , щоб ви всі знали : ми точно повернемось .","Що прийшло в Крим і у весь Чорноморський регіон разом із російською агресією , з російською зброєю ?",yes,no,none,none,none,none,high,
9611,e7ad0869eb82,"З Криму все почалося, ним і завершиться – потрібно звільнити півострів з-під окупації – промова Президента України на відкритті другого саміту Кримської платформи",2022-08-23,https://www.president.gov.ua/news/z-krimu-vse-pochalosya-nim-i-zavershitsya-potribno-zvilniti-77237,material_security,загроза,загрози,"Катастрофічні загрози для екології , небачена руйнація природи Криму , руйнація соціального життя , економічний занепад , знищення памʼяток , мілітаризм .","Що прийшло в Крим і у весь Чорноморський регіон разом із російською агресією , з російською зброєю ?","А коли російський флот , який базується в окупованому Криму , заблокував наші порти на Чорному й Азовському морях , це спровокувало глобальну продовольчу кризу й кризу прав людей – кримчан , прекрасних громадян нашої унітарної держави Україна .",yes,no,none,none,none,none,high,
9612,e7ad0869eb82,"З Криму все почалося, ним і завершиться – потрібно звільнити півострів з-під окупації – промова Президента України на відкритті другого саміту Кримської платформи",2022-08-23,https://www.president.gov.ua/news/z-krimu-vse-pochalosya-nim-i-zavershitsya-potribno-zvilniti-77237,material_security,загроза,загрози,"Але попри все , попри будь-які загрози Україна достатньо міцна й достатньо змогла , щоб бачити перспективу для українського Криму .","А коли російський флот , який базується в окупованому Криму , заблокував наші порти на Чорному й Азовському морях , це спровокувало глобальну продовольчу кризу й кризу прав людей – кримчан , прекрасних громадян нашої унітарної держави Україна .",Я маю честь оголосити про початок другого саміту Кримської платформи .,yes,no,none,none,none,none,high,
9613,e7ad0869eb82,"З Криму все почалося, ним і завершиться – потрібно звільнити півострів з-під окупації – промова Президента України на відкритті другого саміту Кримської платформи",2022-08-23,https://www.president.gov.ua/news/z-krimu-vse-pochalosya-nim-i-zavershitsya-potribno-zvilniti-77237,decolonisation,окупант,окупантів,"Ми повертаємо силу міжнародному праву , і саме завдяки цьому ми повернемо український прапор на нашу землю Криму , саме завдяки цьому ми принесемо свободу українським громадянам у Криму й обовʼязково відновимо справедливість щодо всіх , хто постраждав від репресій , від знущань російських окупантів .","Саме для цього ми тут , саме для цього створена й працює вже рік Кримська платформа .","Але , щоб перемагати , нам потрібно не забувати .",yes,no,none,none,none,none,high,
9614,e7ad0869eb82,"З Криму все почалося, ним і завершиться – потрібно звільнити півострів з-під окупації – промова Президента України на відкритті другого саміту Кримської платформи",2022-08-23,https://www.president.gov.ua/news/z-krimu-vse-pochalosya-nim-i-zavershitsya-potribno-zvilniti-77237,church_actors,релігійний,релігійною,"З репресій за релігійною ознакою , які стали чи не найбільш масштабними релігійними гоніннями в Європі у 21-му столітті , – проти кримської мусульманської громади .","Почалася з терору проти кримськотатарського народу , корінного народу Криму .","Було й вигнання з окупованого Криму всіх звичайних людей , хто говорив , що Крим – це Україна , хто не боявся захищати українську культуру , українську свободу в Криму .",yes,no,none,none,none,none,high,
9615,e7ad0869eb82,"З Криму все почалося, ним і завершиться – потрібно звільнити півострів з-під окупації – промова Президента України на відкритті другого саміту Кримської платформи",2022-08-23,https://www.president.gov.ua/news/z-krimu-vse-pochalosya-nim-i-zavershitsya-potribno-zvilniti-77237,church_actors,релігійний,релігійними,"З репресій за релігійною ознакою , які стали чи не найбільш масштабними релігійними гоніннями в Європі у 21-му столітті , – проти кримської мусульманської громади .","Почалася з терору проти кримськотатарського народу , корінного народу Криму .","Було й вигнання з окупованого Криму всіх звичайних людей , хто говорив , що Крим – це Україна , хто не боявся захищати українську культуру , українську свободу в Криму .",yes,no,none,none,none,none,high,
9616,e7ad0869eb82,"З Криму все почалося, ним і завершиться – потрібно звільнити півострів з-під окупації – промова Президента України на відкритті другого саміту Кримської платформи",2022-08-23,https://www.president.gov.ua/news/z-krimu-vse-pochalosya-nim-i-zavershitsya-potribno-zvilniti-77237,material_security,спецслужба,спецслужб,"І далі поширювали ці злочини на Донбас , на інші країни , зокрема Сирію , на країни Африки , де зараз наявний російський бандитизм під прикриттям російських спецслужб .","І вбивства , і катування – ми все бачили , – і приниження , і мародерство – все це окупанти робили в Криму і продовжують це робити з перших тижнів після його ганебного захоплення .","Масований терор після 24 лютого став логічним завершенням деградації цієї держави , яку ще не так давно запрошували за стіл з « Великою сімкою » і яка тепер змагається за першість із найжорстокішими режимами минулого , що відповідальні за геноциди , загарбницькі війни та депортації .",yes,no,none,none,none,none,high,
9617,e7ad0869eb82,"З Криму все почалося, ним і завершиться – потрібно звільнити півострів з-під окупації – промова Президента України на відкритті другого саміту Кримської платформи",2022-08-23,https://www.president.gov.ua/news/z-krimu-vse-pochalosya-nim-i-zavershitsya-potribno-zvilniti-77237,decolonisation,окупант,Окупанти,"Окупанти ув’язнили його за абсолютно брехливим звинуваченням за те , що він бореться за батьківщину , за те , що він узяв участь у першому саміті Кримської платформи , який відбувся минулого року .","Він зараз , на жаль , за ґратами .","Торік він виїхав з уже окупованого Криму , щоб розказати учасникам саміту , що реально відбувається на півострові й до чого все це призведе .",yes,no,none,none,none,none,high,
9618,e7ad0869eb82,"З Криму все почалося, ним і завершиться – потрібно звільнити півострів з-під окупації – промова Президента України на відкритті другого саміту Кримської платформи",2022-08-23,https://www.president.gov.ua/news/z-krimu-vse-pochalosya-nim-i-zavershitsya-potribno-zvilniti-77237,decolonisation,окупант,окупанти,І через дев’ять днів після повернення назад до Криму окупанти позбавили його свободи .,"Торік він виїхав з уже окупованого Криму , щоб розказати учасникам саміту , що реально відбувається на півострові й до чого все це призведе .","За те , що він просто був вільною людиною .",yes,no,none,none,none,none,high,
9619,e7ad0869eb82,"З Криму все почалося, ним і завершиться – потрібно звільнити півострів з-під окупації – промова Президента України на відкритті другого саміту Кримської платформи",2022-08-23,https://www.president.gov.ua/news/z-krimu-vse-pochalosya-nim-i-zavershitsya-potribno-zvilniti-77237,material_security,безпека,безпеку,"Щоб подолати терор , щоб повернути прогнозованість і безпеку нашому регіону , Європі та всьому світу , треба здобути перемогу в боротьбі з російською агресією , а отже , потрібно звільнити Крим від окупації .",Я в це вірю .,"Там , де почалося , там і завершиться .",yes,no,none,none,none,none,high,
9620,e7ad0869eb82,"З Криму все почалося, ним і завершиться – потрібно звільнити півострів з-під окупації – промова Президента України на відкритті другого саміту Кримської платформи",2022-08-23,https://www.president.gov.ua/news/z-krimu-vse-pochalosya-nim-i-zavershitsya-potribno-zvilniti-77237,material_security,безпека,безпеку,"Це поверне безпеку й дасть справедливість , це реінтегрує Крим у сучасний світ і це дасть змогу кожному з нас – учасників і учасниць Кримської платформи – сказати своїм дітям , своїм рідним і близьким , що вони можуть пишатися нами саме як миротворцями .",І тому відновлення Україною контролю над півостровом Крим стане історичним антивоєнним кроком у Європі .,"І я хочу підкреслити : для України Крим – це не просто якась територія , не фішка в геополітичній грі , як для держави - терориста , для України Крим – це частина нашого народу , нашого суспільства .",yes,no,none,none,none,none,high,
9621,e7ad0869eb82,"З Криму все почалося, ним і завершиться – потрібно звільнити півострів з-під окупації – промова Президента України на відкритті другого саміту Кримської платформи",2022-08-23,https://www.president.gov.ua/news/z-krimu-vse-pochalosya-nim-i-zavershitsya-potribno-zvilniti-77237,decolonisation,деокупація,деокупації,І після деокупації разом з усією нашою державою стане частиною Євросоюзу .,Крим був і є Україною .,Я в цьому впевнений .,yes,no,none,none,none,none,high,
9622,e7ad0869eb82,"З Криму все почалося, ним і завершиться – потрібно звільнити півострів з-під окупації – промова Президента України на відкритті другого саміту Кримської платформи",2022-08-23,https://www.president.gov.ua/news/z-krimu-vse-pochalosya-nim-i-zavershitsya-potribno-zvilniti-77237,material_security,безпека,безпека,Тільки Україну хвилює справжня безпека Криму .,"Тільки Україна здатна зв’язати Сімферополь з Берліном , а Ялту – з Неаполем .","Тобто нормальне постачання чистої води , нормальна утилізація сміття , дієві правила поводження з відходами й каналізаційними стоками .",yes,no,none,none,none,none,high,
9623,e7ad0869eb82,"З Криму все почалося, ним і завершиться – потрібно звільнити півострів з-під окупації – промова Президента України на відкритті другого саміту Кримської платформи",2022-08-23,https://www.president.gov.ua/news/z-krimu-vse-pochalosya-nim-i-zavershitsya-potribno-zvilniti-77237,decolonisation,окупант,окупантів,"Думаю , ви відчули з моїх слів , що ми маємо дуже пропрацьований погляд на те , як відновити наш український півострів Крим після вигнання російських окупантів .",Пані та панове !,І тому ми додаємо до роботи Кримської платформи ще два напрямки : економічний і законодавчий .,yes,no,none,none,none,none,high,
9624,e7ad0869eb82,"З Криму все почалося, ним і завершиться – потрібно звільнити півострів з-під окупації – промова Президента України на відкритті другого саміту Кримської платформи",2022-08-23,https://www.president.gov.ua/news/z-krimu-vse-pochalosya-nim-i-zavershitsya-potribno-zvilniti-77237,decolonisation,деокупація,деокупації,"І ми створюємо законодавчий фундамент для Криму – після деокупації , а також для всіх тих , кому Крим значно більше , ніж дім .",У нас є стратегія відновлення Криму – сьогодні її представлять у межах економічної панелі .,"Ми ухвалили закон « Про корінні народи » , яким захистили права кримськотатарського народу й Меджлісу , караїмів і кримчаків .",yes,no,none,none,none,none,high,
9625,e7ad0869eb82,"З Криму все почалося, ним і завершиться – потрібно звільнити півострів з-під окупації – промова Президента України на відкритті другого саміту Кримської платформи",2022-08-23,https://www.president.gov.ua/news/z-krimu-vse-pochalosya-nim-i-zavershitsya-potribno-zvilniti-77237,decolonisation,окупант,окупантів,"Ухвалили закон про захист політв’язнів – усіх , хто постраждав від репресій з боку окупантів .",Ми розвиваємо кримськотатарську мову .,І це лише деякі приклади .,yes,no,none,none,none,none,high,
9626,e7ad0869eb82,"З Криму все почалося, ним і завершиться – потрібно звільнити півострів з-під окупації – промова Президента України на відкритті другого саміту Кримської платформи",2022-08-23,https://www.president.gov.ua/news/z-krimu-vse-pochalosya-nim-i-zavershitsya-potribno-zvilniti-77237,decolonisation,окупант,окупантами,"І , повертаючись до листа увʼязненого окупантами Нарімана Джеляла , хочу прочитати ще декілька важливих слів : « Завдяки зміні порядку денного на світовій арені , у Європі і в самій Україні через агресію Російської Федерації учасники Кримської платформи мають більш рішучі настрої , орієнтовані на здійснення конкретних справ » .",Ми залучаємо всю силу демократій для захисту нашої держави й міжнародного правопорядку .,"Людина , яку окупанти відправили в тюрму лише за захист правди та участь у Кримській платформі торік , сподівається на конкретні справи від усіх нас – учасників , учасниць саміту .",yes,no,none,none,none,none,high,
9627,e7ad0869eb82,"З Криму все почалося, ним і завершиться – потрібно звільнити півострів з-під окупації – промова Президента України на відкритті другого саміту Кримської платформи",2022-08-23,https://www.president.gov.ua/news/z-krimu-vse-pochalosya-nim-i-zavershitsya-potribno-zvilniti-77237,urgency,рішучий,рішучі,"І , повертаючись до листа увʼязненого окупантами Нарімана Джеляла , хочу прочитати ще декілька важливих слів : « Завдяки зміні порядку денного на світовій арені , у Європі і в самій Україні через агресію Російської Федерації учасники Кримської платформи мають більш рішучі настрої , орієнтовані на здійснення конкретних справ » .",Ми залучаємо всю силу демократій для захисту нашої держави й міжнародного правопорядку .,"Людина , яку окупанти відправили в тюрму лише за захист правди та участь у Кримській платформі торік , сподівається на конкретні справи від усіх нас – учасників , учасниць саміту .",yes,no,none,none,none,none,high,
9628,e7ad0869eb82,"З Криму все почалося, ним і завершиться – потрібно звільнити півострів з-під окупації – промова Президента України на відкритті другого саміту Кримської платформи",2022-08-23,https://www.president.gov.ua/news/z-krimu-vse-pochalosya-nim-i-zavershitsya-potribno-zvilniti-77237,decolonisation,окупант,окупанти,"Людина , яку окупанти відправили в тюрму лише за захист правди та участь у Кримській платформі торік , сподівається на конкретні справи від усіх нас – учасників , учасниць саміту .","І , повертаючись до листа увʼязненого окупантами Нарімана Джеляла , хочу прочитати ще декілька важливих слів : « Завдяки зміні порядку денного на світовій арені , у Європі і в самій Україні через агресію Російської Федерації учасники Кримської платформи мають більш рішучі настрої , орієнтовані на здійснення конкретних справ » .",І ми всі маємо не обманути цю надію .,yes,no,none,none,none,none,high,
9682,e9f8e1ee76b7,Ми підготували номінаційне досьє Одеси для включення до списку Всесвітньої спадщини – звернення Президента України до учасників 215-ї сесії Виконавчої ради ЮНЕСКО,2022-10-11,https://www.president.gov.ua/news/mi-pidgotuvali-nominacijne-dosye-odesi-dlya-vklyuchennya-do-78421,church_actors,релігійний,релігійних,"540 – це загальна кількість пошкоджених російськими ударами обʼєктів культурної спадщини , культурних інституцій та релігійних споруд в Україні за час повномасштабної війни з 24 лютого .",А цей обстріл також був .,Майже 200 зруйнованих або пошкоджених храмів !,yes,no,none,none,none,none,high,
9683,e9f8e1ee76b7,Ми підготували номінаційне досьє Одеси для включення до списку Всесвітньої спадщини – звернення Президента України до учасників 215-ї сесії Виконавчої ради ЮНЕСКО,2022-10-11,https://www.president.gov.ua/news/mi-pidgotuvali-nominacijne-dosye-odesi-dlya-vklyuchennya-do-78421,material_security,ворог,ворога,"Хай це буде історичним прикладом для всіх у світі , що ніхто не буде терпіти ворога культури , ворога історії , ворога освіти , ворога науки .",Держава - терорист має бути виключена з усіх органів ЮНЕСКО і з самої організації .,"На жаль , таким є вибір Росії – протиставити себе всьому , що має значення для людства .",yes,no,none,none,none,none,high,
9684,e9f8e1ee76b7,Ми підготували номінаційне досьє Одеси для включення до списку Всесвітньої спадщини – звернення Президента України до учасників 215-ї сесії Виконавчої ради ЮНЕСКО,2022-10-11,https://www.president.gov.ua/news/mi-pidgotuvali-nominacijne-dosye-odesi-dlya-vklyuchennya-do-78421,material_security,загроза,загроза,Коли загроза від російських ударів щоденна .,Саме зараз !,"Маємо дати чіткий сигнал , що світ не заплющить очі на знищення нашої спільної історії , нашої спільної культури , нашої спільної спадщини .",yes,no,none,none,none,none,high,
9888,efbad3182c3d,"Цінуємо кожне життя, пам’ятаємо історію і разом захищаємо свободу – звернення Президента України",2023-07-09,https://www.president.gov.ua/news/cinuyemo-kozhne-zhittya-pamyatayemo-istoriyu-i-razom-zahisha-84229,church_actors,конфесія,конфесій,Були представники всіх конфесій та релігійних спільнот …,Молебень .,У луцькому костелі .,yes,no,none,none,none,none,high,
9889,efbad3182c3d,"Цінуємо кожне життя, пам’ятаємо історію і разом захищаємо свободу – звернення Президента України",2023-07-09,https://www.president.gov.ua/news/cinuyemo-kozhne-zhittya-pamyatayemo-istoriyu-i-razom-zahisha-84229,church_actors,релігійний,релігійних,Були представники всіх конфесій та релігійних спільнот …,Молебень .,У луцькому костелі .,yes,no,none,none,none,none,high,
9890,efbad3182c3d,"Цінуємо кожне життя, пам’ятаємо історію і разом захищаємо свободу – звернення Президента України",2023-07-09,https://www.president.gov.ua/news/cinuyemo-kozhne-zhittya-pamyatayemo-istoriyu-i-razom-zahisha-84229,material_security,безпека,безпека,"Тут , у Луцьку , у замку Любарта , провів сьогодні тривалу нараду щодо ситуації в регіоні : безпека , ситуація на кордоні , ситуація в прикордонних районах сусідньої Білорусі …","Цінуємо кожне життя , пам’ятаємо історію та разом захищаємо свободу .","Пріоритет – зміцнення кожної області , усього нашого північного кордону .",yes,no,none,none,none,none,high,
9891,efbad3182c3d,"Цінуємо кожне життя, пам’ятаємо історію і разом захищаємо свободу – звернення Президента України",2023-07-09,https://www.president.gov.ua/news/cinuyemo-kozhne-zhittya-pamyatayemo-istoriyu-i-razom-zahisha-84229,material_security,оборона,оборони,"Проаналізували підготовку й забезпечення наших сил оборони та безпеки , відповідних підрозділів на Волині .","Були доповіді військових , правоохоронців , місцевої влади .","Була доповідь щодо соціальної ситуації в області , потреб людей .",yes,no,none,none,none,none,high,
9892,efbad3182c3d,"Цінуємо кожне життя, пам’ятаємо історію і разом захищаємо свободу – звернення Президента України",2023-07-09,https://www.president.gov.ua/news/cinuyemo-kozhne-zhittya-pamyatayemo-istoriyu-i-razom-zahisha-84229,material_security,безпека,безпеки,"Проаналізували підготовку й забезпечення наших сил оборони та безпеки , відповідних підрозділів на Волині .","Були доповіді військових , правоохоронців , місцевої влади .","Була доповідь щодо соціальної ситуації в області , потреб людей .",yes,no,none,none,none,none,high,
9978,f142407233ce,"Ми продовжуємо боротися, ми захистимо нашу державу і звільнимо нашу землю завдяки нашим героям – звернення Президента України",2022-03-04,https://www.president.gov.ua/news/mi-prodovzhuyemo-borotisya-mi-zahistimo-nashu-derzhavu-i-zvi-73357,material_security,ворог,ворога,Українці ганяють ворога під Києвом .,"Українці єдині від Ужгорода до Харкова , від Києва до Херсона .",Б'ють за Охтирку .,yes,no,none,none,none,none,high,
9979,f142407233ce,"Ми продовжуємо боротися, ми захистимо нашу державу і звільнимо нашу землю завдяки нашим героям – звернення Президента України",2022-03-04,https://www.president.gov.ua/news/mi-prodovzhuyemo-borotisya-mi-zahistimo-nashu-derzhavu-i-zvi-73357,material_security,ворог,ворогів,Коли в окупації виходять проти озброєних ворогів .,"Я розумію , наскільки складне рішення .","Я відчуваю , наскільки це ризиковано .",yes,no,none,none,none,none,high,
9980,f142407233ce,"Ми продовжуємо боротися, ми захистимо нашу державу і звільнимо нашу землю завдяки нашим героям – звернення Президента України",2022-03-04,https://www.president.gov.ua/news/mi-prodovzhuyemo-borotisya-mi-zahistimo-nashu-derzhavu-i-zvi-73357,decolonisation,окупант,окупантів,"Але я бачу , як наші люди відмовляються грати за правилами окупантів .","Я відчуваю , наскільки це ризиковано .",Як наші люди залишаються українцями .,yes,no,none,none,none,none,high,
9981,f142407233ce,"Ми продовжуємо боротися, ми захистимо нашу державу і звільнимо нашу землю завдяки нашим героям – звернення Президента України",2022-03-04,https://www.president.gov.ua/news/mi-prodovzhuyemo-borotisya-mi-zahistimo-nashu-derzhavu-i-zvi-73357,decolonisation,окупант,Окупанти,"Окупанти думали , що можуть відключити українцям телебачення .",Що таке наша свобода .,Відключити наш звʼязок .,yes,no,none,none,none,none,high,
9982,f142407233ce,"Ми продовжуємо боротися, ми захистимо нашу державу і звільнимо нашу землю завдяки нашим героям – звернення Президента України",2022-03-04,https://www.president.gov.ua/news/mi-prodovzhuyemo-borotisya-mi-zahistimo-nashu-derzhavu-i-zvi-73357,material_security,безпека,безпеки,"На жаль , сьогодні є повне враження , що час пом'янути іще дещо – гарантії та обіцянки безпеки .","Вічна памʼять кожному , хто загинув за Україну !",Рішучість альянсів .,yes,no,none,none,none,none,high,
9983,f142407233ce,"Ми продовжуємо боротися, ми захистимо нашу державу і звільнимо нашу землю завдяки нашим героям – звернення Президента України",2022-03-04,https://www.president.gov.ua/news/mi-prodovzhuyemo-borotisya-mi-zahistimo-nashu-derzhavu-i-zvi-73357,material_security,ворог,ворога,Усі розвідки країн НАТО чудово знають плани ворога .,"Саміт , на якому видно , що не всі вважають боротьбу за свободу для Європи метою номер один .","Вони також підтвердили , що Росія хоче продовжити наступ .",yes,no,none,none,none,none,high,
9984,f142407233ce,"Ми продовжуємо боротися, ми захистимо нашу державу і звільнимо нашу землю завдяки нашим героям – звернення Президента України",2022-03-04,https://www.president.gov.ua/news/mi-prodovzhuyemo-borotisya-mi-zahistimo-nashu-derzhavu-i-zvi-73357,church_actors,церква,Церкви,Церкви .,"Обстрілюють наших людей , наших дітей , житлові квартали .",Школи .,yes,no,none,none,none,none,high,
9985,f142407233ce,"Ми продовжуємо боротися, ми захистимо нашу державу і звільнимо нашу землю завдяки нашим героям – звернення Президента України",2022-03-04,https://www.president.gov.ua/news/mi-prodovzhuyemo-borotisya-mi-zahistimo-nashu-derzhavu-i-zvi-73357,material_security,оборона,оборони,Я сьогодні нагородив орденами та медалями 76 українських героїв за особисту мужність і самовіддані дії заради нашої оборони .,Завдяки нашим героям .,"На жаль , з них 37 нагороджуються посмертно .",yes,no,none,none,none,none,high,
9998,f15b6348ab49,"Звернення Президента щодо заходів, яких вживає держава для протидії коронавірусу",2020-04-07,https://www.president.gov.ua/news/zvernennya-prezidenta-shodo-zahodiv-yakih-vzhivaye-derzhava-60525,material_security,безпека,безпека,"Ви можете не знати , що є переносником вірусу , тому маска на вашому обличчі – це безпека людей навколо .","Це , зокрема , обов’язкове носіння маски у громадських місцях .",Потрібно вийти з дому – надягайте маску .,yes,no,none,none,none,none,high,COVID-19 Easter measures. Dialogue with church leaders re: pandemic.
9999,f15b6348ab49,"Звернення Президента щодо заходів, яких вживає держава для протидії коронавірусу",2020-04-07,https://www.president.gov.ua/news/zvernennya-prezidenta-shodo-zahodiv-yakih-vzhivaye-derzhava-60525,material_security,санкція,санкції,"А санкції за порушення правил карантину , наприклад , в Італії становлять до трьох тисяч євро , у Франції – майже чотири , у Сінгапурі – до десяти тисяч доларів , а в Іспанії – до тридцяти тисяч євро .",Наші дії є абсолютно симетричними з більшістю країн Європи та світу .,"Ми всі стоїмо на сторожі демократичних цінностей і свобод , але є часи , коли пріоритетом стає здоров’я та життя цілої нації .",yes,no,none,none,none,none,high,COVID-19 Easter measures. Dialogue with church leaders re: pandemic.
10000,f15b6348ab49,"Звернення Президента щодо заходів, яких вживає держава для протидії коронавірусу",2020-04-07,https://www.president.gov.ua/news/zvernennya-prezidenta-shodo-zahodiv-yakih-vzhivaye-derzhava-60525,urgency,заборонити,заборонили,"Давайте не перетворюватися на ображених дітей , яким під час застуди батьки заборонили їсти морозиво .",Сьогодні саме такий час .,"Всі обмеження є лише тимчасовими незручностями , вони – важливі й потрібні для вашої ж безпеки .",yes,no,none,none,none,none,high,COVID-19 Easter measures. Dialogue with church leaders re: pandemic.
10001,f15b6348ab49,"Звернення Президента щодо заходів, яких вживає держава для протидії коронавірусу",2020-04-07,https://www.president.gov.ua/news/zvernennya-prezidenta-shodo-zahodiv-yakih-vzhivaye-derzhava-60525,material_security,безпека,безпеки,"Всі обмеження є лише тимчасовими незручностями , вони – важливі й потрібні для вашої ж безпеки .","Давайте не перетворюватися на ображених дітей , яким під час застуди батьки заборонили їсти морозиво .","Хочу звернути увагу на ситуацію , коли мер Запоріжжя порушує постанову уряду та запускає в місті громадський транспорт .",yes,no,none,none,none,none,high,COVID-19 Easter measures. Dialogue with church leaders re: pandemic.
10002,f15b6348ab49,"Звернення Президента щодо заходів, яких вживає держава для протидії коронавірусу",2020-04-07,https://www.president.gov.ua/news/zvernennya-prezidenta-shodo-zahodiv-yakih-vzhivaye-derzhava-60525,material_security,безпека,безпеки,Ці дії вже отримали реакцію Служби безпеки України та Міністерства внутрішніх справ .,"Хочу звернути увагу на ситуацію , коли мер Запоріжжя порушує постанову уряду та запускає в місті громадський транспорт .","Я хочу наголосити для голів усіх українських міст та сіл на обов’язковому виконанні всіх обмежень , пов’язаних з протидією коронавірусу .",yes,no,none,none,none,none,high,COVID-19 Easter measures. Dialogue with church leaders re: pandemic.
10003,f15b6348ab49,"Звернення Президента щодо заходів, яких вживає держава для протидії коронавірусу",2020-04-07,https://www.president.gov.ua/news/zvernennya-prezidenta-shodo-zahodiv-yakih-vzhivaye-derzhava-60525,church_actors,церква,церков,Ми перебуваємо в постійному діалозі з главами всіх церков .,Окремо зупинюся на святкуванні Великодня в цьому році .,Вже цієї неділі відзначатимуть Пасху християни західного обряду .,yes,no,none,none,none,none,high,COVID-19 Easter measures. Dialogue with church leaders re: pandemic.
10004,f15b6348ab49,"Звернення Президента щодо заходів, яких вживає держава для протидії коронавірусу",2020-04-07,https://www.president.gov.ua/news/zvernennya-prezidenta-shodo-zahodiv-yakih-vzhivaye-derzhava-60525,material_security,безпека,безпеку,"Адже розуміють відповідальність , яку вони несуть за безпеку своїх прихожан .","Сподіваюсь , що всі глави церков максимально сприятимуть такому рішенню .",Зовсім скоро ми розповімо більш детально про наше бачення святкування Великодня у цьому році .,yes,no,none,none,none,none,high,COVID-19 Easter measures. Dialogue with church leaders re: pandemic.
10005,f15b6348ab49,"Звернення Президента щодо заходів, яких вживає держава для протидії коронавірусу",2020-04-07,https://www.president.gov.ua/news/zvernennya-prezidenta-shodo-zahodiv-yakih-vzhivaye-derzhava-60525,material_security,безпека,безпеці,"Той , хто вважає , що йому не 70 , а значить – він у безпеці , що в нього якийсь особливий імунітет , а тому можна не носити маску , не мити руки з милом , не дотримуватися дистанції і взагалі можна не сидіти вдома – той сильно помиляється та ризикує .","У боротьбі з коронавірусом є одна дуже небезпечна річ – думати , що це тебе не торкнеться .","А тому , будь ласка , дійте за дуже простою формулою : будете вдома – будете здорові .",yes,no,none,none,none,none,high,COVID-19 Easter measures. Dialogue with church leaders re: pandemic.
10006,f16517dae2d7,"Немає й не може бути жодної умови, за якої будь-який російський удар по Україні стає виправданим – звернення Президента Володимира Зеленського",2022-08-04,https://www.president.gov.ua/news/nemaye-j-ne-mozhe-buti-zhodnoyi-umovi-za-yakoyi-bud-yakij-ro-76889,church_actors,церква,церква,"Також пошкоджена церква – Свято - Пантелеймонівський храм , священик поранений .",Уламками снарядів та вибуховою хвилею пошкоджені житлові будинки – це звичайні багатоповерхівки .,"Це був свідомий удар окупантів , черговий акт терору – цинічний і прорахований .",yes,no,none,none,none,none,high,
10007,f16517dae2d7,"Немає й не може бути жодної умови, за якої будь-який російський удар по Україні стає виправданим – звернення Президента Володимира Зеленського",2022-08-04,https://www.president.gov.ua/news/nemaye-j-ne-mozhe-buti-zhodnoyi-umovi-za-yakoyi-bud-yakij-ro-76889,decolonisation,окупант,окупантів,"Це був свідомий удар окупантів , черговий акт терору – цинічний і прорахований .","Також пошкоджена церква – Свято - Пантелеймонівський храм , священик поранений .","Вони знали , куди бʼють , і вочевидь хотіли , щоб люди постраждали .",yes,no,none,none,none,none,high,
10008,f16517dae2d7,"Немає й не може бути жодної умови, за якої будь-який російський удар по Україні стає виправданим – звернення Президента Володимира Зеленського",2022-08-04,https://www.president.gov.ua/news/nemaye-j-ne-mozhe-buti-zhodnoyi-umovi-za-yakoyi-bud-yakij-ro-76889,church_actors,релігійний,релігійних,Майже 200 одних лише релігійних споруд – храмів і молитовних будинків різних конфесій – пошкоджено або зруйновано російськими ударами .,"І якщо хтось робить звіт , у якому жертва й агресор нібито в чомусь однакові , якщо аналізуються якісь дані про жертву , а що робив агресор у цей час – ігнорується , то з цим не можна миритися .",Майже 900 медичних закладів .,yes,no,none,none,none,none,high,
10009,f16517dae2d7,"Немає й не може бути жодної умови, за якої будь-який російський удар по Україні стає виправданим – звернення Президента Володимира Зеленського",2022-08-04,https://www.president.gov.ua/news/nemaye-j-ne-mozhe-buti-zhodnoyi-umovi-za-yakoyi-bud-yakij-ro-76889,church_actors,конфесія,конфесій,Майже 200 одних лише релігійних споруд – храмів і молитовних будинків різних конфесій – пошкоджено або зруйновано російськими ударами .,"І якщо хтось робить звіт , у якому жертва й агресор нібито в чомусь однакові , якщо аналізуються якісь дані про жертву , а що робив агресор у цей час – ігнорується , то з цим не можна миритися .",Майже 900 медичних закладів .,yes,no,none,none,none,none,high,
10010,f16517dae2d7,"Немає й не може бути жодної умови, за якої будь-який російський удар по Україні стає виправданим – звернення Президента Володимира Зеленського",2022-08-04,https://www.president.gov.ua/news/nemaye-j-ne-mozhe-buti-zhodnoyi-umovi-za-yakoyi-bud-yakij-ro-76889,material_security,безпека,безпеки,"Я зазначив , що Україна готова бути гарантом продовольчої безпеки для африканських країн .",Відбулися перші в історії наших двосторонніх відносин переговори з Президентом Гвінеї - Бісау .,Обговорили підтримку нашої держави в міжнародних організаціях .,yes,no,none,none,none,none,high,
10011,f16517dae2d7,"Немає й не може бути жодної умови, за якої будь-який російський удар по Україні стає виправданим – звернення Президента Володимира Зеленського",2022-08-04,https://www.president.gov.ua/news/nemaye-j-ne-mozhe-buti-zhodnoyi-umovi-za-yakoyi-bud-yakij-ro-76889,material_security,оборона,оборони,Міністр оборони України Олексій Резніков доповів щодо поточного забезпечення військ технікою та боєприпасами .,Провів сьогодні засідання Ставки Верховного Головнокомандувача .,"Доповідали також Головком Залужний , керівник СБУ Малюк , міністр внутрішніх справ Монастирський .",yes,no,none,none,none,none,high,
10012,f16517dae2d7,"Немає й не може бути жодної умови, за якої будь-який російський удар по Україні стає виправданим – звернення Президента Володимира Зеленського",2022-08-04,https://www.president.gov.ua/news/nemaye-j-ne-mozhe-buti-zhodnoyi-umovi-za-yakoyi-bud-yakij-ro-76889,material_security,сбу,СБУ,"Доповідали також Головком Залужний , керівник СБУ Малюк , міністр внутрішніх справ Монастирський .",Міністр оборони України Олексій Резніков доповів щодо поточного забезпечення військ технікою та боєприпасами .,"Проаналізували ситуацію на найбільш гострих ділянках фронту , зокрема в Донецькій області .",yes,no,none,none,none,none,high,
10307,fa3a972f8496,"Мир має стати безальтернативним, саме тому зло має програти – виступ Президента України перед Генеральним конгресом Мексики",2023-04-21,https://www.president.gov.ua/news/mir-maye-stati-bezalternativnim-same-tomu-zlo-maye-prograti-82401,material_security,безпека,безпеку,Хіба нас не об’єднує з вами мрія про безпеку та спокій на всіх вулицях усіх міст наших країн ?,Народе Мексики !,"Хіба не однаково ми засуджуємо тих , хто розстрілює мирних людей і спалює будинки ?",yes,no,none,none,none,none,high,
10308,fa3a972f8496,"Мир має стати безальтернативним, саме тому зло має програти – виступ Президента України перед Генеральним конгресом Мексики",2023-04-21,https://www.president.gov.ua/news/mir-maye-stati-bezalternativnim-same-tomu-zlo-maye-prograti-82401,church_actors,церква,церкві,Чи можете ви уявити свідомий удар по церкві напередодні Великодня ?,І це лише один такий терористичний удар !,Удар з артилерії ?,yes,no,none,none,none,none,high,
10309,fa3a972f8496,"Мир має стати безальтернативним, саме тому зло має програти – виступ Президента України перед Генеральним конгресом Мексики",2023-04-21,https://www.president.gov.ua/news/mir-maye-stati-bezalternativnim-same-tomu-zlo-maye-prograti-82401,decolonisation,окупант,окупантів,Але для російських окупантів в Україні це не є чимось особливим .,Удар з артилерії ?,Вони зруйнували на нашій землі 256 церков .,yes,no,none,none,none,none,high,
10310,fa3a972f8496,"Мир має стати безальтернативним, саме тому зло має програти – виступ Президента України перед Генеральним конгресом Мексики",2023-04-21,https://www.president.gov.ua/news/mir-maye-stati-bezalternativnim-same-tomu-zlo-maye-prograti-82401,church_actors,церква,церков,Вони зруйнували на нашій землі 256 церков .,Але для російських окупантів в Україні це не є чимось особливим .,"І якщо стільки зруйновано одних лише церков , то уявіть , скільки ж будинків !",yes,no,none,none,none,none,high,
10311,fa3a972f8496,"Мир має стати безальтернативним, саме тому зло має програти – виступ Президента України перед Генеральним конгресом Мексики",2023-04-21,https://www.president.gov.ua/news/mir-maye-stati-bezalternativnim-same-tomu-zlo-maye-prograti-82401,church_actors,церква,церков,"І якщо стільки зруйновано одних лише церков , то уявіть , скільки ж будинків !",Вони зруйнували на нашій землі 256 церков .,"Тисячі й тисячі багатоповерхівок розбито російськими обстрілами , десятки тисяч приватних будинків .",yes,no,none,none,none,none,high,
10312,fa3a972f8496,"Мир має стати безальтернативним, саме тому зло має програти – виступ Президента України перед Генеральним конгресом Мексики",2023-04-21,https://www.president.gov.ua/news/mir-maye-stati-bezalternativnim-same-tomu-zlo-maye-prograti-82401,decolonisation,окупант,окупантом,"Спалені окупантом вщент села й міста – десятки таких сіл і міст – це те , що переживає Україна .","Тисячі й тисячі багатоповерхівок розбито російськими обстрілами , десятки тисяч приватних будинків .","Мексика захищає мирне співжиття народів і прагне стабільності для кожної нації , прагне безпеки .",yes,no,none,none,none,none,high,
10313,fa3a972f8496,"Мир має стати безальтернативним, саме тому зло має програти – виступ Президента України перед Генеральним конгресом Мексики",2023-04-21,https://www.president.gov.ua/news/mir-maye-stati-bezalternativnim-same-tomu-zlo-maye-prograti-82401,material_security,безпека,безпеки,"Мексика захищає мирне співжиття народів і прагне стабільності для кожної нації , прагне безпеки .","Спалені окупантом вщент села й міста – десятки таких сіл і міст – це те , що переживає Україна .","І тому , я впевнений , ваші люди зрозуміють нас і зрозуміють Україну .",yes,no,none,none,none,none,high,
10314,fa3a972f8496,"Мир має стати безальтернативним, саме тому зло має програти – виступ Президента України перед Генеральним конгресом Мексики",2023-04-21,https://www.president.gov.ua/news/mir-maye-stati-bezalternativnim-same-tomu-zlo-maye-prograti-82401,material_security,загроза,загрози,"Це страшно , коли народи поєднує це знання – знання про стан такої загрози життю .",Щодня наші люди чують сирену як попередження про російські удари …,Я хочу бути зараз із вами абсолютно відвертим .,yes,no,none,none,none,none,high,
10315,fa3a972f8496,"Мир має стати безальтернативним, саме тому зло має програти – виступ Президента України перед Генеральним конгресом Мексики",2023-04-21,https://www.president.gov.ua/news/mir-maye-stati-bezalternativnim-same-tomu-zlo-maye-prograti-82401,material_security,суверенітет,суверенітету,"Україна вже пропонувала спільноті Латинської Америки зібрати спеціальний саміт та виступити об’єднано на захист глобально важливих принципів територіальної цілісності , миру й поваги між народами , суверенітету націй .","І я запрошую вас обрати , який пункт формули миру дає змогу Мексиці проявити лідерство !",Я вірю : з допомогою Мексики це може відбутися значно швидше !,yes,no,none,none,none,none,high,
10316,fa3a972f8496,"Мир має стати безальтернативним, саме тому зло має програти – виступ Президента України перед Генеральним конгресом Мексики",2023-04-21,https://www.president.gov.ua/news/mir-maye-stati-bezalternativnim-same-tomu-zlo-maye-prograti-82401,material_security,безпека,безпеки,Запрошую разом працювати заради безпеки наших народів та безпеки світу загалом !,Щиро бажаю вам миру !,Дякую вам за увагу !,yes,no,none,none,none,none,high,
10317,fa3a972f8496,"Мир має стати безальтернативним, саме тому зло має програти – виступ Президента України перед Генеральним конгресом Мексики",2023-04-21,https://www.president.gov.ua/news/mir-maye-stati-bezalternativnim-same-tomu-zlo-maye-prograti-82401,material_security,територіальний цілісність,територіальної цілісності,"Україна вже пропонувала спільноті Латинської Америки зібрати спеціальний саміт та виступити об’єднано на захист глобально важливих принципів територіальної цілісності , миру й поваги між народами , суверенітету націй .","І я запрошую вас обрати , який пункт формули миру дає змогу Мексиці проявити лідерство !",Я вірю : з допомогою Мексики це може відбутися значно швидше !,yes,no,none,none,none,none,high,
10318,fa3a972f8496,"Мир має стати безальтернативним, саме тому зло має програти – виступ Президента України перед Генеральним конгресом Мексики",2023-04-21,https://www.president.gov.ua/news/mir-maye-stati-bezalternativnim-same-tomu-zlo-maye-prograti-82401,material_security,територіальний цілісність,територіальної цілісності,"Ваш голос у Генеральній Асамблеї ООН та на інших міжнародних майданчиках надзвичайно важливий – голос на захист принципів і цілей Статуту ООН , а отже , на захист територіальної цілісності України та всіх націй світу .","Дякую вам за те , що ваша держава допомагає захищати міжнародний порядок , заснований на правилах .","Дякую вам за гуманітарну підтримку для України , за програми лікування та реабілітації наших людей , що зазнали поранень унаслідок російської агресії , і за повагу до української спільноти в Мексиці .",yes,no,none,none,none,none,high,
10458,fd7625840771,"Кожен день спротиву створює для України кращі умови на переговорах, щоб гарантувати наше майбутнє у мирі – звернення Президента Володимира Зеленського",2022-03-07,https://www.president.gov.ua/news/kozhen-den-sprotivu-stvoryuye-dlya-ukrayini-krashi-umovi-na-73417,decolonisation,окупант,окупантів,"Кожен українець і кожна українка , які вчора , сьогодні і завтра протестуватимуть проти окупантів , – герої .",Свою Україну .,Ми кричимо на окупантів разом з вами .,yes,no,none,none,none,none,high,
10459,fd7625840771,"Кожен день спротиву створює для України кращі умови на переговорах, щоб гарантувати наше майбутнє у мирі – звернення Президента Володимира Зеленського",2022-03-07,https://www.president.gov.ua/news/kozhen-den-sprotivu-stvoryuye-dlya-ukrayini-krashi-umovi-na-73417,decolonisation,окупант,окупантів,Ми кричимо на окупантів разом з вами .,"Кожен українець і кожна українка , які вчора , сьогодні і завтра протестуватимуть проти окупантів , – герої .",Ми стоїмо на площах і на вулицях разом з вами .,yes,no,none,none,none,none,high,
10460,fd7625840771,"Кожен день спротиву створює для України кращі умови на переговорах, щоб гарантувати наше майбутнє у мирі – звернення Президента Володимира Зеленського",2022-03-07,https://www.president.gov.ua/news/kozhen-den-sprotivu-stvoryuye-dlya-ukrayini-krashi-umovi-na-73417,decolonisation,окупант,окупанти,"Ми не боїмося разом з вами , коли окупанти відкривають вогонь та намагаються всіх розігнати .",Ми стоїмо на площах і на вулицях разом з вами .,Ви не відступаєте .,yes,no,none,none,none,none,high,
10461,fd7625840771,"Кожен день спротиву створює для України кращі умови на переговорах, щоб гарантувати наше майбутнє у мирі – звернення Президента Володимира Зеленського",2022-03-07,https://www.president.gov.ua/news/kozhen-den-sprotivu-stvoryuye-dlya-ukrayini-krashi-umovi-na-73417,material_security,ворог,ворог,"Ми знаємо – ненависть , яку ворог приніс з обстрілами і бомбами у наші міста , не залишиться там .",І багато інших міст .,Не буде жодного сліду від неї .,yes,no,none,none,none,none,high,
10462,fd7625840771,"Кожен день спротиву створює для України кращі умови на переговорах, щоб гарантувати наше майбутнє у мирі – звернення Президента Володимира Зеленського",2022-03-07,https://www.president.gov.ua/news/kozhen-den-sprotivu-stvoryuye-dlya-ukrayini-krashi-umovi-na-73417,material_security,ворог,ворога,Тому від ворога не буде жодного сліду .,Ненависть – це не про нас .,Ми все відбудуємо .,yes,no,none,none,none,none,high,
10463,fd7625840771,"Кожен день спротиву створює для України кращі умови на переговорах, щоб гарантувати наше майбутнє у мирі – звернення Президента Володимира Зеленського",2022-03-07,https://www.president.gov.ua/news/kozhen-den-sprotivu-stvoryuye-dlya-ukrayini-krashi-umovi-na-73417,decolonisation,окупант,окупант,"Ми зробимо наші міста , які окупант руйнував , кращими , ніж будь-яке місто в Росії .",Ми все відбудуємо .,Енергодар .,yes,no,none,none,none,none,high,
10464,fd7625840771,"Кожен день спротиву створює для України кращі умови на переговорах, щоб гарантувати наше майбутнє у мирі – звернення Президента Володимира Зеленського",2022-03-07,https://www.president.gov.ua/news/kozhen-den-sprotivu-stvoryuye-dlya-ukrayini-krashi-umovi-na-73417,church_actors,церква,церкву,А щоб зруйнувати ще одну церкву – в Житомирській області .,"Ким треба бути , щоб таке робити ?","Церкву Різдва Пресвятої Богородиці , побудовану у 1862 році .",yes,no,none,none,none,none,high,
10465,fd7625840771,"Кожен день спротиву створює для України кращі умови на переговорах, щоб гарантувати наше майбутнє у мирі – звернення Президента Володимира Зеленського",2022-03-07,https://www.president.gov.ua/news/kozhen-den-sprotivu-stvoryuye-dlya-ukrayini-krashi-umovi-na-73417,material_security,ворог,ворога,"Командир механізованого батальйону , який вступив у бій з батальйонною тактичною групою ворога і переміг завдяки раціональному підходу до ведення бою і нестандартній тактиці .",Майор Сак Олександр Олександрович .,Капітан Силівакін Ростислав Олександрович .,yes,no,none,none,none,none,high,
10466,fd7625840771,"Кожен день спротиву створює для України кращі умови на переговорах, щоб гарантувати наше майбутнє у мирі – звернення Президента Володимира Зеленського",2022-03-07,https://www.president.gov.ua/news/kozhen-den-sprotivu-stvoryuye-dlya-ukrayini-krashi-umovi-na-73417,material_security,ворог,ворога,"Завдяки його хоробрим діям і особистій рішучості танковий підрозділ вчасно отримав пальне і вийшов з оточення , дорогою знищуючи ворога .","Майстер - сержант , командир автомобільного взводу Барилюк Валентин Вікторович .",Всі 96 наших героїв – як ці п’ятеро !,yes,no,none,none,none,none,high,
