"doc_id","passage","is_securitising","securitisation_type","referent_object","threat_actor","extraordinary_measure","confidence","coder_notes","batch_file","doc_date","doc_title","doc_source","doc_content_type","doc_url","juncture","year"
"3a555cc2e76f","Споглядаючи на історію, зауважуємо, що неодноразово відбувались намагання злагодити напруження та вияснити непорозуміння, які виникали між українськими Церквами.",FALSE,"neither","other","none","none",3,"Academic/theological essay on the history and canon law of autocephaly by a theology scholar. Purely historical-canonical argumentation with no framing of UOC-MP as an existential threat and no call for extraordinary measures. No securitising moves identified.","coded_batch_01.json","2006-10-31","Канонічна автокефалія та українська християнська ідентичність","risu.ua","poroshenko_speech","https://risu.ua/kanonichna-avtokefaliya-ta-ukrajinska-hristiyanska-identichnist_n12724","outside_junctures","2006"
"86b16524d79e","Московський патріархат «завжди блокував прагнення українського народу мати свою незалежну від Москви церкву, використовуючи усю силу російської політики, дипломатії і спецслужб».",FALSE,"neither","nation","Russia","none",1,"News/analysis article (no speaker tag; contains reported/quoted speech from Poroshenko and several religious-studies experts, not attributed to Poroshenko per instructions). Religion scholar Viktor Yelensky frames the Moscow Patriarchate as historically obstructing Ukrainian church independence via 'the full force of Russian politics, diplomacy and special services' -- an identification of a threat-like actor, but the passage is descriptive/explanatory commentary within a normal diplomatic process (seeking a Tomos through canonical/political channels), not an explicit call for extraordinary measures against UOC-MP. Coded conservatively as not securitising.","coded_batch_01.json","2008-07-26","«Томос від Вселенського патріарха». Піар чи крок до помісної церкви?","risu.ua","poroshenko_speech","https://risu.ua/tomos-vid-vselenskogo-patriarha-piar-chi-krok-do-pomisnoji-cerkvi_n90419","outside_junctures","2008"
"93c2a28bb813","У Полтаві майже 2,5 тис. осіб взяли участь у відкритті пам'ятника гетьману України Іванові Мазепі.",FALSE,"neither","other","none","none",3,"Human-interest news report about the unveiling of a monument to Hetman Mazepa attended by Poroshenko and Patriarch Filaret (UOC-KP). No mention of UOC-MP or any securitising framing.","coded_batch_01.json","2009-10-14","Порошенко та Патріах Філарет відкрили пам'ятник Мазепі у Полтаві","risu.ua","poroshenko_speech","https://risu.ua/poroshenko-ta-patriah-filaret-vidkrili-pam-yatnik-mazepi-u-poltavi_n79483","outside_junctures","2009"
"69f6f6e4d1ad","Справжній рух за автокефалію православної церкви в Україні як реальну силу розгорнувся після лютневої революції 1917 р.",FALSE,"neither","other","none","none",3,"Long historical-academic account of the Ukrainian autocephalous movement of 1917-1920s (Soviet era). No reference to the contemporary UOC-MP or present-day securitising discourse; purely historical narrative.","coded_batch_01.json","2010-03-19","Автокефалія для Української Церкви: спроба № .....?","risu.ua","poroshenko_speech","https://risu.ua/avtokefaliya-dlya-ukrajinskoji-cerkvi-sproba_n35911","outside_junctures","2010"
"863b83f838a6","5–6 червня 1990 року православний Собор проголосив відродження УАПЦ, відновив церковну структуру у вигляді патріархату і обрав першим українським патріархом митрополита Мстислава Скрипника.",FALSE,"neither","other","none","none",3,"Historical retrospective on the 1990 revival of the UAPC, including a note that Soviet secret police viewed the historical UAPC as 'especially dangerous to the Soviet order' -- this is a historical description of Soviet-era threat framing of the UAPC, not a contemporary securitising move against the UOC-MP.","coded_batch_01.json","2010-06-05","Автокефалія Києва","risu.ua","poroshenko_speech","https://risu.ua/avtokefaliya-kiyeva_n37689","outside_junctures","2010"
"b7f922364188","5-6 червня виповнилось 20 років з часу проведення Собору Української Автокефальної Православної Церкви, на якому формально проголосили відродження української автокефалії та обрали першого Патріарха – Мстислава Скрипника.",FALSE,"neither","other","none","none",3,"Retrospective interview with a religious-studies scholar about the 1990 UAPC council. Purely historical reminiscence; no securitising framing of the UOC-MP.","coded_batch_01.json","2010-06-17","Українська автокефалія. Двадцять років по тому…","risu.ua","poroshenko_speech","https://risu.ua/ukrajinska-avtokefaliya-dvadcyat-rokiv-po-tomu_n37922","outside_junctures","2010"
"4f0b6f4da1fe","Одним із найбільш актуальних розділів богослов'я у сучасному світі є еклезіологія — вчення про Церкву, її сутність та устрій.",FALSE,"neither","other","none","none",3,"Purely theological essay on Orthodox ecclesiology (unity, catholicity, apostolicity) prepared following a UOC/UOC-KP roundtable on overcoming schism. Dialogical, not securitising in tone; no threat framing or call for extraordinary measures.","coded_batch_01.json","2010-07-09","Еклезіологія й автокефалія. Гострі кути","risu.ua","poroshenko_speech","https://risu.ua/ekleziologiya-y-avtokefaliya-gostri-kuti_n38360","outside_junctures","2010"
"825af72667db","Вона зберегла могутній засіб тиску на те, що в Росії називають близьким зарубіжжям, тобто на Україну, Білорусь і деяку частину прибалтійських країн.",FALSE,"neither","other","Russia","none",1,"Academic essay on the canon law and politics of autocephaly, quoting Kremlinologist Alain Besançon's view that the (Moscow-linked) Russian Orthodox Church retains a powerful means of pressure over Ukraine and other post-Soviet states. This is presented as one commentator's analytical claim within a scholarly discussion, not an explicit call by the author for extraordinary measures against UOC-MP; article is about autocephaly generally, references ROC not UOC-MP specifically. Coded conservatively as not securitising.","coded_batch_01.json","2010-08-25","Автокефалія","risu.ua","poroshenko_speech","https://risu.ua/avtokefaliya_n40030","outside_junctures","2010"
"fe5eacfec96e","Визнання автокефалії тієї чи іншої помісної церкви — одна з найскладніших і найбільш болісних проблем сучасного Православ'я взагалі й українського — особливо.",FALSE,"neither","other","none","none",3,"Historical account of the Orthodox Church in Poland's path to autocephaly in the 1920s-40s. No reference to contemporary UOC-MP; purely historical.","coded_batch_01.json","2010-08-25","Польська автокефалія: погляд крізь десятиліття","risu.ua","poroshenko_speech","https://risu.ua/polska-avtokefaliya-poglyad-kriz-desyatilittya_n39992","outside_junctures","2010"
"016f01e23ad6","Тотальне нав'язування нехристиянських політичних поглядів, які до того ж цілком чужі більшості українців, поступово переростає у переслідування всіх інакомислячих — у даному випадку передовсім захисників чистоти православної віри... З вуст політично заангажованих проросійських архієреїв лунають ярлики і погрози, які безпосередньо застосовуються там, де вони мають владу — стосовно кліриків та мирян на церковних посадах.",TRUE,"ontological","faith","internal","other",2,"Written from within/sympathetic to the UOC (then MP-affiliated), this op-ed frames the 'russkiy mir' ideology, propagated by pro-Russian bishops inside the UOC hierarchy, as an aggressive, non-Christian force causing unprecedented internal conflict and persecuting clergy/laity who defend the 'purity of Orthodox faith'. Threat actor coded as 'internal' (pro-Russian bishops within the Ukrainian church) though the ideology is sourced from Moscow. Extraordinary measure is implicit (see next entry) rather than stated in this exact passage.","coded_batch_01.json","2010-12-24","Автокефалія УПЦ: переосмислення","risu.ua","poroshenko_speech","https://risu.ua/avtokefaliya-upc-pereosmislennya_n43597","outside_junctures","2010"
"016f01e23ad6","В обставинах такого шаленого тиску автокефалія може стати єдиним чинником цілісності Церкви, запорукою збереження невикривленого етнофілетизмом православного віровчення, навіть якщо не вести мову про об'єднання з УАПЦ і УПЦ КП.",TRUE,"both","faith","Russia","other",2,"Clear securitising move: identifies 'russkiy mir' ideology and pressure from Moscow as an existential threat to the Church's integrity and doctrinal purity, and frames autocephaly (administrative separation from the Moscow Patriarchate) as the 'only' safeguard -- i.e. an extraordinary ecclesiastical measure beyond continuing dialogue/normal church politics. Coded extraordinary_measure as 'other' since it is administrative separation/schism rather than ban/sanction/dissolution/seizure of a target church; referent object is the true/undistorted Orthodox faith of the UOC.","coded_batch_01.json","2010-12-24","Автокефалія УПЦ: переосмислення","risu.ua","poroshenko_speech","https://risu.ua/avtokefaliya-upc-pereosmislennya_n43597","outside_junctures","2010"
"016f01e23ad6","РПЦ є надзвичайно заполітизованою церквою, що завжди сповідувала ідеї цезаропапізму та етатизму, а за патріарха Кирила ще й відверту єресь етнофілетизму («русскій мір»). Адміністративний вихід з-під її юрисдикції дасть шанс звільнитися від цих хворобливих ідей різних кольорів і спрямувань.",TRUE,"ontological","faith","Russia","other",2,"Author explicitly labels the Moscow Patriarchate's 'russkiy mir' doctrine as heresy ('єресь етнофілетизму') threatening the Church's spiritual health, and calls for 'administrative exit' from ROC jurisdiction (i.e. autocephaly) as the remedy -- threat + existential framing + call for an extraordinary ecclesiastical/administrative break.","coded_batch_01.json","2010-12-24","Автокефалія УПЦ: переосмислення","risu.ua","poroshenko_speech","https://risu.ua/avtokefaliya-upc-pereosmislennya_n43597","outside_junctures","2010"
"e8e06141e62b","80 років тому на Першому всеукраїнському церковному соборі (відбувався 14–30 жовтня 1921 року) підтверджено право на існування Української автокефальної православної церкви, яка фактично діяла вже з 1917-го.",FALSE,"neither","other","none","none",3,"Local historical account of the UAPC parish in Kherson in the 1920s (dissolved by Soviet authorities in 1924). No relevance to present-day UOC-MP securitisation.","coded_batch_01.json","2011-10-13","Як народжувалась автокефалія у Херсоні","risu.ua","poroshenko_speech","https://risu.ua/yak-narodzhuvalas-avtokefaliya-u-hersoni_n51422","outside_junctures","2011"
"2120e368cfe6","Чіткі конфесійні симпатії, «напрестолування» особисто Патріархом Московським Кирилом Гундяєвим та «цивілізаційна орієнтація» на «русский мир», мабуть, зіграли тут свою ключову роль.",FALSE,"neither","other","Russia","none",1,"Analytical essay on Vatican-Ukraine relations mentioning Yanukovych's ties to Patriarch Kirill and 'russkiy mir' civilizational orientation as an explanation for his lack of Vatican outreach. Descriptive/explanatory, not a call for extraordinary measures against UOC-MP; article is not Poroshenko's own words despite the speaker tag -- authored commentary by a third party.","coded_batch_01.json","2014-04-26","Порошенко, Папа і Путін","risu.ua","poroshenko_speech","https://risu.ua/poroshenko-papa-i-putin_n77093","outside_junctures","2014"
"8d5b7f3aea09","Чіткі конфесійні симпатії, «напрестолування» особисто Патріархом Московським Кирилом Гундяєвим та «цивілізаційна орієнтація» на «русский мир», мабуть, зіграли тут свою ключову роль.",FALSE,"neither","other","Russia","none",1,"Near-identical duplicate of doc 2120e368cfe6 (same essay, minor orthographic variants). Same coding rationale: descriptive commentary, not a securitising move; not Poroshenko's own words despite speaker tag.","coded_batch_01.json","2014-04-26","Порошенко, Папа і Путін","risu.ua","poroshenko_speech","https://risu.ua/poroshenko-papa-i-putin_n77896","outside_junctures","2014"
"c9c55ff85a45","Никто не станет проверять сигналы о том, что приходы и монастыри УПЦ МП оказывают поддержку сепаратистам... Никакого самоочищения. Никакого переосмысления. Тем более, покаяния.",FALSE,"neither","state","UOC-MP","none",1,"This is journalist Kateryna Shchotkina's own critical commentary, NOT Poroshenko's speech, despite the 'speaker: poroshenko' tag -- no direct Poroshenko quotes appear in the article at all. The piece ironically predicts that alleged UOC-MP parish/monastery support for separatists and a priest caught armed during a polling-station seizure will go uninvestigated. It identifies a potential material threat (clergy allegedly aiding separatists) but the tone is a lament about the ABSENCE of state/church accountability rather than an explicit call for extraordinary measures; no clear existential framing beyond a single incident. Coded conservatively as not securitising, but flagged as borderline given the described events.","coded_batch_01.json","2014-06-04","Сможет ли Порошенко победить в себе русское православие","risu.ua","poroshenko_speech","https://risu.ua/smozhet-li-poroshenko-pobedit-v-sebe-russkoe-pravoslavie_n69321","outside_junctures","2014"
"c355844847ee","Він мусить зрозуміть, що тут мова йде не лише про нього.",FALSE,"neither","other","none","none",3,"UGCC Bishop Borys Gudziak reflects on the responsibilities of the newly elected president. No mention of UOC-MP or any securitising content.","coded_batch_01.json","2014-06-05","Порошенко буде великим президентом, або буде найбільшим розчаруванням за історію України, - владика Гудзяк","risu.ua","poroshenko_speech","https://risu.ua/poroshenko-bude-velikim-prezidentom-abo-bude-naybilshim-rozcharuvannyam-za-istoriyu-ukrajini-vladika-gudzyak_n69176","outside_junctures","2014"
"b7779885292a","Наталья Витренко объявила с трибуны, что Собор православных женщин Украины не будет мириться с таким порядком вещей и уже присоединился к «народному сопротивлению евроколонизации».",TRUE,"ontological","other","UOC-MP","other",2,"Reverse-direction securitising move: pro-Russian activist Natalia Vytrenko, speaking at a Moscow Patriarchate forum in Moscow, frames the UOC-MP leadership (Metropolitan Onufriy) as having 'betrayed' Russian Orthodoxy/the 'Russian World' by pursuing an independent policy, recognising the Ukrainian government, and condemning separatism, and declares that her organisation has joined 'popular resistance to Euro-colonisation'. This inverts the codebook's usual Ukrainian-nationalist framing: here the referent object under threat is Russian Orthodox unity/'Russian World' (coded 'other') and the threat actor is the UOC-MP leadership itself for insufficient loyalty to Moscow. Not Poroshenko's own words despite the speaker tag -- Poroshenko is only referenced as a topic ('so-called president'), not a speaker. Included because it directly involves and targets UOC-MP leadership with existential betrayal-framing and a call to join organised 'resistance'.","coded_batch_01.json","2014-06-06","Зал церковных Соборов РПЦ аплодировал Наталье Витренко за осуждение руководства УПЦ и «так называемого президента Порошенко»","risu.ua","poroshenko_speech","https://risu.ua/zal-cerkovnyh-soborov-rpc-aplodiroval-natale-vitrenko-za-osuzhdenie-rukovodstva-upc-i-tak-nazyvaemogo-prezidenta-poroshenko_n69187","outside_junctures","2014"
"b7779885292a","Тот враг православия, тот враг нашего народа -- я это утверждаю с этой высокой трибуны, и пусть мне попробует кто-то сказать, что Порошенко православный человек!",TRUE,"ontological","other","UOC-MP","other",1,"Vytrenko frames recognition of Poroshenko's presidency (which UOC-MP leadership publicly supported) as making one 'an enemy of Orthodoxy, an enemy of our people' -- existential enemy-framing tied directly to criticism of UOC-MP's stance. Lower confidence as the explicit target here is Poroshenko rather than UOC-MP directly, though UOC-MP's supportive stance toward him is the proximate grievance discussed in surrounding text.","coded_batch_01.json","2014-06-06","Зал церковных Соборов РПЦ аплодировал Наталье Витренко за осуждение руководства УПЦ и «так называемого президента Порошенко»","risu.ua","poroshenko_speech","https://risu.ua/zal-cerkovnyh-soborov-rpc-aplodiroval-natale-vitrenko-za-osuzhdenie-rukovodstva-upc-i-tak-nazyvaemogo-prezidenta-poroshenko_n69187","outside_junctures","2014"
"8b9771cc214a","Президент України запевнив, що шануватиме право на історичну пам'ять, вшанування героїв і захист релігійних традицій.",FALSE,"neither","other","none","none",3,"Report on Poroshenko's presidential inauguration speech. Focuses on peace, army, unity, anti-corruption; no mention of UOC-MP or any securitising content.","coded_batch_01.json","2014-06-07","Петро Порошенко склав присягу Президента України","risu.ua","poroshenko_speech","https://risu.ua/petro-poroshenko-sklav-prisyagu-prezidenta-ukrajini_n69175","outside_junctures","2014"
"be34d5d39fec","«Наша Церква не має бути осторонь. Мені здається, що в цих умовах залучення Церкви і її милосердна місія дуже важливі», - цитуює слова Порошенка сайт Глави держави.",FALSE,"neither","other","none","none",3,"Poroshenko's direct call for churches, including UOC-MP (Metropolitan Onufriy is quoted supporting the initiative), to help negotiate hostage releases in Donbas. Cooperative, not securitising -- no threat framing directed at UOC-MP.","coded_batch_01.json","2014-06-26","Порошенко закликав Церкви сприяти звільненню заручників з полону донбаських терористів","risu.ua","poroshenko_speech","https://risu.ua/poroshenko-zaklikav-cerkvi-spriyati-zvilnennyu-zaruchnikiv-z-polonu-donbaskih-teroristiv_n69453","outside_junctures","2014"
"8548bcb78a09","Визнання Матері-Церкви є вирішальним для процесу і можливого визнання автокефалії помісної Церкви в Україні.",FALSE,"neither","other","none","none",3,"Academic theological essay on the anthropological and ecclesiological dimensions of autocephaly. Abstract theological argumentation; no securitising framing of UOC-MP.","coded_batch_01.json","2014-08-16","Автокефалія  Православної Церкви в Україні","risu.ua","poroshenko_speech","https://risu.ua/avtokefaliya--pravoslavnoyi-cerkvi-v-ukrayini_n70294","outside_junctures","2014"
"ab69b7cf6950","""Якщо країна потребує єдності, то і Церква потребує діалогу.""",FALSE,"neither","other","none","none",3,"Report on a cordial meeting between Poroshenko and newly elected UOC-MP Metropolitan Onufriy, both expressing hope for church unity/dialogue. Cooperative tone; no securitising content.","coded_batch_01.json","2014-08-17","Порошенко зустрівся з Онуфрієм і закликав до об’єднання Церков","risu.ua","poroshenko_speech","https://risu.ua/poroshenko-zustrivsya-z-onufriyem-i-zaklikav-do-ob-yednannya-cerkov_n70298","outside_junctures","2014"
"59b51c729f31","17 жовтня 2014 дружина президента України Марина Порошенко здійснила приватне паломництво до святих місць Генуї і відвідала громаду українців.",FALSE,"neither","other","none","none",3,"Human-interest report on the First Lady's private pilgrimage and visit to a UGCC community in Genoa. No mention of UOC-MP or securitising content.","coded_batch_01.json","2014-10-17","Марина Порошенко відвідала громаду УГКЦ в Генуї","risu.ua","poroshenko_speech","https://risu.ua/marina-poroshenko-vidvidala-gromadu-ugkc-v-genuji_n71202","outside_junctures","2014"
"46dcd7bd636c","Тому в українському випадку так звана УПЦ КП ― це не невизнана автокефальна Церква, а розкол. А відтак ця структура не має жодного шансу на визнання.",FALSE,"neither","other","none","none",3,"UOC-MP official (Metropolitan Mytrofan) argues canonically against UOC-KP's legitimacy. This is UOC-MP's own canonical/theological argumentation directed AT a rival church (UOC-KP), not a threat framing of UOC-MP itself, and contains no existential-threat claim or call for extraordinary measures -- purely canon-law argumentation.","coded_batch_02.json","2014-11-11","Митрополит Митрофан: «Невизнана автокефалія і розкол ― різні речі»","risu.ua","poroshenko_speech","https://risu.ua/mitropolit-mitrofan-neviznana-avtokefaliya-i-rozkol-rizni-rechi_n71520","outside_junctures","2014"
"7c11f00f7640","Тому в українському випадку так звана УПЦ КП ― це не невизнана автокефальна Церква, а розкол. А відтак ця структура не має жодного шансу на визнання.",FALSE,"neither","other","none","none",3,"Near-duplicate of doc 46dcd7bd636c with same UOC-MP official's canonical argument against UOC-KP legitimacy. Not securitising.","coded_batch_02.json","2014-11-12","Глава ВЗЦЗ УПЦ (МП) пояснив різницю між неканонічними автокефаліями РПЦ і УПЦ КП","risu.ua","poroshenko_speech","https://risu.ua/glava-vzcz-upc-mp-poyasniv-riznicyu-mizh-nekanonichnimi-avtokefaliyami-rpc-i-upc-kp_n71550","outside_junctures","2014"
"4f71c420c380","Жодного сумніву, що нам вдасться відбити цю інформаційну агресію. Церковну карту ми розіграти не дамо.",TRUE,"both","nation","Russia","other",2,"Direct Poroshenko quote at a meeting with the All-Ukrainian Council of Churches. He states that Russia's information war 'touches on church matters' and is attempting 'to split Ukrainian society' (~20% of Russian propaganda concerns religious material), labels this 'informational aggression', and vows resistance ('we will not allow the church card to be played'). Threat actor is Russia using religious institutions (implicitly including UOC-MP) as a vector; referent object is national unity. Extraordinary measure is coded 'other' as a vague vow of active resistance/defence rather than a specific named measure.","coded_batch_02.json","2015-02-18","Ми не дамо Росії розіграти церковну карту — Порошенко","risu.ua","poroshenko_speech","https://risu.ua/mi-ne-damo-rosiji-rozigrati-cerkovnu-kartu-poroshenko_n73059","outside_junctures","2015"
"ea5875bf5cde","Тепер вже остаточно ясно, що ми на Майдані рік тому боролися не з Януковичем.",FALSE,"neither","other","none","none",3,"Poroshenko speech on the anniversary of the Heavenly Hundred and Russia's culpability in Maidan killings and the conflict. No mention of UOC-MP.","coded_batch_02.json","2015-02-20","Петро Порошенко: Янукович вічно горітиме в пеклі","risu.ua","poroshenko_speech","https://risu.ua/petro-poroshenko-yanukovich-vichno-goritime-v-pekli_n73137","outside_junctures","2015"
"1af00ae7b56b","Бажаю усім вам доброго здоров'я, миру та благополуччя.",FALSE,"neither","other","none","none",3,"Holiday greeting for Passover; no UOC-MP content.","coded_batch_02.json","2015-04-05","Петро Порошенко привітав юдеїв зі святом Песах","risu.ua","poroshenko_speech","https://risu.ua/petro-poroshenko-privitav-yudejiv-zi-svyatom-pesah_n73821","outside_junctures","2015"
"747671df4e8c","Не держава має давати оцінку єрархам Церков. Я думаю, що цю оцінку мають давати народ і прихожани.",FALSE,"neither","other","none","none",3,"Reports that UOC-MP bishops led by Metropolitan Onufriy did not stand when Poroshenko read the names of ATO heroes in parliament. Notably, Poroshenko's own quoted response explicitly declines to have the state judge the bishops' conduct, deferring to 'the people and parishioners' instead -- the opposite of a securitising move (he avoids escalating a potentially inflammatory incident into a state matter).","coded_batch_02.json","2015-05-12","Порошенко не втручатиметься у скандал з єпископами УПЦ (МП): оцінку дасть народ","risu.ua","poroshenko_speech","https://risu.ua/poroshenko-ne-vtruchatimetsya-u-skandal-z-yepiskopami-upc-mp-ocinku-dast-narod_n74263","outside_junctures","2015"
"b52c69c3bf46","Загроза ганебного вигнання МП з України не без участі Константинопольського патріархату через 23 роки після, здавалося б, тріумфу «операції з утримання УПЦ», бюрократія РПЦ почала відчувати дуже болісно.",FALSE,"neither","other","Russia","none",1,"Long analytical opinion column speculating on the Moscow Patriarchate's possible strategic calculations around granting UOC 'forced/controlled autocephaly' to retain loyalty. It is analytical/speculative about ROC's internal politics and possible manoeuvres (e.g. retaining monasteries as leverage, comparing this to a 'stauropegial Donbas' for UOC) rather than a securitising move by a Ukrainian actor calling for extraordinary measures against UOC-MP. No explicit existential-threat-plus-extraordinary-measure structure identified. Coded conservatively as not securitising given its speculative, analytical register.","coded_batch_02.json","2015-06-11","Колонка Тетяни Деркач","risu.ua","poroshenko_speech","https://risu.ua/siluvana-avtokefaliya-piti-shchob-zalishitisya_n74725","outside_junctures","2015"
"2d8d68dd23b8","Ваша молитва весь час була поряд з українцями для того, щоб Господь захищав нас.",FALSE,"neither","other","none","none",3,"Cordial Poroshenko-Filaret (UOC-KP) meeting; no UOC-MP content, no securitising framing.","coded_batch_02.json","2015-10-23","Порошенко-Патріарху Філарету: Ваша молитва весь час була з Українським народом","risu.ua","poroshenko_speech","https://risu.ua/poroshenko-patriarhu-filaretu-vasha-molitva-ves-chas-bula-z-ukrajinskim-narodom_n76623","outside_junctures","2015"
"9fec0a19e98f","Київські духовні школи стали символом відродження нашої держави, подолання несправедливостей, завданих українській Церкві та народу у минулому.",FALSE,"neither","other","none","none",3,"Poroshenko congratulatory message for the 400th anniversary of the Kyiv theological academy (published via UOC-MP's own site). Vague historical reference to past 'injustices' but no specific threat framing of UOC-MP or call for extraordinary measures.","coded_batch_02.json","2015-11-10","Петро Порошенко привітав Київські духовні школи з 400-літнім ювілеєм","risu.ua","poroshenko_speech","https://risu.ua/petro-poroshenko-privitav-kijivski-duhovni-shkoli-z-400-litnim-yuvileyem_n76932","outside_junctures","2015"
"6d2b9ef409d9","Украина — никакая не братская, я вам об этом прямо и честно говорю... сама Украина со всей своей свинской идеологией, со своим бесовским менталитетом, бытовым сатанизмом никакая не братская.",TRUE,"both","nation","Russia","other",2,"Reported statements by Andrei Tkachev, former head of the Kyiv eparchy missionary department of UOC (MP) who relocated to Moscow/ROC in 2014. He frames Ukraine itself as an existential 'enemy'/'hostile' entity ('demonic mentality') opposed to sacred Russian civilisational values, expresses hope for Poroshenko's imminent death, and calls for the Russian military to strike targets with precision -- an explicit call for extraordinary violent action. Coded as involving UOC-MP because the article specifically identifies him as a former leading UOC(MP)/ROC missionary, illustrating a securitising narrative associated with Moscow-aligned clergy formerly embedded in UOC-MP structures; the threat here runs from this figure toward Ukraine/Poroshenko rather than being a Ukrainian securitisation of UOC-MP. The article itself is reporting his statements rather than making its own securitising claim.","coded_batch_02.json","2015-11-18","Ведущий миссионер УПЦ/РПЦ ждет скорой смерти Порошенко и желает новых побед Путину","risu.ua","poroshenko_speech","https://risu.ua/vedushchiy-missioner-upc-rpc-zhdet-skoroy-smerti-poroshenko-i-zhelaet-novyh-pobed-putinu_n77040","outside_junctures","2015"
"404362f1ac47","Ті фотографії з зустрічі, які я переглядав, дуже контрастували з тим, як папа зустрічався з президентом Росії Володимиром Путіним.",FALSE,"neither","other","none","none",3,"Analytical interview about Vatican diplomacy comparing Poroshenko's and Putin's meetings with the Pope. No UOC-MP content.","coded_batch_02.json","2015-11-20","Зустріч папи Римського з Порошенком контрастувала із зустріччю з Путіним – релігієзнавець","risu.ua","poroshenko_speech","https://risu.ua/zustrich-papi-rimskogo-z-poroshenkom-kontrastuvala-iz-zustrichchyu-z-putinim-religiyeznavec_n77066","outside_junctures","2015"
"757dd7215952","Російські окупанти, з російськими паспортами, у Донецьку закривають баптистські церкви, потім вони побили священика та вбили його.",FALSE,"neither","other","none","none",3,"Poroshenko describes religious persecution (of Baptist churches) by Russian occupation forces in Donetsk. Does not involve or reference UOC-MP; outside the scope of this codebook.","coded_batch_02.json","2015-11-30","П.Порошенко: російські окупанти на Донбасі закривають баптистські церкви та вбивають священиків","risu.ua","poroshenko_speech","https://risu.ua/p-poroshenko-rosiyski-okupanti-na-donbasi-zakrivayut-baptistski-cerkvi-ta-vbivayut-svyashchenikiv_n77153","outside_junctures","2015"
"5caec20ac12b","Вітаю вас з Ханукою.",FALSE,"neither","other","none","none",3,"Holiday greeting; no UOC-MP content.","coded_batch_02.json","2015-12-07","Петро Порошенко привітав юдеїв із Ханукою","risu.ua","poroshenko_speech","https://risu.ua/petro-poroshenko-privitav-yudejiv-iz-hanukoyu_n77229","outside_junctures","2015"
"9227971df1fc","Сердечно вітаю Вас із Вашим 79-річчям.",FALSE,"neither","other","none","none",3,"Birthday greeting to Pope Francis; no UOC-MP content.","coded_batch_02.json","2015-12-17","Петро Порошенко привітав Папу Франциска з 79-річчям","risu.ua","poroshenko_speech","https://risu.ua/petro-poroshenko-privitav-papu-franciska-z-79-richchyam_n77383","outside_junctures","2015"
"b10332c45f05","Бажаю міцного здоров'я кожній українській родині.",FALSE,"neither","other","none","none",3,"Holiday greeting for Epiphany/Water Blessing; no UOC-MP content.","coded_batch_02.json","2016-01-19","Петро Порошенко привітав українців з Водохрещем","risu.ua","poroshenko_speech","https://risu.ua/petro-poroshenko-privitav-ukrajinciv-z-vodohreshchem_n77801","outside_junctures","2016"
"2f97a22d6a87","Прийміть мої щирі вітання з нагоди Вашого дня народження.",FALSE,"neither","other","none","none",3,"Birthday greeting to UOC-KP Patriarch Filaret from Poroshenko and Yatsenyuk; no UOC-MP content.","coded_batch_02.json","2016-01-25","Порошенко та Яценюк привітали Патріарха Філарета із 87-річчям","risu.ua","poroshenko_speech","https://risu.ua/poroshenko-ta-yacenyuk-privitali-patriarha-filareta-iz-87-richchyam_n77885","outside_junctures","2016"
"195b6209b4ec","Порошенко висловив сподівання, що єпископи УПЦ (МП) відгукнуться на прагнення народу: активізують процеси міжцерковного діалогу і консолідації українського православ'я.",FALSE,"neither","other","none","none",3,"Poroshenko's address to the UOC-MP bishops' council is cooperative/appealing in tone (asking for dialogue and partnership), reminding them of their own 1992 pro-autocephaly statement, but does not frame UOC-MP as an existential threat or call for extraordinary measures against it -- it is an invitation to engage, not a securitising move.","coded_batch_02.json","2016-01-29","Порошенко нагадав єпископам УПЦ (МП), як у 1992 році вони одностайно прагнули канонічної автокефалії","risu.ua","poroshenko_speech","https://risu.ua/poroshenko-nagadav-yepiskopam-upc-mp-yak-u-1992-roci-voni-odnostayno-pragnuli-kanonichnoji-avtokefaliji_n77989","outside_junctures","2016"
"71dd2e0e58fc","Ми упевнені в тому, що молитви Церкви Бог почує, що мир прийде на українську землю.",FALSE,"neither","other","none","none",3,"Cooperative Poroshenko-Bartholomew discussion on the united local church; no securitising content.","coded_batch_02.json","2016-03-10","Порошенко та Варфоломій I обговорили створення єдиної помісної Української Православної Церкви","risu.ua","poroshenko_speech","https://risu.ua/poroshenko-ta-varfolomiy-i-obgovorili-stvorennya-yedinoji-pomisnoji-ukrajinskoji-pravoslavnoji-cerkvi_n78662","outside_junctures","2016"
"1486e8e257b5","Церква Константинополя є материнською Церквою Української нації.",FALSE,"neither","other","none","none",3,"Patriarch Bartholomew's diplomatic statement; no securitising content directed at UOC-MP.","coded_batch_02.json","2016-03-11","«Церква Константинополя є материнською Церквою Української нації», – Патріарх Варфоломій І – Порошенку","risu.ua","poroshenko_speech","https://risu.ua/cerkva-konstantinopolya-ye-materinskoyu-cerkvoyu-ukrajinskoji-naciji-patriarh-varfolomiy-i-poroshenku_n78673","outside_junctures","2016"
"b97c3e05c870","Прагнення православної громади України до відновлення єдності Українського православ'я і створення автокефальної помісної православної Церкви.",FALSE,"neither","other","none","none",3,"Diplomatic meeting with the Romanian Patriarch; no securitising content.","coded_batch_02.json","2016-04-22","Порошенко розповів Румунському Патріарху про прагнення в Україні створити автокефальну помісну православну Церкву","risu.ua","poroshenko_speech","https://risu.ua/poroshenko-rozpoviv-rumunskomu-patriarhu-pro-pragnennya-v-ukrajini-stvoriti-avtokefalnu-pomisnu-pravoslavnu-cerkvu_n79244","outside_junctures","2016"
"d8d3b665d973","Митрополит УПЦ (МП) Онуфрій разом із Президентом України Петром Порошенком поклав квіти.",FALSE,"neither","other","none","none",3,"Joint Chornobyl commemoration by Poroshenko and UOC-MP Metropolitan Onufriy; cooperative, not securitising.","coded_batch_02.json","2016-04-26","Митрополит Онуфрій вшанував чорнобильців разом із Порошенком","risu.ua","poroshenko_speech","https://risu.ua/mitropolit-onufriy-vshanuvav-chornobilciv-razom-iz-poroshenkom_n79329","outside_junctures","2016"
"cb2487432831","18 травня 1944 року розпочалось злочинне виселення кримських татар з Криму.",FALSE,"neither","other","none","none",3,"Statement on the Crimean Tatar deportation anniversary; unrelated to UOC-MP.","coded_batch_02.json","2016-05-18","Порошенко: Депортація кримських татар – це спільний біль","risu.ua","poroshenko_speech","https://risu.ua/poroshenko-deportaciya-krimskih-tatar-ce-spilniy-bil_n79634","outside_junctures","2016"
"dd22bb5b777a","Під час молитовного сніданку у четвер всечесні отці благословили зміни у системі правосуддя.",FALSE,"neither","other","none","none",3,"Judicial reform announcement mentioning clergy blessing at a prayer breakfast; no UOC-MP-specific securitising content.","coded_batch_02.json","2016-06-02","Порошенко: Всечесні отці підтримали конституційну реформу","risu.ua","poroshenko_speech","https://risu.ua/poroshenko-vsechesni-otci-pidtrimali-konstituciynu-reformu_n79837","outside_junctures","2016"
"1dd3bdc331ba","Ми не будемо байдуже споглядати за втручанням іншої держави в наші церковні справи, за її спробами використати у своїх інтересах почуття частини українських православних.",TRUE,"both","state","Russia","other",3,"Direct Poroshenko quote in his annual address to parliament. Identifies a foreign state (unnamed but clearly Russia in context) interfering in Ukraine's church affairs and exploiting the religious feelings of part of the Ukrainian Orthodox community (i.e. UOC-MP's flock) for its own interests -- a threat to state sovereignty (material) combined with exploitation of religious identity (ontological). The extraordinary measure is the parliamentary appeal to Patriarch Bartholomew to annul the 1686 transfer of the Kyiv Metropolis to Moscow, seeking full ecclesiastical independence -- an action outside normal state-church separation practice, justified by this threat framing.","coded_batch_02.json","2016-06-16","Президент подякував ВР за звернення до Варфоломія I щодо автокефалії Православної Церкви в Україні","risu.ua","poroshenko_speech","https://risu.ua/prezident-podyakuvav-vr-za-zvernennya-do-varfolomiya-i-shchodo-avtokefaliji-pravoslavnoji-cerkvi-v-ukrajini_n81084","outside_junctures","2016"
"51ac5163e69a","Нині іде наступ однієї православної церкви на УПЦ МП. Ми вважаємо таке протистояння за посередництва державних органів неприпустимим, що може призвести до міжконфесійної ворожнечі. У нас і так непроста ситуація в країні, ідуть утиски за національною ознакою, мовною, нині ми додаємо ще і релігійну ознаку.",TRUE,"material","other","other","none",2,"Reverse-direction securitising move: Opposition Bloc MP Oleksandr Dolzhenkov, defending UOC-MP, frames the Verkhovna Rada's appeal to Patriarch Bartholomew as a state-backed 'offensive' ('наступ') against UOC-MP, calls it 'unacceptable', and warns it risks provoking 'inter-confessional strife' on top of alleged existing ethnic/linguistic persecution. This inverts the codebook's default direction: here the referent object under threat is UOC-MP itself (coded 'other') and the threat actor is the Ukrainian state/political establishment pushing autocephaly (coded 'other'). No specific extraordinary measure is proposed in this passage beyond political objection/procedural obstruction (Opposition Bloc MPs are reported elsewhere in the article to have blocked the podium during the Rada vote). Included per task scope as directly involving/defending UOC-MP. Article also reports Kremlin spokesperson Dmitry Peskov warning that Ukrainian autocephaly 'will cause a church schism' that ROC 'cannot support' -- a milder, more diplomatic objection not rising to the same level of securitising language.","coded_batch_02.json","2016-06-16","Православна революція. Чи встигне патріарх Варфоломій змінити історію?","risu.ua","poroshenko_speech","https://risu.ua/pravoslavna-revolyuciya-chi-vstigne-patriarh-varfolomiy-zminiti-istoriyu_n90494","outside_junctures","2016"
"dba09ff7182e","Почався процес прозріння деяких вірян УПЦ МП, які переконалися в тому, що ця структура у складі РПЦ займає антиукраїнські позиції, освячує зброю терористів та просуває «русский мир» в Україні.",TRUE,"both","nation","UOC-MP","other",2,"This 2022 retrospective article (on the third anniversary of the Tomos) makes its own editorial securitising claim: that the UOC-MP 'as part of the ROC occupies anti-Ukrainian positions, blesses terrorists' weapons, and promotes the russkiy mir [ideology] in Ukraine' -- explicitly framing UOC-MP as an active threat to the nation (material: blessing terrorist weapons; ontological: promoting russkiy mir). The extraordinary measure is the broader narrative arc of the article itself: believers 'awakening' and leaving UOC-MP for the newly formed PCU (autocephalous church) as the appropriate extraordinary response.","coded_batch_02.json","2016-06-16","ПЦУ відзначає третю річницю отримання Томосу","risu.ua","poroshenko_speech","https://risu.ua/pcu-vidznachaye-tretyu-richnicyu-otrimannya-tomosu_n124857","outside_junctures","2016"
"dba09ff7182e","Представники РПЦ та російські урядовці погрожували релігійною війною в Україні та проклинали всіх, хто підтримує автокефалію.",TRUE,"both","nation","Russia","other",2,"Article reports that ROC representatives and Russian officials themselves 'threatened religious war in Ukraine' and cursed supporters of autocephaly in response to the Tomos process -- this documents an explicit threat/securitising move by Russian church and state actors directed at Ukraine over the church independence issue.","coded_batch_02.json","2016-06-16","ПЦУ відзначає третю річницю отримання Томосу","risu.ua","poroshenko_speech","https://risu.ua/pcu-vidznachaye-tretyu-richnicyu-otrimannya-tomosu_n124857","outside_junctures","2016"
"7424bf7af5d0","Головною метою зустрічі було підбиття підсумків візиту до України кардинала П'єтро Пароліна.",FALSE,"neither","other","none","none",3,"Meeting between Poroshenko and UGCC head Sviatoslav on humanitarian cooperation with the Vatican; no UOC-MP content.","coded_batch_02.json","2016-06-23","Глава УГКЦ обговорив з Петром Порошенком підсумки візиту Держсекретаря Ватикану","risu.ua","poroshenko_speech","https://risu.ua/glava-ugkc-obgovoriv-z-petrom-poroshenkom-pidsumki-vizitu-derzhsekretarya-vatikanu_n80140","outside_junctures","2016"
"81a7dc69e948","Незалежність від Москви буде абсолютно узаконеною можливістю тримати на території України навіть не лабораторії, а цілі своєрідні військові бази «русского міра». Замість такої гібридної автокефалії для нас значно безпечніший відрив єпархій від Москви без жодного дозволу патріарха Кирила.",TRUE,"material","state","Russia","dissolution",3,"Explicit securitising move using military/security metaphor: the author warns that a 'hybrid' autocephaly which leaves UOC-MP monasteries under Moscow's direct control would effectively legalise 'veritable military bases of the russkiy mir' on Ukrainian territory. This existential framing (military bases = direct security threat) leads directly to a call for an extraordinary measure: forcibly severing eparchies from Moscow's jurisdiction without patriarchal permission, deemed 'safer' than negotiated hybrid autocephaly. Coded extraordinary_measure as 'dissolution' (dissolving Moscow's administrative/jurisdictional authority over Ukrainian dioceses).","coded_batch_02.json","2016-06-24","Автокефалія для чайників","risu.ua","poroshenko_speech","https://risu.ua/avtokefaliya-dlya-chaynikiv_n80173","outside_junctures","2016"
"539a9c32f44a","Прийміть сердечні вітання з нагоди Курбан-Байраму.",FALSE,"neither","other","none","none",3,"Holiday greeting to Ukrainian Muslims; no UOC-MP content.","coded_batch_02.json","2016-09-12","Порошенко привітав мусульман України з Курбан-Байрамом","risu.ua","poroshenko_speech","https://risu.ua/poroshenko-privitav-musulman-ukrajini-z-kurban-bayramom_n81157","outside_junctures","2016"
"704ead932980","Обговорено прагнення українців об'єднатися в Єдину Помісну Автокефальну Українську Православну Церкву.",FALSE,"neither","other","none","none",3,"Diplomatic meeting with the Jerusalem Patriarch; cooperative tone, no securitising content.","coded_batch_02.json","2016-10-02","Порошенко зустрівся із Єрусалимським Патріархом","risu.ua","poroshenko_speech","https://risu.ua/poroshenko-zustrivsya-iz-yerusalimskim-patriarhom_n81406","outside_junctures","2016"
"733dd2934e38","Президент Петро Порошенко має намір зробити офіційну заяву через рішення Росії знести храм УПЦ КП.",FALSE,"neither","other","none","none",2,"Concerns Russia's demolition of a UOC-KP (not UOC-MP) church in Noginsk, Russia. Does not involve or reference UOC-MP; outside the scope of this codebook.","coded_batch_02.json","2016-10-07","Порошенко готує заяву щодо знесення українського храму в Росії","risu.ua","poroshenko_speech","https://risu.ua/poroshenko-gotuye-zayavu-shchodo-znesennya-ukrajinskogo-hramu-v-rosiji_n81495","outside_junctures","2016"
"b8428a8e51f1","Нагородити орденом «За заслуги» ІІ ступеня Процика Руслана Івановича (ІЛАРІОНА).",FALSE,"neither","other","none","none",3,"State award for a UOC-KP archbishop; no UOC-MP content.","coded_batch_02.json","2016-12-04","Порошенко нагородив архиєпископа УПЦ КП орденом «За заслуги» ІІ ступеня","risu.ua","poroshenko_speech","https://risu.ua/poroshenko-nagorodiv-arhiyepiskopa-upc-kp-ordenom-za-zaslugi-ii-stupenya_n82390","outside_junctures","2016"
"11c55b2dc38a","Він цілком підтримує створення Української Автокефальної Церкви.",FALSE,"neither","other","none","none",3,"Kravchuk reports Poroshenko's support for church independence; general/aspirational, no explicit threat framing of UOC-MP or call for extraordinary measures in this short item.","coded_batch_02.json","2017-01-16","Порошенко підтримує створення Української Автокефальної Церкви, - Леонід Кравчук","risu.ua","poroshenko_speech","https://risu.ua/poroshenko-pidtrimuye-stvorennya-ukrajinskoji-avtokefalnoji-cerkvi-leonid-kravchuk_n82970","outside_junctures","2017"
"08ee1ddd2856","Патріарх Філарет, народжений у Донецькій області, нині перебуває в окупованому селищі Благодатне.",FALSE,"neither","other","none","none",3,"Birthday greeting to UOC-KP Patriarch Filaret; no UOC-MP content.","coded_batch_02.json","2017-01-23","Порошенко і Гройсман привітали владику Філарета з 88-літтям","risu.ua","poroshenko_speech","https://risu.ua/poroshenko-i-groysman-privitali-vladiku-filareta-z-88-littyam_n83074","outside_junctures","2017"
"c56a59a39182","Президент закликав німецький парламент визнати Голодомор геноцидом українського народу.",FALSE,"neither","other","none","none",3,"Holodomor recognition appeal to the Bundestag; unrelated to UOC-MP.","coded_batch_02.json","2017-01-30","Порошенко попросив Бундестаг визнати Голодомор геноцидом","risu.ua","poroshenko_speech","https://risu.ua/poroshenko-poprosiv-bundestag-viznati-golodomor-genocidom_n83200","outside_junctures","2017"
"ccec1af09f52","Президент України Петро Порошенко разом з дружиною Мариною в Пасхальну ніч відвідали кілька християнських храмів Києва.",FALSE,"neither","other","none","none",3,"Report on Poroshenko's Easter night visits to UOC-KP, Roman Catholic, UGCC, and UOC-MP (Kyiv-Pechersk Lavra) services -- an ecumenical, non-securitising human-interest item.","coded_batch_02.json","2017-04-16","Порошенко з дружиною у Великодню ніч взяли участь у Богослужінні та помолилися за Україну","risu.ua","poroshenko_speech","https://risu.ua/poroshenko-z-druzhinoyu-u-velikodnyu-nich-vzyali-uchast-u-bogosluzhinni-ta-pomolilisya-za-ukrajinu_n84364","outside_junctures","2017"
"494bb7181067","Все, що відбувається зараз в Україні, є в серці діаспори.",FALSE,"neither","other","none","none",3,"Meeting with the head of the Ukrainian Orthodox Church in the USA (Ecumenical Patriarchate); no UOC-MP content.","coded_batch_02.json","2017-06-21","Порошенко зустрівся з Главою УПЦ в США (Константинопольського Патріархату)","risu.ua","poroshenko_speech","https://risu.ua/poroshenko-zustrivsya-z-glavoyu-upc-v-ssha-konstantinopolskogo-patriarhatu_n85285","outside_junctures","2017"
"ab207526ef77","Саме від неї ми очікуємо визнання Автокефалії Української Церкви – рівної до інших помісних православних Церков. І, зрозуміло, духовно та адміністративно незалежної від Москви, від країни-агресора.",TRUE,"both","nation","Russia","other",2,"Direct Poroshenko quote (Facebook statement on the Day of the Baptism of Rus-Ukraine) explicitly labels Moscow/Russia as 'the aggressor country' from which the Ukrainian Church must become 'spiritually and administratively independent'. This links the material conflict (Russia as aggressor state) to the ontological/religious independence sought via autocephaly -- threat identification plus a call for the extraordinary ecclesiastical-political measure of full administrative separation from Moscow.","coded_batch_02.json","2017-07-28","Порошенко закликав Константинополь визнати автокефалію української Церкви","risu.ua","poroshenko_speech","https://risu.ua/poroshenko-zaklikav-konstantinopol-viznati-avtokefaliyu-ukrajinskoji-cerkvi_n85826","outside_junctures","2017"
"50a3bae86aae","Ми не збираємось із цим ні миритися, ні приймати. І вимагаємо припинити дії проти української Церкви.",FALSE,"neither","other","none","none",2,"Poroshenko demands an end to an attack on a UOC-KP (not UOC-MP) church in occupied Crimea. Concerns a different church body; does not involve or reference UOC-MP, so outside this codebook's scope despite forceful language.","coded_batch_02.json","2017-09-02","Президент Порошенко вимагає припинити напади на українську Церкву в Криму","risu.ua","poroshenko_speech","https://risu.ua/prezident-poroshenko-vimagaye-pripiniti-napadi-na-ukrajinsku-cerkvu-v-krimu_n86393","outside_junctures","2017"
"30a88b12ea0d","Влада не буде пасивно споглядати, коли інші держави використовують залежні від них релігійні інституції для досягнення своїх геополітичних цілей.",TRUE,"both","state","Russia","other",3,"Direct Poroshenko quote from his annual address to the Verkhovna Rada. Explicitly identifies foreign states (unnamed but understood as Russia) using 'religious institutions dependent on them' -- i.e. UOC-MP as a Moscow-dependent institution -- to pursue 'geopolitical goals', and declares the state 'will not passively watch'. This is a clear securitising move: threat identification (instrumentalised religious institutions), framing as a matter beyond normal church-state separation, and an explicit vow of state action, in support of the drive for autocephaly announced in the same speech.","coded_batch_02.json","2017-09-07","Президент Порошенко підтримує створення Помісної Церкви в Україні","risu.ua","poroshenko_speech","https://risu.ua/prezident-poroshenko-pidtrimuye-stvorennya-pomisnoji-cerkvi-v-ukrajini_n86469","outside_junctures","2017"
"966d69d22ff2","Як і минулого разу, так і тепер в наявності втручання у внутрішні справи Церкви.",FALSE,"neither","other","other","none",1,"UOC-MP/Moscow Patriarchate's own reactive statement (Fr. Ihor Yakymchuk) criticising Poroshenko's autocephaly push as 'interference in the internal affairs of the Church' and urging politicians to 'stop interfering'. This is UOC-MP's counter-framing against the state, but reads as a normal diplomatic protest rather than an existential-threat claim with a call for extraordinary measures; coded conservatively as not securitising, though flagged as reverse-direction defensive rhetoric involving UOC-MP.","coded_batch_02.json","2017-09-07","В РПЦ закликали Порошенка не втручатися у справи Церкви і наголосили, що в Україні вже є помісна Церква","risu.ua","poroshenko_speech","https://risu.ua/v-rpc-zaklikali-poroshenka-ne-vtruchatisya-u-spravi-cerkvi-i-nagolosili-shcho-v-ukrajini-vzhe-ye-pomisna-cerkva_n86477","outside_junctures","2017"
"a8966f9dc956","Архиєреї УГКЦ та УПЦ КП освятили новий завод, який урочисто відкрив Порошенко.",FALSE,"neither","other","none","none",3,"Factory opening ceremony blessed by UGCC and UOC-KP clergy; no UOC-MP content.","coded_batch_02.json","2017-09-29","Архиєреї УГКЦ та УПЦ КП освятили новий завод, який урочисто відкрив Порошенко","risu.ua","poroshenko_speech","https://risu.ua/arhiyereji-ugkc-ta-upc-kp-osvyatili-noviy-zavod-yakiy-urochisto-vidkriv-poroshenko_n86869","outside_junctures","2017"
"afb0c2722b5d","Українську Православну Церкву Московського Патріархату Порошенко розглядав як інструмент Росії у війні з Україною. «Хіба можуть називатися українськими храми, в яких моляться за патріарха РПЦ Кирила, який зі свого боку, молиться за російське військо, що вбиває українських воїнів і цивільне населення? Прошу задуматися над цим і паству, і вірних цієї конфесії».",TRUE,"both","state","UOC-MP","other",3,"One of the clearest securitising moves in the batch. The investigative article states plainly that Poroshenko 'viewed the UOC MP as an instrument of Russia in the war against Ukraine', and quotes his own speech at the Feast of the Protection questioning whether churches praying for Patriarch Kirill -- who in turn prays for the Russian military 'killing Ukrainian soldiers and civilians' -- can even be called Ukrainian, explicitly urging UOC-MP's own flock to 'reflect on this'. This combines direct threat identification (UOC-MP as an instrument of the aggressor), existential framing (complicity with forces killing Ukrainians), and an implicit call for extraordinary action: delegitimising UOC-MP's national standing and encouraging believers to reconsider affiliation, in the context of the broader Tomos/autocephaly drive.","coded_batch_02.json","2017-12-08","Як Порошенко Константинополь брав: історія томосу для українського православ'я","risu.ua","poroshenko_speech","https://risu.ua/yak-poroshenko-konstantinopol-brav-istoriya-tomosu-dlya-ukrajinskogo-pravoslav-ya_n95776","outside_junctures","2017"
"afb0c2722b5d","Зусиллями президента Порошенка доля українського православ'я із внутрішньоцерковного перетворилася на питання національної безпеки.",TRUE,"both","state","Russia","other",2,"The article's own framing (repeated near the top and body of the piece) states that through Poroshenko's efforts the fate of Ukrainian Orthodoxy 'was transformed from an internal church matter into a question of national security', and separately recounts that in 2016 Poroshenko declared church independence 'a matter of national security and a component of state independence', later expanding it to 'national identity' in 2018. This is a meta-level securitising move -- explicitly relabelling a religious/ecclesiastical issue as a national-security issue -- that underpins and justifies the extraordinary diplomatic campaign (personal presidential lobbying of the Ecumenical Patriarch) to secure the Tomos.","coded_batch_02.json","2017-12-08","Як Порошенко Константинополь брав: історія томосу для українського православ'я","risu.ua","poroshenko_speech","https://risu.ua/yak-poroshenko-konstantinopol-brav-istoriya-tomosu-dlya-ukrajinskogo-pravoslav-ya_n95776","outside_junctures","2017"
"1ea3ac3308e1","У ці святкові дні бажаю вашим родинам радості, злагоди та щедрої долі.",FALSE,"neither","other","none","none",3,"Hanukkah greeting; no UOC-MP content.","coded_batch_02.json","2017-12-13","Порошенко привітав юдеїв з Ханукою","risu.ua","poroshenko_speech","https://risu.ua/poroshenko-privitav-yudejiv-z-hanukoyu_n88196","outside_junctures","2017"
"73b8923cfb83","Особливо Президент подякував Церквам, які не лише молилися за повернення додому ув'язнених бойовиками українців.",FALSE,"neither","other","none","none",3,"Poroshenko thanks churches (including Filaret and Onufriy present) for hostage-release efforts; cooperative, not securitising.","coded_batch_02.json","2017-12-27","Президент назвав звільнення заручників - важливою перемогою і подякував Церквам за молитви","risu.ua","poroshenko_speech","https://risu.ua/prezident-nazvav-zvilnennya-zaruchnikiv-vazhlivoyu-peremogoyu-i-podyakuvav-cerkvam-za-molitvi_n88435","outside_junctures","2017"
"852c8c4306b8","Сім'я президента Петра Порошенка напередодні Різдва подарувала вертеп Трапезному храму Софії Київської.",FALSE,"neither","other","none","none",3,"Human-interest item about a nativity scene gift to a UOC-KP church; no UOC-MP content.","coded_batch_02.json","2018-01-09","Порошенко подарував вертеп церкві УПЦ КП","risu.ua","poroshenko_speech","https://risu.ua/poroshenko-podaruvav-vertep-cerkvi-upc-kp_n88598","J1_autocephaly_2018-19","2018"
"89f5a06efbac","Засідання Комітету з питань прав людини, деокупації та реінтеграції тимчасово окупованих територій України.",FALSE,"neither","other","none","none",1,"This document consists almost entirely of generic rada.gov.ua website navigation/boilerplate (menus, unrelated news items, legislative registry entries dated 2026) rather than an actual transcript of the January 2018 committee session named in the header. No substantive committee-meeting content relevant to UOC-MP securitisation could be located in the scraped text, so no securitising moves could be identified or coded.","coded_batch_02.json","2018-01-18","Засідання Комітету з питань прав людини, деокупації та реінтеграції тимчасово окупованих територій України, н","rada.gov.ua","rada_stenogram","https://rada.gov.ua/meeting/stenogr/show/6701.html","J1_autocephaly_2018-19","2018"
"2e19a15dc68e","Засідання Комітету з питань прав людини, деокупації та реінтеграції тимчасово окупованих територій України.",FALSE,"neither","other","none","none",1,"Near-duplicate scrape of doc 89f5a06efbac (same committee, one day later per header) with the same problem: only generic rada.gov.ua website boilerplate is present, not the actual meeting transcript. No substantive content available to code.","coded_batch_02.json","2018-01-19","Засідання Комітету з питань прав людини, деокупації та реінтеграції тимчасово окупованих територій України, н","rada.gov.ua","rada_stenogram","https://rada.gov.ua/meeting/stenogr/show/6704.html","J1_autocephaly_2018-19","2018"
"cb1d88cdb24f","У дні тяжких випробувань для нашої держави, Ви вболіваєте за всю українську землю.",FALSE,"neither","other","none","none",3,"Birthday greeting to UOC-KP Patriarch Filaret; no UOC-MP content.","coded_batch_02.json","2018-01-24","Петро Порошенко привітав Главу УПЦ КП з 89-літтям","risu.ua","poroshenko_speech","https://risu.ua/petro-poroshenko-privitav-glavu-upc-kp-z-89-littyam_n88834","J1_autocephaly_2018-19","2018"
"bc636669af35","Ігоря Артюшенка до Голови СБУ, міністра юстиції, Генпрокурора щодо злочинної діяльності окремих представників УПЦ МП та Громадської організації «Союз православний «Радомир» у місті Запоріжжя.",TRUE,"material","state","UOC-MP","other",3,"Formal parliamentary interpellation (registered deputy inquiry) by MP Ihor Artyushenko, addressed to the Head of the SBU (Security Service), the Minister of Justice, and the Prosecutor General, concerning the 'criminal activity of certain representatives of UOC-MP and the NGO Union of Orthodox 'Radomir'' in Zaporizhzhia. This corroborates the 'Radomir' paramilitary youth organisation described in the Fr. Ihor Savva interview (batch 4, doc 7c7ef5e82884). A clear, textbook securitising move: threat identification (criminal activity), referred directly to the state's security and law-enforcement apparatus (SBU) rather than routed through ordinary civil/administrative channels -- itself an extraordinary, securitised venue for addressing the matter.","coded_batch_03.json","2018-01-19","Засідання 51","rada.gov.ua","rada_stenogram","https://www.rada.gov.ua/meeting/stenogr/show/6704.html","J1_autocephaly_2018-19","2018"
"bc636669af35","Андрія Іллєнка до Ради нацбезпеки і оборони України, Департаменту у справах релігій та національностей Міністерства культури України, Міністерства юстиції України про необхідність вжиття заходів реагування щодо антидержавної діяльності представників Української Православної Церкви (Московський Патріархат).",TRUE,"material","state","UOC-MP","other",3,"Formal parliamentary interpellation by MP Andriy Illienko, addressed directly to the National Security and Defence Council of Ukraine (RNBO) -- the country's top security body -- as well as the Ministry of Culture's Religious Affairs Department and the Ministry of Justice, explicitly labelling UOC-MP representatives' conduct as 'anti-state activity' (антидержавна діяльність) and calling for 'response measures' (заходи реагування). This is one of the clearest possible securitising moves in the corpus: explicit threat identification framed in state-security terms, referent object is the state itself (антидержавна = directed against the state), and the extraordinary measure is an explicit request that Ukraine's national security council take countermeasures -- a paradigmatic move from normal politics into the security domain.","coded_batch_03.json","2018-01-19","Засідання 51","rada.gov.ua","rada_stenogram","https://www.rada.gov.ua/meeting/stenogr/show/6704.html","J1_autocephaly_2018-19","2018"
"cb1d88cdb24f","У дні тяжких випробувань для нашої держави, Ви вболіваєте за всю українську землю.",FALSE,"neither","other","none","none",3,"Duplicate of a document already coded in batch 2 (same doc_id/content): Poroshenko's birthday greeting to UOC-KP Patriarch Filaret. No UOC-MP content, not securitising.","coded_batch_03.json","2018-01-24","Петро Порошенко привітав Главу УПЦ КП з 89-літтям","risu.ua","poroshenko_speech","https://risu.ua/petro-poroshenko-privitav-glavu-upc-kp-z-89-littyam_n88834","J1_autocephaly_2018-19","2018"
"6244a86016ab","Засідання Комітету з питань прав людини, деокупації та реінтеграції тимчасово окупованих територій України, національних меншин і міжнаціональних відносин",FALSE,"neither","other","none","none",1,"This document is still the same failed/incomplete rada.gov.ua scrape encountered in the original batch 3 (identical navigation boilerplate, no committee transcript content, zero UOC-MP-related keyword hits). Not yet resolved by whatever fix was attempted for this re-upload.","coded_batch_03.json","2018-02-05","Засідання Комітету з питань прав людини, деокупації та реінтеграції тимчасово окупованих територій України, н","rada.gov.ua","rada_stenogram","https://rada.gov.ua/meeting/stenogr/show/6705.html","J1_autocephaly_2018-19","2018"
"b31929d890ea","Бідність сьогодні – це не менша національна катастрофа, ніж російська агресія.",FALSE,"neither","other","none","none",2,"Transcript of the Coordination Council (faction leaders' meeting) opening the 8th session, mostly covering the Anti-Corruption Court, budget/IMF issues, and land reform. One faction leader (Herasymov, BPP) expresses concern about pro-Moscow-funded Sunday marches ('marches for Kremlin's future') but this concerns a general political/civic phenomenon, not UOC-MP specifically. No UOC-MP-related securitising content identified.","coded_batch_03.json","2018-02-05","Погоджувальна рада","rada.gov.ua","rada_stenogram","https://www.rada.gov.ua/meeting/stenogr/show/6705.html","J1_autocephaly_2018-19","2018"
"103f1e8fb58a","Засідання Комітету з питань прав людини, деокупації та реінтеграції тимчасово окупованих територій України, національних меншин і міжнаціональних відносин",FALSE,"neither","other","none","none",1,"Still the same failed rada.gov.ua scrape as the original batch 3 upload for this doc_id -- generic site navigation only, zero UOC-MP keyword hits, no transcript content.","coded_batch_03.json","2018-02-06","Засідання Комітету з питань прав людини, деокупації та реінтеграції тимчасово окупованих територій України, н","rada.gov.ua","rada_stenogram","https://rada.gov.ua/meeting/stenogr/show/6709.html","J1_autocephaly_2018-19","2018"
"2a6394fb9365","Засідання Комітету з питань прав людини, деокупації та реінтеграції тимчасово окупованих територій України, національних меншин і міжнаціональних відносин",FALSE,"neither","other","none","none",1,"Still the same failed rada.gov.ua scrape as the original batch 3 upload for this doc_id -- generic site navigation only, zero UOC-MP keyword hits, no transcript content.","coded_batch_03.json","2018-02-06","Засідання Комітету з питань прав людини, деокупації та реінтеграції тимчасово окупованих територій України, н","rada.gov.ua","rada_stenogram","https://rada.gov.ua/meeting/stenogr/show/6706.html","J1_autocephaly_2018-19","2018"
"4dff6cfa8b1f","6642Д Проект Закону про внесення змін до Закону України «Про державну реєстрацію юридичних осіб, фізичних осіб-підприємців та громадських формувань» (щодо оформлення документів релігійних організацій) (проект н.д. П.Унгуряна).",FALSE,"neither","other","none","none",2,"Formal legislative agenda (Poriadok dennyi) for the 6 February 2018 plenary session -- a bare list of bill numbers, titles, and sponsoring MPs/committees. One bill by MP Pavlo Unhuryan concerns registration document procedures for religious organisations generally, but this is a neutral administrative/procedural item with no threat framing or securitising language whatsoever; agenda listings of this kind contain no argumentative content to code.","coded_batch_03.json","2018-02-06","Порядок денний","rada.gov.ua","rada_stenogram","https://www.rada.gov.ua/meeting/stenogr/show/6706.html","J1_autocephaly_2018-19","2018"
"7fbc3187b929","Наступний у нас проект Закону про внесення змін до Податкового кодексу України (7363), а після нього буде включення в порядок денний Антикорупційного суду.",FALSE,"neither","other","none","none",3,"Plenary session transcript covering land reform, the Anti-Corruption Court, and the Heroes of the Heavenly Hundred pension law. No mention of UOC-MP or any securitising content related to the church.","coded_batch_03.json","2018-02-06","Засідання 2","rada.gov.ua","rada_stenogram","https://www.rada.gov.ua/meeting/stenogr/show/6709.html","J1_autocephaly_2018-19","2018"
"c1d52a670d28","Засідання Комітету з питань прав людини, деокупації та реінтеграції тимчасово окупованих територій України, національних меншин і міжнаціональних відносин",FALSE,"neither","other","none","none",1,"Still the same failed rada.gov.ua scrape as the original batch 3 upload for this doc_id -- generic site navigation only, zero UOC-MP keyword hits, no transcript content.","coded_batch_03.json","2018-02-06","Засідання Комітету з питань прав людини, деокупації та реінтеграції тимчасово окупованих територій України, н","rada.gov.ua","rada_stenogram","https://rada.gov.ua/meeting/stenogr/show/6711.html","J1_autocephaly_2018-19","2018"
"00b4b54642ad","Засідання Комітету з питань прав людини, деокупації та реінтеграції тимчасово окупованих територій України, національних меншин і міжнаціональних відносин",FALSE,"neither","other","none","none",1,"Still the same failed rada.gov.ua scrape as the original batch 3 upload for this doc_id -- generic site navigation only, zero UOC-MP keyword hits, no transcript content.","coded_batch_03.json","2018-02-07","Засідання Комітету з питань прав людини, деокупації та реінтеграції тимчасово окупованих територій України, н","rada.gov.ua","rada_stenogram","https://rada.gov.ua/meeting/stenogr/show/6710.html","J1_autocephaly_2018-19","2018"
"4198cd812bd5","Засідання Комітету з питань прав людини, деокупації та реінтеграції тимчасово окупованих територій України, національних меншин і міжнаціональних відносин",FALSE,"neither","other","none","none",1,"Still the same failed rada.gov.ua scrape as the original batch 3 upload for this doc_id -- generic site navigation only, zero UOC-MP keyword hits, no transcript content.","coded_batch_03.json","2018-02-08","Засідання Комітету з питань прав людини, деокупації та реінтеграції тимчасово окупованих територій України, н","rada.gov.ua","rada_stenogram","https://rada.gov.ua/meeting/stenogr/show/6718.html","J1_autocephaly_2018-19","2018"
"506eb92ec2b5","Засідання Комітету з питань прав людини, деокупації та реінтеграції тимчасово окупованих територій України, національних меншин і міжнаціональних відносин",FALSE,"neither","other","none","none",1,"Still the same failed rada.gov.ua scrape as the original batch 3 upload for this doc_id -- generic site navigation only, zero UOC-MP keyword hits, no transcript content.","coded_batch_03.json","2018-02-08","Засідання Комітету з питань прав людини, деокупації та реінтеграції тимчасово окупованих територій України, н","rada.gov.ua","rada_stenogram","https://rada.gov.ua/meeting/stenogr/show/6716.html","J1_autocephaly_2018-19","2018"
"ad922b3216f3","Засідання Комітету з питань прав людини, деокупації та реінтеграції тимчасово окупованих територій України, національних меншин і міжнаціональних відносин",FALSE,"neither","other","none","none",1,"Still the same failed rada.gov.ua scrape as the original batch 3 upload for this doc_id -- generic site navigation only, zero UOC-MP keyword hits, no transcript content.","coded_batch_03.json","2018-02-08","Засідання Комітету з питань прав людини, деокупації та реінтеграції тимчасово окупованих територій України, н","rada.gov.ua","rada_stenogram","https://rada.gov.ua/meeting/stenogr/show/6714.html","J1_autocephaly_2018-19","2018"
"d555b85f5d01","Засідання Комітету з питань прав людини, деокупації та реінтеграції тимчасово окупованих територій України, національних меншин і міжнаціональних відносин",FALSE,"neither","other","none","none",1,"Still the same failed rada.gov.ua scrape as the original batch 3 upload for this doc_id -- generic site navigation only, zero UOC-MP keyword hits, no transcript content.","coded_batch_03.json","2018-02-08","Засідання Комітету з питань прав людини, деокупації та реінтеграції тимчасово окупованих територій України, н","rada.gov.ua","rada_stenogram","https://rada.gov.ua/meeting/stenogr/show/6715.html","J1_autocephaly_2018-19","2018"
"e9015304ba14","Спадщина ЮНЕСКО, там, де знаходиться Десятинна церква, забудована якимись московськими халабудами і нічого... на спадщині ЮНЕСКО можуть існувати ворожі центри України.",FALSE,"neither","other","other","none",1,"MP Oleh Musiy raises concern about illegal construction on UNESCO heritage land around the ruins of the historic Desyatynna Church, alleging 'hostile centres' operate there and citing ~70% Russian capital involvement in destructive construction projects nearby; a colleague (Kniazhytskyi) frames this as 'hybrid war'. This concerns heritage-site real estate and construction fraud, not the UOC-MP as a religious institution -- the Desyatynna Church referenced is an archaeological ruin, not an active UOC-MP parish. Coded conservatively as not securitising UOC-MP specifically, though flagged as adjacent 'hybrid war'/hostile-actor rhetoric in the corpus.","coded_batch_04.json","2018-02-08","Засідання 5","rada.gov.ua","rada_stenogram","https://www.rada.gov.ua/meeting/stenogr/show/6716.html","J1_autocephaly_2018-19","2018"
"095d22ed5548","Наступне запитання від народного депутата.",FALSE,"neither","other","none","none",2,"Full plenary session transcript (Засідання 6, 9 Feb 2018) with no UOC-MP-related content; keyword search for УПЦ/автокефалія/Московський/Онуфрій/митрополит/релігія/церква returned zero hits.","coded_batch_04.json","2018-02-09","Засідання 6","rada.gov.ua","rada_stenogram","https://www.rada.gov.ua/meeting/stenogr/show/6720.html","J1_autocephaly_2018-19","2018"
"3cd80ada2be8","Засідання Комітету з питань прав людини, деокупації та реінтеграції тимчасово окупованих територій України, національних меншин і міжнаціональних відносин",FALSE,"neither","other","none","none",1,"Failed/incomplete rada.gov.ua scrape (same recurring issue as prior batches): only generic site navigation boilerplate present, zero UOC-MP keyword hits, no transcript content available to code.","coded_batch_04.json","2018-02-09","Засідання Комітету з питань прав людини, деокупації та реінтеграції тимчасово окупованих територій України, н","rada.gov.ua","rada_stenogram","https://rada.gov.ua/meeting/stenogr/show/6720.html","J1_autocephaly_2018-19","2018"
"67f67374369b","Засідання Комітету з питань прав людини, деокупації та реінтеграції тимчасово окупованих територій України, національних меншин і міжнаціональних відносин",FALSE,"neither","other","none","none",1,"Failed/incomplete rada.gov.ua scrape (same recurring issue as prior batches): only generic site navigation boilerplate present, zero UOC-MP keyword hits, no transcript content available to code.","coded_batch_04.json","2018-02-09","Засідання Комітету з питань прав людини, деокупації та реінтеграції тимчасово окупованих територій України, н","rada.gov.ua","rada_stenogram","https://rada.gov.ua/meeting/stenogr/show/6719.html","J1_autocephaly_2018-19","2018"
"5a67e821d9db","В цьому порядку денному є важливий Закон про Антикорупційний суд.",FALSE,"neither","other","none","none",2,"Coordination Council transcript (26 Feb 2018) focused on setting the session agenda and the Anti-Corruption Court law. No UOC-MP-related content; keyword search returned zero hits.","coded_batch_04.json","2018-02-26","Погоджувальна рада","rada.gov.ua","rada_stenogram","https://www.rada.gov.ua/meeting/stenogr/show/6721.html","J1_autocephaly_2018-19","2018"
"e8862a07e9fa","Засідання Комітету з питань прав людини, деокупації та реінтеграції тимчасово окупованих територій України, національних меншин і міжнаціональних відносин",FALSE,"neither","other","none","none",1,"Failed/incomplete rada.gov.ua scrape (same recurring issue as prior batches): only generic site navigation boilerplate present, zero UOC-MP keyword hits, no transcript content available to code.","coded_batch_04.json","2018-02-26","Засідання Комітету з питань прав людини, деокупації та реінтеграції тимчасово окупованих територій України, н","rada.gov.ua","rada_stenogram","https://rada.gov.ua/meeting/stenogr/show/6721.html","J1_autocephaly_2018-19","2018"
"cc441d9f28f4","Найважливіше на початку нашої роботи ми маємо затвердити порядок денний сесії.",FALSE,"neither","other","none","none",2,"Plenary session transcript (Засідання 7, 27 Feb 2018) covering the agenda, Anti-Corruption Court, and military social protection bills. No UOC-MP-related content; keyword search returned zero hits.","coded_batch_04.json","2018-02-27","Засідання 7","rada.gov.ua","rada_stenogram","https://www.rada.gov.ua/meeting/stenogr/show/6723.html","J1_autocephaly_2018-19","2018"
"d484d4143fb4","Засідання Комітету з питань прав людини, деокупації та реінтеграції тимчасово окупованих територій України, національних меншин і міжнаціональних відносин",FALSE,"neither","other","none","none",1,"Failed/incomplete rada.gov.ua scrape (same recurring issue as prior batches): only generic site navigation boilerplate present, zero UOC-MP keyword hits, no transcript content available to code.","coded_batch_04.json","2018-02-27","Засідання Комітету з питань прав людини, деокупації та реінтеграції тимчасово окупованих територій України, н","rada.gov.ua","rada_stenogram","https://rada.gov.ua/meeting/stenogr/show/6723.html","J1_autocephaly_2018-19","2018"
"3a09e9ced4e8","Засідання Комітету з питань прав людини, деокупації та реінтеграції тимчасово окупованих територій України, національних меншин і міжнаціональних відносин",FALSE,"neither","other","none","none",1,"Failed/incomplete rada.gov.ua scrape (same recurring issue as prior batches): only generic site navigation boilerplate present, zero UOC-MP keyword hits, no transcript content available to code.","coded_batch_04.json","2018-02-28","Засідання Комітету з питань прав людини, деокупації та реінтеграції тимчасово окупованих територій України, н","rada.gov.ua","rada_stenogram","https://rada.gov.ua/meeting/stenogr/show/6728.html","J1_autocephaly_2018-19","2018"
"72dc0efc30c2","Це наслідки господарювання так званих адміністрацій морських портів.",FALSE,"neither","other","none","none",2,"Plenary session transcript (Засідання 9, 28 Feb 2018) covering sea port administration and economic policy. No UOC-MP-related content; keyword search returned zero hits.","coded_batch_04.json","2018-02-28","Засідання 9","rada.gov.ua","rada_stenogram","https://www.rada.gov.ua/meeting/stenogr/show/6728.html","J1_autocephaly_2018-19","2018"
"a430ae84974f","Засідання Комітету з питань прав людини, деокупації та реінтеграції тимчасово окупованих територій України, національних меншин і міжнаціональних відносин",FALSE,"neither","other","none","none",1,"Failed/incomplete rada.gov.ua scrape (same recurring issue as prior batches): only generic site navigation boilerplate present, zero UOC-MP keyword hits, no transcript content available to code.","coded_batch_04.json","2018-02-28","Засідання Комітету з питань прав людини, деокупації та реінтеграції тимчасово окупованих територій України, н","rada.gov.ua","rada_stenogram","https://rada.gov.ua/meeting/stenogr/show/6727.html","J1_autocephaly_2018-19","2018"
"36fe2dd9458d","6642Д Проект Закону про внесення змін до Закону України «Про державну реєстрацію юридичних осіб, фізичних осіб-підприємців та громадських формувань» (щодо оформлення документів релігійних організацій) (проект н.д. П.Унгуряна).",FALSE,"neither","other","none","none",2,"Legislative agenda (Poriadok dennyi, 1 March 2018) -- a bare list of bill numbers and titles. Includes the same bill by MP Pavlo Unhuryan on registration documentation for religious organisations seen in the previous batch's agenda; this is a neutral procedural item with no threat framing or securitising language.","coded_batch_04.json","2018-03-01","Порядок денний","rada.gov.ua","rada_stenogram","https://www.rada.gov.ua/meeting/stenogr/show/6729.html","J1_autocephaly_2018-19","2018"
"3adc68a5aa4c","Засідання Комітету з питань прав людини, деокупації та реінтеграції тимчасово окупованих територій України, національних меншин і міжнаціональних відносин",FALSE,"neither","other","none","none",1,"Failed/incomplete rada.gov.ua scrape (same recurring issue as prior batches): only generic site navigation boilerplate present, zero UOC-MP keyword hits, no transcript content available to code.","coded_batch_04.json","2018-03-01","Засідання Комітету з питань прав людини, деокупації та реінтеграції тимчасово окупованих територій України, н","rada.gov.ua","rada_stenogram","https://rada.gov.ua/meeting/stenogr/show/6730.html","J1_autocephaly_2018-19","2018"
"69d410f99094","Засідання Комітету з питань прав людини, деокупації та реінтеграції тимчасово окупованих територій України, національних меншин і міжнаціональних відносин",FALSE,"neither","other","none","none",1,"Failed/incomplete rada.gov.ua scrape (same recurring issue as prior batches): only generic site navigation boilerplate present, zero UOC-MP keyword hits (УПЦ, автокефалія, Московський, Онуфрій, митрополит, релігія, церква), no transcript content available to code.","coded_batch_05.json","2018-03-01","Засідання Комітету з питань прав людини, деокупації та реінтеграції тимчасово окупованих територій України, н","rada.gov.ua","rada_stenogram","https://rada.gov.ua/meeting/stenogr/show/6732.html","J1_autocephaly_2018-19","2018"
"b08c574f8b54","Засідання Комітету з питань прав людини, деокупації та реінтеграції тимчасово окупованих територій України, національних меншин і міжнаціональних відносин",FALSE,"neither","other","none","none",1,"Failed/incomplete rada.gov.ua scrape (same recurring issue as prior batches): only generic site navigation boilerplate present, zero UOC-MP keyword hits (УПЦ, автокефалія, Московський, Онуфрій, митрополит, релігія, церква), no transcript content available to code.","coded_batch_05.json","2018-03-01","Засідання Комітету з питань прав людини, деокупації та реінтеграції тимчасово окупованих територій України, н","rada.gov.ua","rada_stenogram","https://rada.gov.ua/meeting/stenogr/show/6731.html","J1_autocephaly_2018-19","2018"
"bdaf58e7437f","Засідання Комітету з питань прав людини, деокупації та реінтеграції тимчасово окупованих територій України, національних меншин і міжнаціональних відносин",FALSE,"neither","other","none","none",1,"Failed/incomplete rada.gov.ua scrape (same recurring issue as prior batches): only generic site navigation boilerplate present, zero UOC-MP keyword hits (УПЦ, автокефалія, Московський, Онуфрій, митрополит, релігія, церква), no transcript content available to code.","coded_batch_05.json","2018-03-01","Засідання Комітету з питань прав людини, деокупації та реінтеграції тимчасово окупованих територій України, н","rada.gov.ua","rada_stenogram","https://rada.gov.ua/meeting/stenogr/show/6729.html","J1_autocephaly_2018-19","2018"
"6cf41e96e7a6","Засідання Комітету з питань прав людини, деокупації та реінтеграції тимчасово окупованих територій України, національних меншин і міжнаціональних відносин",FALSE,"neither","other","none","none",1,"Failed/incomplete rada.gov.ua scrape (same recurring issue as prior batches): only generic site navigation boilerplate present, zero UOC-MP keyword hits (УПЦ, автокефалія, Московський, Онуфрій, митрополит, релігія, церква), no transcript content available to code.","coded_batch_05.json","2018-03-02","Засідання Комітету з питань прав людини, деокупації та реінтеграції тимчасово окупованих територій України, н","rada.gov.ua","rada_stenogram","https://rada.gov.ua/meeting/stenogr/show/6733.html","J1_autocephaly_2018-19","2018"
"7be65c266073","Засідання Комітету з питань прав людини, деокупації та реінтеграції тимчасово окупованих територій України, національних меншин і міжнаціональних відносин",FALSE,"neither","other","none","none",1,"Failed/incomplete rada.gov.ua scrape (same recurring issue as prior batches): only generic site navigation boilerplate present, zero UOC-MP keyword hits (УПЦ, автокефалія, Московський, Онуфрій, митрополит, релігія, церква), no transcript content available to code.","coded_batch_05.json","2018-03-13","Засідання Комітету з питань прав людини, деокупації та реінтеграції тимчасово окупованих територій України, н","rada.gov.ua","rada_stenogram","https://rada.gov.ua/meeting/stenogr/show/6739.html","J1_autocephaly_2018-19","2018"
"f961d9675ccd","Засідання Комітету з питань прав людини, деокупації та реінтеграції тимчасово окупованих територій України, національних меншин і міжнаціональних відносин",FALSE,"neither","other","none","none",1,"Failed/incomplete rada.gov.ua scrape (same recurring issue as prior batches): only generic site navigation boilerplate present, zero UOC-MP keyword hits (УПЦ, автокефалія, Московський, Онуфрій, митрополит, релігія, церква), no transcript content available to code.","coded_batch_05.json","2018-03-13","Засідання Комітету з питань прав людини, деокупації та реінтеграції тимчасово окупованих територій України, н","rada.gov.ua","rada_stenogram","https://rada.gov.ua/meeting/stenogr/show/6737.html","J1_autocephaly_2018-19","2018"
"0035c146e5f7","Засідання Комітету з питань прав людини, деокупації та реінтеграції тимчасово окупованих територій України, національних меншин і міжнаціональних відносин",FALSE,"neither","other","none","none",1,"Failed/incomplete rada.gov.ua scrape (same recurring issue as prior batches): only generic site navigation boilerplate present, zero UOC-MP keyword hits (УПЦ, автокефалія, Московський, Онуфрій, митрополит, релігія, церква), no transcript content available to code.","coded_batch_05.json","2018-03-14","Засідання Комітету з питань прав людини, деокупації та реінтеграції тимчасово окупованих територій України, н","rada.gov.ua","rada_stenogram","https://rada.gov.ua/meeting/stenogr/show/6741.html","J1_autocephaly_2018-19","2018"
"a02c6ff975b1","Засідання Комітету з питань прав людини, деокупації та реінтеграції тимчасово окупованих територій України, національних меншин і міжнаціональних відносин",FALSE,"neither","other","none","none",1,"Failed/incomplete rada.gov.ua scrape (same recurring issue as prior batches): only generic site navigation boilerplate present, zero UOC-MP keyword hits (УПЦ, автокефалія, Московський, Онуфрій, митрополит, релігія, церква), no transcript content available to code.","coded_batch_05.json","2018-03-14","Засідання Комітету з питань прав людини, деокупації та реінтеграції тимчасово окупованих територій України, н","rada.gov.ua","rada_stenogram","https://rada.gov.ua/meeting/stenogr/show/6740.html","J1_autocephaly_2018-19","2018"
"6d505a5aca55","1-3 березня 1943 року мадярські і фашистські окупанти спалили селище Корюківка і всіх його людей.",FALSE,"neither","other","none","none",3,"Plenary session transcript (Засідання 10, 1 Mar 2018). Contains a commemorative speech on the 75th anniversary of the Koryukivka massacre (WWII), noting victims were burned in the local church, but this is a historical WWII atrocity reference with no connection to UOC-MP. No other UOC-MP-related content found.","coded_batch_05.json","2018-03-01","Засідання 10","rada.gov.ua","rada_stenogram","https://www.rada.gov.ua/meeting/stenogr/show/6730.html","J1_autocephaly_2018-19","2018"
"78cc07c65cc1","Окремі положення проекту дозволяють Міністерству економіки приймати непрозорі рішення, створює певні корупційні ризики.",FALSE,"neither","other","none","none",3,"Plenary session transcript (Засідання 11, 1 Mar 2018) covering a bill on cultural/creative industries and copyright policy. No UOC-MP-related content; keyword search returned zero hits.","coded_batch_05.json","2018-03-01","Засідання 11","rada.gov.ua","rada_stenogram","https://www.rada.gov.ua/meeting/stenogr/show/6732.html","J1_autocephaly_2018-19","2018"
"5109e846a0dc","6 березня нинішнього року Національна комісія з питань регулювання зв'язку провела тендер на продаж 4G частот.",FALSE,"neither","other","none","none",3,"Plenary session transcript (Засідання 13, 13 Mar 2018) covering the 4G spectrum auction and alleged corruption. No UOC-MP-related content; keyword search returned zero hits.","coded_batch_05.json","2018-03-13","Засідання 13","rada.gov.ua","rada_stenogram","https://www.rada.gov.ua/meeting/stenogr/show/6737.html","J1_autocephaly_2018-19","2018"
"7c7ef5e82884","В конце концов, это оказалось военизированной организацией... Я говорю: «Боже упаси меня от такой охраны. Меня надо охранять от этой охраны».",TRUE,"material","other","UOC-MP","other",2,"Duplicate of the document already coded in batch 4 (same doc_id/content): interview with Fr. Ihor Savva, a UOC-MP priest stripped of his Zaporizhzhia parish for pro-Ukrainian sympathies, describing 'Radomir' -- a youth organisation tied to his eparchy that turned into a paramilitary group ('titushki' of the Moscow Patriarchate) allegedly involved in beating pro-Ukrainian Maidan protesters. This corroborates the formal parliamentary interpellation by MP Ihor Artyushenko to the SBU/Justice Ministry/Prosecutor General regarding 'criminal activity of certain representatives of UOC-MP and the NGO Radomir in Zaporizhzhia' (coded in the re-uploaded batch 3, doc bc636669af35). Coded identically to the prior instance: material threat, threat_actor UOC-MP, confidence 2 given the testimonial rather than explicit-call-to-action nature of the passage.","coded_batch_05.json","2018-03-14","Опальный священник Игорь Савва о конфликте с Московским патриархатом: ""Там могут сказать про ДНР - “наши”, а про Порошенко - “каратели”","risu.ua","poroshenko_speech","https://risu.ua/opalnyy-svyashchennik-igor-savva-o-konflikte-s-moskovskim-patriarhatom-quot-tam-mogut-skazat-pro-dnr-nashi-a-pro-poroshenko-karateli_n89721","J1_autocephaly_2018-19","2018"
"651ee955ac07","Засідання Комітету з питань прав людини, деокупації та реінтеграції тимчасово окупованих територій України, національних меншин і міжнаціональних відносин",FALSE,"neither","other","none","none",1,"Failed/incomplete rada.gov.ua scrape (same recurring issue as prior batches): only generic site navigation boilerplate present, zero UOC-MP keyword hits (УПЦ, автокефалія, Московський, Онуфрій, митрополит, релігія, церква), no transcript content available to code.","coded_batch_06.json","2018-03-15","Засідання Комітету з питань прав людини, деокупації та реінтеграції тимчасово окупованих територій України, н","rada.gov.ua","rada_stenogram","https://rada.gov.ua/meeting/stenogr/show/6746.html","J1_autocephaly_2018-19","2018"
"2a4c6e888498","Засідання Комітету з питань прав людини, деокупації та реінтеграції тимчасово окупованих територій України, національних меншин і міжнаціональних відносин",FALSE,"neither","other","none","none",1,"Failed/incomplete rada.gov.ua scrape (same recurring issue as prior batches): only generic site navigation boilerplate present, zero UOC-MP keyword hits (УПЦ, автокефалія, Московський, Онуфрій, митрополит, релігія, церква), no transcript content available to code.","coded_batch_06.json","2018-03-16","Засідання Комітету з питань прав людини, деокупації та реінтеграції тимчасово окупованих територій України, н","rada.gov.ua","rada_stenogram","https://rada.gov.ua/meeting/stenogr/show/6747.html","J1_autocephaly_2018-19","2018"
"ffce629a25d3","Засідання Комітету з питань прав людини, деокупації та реінтеграції тимчасово окупованих територій України, національних меншин і міжнаціональних відносин",FALSE,"neither","other","none","none",1,"Failed/incomplete rada.gov.ua scrape (same recurring issue as prior batches): only generic site navigation boilerplate present, zero UOC-MP keyword hits (УПЦ, автокефалія, Московський, Онуфрій, митрополит, релігія, церква), no transcript content available to code.","coded_batch_06.json","2018-03-16","Засідання Комітету з питань прав людини, деокупації та реінтеграції тимчасово окупованих територій України, н","rada.gov.ua","rada_stenogram","https://rada.gov.ua/meeting/stenogr/show/6748.html","J1_autocephaly_2018-19","2018"
"b2aa31370bdd","Засідання Комітету з питань прав людини, деокупації та реінтеграції тимчасово окупованих територій України, національних меншин і міжнаціональних відносин",FALSE,"neither","other","none","none",1,"Failed/incomplete rada.gov.ua scrape (same recurring issue as prior batches): only generic site navigation boilerplate present, zero UOC-MP keyword hits (УПЦ, автокефалія, Московський, Онуфрій, митрополит, релігія, церква), no transcript content available to code.","coded_batch_06.json","2018-03-19","Засідання Комітету з питань прав людини, деокупації та реінтеграції тимчасово окупованих територій України, н","rada.gov.ua","rada_stenogram","https://rada.gov.ua/meeting/stenogr/show/6749.html","J1_autocephaly_2018-19","2018"
"ac404052aa97","Засідання Комітету з питань прав людини, деокупації та реінтеграції тимчасово окупованих територій України, національних меншин і міжнаціональних відносин",FALSE,"neither","other","none","none",1,"Failed/incomplete rada.gov.ua scrape (same recurring issue as prior batches): only generic site navigation boilerplate present, zero UOC-MP keyword hits (УПЦ, автокефалія, Московський, Онуфрій, митрополит, релігія, церква), no transcript content available to code.","coded_batch_06.json","2018-03-20","Засідання Комітету з питань прав людини, деокупації та реінтеграції тимчасово окупованих територій України, н","rada.gov.ua","rada_stenogram","https://rada.gov.ua/meeting/stenogr/show/6750.html","J1_autocephaly_2018-19","2018"
"d4d770288a83","Засідання Комітету з питань прав людини, деокупації та реінтеграції тимчасово окупованих територій України, національних меншин і міжнаціональних відносин",FALSE,"neither","other","none","none",1,"Failed/incomplete rada.gov.ua scrape (same recurring issue as prior batches): only generic site navigation boilerplate present, zero UOC-MP keyword hits (УПЦ, автокефалія, Московський, Онуфрій, митрополит, релігія, церква), no transcript content available to code.","coded_batch_06.json","2018-03-21","Засідання Комітету з питань прав людини, деокупації та реінтеграції тимчасово окупованих територій України, н","rada.gov.ua","rada_stenogram","https://rada.gov.ua/meeting/stenogr/show/6755.html","J1_autocephaly_2018-19","2018"
"ee0fd482d8e3","Засідання Комітету з питань прав людини, деокупації та реінтеграції тимчасово окупованих територій України, національних меншин і міжнаціональних відносин",FALSE,"neither","other","none","none",1,"Failed/incomplete rada.gov.ua scrape (same recurring issue as prior batches): only generic site navigation boilerplate present, zero UOC-MP keyword hits (УПЦ, автокефалія, Московський, Онуфрій, митрополит, релігія, церква), no transcript content available to code.","coded_batch_06.json","2018-03-21","Засідання Комітету з питань прав людини, деокупації та реінтеграції тимчасово окупованих територій України, н","rada.gov.ua","rada_stenogram","https://rada.gov.ua/meeting/stenogr/show/6756.html","J1_autocephaly_2018-19","2018"
"0edb4fd98153","Засідання Комітету з питань прав людини, деокупації та реінтеграції тимчасово окупованих територій України, національних меншин і міжнаціональних відносин",FALSE,"neither","other","none","none",1,"Failed/incomplete rada.gov.ua scrape (same recurring issue as prior batches): only generic site navigation boilerplate present, zero UOC-MP keyword hits (УПЦ, автокефалія, Московський, Онуфрій, митрополит, релігія, церква), no transcript content available to code.","coded_batch_06.json","2018-03-22","Засідання Комітету з питань прав людини, деокупації та реінтеграції тимчасово окупованих територій України, н","rada.gov.ua","rada_stenogram","https://rada.gov.ua/meeting/stenogr/show/6761.html","J1_autocephaly_2018-19","2018"
"1670110ffd47","Засідання Комітету з питань прав людини, деокупації та реінтеграції тимчасово окупованих територій України, національних меншин і міжнаціональних відносин",FALSE,"neither","other","none","none",1,"Failed/incomplete rada.gov.ua scrape (same recurring issue as prior batches): only generic site navigation boilerplate present, zero UOC-MP keyword hits (УПЦ, автокефалія, Московський, Онуфрій, митрополит, релігія, церква), no transcript content available to code.","coded_batch_06.json","2018-03-22","Засідання Комітету з питань прав людини, деокупації та реінтеграції тимчасово окупованих територій України, н","rada.gov.ua","rada_stenogram","https://rada.gov.ua/meeting/stenogr/show/6757.html","J1_autocephaly_2018-19","2018"
"9ee1bb918996","Священик помітив в церкві, як один прихожанин весь час ревно молився, бив поклони.",FALSE,"neither","other","none","none",3,"Plenary session transcript (Засідання 17, 15 Mar 2018) on the Human Rights Ombudsman appointment. MP Lytvyn's 'церква' reference is an unrelated parable/anecdote (a priest and a parishioner who works as an executioner), used rhetorically and bearing no relation to UOC-MP. No securitising content.","coded_batch_06.json","2018-03-15","Засідання 17","rada.gov.ua","rada_stenogram","https://www.rada.gov.ua/meeting/stenogr/show/6746.html","J1_autocephaly_2018-19","2018"
"7cefd4f4ba15","Олександра Марченка до Прем'єр-міністра щодо забезпечення фінансування освітньої галузі міста Біла Церква.",FALSE,"neither","other","none","none",3,"Plenary session transcript (Засідання 18, 16 Mar 2018) with a register of deputy interpellations. All 'Церква' keyword hits refer to the city name 'Біла Церква' (White Church, a town in Kyiv Oblast), not the religious institution. No UOC-MP-related content found.","coded_batch_06.json","2018-03-16","Засідання 18","rada.gov.ua","rada_stenogram","https://www.rada.gov.ua/meeting/stenogr/show/6748.html","J1_autocephaly_2018-19","2018"
"d900f66e32b0","Тепер про Антикорупційний суд. Президент України ніяк не може протягом двох років внести і проголосувати цей закон.",FALSE,"neither","other","none","none",3,"Coordination Council transcript (19 Mar 2018) covering the Anti-Corruption Court, elections law, and calls to dismiss the acting Health Minister. No UOC-MP-related content; keyword search returned zero hits.","coded_batch_06.json","2018-03-19","Погоджувальна рада","rada.gov.ua","rada_stenogram","https://www.rada.gov.ua/meeting/stenogr/show/6749.html","J1_autocephaly_2018-19","2018"
"f16e7afa289a","6642 Д Проект Закону про внесення змін до Закону України «Про державну реєстрацію юридичних осіб, фізичних осіб-підприємців та громадських формувань» (щодо оформлення документів релігійних організацій) (проект н.д. П.Унгуряна).",FALSE,"neither","other","none","none",2,"Legislative agenda (Poriadok dennyi, 20 Mar 2018) -- again lists the same neutral bill by MP Pavlo Unhuryan on registration documentation for religious organisations seen repeatedly in prior batches' agendas. Purely procedural listing with no argumentative or securitising content.","coded_batch_06.json","2018-03-20","порядок денний","rada.gov.ua","rada_stenogram","https://www.rada.gov.ua/meeting/stenogr/show/6750.html","J1_autocephaly_2018-19","2018"
"82b2ab8e5351","Цей сміливий комплексний промисловий пакет реформ нараховує понад 10 законопроектів.",FALSE,"neither","other","none","none",3,"Plenary session transcript (Засідання 21, 21 Mar 2018) covering an industrial-policy reform package. No UOC-MP-related content; keyword search returned zero hits.","coded_batch_06.json","2018-03-21","Засідання 21","rada.gov.ua","rada_stenogram","https://www.rada.gov.ua/meeting/stenogr/show/6756.html","J1_autocephaly_2018-19","2018"
"6570072566e9","Засідання Комітету з питань прав людини, деокупації та реінтеграції тимчасово окупованих територій України, національних меншин і міжнаціональних відносин",FALSE,"neither","other","none","none",1,"Failed/incomplete rada.gov.ua scrape (same recurring issue as prior batches): only generic site navigation boilerplate present, zero UOC-MP keyword hits (УПЦ, автокефалія, Московський, Онуфрій, митрополит, релігія, церква), no transcript content available to code.","coded_batch_07.json","2018-03-22","Засідання Комітету з питань прав людини, деокупації та реінтеграції тимчасово окупованих територій України, н","rada.gov.ua","rada_stenogram","https://rada.gov.ua/meeting/stenogr/show/6760.html","J1_autocephaly_2018-19","2018"
"8815f71d4ae0","Засідання Комітету з питань прав людини, деокупації та реінтеграції тимчасово окупованих територій України, національних меншин і міжнаціональних відносин",FALSE,"neither","other","none","none",1,"Failed/incomplete rada.gov.ua scrape (same recurring issue as prior batches): only generic site navigation boilerplate present, zero UOC-MP keyword hits (УПЦ, автокефалія, Московський, Онуфрій, митрополит, релігія, церква), no transcript content available to code.","coded_batch_07.json","2018-03-22","Засідання Комітету з питань прав людини, деокупації та реінтеграції тимчасово окупованих територій України, н","rada.gov.ua","rada_stenogram","https://rada.gov.ua/meeting/stenogr/show/6758.html","J1_autocephaly_2018-19","2018"
"21974dce4096","Засідання Комітету з питань прав людини, деокупації та реінтеграції тимчасово окупованих територій України, національних меншин і міжнаціональних відносин",FALSE,"neither","other","none","none",1,"Failed/incomplete rada.gov.ua scrape (same recurring issue as prior batches): only generic site navigation boilerplate present, zero UOC-MP keyword hits (УПЦ, автокефалія, Московський, Онуфрій, митрополит, релігія, церква), no transcript content available to code.","coded_batch_07.json","2018-03-23","Засідання Комітету з питань прав людини, деокупації та реінтеграції тимчасово окупованих територій України, н","rada.gov.ua","rada_stenogram","https://rada.gov.ua/meeting/stenogr/show/6763.html","J1_autocephaly_2018-19","2018"
"ed8e61f6df8d","Засідання Комітету з питань прав людини, деокупації та реінтеграції тимчасово окупованих територій України, національних меншин і міжнаціональних відносин",FALSE,"neither","other","none","none",1,"Failed/incomplete rada.gov.ua scrape (same recurring issue as prior batches): only generic site navigation boilerplate present, zero UOC-MP keyword hits (УПЦ, автокефалія, Московський, Онуфрій, митрополит, релігія, церква), no transcript content available to code.","coded_batch_07.json","2018-03-23","Засідання Комітету з питань прав людини, деокупації та реінтеграції тимчасово окупованих територій України, н","rada.gov.ua","rada_stenogram","https://rada.gov.ua/meeting/stenogr/show/6762.html","J1_autocephaly_2018-19","2018"
"97058480dd0e","Засідання Комітету з питань прав людини, деокупації та реінтеграції тимчасово окупованих територій України, національних меншин і міжнаціональних відносин",FALSE,"neither","other","none","none",1,"Failed/incomplete rada.gov.ua scrape (same recurring issue as prior batches): only generic site navigation boilerplate present, zero UOC-MP keyword hits (УПЦ, автокефалія, Московський, Онуфрій, митрополит, релігія, церква), no transcript content available to code.","coded_batch_07.json","2018-04-02","Засідання Комітету з питань прав людини, деокупації та реінтеграції тимчасово окупованих територій України, н","rada.gov.ua","rada_stenogram","https://rada.gov.ua/meeting/stenogr/show/6764.html","J1_autocephaly_2018-19","2018"
"499e33c479dc","Засідання Комітету з питань прав людини, деокупації та реінтеграції тимчасово окупованих територій України, національних меншин і міжнаціональних відносин",FALSE,"neither","other","none","none",1,"Failed/incomplete rada.gov.ua scrape (same recurring issue as prior batches): only generic site navigation boilerplate present, zero UOC-MP keyword hits (УПЦ, автокефалія, Московський, Онуфрій, митрополит, релігія, церква), no transcript content available to code.","coded_batch_07.json","2018-04-03","Засідання Комітету з питань прав людини, деокупації та реінтеграції тимчасово окупованих територій України, н","rada.gov.ua","rada_stenogram","https://rada.gov.ua/meeting/stenogr/show/6768.html","J1_autocephaly_2018-19","2018"
"4d992b530c93","Засідання Комітету з питань прав людини, деокупації та реінтеграції тимчасово окупованих територій України, національних меншин і міжнаціональних відносин",FALSE,"neither","other","none","none",1,"Failed/incomplete rada.gov.ua scrape (same recurring issue as prior batches): only generic site navigation boilerplate present, zero UOC-MP keyword hits (УПЦ, автокефалія, Московський, Онуфрій, митрополит, релігія, церква), no transcript content available to code.","coded_batch_07.json","2018-04-03","Засідання Комітету з питань прав людини, деокупації та реінтеграції тимчасово окупованих територій України, н","rada.gov.ua","rada_stenogram","https://rada.gov.ua/meeting/stenogr/show/6765.html","J1_autocephaly_2018-19","2018"
"9779b42087dc","6642Д Проект Закону про внесення змін до Закону України «Про державну реєстрацію юридичних осіб, фізичних осіб-підприємців та громадських формувань» (щодо оформлення документів релігійних організацій) (проект н.д. П.Унгуряна).",FALSE,"neither","other","none","none",2,"Legislative agenda (Poriadok dennyi, 22 Mar 2018) -- again lists the same neutral bill by MP Pavlo Unhuryan on religious-organisation registration documentation seen repeatedly in prior agendas. No securitising content; purely procedural listing.","coded_batch_07.json","2018-03-22","Порядок денний","rada.gov.ua","rada_stenogram","https://www.rada.gov.ua/meeting/stenogr/show/6757.html","J1_autocephaly_2018-19","2018"
"cd32c6ce98e4","Цей законопроект лише частково виправляє ті помилки, які ми допустили коли приймали зміни до Процесуального кодексу.",FALSE,"neither","other","none","none",3,"Plenary session transcript (Засідання 22, 22 Mar 2018) covering criminal procedure code amendments and Maidan-case prosecutions. No UOC-MP-related content.","coded_batch_07.json","2018-03-22","Засідання 22","rada.gov.ua","rada_stenogram","https://www.rada.gov.ua/meeting/stenogr/show/6758.html","J1_autocephaly_2018-19","2018"
"d2840cebef11","Одне рейтингове голосування... Це про зняття податків для релігійних організацій... Рішення не прийняте.",FALSE,"neither","other","none","none",2,"Plenary session transcript (Засідання 23, 22 Mar 2018) records the actual rating vote on bill 6642 (tax/registration provisions for religious organisations, MP Unhuryan's bill seen repeatedly on agendas) -- it failed to pass (178 votes, insufficient). The debate in this session is dominated by an NGO/civil-society e-declaration dispute, in which MP Soboliev compares a proposed requirement to Putin's 'foreign agents' law, and separately a brief mention of 'church workers' in an alcohol-policy discussion. None of this constitutes UOC-MP-specific securitising content; the religious-organisations bill itself is a neutral administrative/tax matter, not framed as a security issue by anyone in this session.","coded_batch_07.json","2018-03-22","Засідання 23","rada.gov.ua","rada_stenogram","https://www.rada.gov.ua/meeting/stenogr/show/6761.html","J1_autocephaly_2018-19","2018"
"570e9c238898","Володимира Парасюка до міністра культури України щодо сприяння громаді села Великополе... у позбавленні пам'ятко-охоронного статусу місцевої церкви Собору Пресвятої Богородиці, яка була зруйнована внаслідок пожежі.",FALSE,"neither","other","none","none",3,"Plenary session transcript (Засідання 24, 23 Mar 2018) covering gas production policy and a register of deputy interpellations. The only 'церква' hits are an idiom ('poor as church mice') and an unrelated inquiry about removing heritage-protection status from a fire-damaged local church building in Lviv Oblast. No UOC-MP-related securitising content.","coded_batch_07.json","2018-03-23","Засідання 24","rada.gov.ua","rada_stenogram","https://www.rada.gov.ua/meeting/stenogr/show/6763.html","J1_autocephaly_2018-19","2018"
"9d52d61ecde2","Цієї неділі християни східного обряду відзначили Вербну неділю, а християни західного обряду – Великдень. І я хочу щиро від себе, від Верховної Ради України привітати усіх християн з великим святом усіх конфесій.",FALSE,"neither","other","none","none",3,"Coordination Council transcript (2 Apr 2018). Speaker Parubiy offers an inclusive Easter greeting to Christians of all confessions, and reports on resolutions concerning Russia's international legal responsibility for aggression and non-recognition of Russian presidential elections in occupied Crimea -- neither of which is UOC-MP-specific. No securitising content directed at UOC-MP.","coded_batch_07.json","2018-04-02","Погоджувальна рада","rada.gov.ua","rada_stenogram","https://www.rada.gov.ua/meeting/stenogr/show/6764.html","J1_autocephaly_2018-19","2018"
"3c344b6b2983","Проект Закону про внесення змін до статті 30 Закону України «Про пенсійне забезпечення осіб, звільнених з військової служби».",FALSE,"neither","other","none","none",3,"Legislative agenda (Poriadok dennyi, 3 Apr 2018) covering pension and anti-corruption bills. No religious-organisation or UOC-MP-related items on this particular agenda.","coded_batch_07.json","2018-04-03","Порядок денний","rada.gov.ua","rada_stenogram","https://www.rada.gov.ua/meeting/stenogr/show/6765.html","J1_autocephaly_2018-19","2018"
"804ac5f3f672","В світі, і в Європі зокрема, є десятки, якщо не сотні випадків невдалих концесій.",FALSE,"neither","other","none","none",3,"Plenary session transcript (Засідання 26, 3 Apr 2018) covering a concessions law debate. No UOC-MP-related content.","coded_batch_07.json","2018-04-03","Засідання 26","rada.gov.ua","rada_stenogram","https://www.rada.gov.ua/meeting/stenogr/show/6768.html","J1_autocephaly_2018-19","2018"
"252e69c34259","Засідання Комітету з питань прав людини, деокупації та реінтеграції тимчасово окупованих територій України, національних меншин і міжнаціональних відносин",FALSE,"neither","other","none","none",1,"Failed/incomplete rada.gov.ua scrape (same recurring issue as prior batches): only generic site navigation boilerplate present, zero UOC-MP keyword hits (УПЦ, автокефалія, Московський, Онуфрій, митрополит, релігія, церква), no transcript content available to code.","coded_batch_08.json","2018-04-04","Засідання Комітету з питань прав людини, деокупації та реінтеграції тимчасово окупованих територій України, н","rada.gov.ua","rada_stenogram","https://rada.gov.ua/meeting/stenogr/show/6769.html","J1_autocephaly_2018-19","2018"
"59129299c2aa","Засідання Комітету з питань прав людини, деокупації та реінтеграції тимчасово окупованих територій України, національних меншин і міжнаціональних відносин",FALSE,"neither","other","none","none",1,"Failed/incomplete rada.gov.ua scrape (same recurring issue as prior batches): only generic site navigation boilerplate present, zero UOC-MP keyword hits (УПЦ, автокефалія, Московський, Онуфрій, митрополит, релігія, церква), no transcript content available to code.","coded_batch_08.json","2018-04-04","Засідання Комітету з питань прав людини, деокупації та реінтеграції тимчасово окупованих територій України, н","rada.gov.ua","rada_stenogram","https://rada.gov.ua/meeting/stenogr/show/6771.html","J1_autocephaly_2018-19","2018"
"12bf0e8bdbe0","Засідання Комітету з питань прав людини, деокупації та реінтеграції тимчасово окупованих територій України, національних меншин і міжнаціональних відносин",FALSE,"neither","other","none","none",1,"Failed/incomplete rada.gov.ua scrape (same recurring issue as prior batches): only generic site navigation boilerplate present, zero UOC-MP keyword hits (УПЦ, автокефалія, Московський, Онуфрій, митрополит, релігія, церква), no transcript content available to code.","coded_batch_08.json","2018-04-06","Засідання Комітету з питань прав людини, деокупації та реінтеграції тимчасово окупованих територій України, н","rada.gov.ua","rada_stenogram","https://rada.gov.ua/meeting/stenogr/show/6777.html","J1_autocephaly_2018-19","2018"
"7e7d9fe4ebca","Засідання Комітету з питань прав людини, деокупації та реінтеграції тимчасово окупованих територій України, національних меншин і міжнаціональних відносин",FALSE,"neither","other","none","none",1,"Failed/incomplete rada.gov.ua scrape (same recurring issue as prior batches): only generic site navigation boilerplate present, zero UOC-MP keyword hits (УПЦ, автокефалія, Московський, Онуфрій, митрополит, релігія, церква), no transcript content available to code.","coded_batch_08.json","2018-04-06","Засідання Комітету з питань прав людини, деокупації та реінтеграції тимчасово окупованих територій України, н","rada.gov.ua","rada_stenogram","https://rada.gov.ua/meeting/stenogr/show/6776.html","J1_autocephaly_2018-19","2018"
"9c1a518a5d5d","Засідання Комітету з питань прав людини, деокупації та реінтеграції тимчасово окупованих територій України, національних меншин і міжнаціональних відносин",FALSE,"neither","other","none","none",1,"Failed/incomplete rada.gov.ua scrape (same recurring issue as prior batches): only generic site navigation boilerplate present, zero UOC-MP keyword hits (УПЦ, автокефалія, Московський, Онуфрій, митрополит, релігія, церква), no transcript content available to code.","coded_batch_08.json","2018-04-16","Засідання Комітету з питань прав людини, деокупації та реінтеграції тимчасово окупованих територій України, н","rada.gov.ua","rada_stenogram","https://rada.gov.ua/meeting/stenogr/show/6778.html","J1_autocephaly_2018-19","2018"
"ca10484f3b91","Засідання Комітету з питань прав людини, деокупації та реінтеграції тимчасово окупованих територій України, національних меншин і міжнаціональних відносин",FALSE,"neither","other","none","none",1,"Failed/incomplete rada.gov.ua scrape (same recurring issue as prior batches): only generic site navigation boilerplate present, zero UOC-MP keyword hits (УПЦ, автокефалія, Московський, Онуфрій, митрополит, релігія, церква), no transcript content available to code.","coded_batch_08.json","2018-04-17","Засідання Комітету з питань прав людини, деокупації та реінтеграції тимчасово окупованих територій України, н","rada.gov.ua","rada_stenogram","https://rada.gov.ua/meeting/stenogr/show/6779.html","J1_autocephaly_2018-19","2018"
"5152e62e0f1c","Ці люди... чекають від нас з вами достатньо принципової позиції в частині збереження нашої української ідентичності... вони вважають, що зараз є великі небезпеки і вони навіть називають, що в Україні вирізають сім'ю.",FALSE,"neither","identity","other","none",1,"Plenary session (Засідання 27, 4 Apr 2018). MPs Pavlo Unhuryan (a prominent evangelical/Protestant politician) and Yuriy Miroshnychenko (Opposition Bloc) address a large family-values rally outside parliament during Orthodox Holy Week, warning against 'gender ideologies' penetrating schools and framing the Ukrainian family/national identity as under threat. This is a religious-conservative securitising move regarding 'family' and national identity broadly, but is not directed at or does not involve UOC-MP specifically -- it concerns a cross-confessional moral-panic mobilisation, not the Moscow Patriarchate. Coded as not securitising per this codebook's UOC-MP-specific scope, though flagged as a notable instance of religiously-inflected identity securitisation in the corpus more broadly.","coded_batch_08.json","2018-04-04","Засідання 27","rada.gov.ua","rada_stenogram","https://www.rada.gov.ua/meeting/stenogr/show/6771.html","J1_autocephaly_2018-19","2018"
"f6dac402d9de","Можливо, згадка в ролику про один із храмів УПЦ МП сподобається не всім, але громадяни України, які відвідують храми УПЦ МП, також заслуговують на повагу.",FALSE,"neither","other","none","none",3,"Duplicate of the document already coded in batch 6 (same doc_id/content): announcement about Poroshenko's Easter greeting video featuring both a UOC-KP monastery and a UOC-MP church visited in Mariupol. Explicitly inclusive/respectful toward UOC-MP worshippers; no securitising content.","coded_batch_08.json","2018-04-05","Стало відомо, як Порошенко вітатиме українців з Великоднем","risu.ua","poroshenko_speech","https://risu.ua/stalo-vidomo-yak-poroshenko-vitatime-ukrajinciv-z-velikodnem_n90155","J1_autocephaly_2018-19","2018"
"6c8935bf5543","Групи народних депутатів... до Прем'єр-міністра щодо укладення Угоди між Урядом Румунії і Кабінетом Міністрів України та відкриття пункту пропуску через державний кордон «Біла Церква - Сігету Мармацієй».",FALSE,"neither","other","none","none",3,"Plenary session transcript (Засідання 30, 6 Apr 2018) with a register of deputy interpellations. The only 'Церква' hit refers to 'Біла Церква' as a border-crossing checkpoint name (Ukraine-Romania border), unrelated to the religious institution. No UOC-MP-related content found.","coded_batch_08.json","2018-04-06","Засідання 30","rada.gov.ua","rada_stenogram","https://www.rada.gov.ua/meeting/stenogr/show/6777.html","J1_autocephaly_2018-19","2018"
"36e6ef4bda75","Наразі відбувається послідовне посилення санкцій з боку Сполучених Штатів і союзників проти Кремля, що завдає відчутного удару по економіці нашого ворога.",FALSE,"neither","other","none","none",3,"Coordination Council transcript (16 Apr 2018) covering international sanctions against Russia and the National Bureau of Financial Security bill. No UOC-MP-related content; keyword search returned zero hits.","coded_batch_08.json","2018-04-16","Погоджувальна рада","rada.gov.ua","rada_stenogram","https://www.rada.gov.ua/meeting/stenogr/show/6778.html","J1_autocephaly_2018-19","2018"
"01226dcd4eab","У цьому питанні як релігійний, так і будь-який примус чи заборона є категорично неприпустимими.",FALSE,"neither","other","none","none",3,"Duplicate of the document already coded in batch 6 (same doc_id/content): Poroshenko's announcement of the formal request to Patriarch Bartholomew for a Tomos, explicitly and repeatedly ruling out coercion or bans against those wishing to remain with the Russian Orthodox Church. Coded as not securitising given this explicit disavowal of compulsion.","coded_batch_08.json","2018-04-17","Президент і Церкви України офіційно просять Константинополь надати Томос про Автокефалію","risu.ua","poroshenko_speech","https://risu.ua/prezident-i-cerkvi-ukrajini-oficiyno-prosyat-konstantinopol-nadati-tomos-pro-avtokefaliyu_n90315","J1_autocephaly_2018-19","2018"
"11122f1f9daa","Тисячі працівників атомних електростанцій вийшли на акції протесту, тому що прямо на очах у Президента, уряду, парламенту, руйнується ключова галузь України - атомна галузь.",FALSE,"neither","other","none","none",3,"Plenary session transcript (Засідання 31, 17 Apr 2018) covering nuclear industry workers' protests and Chornobyl-related welfare cuts. No UOC-MP-related content.","coded_batch_08.json","2018-04-17","Засідання 31","rada.gov.ua","rada_stenogram","https://www.rada.gov.ua/meeting/stenogr/show/6780.html","J1_autocephaly_2018-19","2018"
"27822e47c0a3","Владі, яка можливо хоче цю тему використати, щоб залишитися на другий термін, хотілося б нагадати наступне: ще ніхто в нашій країні на церковній темі не зміг цього зробити.",FALSE,"neither","other","other","none",1,"Duplicate of the document already coded in batch 6 (same doc_id/content): UOC-MP spokesperson Fr. Mykolai Danylevych dismisses the autocephaly push as doomed and politically motivated. Sarcastic/critical commentary rather than an existential-threat claim with a call for extraordinary measures; coded conservatively as not securitising, though reverse-direction defensive rhetoric from UOC-MP against the state's initiative.","coded_batch_08.json","2018-04-17","Піджак і ґудзик. В УПЦ (МП) відреагували на звернення до Вселенського Патріарха щодо автокефалії","risu.ua","poroshenko_speech","https://risu.ua/pidzhak-i-gudzik-v-upc-mp-vidreaguvali-na-zvernennya-do-vselenskogo-patriarha-shchodo-avtokefaliji_n90320","J1_autocephaly_2018-19","2018"
"413fda55a8d3","Російська Православна Церква та очільники Української Православної Церкви Московського Патріархату відмовилися визнавати рішення Вселенського Патріархату та чинили опір процесу.",FALSE,"neither","other","none","none",2,"Duplicate of the document already coded in batch 6 (same doc_id/content): factual news report on Poroshenko's arrival in Istanbul for the Tomos signing ceremony. Straightforward factual reporting of institutional opposition, not itself a securitising claim.","coded_batch_08.json","2018-04-17","Петро Порошенко вже прибув до Стамбула","risu.ua","poroshenko_speech","https://risu.ua/petro-poroshenko-vzhe-pribuv-do-stambula_n95551","J1_autocephaly_2018-19","2018"
"7203fffdcdbd","Слідом за делегаціями з Константинополя, які об'їздили помісні церкви, їхали такі самі від РПЦ і лякали «кровопролиттями в Україні через томос».",TRUE,"material","nation","Russia","other",2,"Duplicate of the document already coded in batch 6 (same doc_id/content): detailed BBC-sourced retrospective on the 2018 road to the Tomos. Reports that ROC delegations warned/threatened other Local Churches with 'bloodshed in Ukraine because of the Tomos' while touring to counter Constantinople's outreach -- an explicit securitising move by Russia/ROC using a violence threat as diplomatic leverage. Coded identically to the prior instance.","coded_batch_08.json","2018-04-17","Томос очима ВВС: як українська церква йшла до автокефалії","risu.ua","poroshenko_speech","https://risu.ua/tomos-ochima-vvs-yak-ukrajinska-cerkva-yshla-do-avtokefaliji_n102002","J1_autocephaly_2018-19","2018"
"dcbb2b1a9de9","Засідання Комітету з питань прав людини, деокупації та реінтеграції тимчасово окупованих територій України, національних меншин і міжнаціональних відносин",FALSE,"neither","other","none","none",1,"Failed/incomplete rada.gov.ua scrape (same recurring issue as prior batches): only generic site navigation boilerplate present, zero UOC-MP keyword hits (УПЦ, автокефалія, Московський, Онуфрій, митрополит, релігія, церква), no transcript content available to code.","coded_batch_09.json","2018-04-17","Засідання Комітету з питань прав людини, деокупації та реінтеграції тимчасово окупованих територій України, н","rada.gov.ua","rada_stenogram","https://rada.gov.ua/meeting/stenogr/show/6780.html","J1_autocephaly_2018-19","2018"
"b2fb3145f679","Засідання Комітету з питань прав людини, деокупації та реінтеграції тимчасово окупованих територій України, національних меншин і міжнаціональних відносин",FALSE,"neither","other","none","none",1,"Failed/incomplete rada.gov.ua scrape (same recurring issue as prior batches): only generic site navigation boilerplate present, zero UOC-MP keyword hits (УПЦ, автокефалія, Московський, Онуфрій, митрополит, релігія, церква), no transcript content available to code.","coded_batch_09.json","2018-04-18","Засідання Комітету з питань прав людини, деокупації та реінтеграції тимчасово окупованих територій України, н","rada.gov.ua","rada_stenogram","https://rada.gov.ua/meeting/stenogr/show/6785.html","J1_autocephaly_2018-19","2018"
"dd5a3b2e1f0d","Засідання Комітету з питань прав людини, деокупації та реінтеграції тимчасово окупованих територій України, національних меншин і міжнаціональних відносин",FALSE,"neither","other","none","none",1,"Failed/incomplete rada.gov.ua scrape (same recurring issue as prior batches): only generic site navigation boilerplate present, zero UOC-MP keyword hits (УПЦ, автокефалія, Московський, Онуфрій, митрополит, релігія, церква), no transcript content available to code.","coded_batch_09.json","2018-04-18","Засідання Комітету з питань прав людини, деокупації та реінтеграції тимчасово окупованих територій України, н","rada.gov.ua","rada_stenogram","https://rada.gov.ua/meeting/stenogr/show/6783.html","J1_autocephaly_2018-19","2018"
"04f4be90b4e2","Засідання Комітету з питань прав людини, деокупації та реінтеграції тимчасово окупованих територій України, національних меншин і міжнаціональних відносин",FALSE,"neither","other","none","none",1,"Failed/incomplete rada.gov.ua scrape (same recurring issue as prior batches): only generic site navigation boilerplate present, zero UOC-MP keyword hits (УПЦ, автокефалія, Московський, Онуфрій, митрополит, релігія, церква), no transcript content available to code.","coded_batch_09.json","2018-04-19","Засідання Комітету з питань прав людини, деокупації та реінтеграції тимчасово окупованих територій України, н","rada.gov.ua","rada_stenogram","https://rada.gov.ua/meeting/stenogr/show/6787.html","J1_autocephaly_2018-19","2018"
"c57a661823ed","Засідання Комітету з питань прав людини, деокупації та реінтеграції тимчасово окупованих територій України, національних меншин і міжнаціональних відносин",FALSE,"neither","other","none","none",1,"Failed/incomplete rada.gov.ua scrape (same recurring issue as prior batches): only generic site navigation boilerplate present, zero UOC-MP keyword hits (УПЦ, автокефалія, Московський, Онуфрій, митрополит, релігія, церква), no transcript content available to code.","coded_batch_09.json","2018-04-19","Засідання Комітету з питань прав людини, деокупації та реінтеграції тимчасово окупованих територій України, н","rada.gov.ua","rada_stenogram","https://rada.gov.ua/meeting/stenogr/show/6789.html","J1_autocephaly_2018-19","2018"
"d15724fedb14","Засідання Комітету з питань прав людини, деокупації та реінтеграції тимчасово окупованих територій України, національних меншин і міжнаціональних відносин",FALSE,"neither","other","none","none",1,"Failed/incomplete rada.gov.ua scrape (same recurring issue as prior batches): only generic site navigation boilerplate present, zero UOC-MP keyword hits (УПЦ, автокефалія, Московський, Онуфрій, митрополит, релігія, церква), no transcript content available to code.","coded_batch_09.json","2018-04-19","Засідання Комітету з питань прав людини, деокупації та реінтеграції тимчасово окупованих територій України, н","rada.gov.ua","rada_stenogram","https://rada.gov.ua/meeting/stenogr/show/6786.html","J1_autocephaly_2018-19","2018"
"8d2243cf7f28","Засідання Комітету з питань прав людини, деокупації та реінтеграції тимчасово окупованих територій України, національних меншин і міжнаціональних відносин",FALSE,"neither","other","none","none",1,"Failed/incomplete rada.gov.ua scrape (same recurring issue as prior batches): only generic site navigation boilerplate present, zero UOC-MP keyword hits (УПЦ, автокефалія, Московський, Онуфрій, митрополит, релігія, церква), no transcript content available to code.","coded_batch_09.json","2018-04-20","Засідання Комітету з питань прав людини, деокупації та реінтеграції тимчасово окупованих територій України, н","rada.gov.ua","rada_stenogram","https://rada.gov.ua/meeting/stenogr/show/6790.html","J1_autocephaly_2018-19","2018"
"2936c76a0c91","Наступне запитання від народного депутата.",FALSE,"neither","other","none","none",2,"Plenary session transcript (Засідання 33, 18 Apr 2018) with no UOC-MP-related content; keyword search returned zero hits.","coded_batch_09.json","2018-04-18","Засідання 33","rada.gov.ua","rada_stenogram","https://www.rada.gov.ua/meeting/stenogr/show/6785.html","J1_autocephaly_2018-19","2018"
"8072b7b72cb1","Я ще раз хочу привітати з прийняттям Постанови про підтримку звернення Президента України про надання Томосу про автокефалію Православної Церкви в Україні.",FALSE,"neither","other","none","none",2,"Evening plenary session (Засідання 35, 19 Apr 2018), held after the Rada adopted the resolution supporting Poroshenko's Tomos appeal earlier that day (see doc 88e57ef1dccd for the full debate). MP Bereza criticises colleagues for prioritising the church vote (250-300 MPs present) over ATO veteran land-rights and Chornobyl-worker benefits bills (far fewer present) -- political criticism of legislative priorities, not itself a securitising claim about UOC-MP. The Speaker's closing remarks confirming passage of the Tomos-support resolution are procedural/celebratory rather than new securitising language.","coded_batch_09.json","2018-04-19","Засідання 35","rada.gov.ua","rada_stenogram","https://www.rada.gov.ua/meeting/stenogr/show/6789.html","J1_autocephaly_2018-19","2018"
"88e57ef1dccd","Вважаю це питання історичної ваги для України, для усіх нас. І дане питання – це питання в першу чергу релігії, але також це питання утвердження державності та національної безпеки.",TRUE,"both","state","Russia","other",3,"Opening remarks by the Chair (Andriy Parubiy) of the Verkhovna Rada, introducing the vote on the resolution supporting Poroshenko's Tomos appeal (19 Apr 2018). Explicitly frames the autocephaly question as 'first a matter of religion, but also a matter of state-building and national security' -- a direct, unambiguous securitising statement by the presiding officer of parliament immediately before the vote and Poroshenko's speech.","coded_batch_09.json","2018-04-19","Засідання 34","rada.gov.ua","rada_stenogram","https://www.rada.gov.ua/meeting/stenogr/show/6787.html","J1_autocephaly_2018-19","2018"
"88e57ef1dccd","Такий Томос... видалить рудименти того політичного проекту, який називається «руським миром» і який придумали, до речі, саме ієрархи Російської Православної Церкви. То вже потім цю небезпечну для України політичну єресь взяла на озброєння влада Російської Федерації.",TRUE,"ontological","identity","Russia","other",3,"From Poroshenko's plenary speech presenting the Tomos appeal for parliamentary support. He explicitly labels the 'russkiy mir' project a 'dangerous political heresy for Ukraine', attributing its invention to Russian Orthodox Church hierarchs and its subsequent weaponisation by the Russian state -- explicit threat identification (heresy/ideological threat to Ukrainian identity) with Russia/ROC as threat actor, tied directly to the extraordinary measure of the Tomos campaign underway.","coded_batch_09.json","2018-04-19","Засідання 34","rada.gov.ua","rada_stenogram","https://www.rada.gov.ua/meeting/stenogr/show/6787.html","J1_autocephaly_2018-19","2018"
"88e57ef1dccd","Церкву, яка буде євхаристійно, молитовно поєднана з іншими помісними церквами, але адміністративно незалежну від будь-яких закордонних церковних юрисдикцій, особливо від тієї, яка прямо пов'язана з країною-агресором.",TRUE,"both","state","UOC-MP","other",3,"Poroshenko explicitly characterises the (unnamed but clearly UOC-MP) jurisdiction as 'directly linked to the aggressor country', framing administrative independence from it as the goal of the Tomos process -- direct threat-actor identification (UOC-MP's Moscow linkage) tied to the extraordinary measure of full administrative separation.","coded_batch_09.json","2018-04-19","Засідання 34","rada.gov.ua","rada_stenogram","https://www.rada.gov.ua/meeting/stenogr/show/6787.html","J1_autocephaly_2018-19","2018"
"88e57ef1dccd","А я давно попереджав... що ми не будемо байдуже спозирати за іншою державою... втручання іншої держави в наші церковні справи, за її спробами використати в своїх інтересах почуття частини українських православних.",TRUE,"both","state","Russia","other",3,"Poroshenko self-quotes his own earlier securitising formula (previously coded in batch 2, doc 1dd3bdc331ba) about not passively watching foreign-state interference in Ukraine's church affairs, reaffirming it directly in front of parliament as the justification for the vote about to take place.","coded_batch_09.json","2018-04-19","Засідання 34","rada.gov.ua","rada_stenogram","https://www.rada.gov.ua/meeting/stenogr/show/6787.html","J1_autocephaly_2018-19","2018"
"88e57ef1dccd","Для всіх справжніх патріотів зміцнення єдності є пріоритетним завданням, бо єдність – це наша головна зброя в боротьбі із російським агресором.",TRUE,"material","nation","Russia","other",3,"Poroshenko explicitly frames church unity (via the Tomos) as 'our main weapon in the fight against the Russian aggressor' -- militarised, existential framing of the autocephaly campaign as an instrument of national defence.","coded_batch_09.json","2018-04-19","Засідання 34","rada.gov.ua","rada_stenogram","https://www.rada.gov.ua/meeting/stenogr/show/6787.html","J1_autocephaly_2018-19","2018"
"88e57ef1dccd","Шановні, тут не лише релігія – тут геополітика... Це питання національної безпеки і нашої оборони в цій...",TRUE,"both","state","Russia","other",3,"The clearest possible securitising statement in the speech: Poroshenko explicitly declares 'this is not just religion -- this is geopolitics' and states the Tomos/autocephaly campaign is 'a matter of national security and our defence', placing it on par with EU/NATO accession as existential state priorities. This is a textbook Copenhagen School securitising move: explicit relabelling of a religious-institutional matter as a national-security matter, delivered directly to parliament immediately before the vote.","coded_batch_09.json","2018-04-19","Засідання 34","rada.gov.ua","rada_stenogram","https://www.rada.gov.ua/meeting/stenogr/show/6787.html","J1_autocephaly_2018-19","2018"
"b942ed6952f5","8284 Д Проект Постанови про підтримку звернення Президента України до Вселенського Патріарха Варфоломія про надання Томосу про автокефалію Православної Церкви в Україні (проект н.д. А.Парубія).",FALSE,"neither","other","none","none",2,"Legislative agenda (Poriadok dennyi, 19 Apr 2018) listing bill 8284, the resolution supporting Poroshenko's Tomos appeal that was debated and passed the same day (see doc 88e57ef1dccd for the full securitising debate). The agenda listing itself is a neutral procedural item with no argumentative content.","coded_batch_09.json","2018-04-19","Порядок денний","rada.gov.ua","rada_stenogram","https://www.rada.gov.ua/meeting/stenogr/show/6786.html","J1_autocephaly_2018-19","2018"
"c1a357698e8c","Наибольшее давление сейчас будет оказываться на самого Варфоломея. Вплоть до самых радикальных методов. К которым, увы, россиянам не привыкать.",TRUE,"material","other","Russia","other",2,"LB.ua analytical article (journalist S.K., not Poroshenko's own words despite the speaker tag) explaining the geopolitics of the Tomos push. Quoting 'church circles' sources, it predicts that Russia will apply maximum pressure on Patriarch Bartholomew to block Ukrainian autocephaly, 'up to the most radical methods, which Russians are, alas, no strangers to' -- a euphemistic but clear insinuation of potential violent/extreme coercion. Coded as a securitising move documenting Russia as threat actor against the Ecumenical Patriarchate (referent_object 'other' since the immediate target is Bartholomew/Constantinople rather than Ukraine directly), extraordinary_measure 'other' (radical coercive methods). The rest of the article is largely descriptive/explanatory journalism about the Tomos process, MP reactions, and church demographics.","coded_batch_09.json","2018-04-19","Порошенко и автокефалия: последний бой, он важный самый","risu.ua","poroshenko_speech","https://risu.ua/poroshenko-i-avtokefaliya-posledniy-boy-on-vazhnyy-samyy_n90561","J1_autocephaly_2018-19","2018"
"8c4fbf2b36b6","Автокефалія і зараз залишається частиною нео-імперських проектів. Нео-радянська нео-імперія використовує цей чинник (усіляко блокуючи українську автокефалію) для свого збереження і розвитку. Між тим Україна через автокефалію намагається вийти з обрію імперії.",TRUE,"both","nation","Russia","other",2,"Scholarly historical essay on the theology and politics of autocephaly (largely academic/comparative in the remainder of the piece). Its opening framing explicitly identifies a 'neo-Soviet neo-empire' (Russia) as blocking Ukrainian autocephaly to preserve itself, and frames Ukraine's pursuit of autocephaly as an act of de-imperialisation/decolonisation. This is a milder, more academic register of the same securitising logic found in Poroshenko's speeches elsewhere in this batch -- threat identification (empire blocking Ukrainian sovereignty) with an implicit endorsement of the ongoing autocephaly campaign as the appropriate (extraordinary) response.","coded_batch_09.json","2018-04-22","Автокефалія та її український випадок","risu.ua","poroshenko_speech","https://risu.ua/avtokefaliya-ta-jiji-ukrajinskiy-vipadok_n91022","J1_autocephaly_2018-19","2018"
"9fa5c7e13b9b","Ініціювання парафіянином УПЦ (МП) Петром Порошенком отримання автокефалії не є іронією, а віддзеркаленням процесу змін, які сталися в українському суспільстві.",FALSE,"neither","other","none","none",3,"UOC-KP spokesperson Archbishop Yevstratiy Zoria discusses Poroshenko's personal religious background as a UOC-MP parishioner. Biographical/explanatory commentary, not a securitising claim.","coded_batch_09.json","2018-04-22","Речник Київського Патріархату: Не один Порошенко – до ув’язнення і Луценко був прихильником УПЦ (МП)","risu.ua","poroshenko_speech","https://risu.ua/rechnik-kijivskogo-patriarhatu-ne-odin-poroshenko-do-uv-yaznennya-i-lucenko-buv-prihilnikom-upc-mp_n90423","J1_autocephaly_2018-19","2018"
"37b58d325976","Вселенський Патріархат розпочинає процедури, необхідні для надання автокефалії Українській Православній Церкві.",FALSE,"neither","other","none","none",3,"Factual news update on the Ecumenical Patriarchate's Synod beginning procedures toward granting autocephaly. No securitising content.","coded_batch_09.json","2018-04-23","“Синод Вселенського Патріархату вирішив розпочати процедури, необхідні для надання автокефалії”, – Порошенко","risu.ua","poroshenko_speech","https://risu.ua/sinod-vselenskogo-patriarhatu-virishiv-rozpochati-proceduri-neobhidni-dlya-nadannya-avtokefaliji-poroshenko_n90434","J1_autocephaly_2018-19","2018"
"85b72a1771bd","Коли Росія дізналася, що я звернувся до Вселенського Патріарха, вона щоденно змінювала свої дії і заяви... Потім вони стали казати, що зможуть зупинити цей процес. І лише зараз вони злякалися.",TRUE,"material","nation","Russia","other",2,"Direct Poroshenko interview quote describing Russia's shifting reactions to the Tomos request, culminating in threats 'that they could stop this process'. Poroshenko frames Russian panic/threats as validation that Ukraine is 'doing it right'. Coded as documenting a securitising move by Russia (threatening to halt the autocephaly process) as reported by Poroshenko, rather than Poroshenko's own securitising claim about UOC-MP; confidence moderated to 2 given the triumphalist, somewhat rhetorical framing.","coded_batch_09.json","2018-04-24","Петро Порошенко про автокефалію: Лише зараз Росія злякалася","risu.ua","poroshenko_speech","https://risu.ua/petro-poroshenko-pro-avtokefaliyu-lishe-zaraz-rosiya-zlyakalasya_n90461","J1_autocephaly_2018-19","2018"
"ff111773e70e","Заступник глави президентської адміністрації Ростислав Павленко поїхав до Стамбула (Туреччина) для передачі Вселенському Патріарху Варфоломію звернення про надання Томосу про Автокефалію Православної Церкви в Україні.",FALSE,"neither","other","none","none",3,"Brief factual news update on the delivery of the Tomos appeal documents to Istanbul. No securitising content.","coded_batch_09.json","2018-04-20","Представник АП повіз до Стамбула звернення про надання Томосу, - Порошенко","risu.ua","poroshenko_speech","https://risu.ua/predstavnik-ap-poviz-do-stambula-zvernennya-pro-nadannya-tomosu-poroshenko_n90405","J1_autocephaly_2018-19","2018"
"348f92370eb3","Зараз це дуже небезпечно, оскільки країна переповнена обуренням, угрупованнями бойовиків і зброєю... Ніби ось-ось почнуть палити по усім. Замість заспокоєння – влада створює все нові точки протистоянь у суспільстві.",TRUE,"material","nation","other","none",2,"Vasyl Anisimov, an unofficial pro-Russian UOC-MP-linked press figure, warns that Poroshenko's autocephaly push is 'playing with fire', comparing him to the devil tempting the Patriarch, and claims the country is dangerously 'full of resentment, armed groups and weapons' such that violence ('shooting at everyone') could erupt, accusing the authorities of creating 'new points of confrontation' instead of calming society. This is a reverse-direction securitising move: it identifies a threat (civil/religious violence) and implicitly calls for the extraordinary measure of halting the autocephaly process (redirecting to ending the war 'in two weeks' as originally promised) -- coded with threat_actor 'other' since the entity blamed for creating danger is the Ukrainian state/Poroshenko's initiative from this speaker's pro-Russian perspective, not UOC-MP itself.","coded_batch_10.json","2018-04-28","Неофіцйний спікер УПЦ (МП) порівняв Порошенка з дияволом","risu.ua","poroshenko_speech","https://risu.ua/neoficyniy-spiker-upc-mp-porivnyav-poroshenka-z-diyavolom_n90541","J1_autocephaly_2018-19","2018"
"93498d64ad34","Особливо, коли ця держава іноземна. Особливо, коли це країна-агресор. Особливо, коли оголошення української території канонічною територією церкви іншої держави. Це і є зазіхання на нашу територіальну цілісність.",TRUE,"material","state","Russia","other",3,"Poroshenko formally briefs the National Security and Defence Council (RNBO) on Tomos negotiations -- itself notable institutional framing, embedding a church matter within Ukraine's top security body. He explicitly equates the Moscow Patriarchate's claim over Ukrainian 'canonical territory' with 'an encroachment on our territorial integrity', directly analogising ecclesiastical jurisdiction to a sovereignty/territorial threat. A textbook securitising move: explicit threat identification (foreign church jurisdiction claim = territorial threat), aggressor-state framing, delivered to the security apparatus itself.","coded_batch_10.json","2018-05-04","Порошенко проінформував РНБО про хід переговорів зі Вселенським Патріархом Варфоломієм про Томос","risu.ua","poroshenko_speech","https://risu.ua/poroshenko-proinformuvav-rnbo-pro-hid-peregovoriv-zi-vselenskim-patriarhom-varfolomiyem-pro-tomos_n90624","J1_autocephaly_2018-19","2018"
"eb5cea5c4de4","Перед початком війни з Росією внутрішні сутички всередині Православної Церкви може й були б прийнятними. Але внаслідок російської агресії – більше ні. Російська Православна Церква діє за дорученням Росії.",TRUE,"both","state","Russia","other",3,"Poroshenko explicitly states 'the Russian Orthodox Church acts on Russia's orders/instructions' -- direct threat-actor framing casting ROC (and by extension its Ukrainian exarchate, UOC-MP) as an instrument of the Russian state, justified by reference to Russian aggression against Ukraine. Frames the pursuit of autocephaly as a matter of Ukraine's independence and civilisational reorientation toward Europe.","coded_batch_10.json","2018-05-06","Порошенко: Кожна країна повинна мати свою незалежну Церкву","risu.ua","poroshenko_speech","https://risu.ua/poroshenko-kozhna-krajina-povinna-mati-svoyu-nezalezhnu-cerkvu_n90657","J1_autocephaly_2018-19","2018"
"d4dd94d6c9c5","Прошу всіх займати робочі місця, приготуватись до роботи в Погоджувальній раді.",FALSE,"neither","other","none","none",2,"Coordination Council transcript (14 May 2018). No UOC-MP-related content; keyword search returned zero hits.","coded_batch_10.json","2018-05-14","Погоджувальна рада","rada.gov.ua","rada_stenogram","https://www.rada.gov.ua/meeting/stenogr/show/6792.html","J1_autocephaly_2018-19","2018"
"e2e64ccda3e0","Засідання Комітету з питань прав людини, деокупації та реінтеграції тимчасово окупованих територій України, національних меншин і міжнаціональних відносин",FALSE,"neither","other","none","none",1,"Failed/incomplete rada.gov.ua scrape (same recurring issue as prior batches): only generic site navigation boilerplate present, zero UOC-MP keyword hits (УПЦ, автокефалія, Московський, Онуфрій, митрополит, релігія, церква), no transcript content available to code.","coded_batch_10.json","2018-05-14","Засідання Комітету з питань прав людини, деокупації та реінтеграції тимчасово окупованих територій України, н","rada.gov.ua","rada_stenogram","https://rada.gov.ua/meeting/stenogr/show/6792.html","J1_autocephaly_2018-19","2018"
"26466449f469","Засідання Комітету з питань прав людини, деокупації та реінтеграції тимчасово окупованих територій України, національних меншин і міжнаціональних відносин",FALSE,"neither","other","none","none",1,"Failed/incomplete rada.gov.ua scrape (same recurring issue as prior batches): only generic site navigation boilerplate present, zero UOC-MP keyword hits (УПЦ, автокефалія, Московський, Онуфрій, митрополит, релігія, церква), no transcript content available to code.","coded_batch_10.json","2018-05-15","Засідання Комітету з питань прав людини, деокупації та реінтеграції тимчасово окупованих територій України, н","rada.gov.ua","rada_stenogram","https://rada.gov.ua/meeting/stenogr/show/6793.html","J1_autocephaly_2018-19","2018"
"89a5abfde703","Засідання Комітету з питань прав людини, деокупації та реінтеграції тимчасово окупованих територій України, національних меншин і міжнаціональних відносин",FALSE,"neither","other","none","none",1,"Failed/incomplete rada.gov.ua scrape (same recurring issue as prior batches): only generic site navigation boilerplate present, zero UOC-MP keyword hits (УПЦ, автокефалія, Московський, Онуфрій, митрополит, релігія, церква), no transcript content available to code.","coded_batch_10.json","2018-05-15","Засідання Комітету з питань прав людини, деокупації та реінтеграції тимчасово окупованих територій України, н","rada.gov.ua","rada_stenogram","https://rada.gov.ua/meeting/stenogr/show/6794.html","J1_autocephaly_2018-19","2018"
"5a520d5232d0","Засідання Комітету з питань прав людини, деокупації та реінтеграції тимчасово окупованих територій України, національних меншин і міжнаціональних відносин",FALSE,"neither","other","none","none",1,"Failed/incomplete rada.gov.ua scrape (same recurring issue as prior batches): only generic site navigation boilerplate present, zero UOC-MP keyword hits (УПЦ, автокефалія, Московський, Онуфрій, митрополит, релігія, церква), no transcript content available to code.","coded_batch_10.json","2018-05-16","Засідання Комітету з питань прав людини, деокупації та реінтеграції тимчасово окупованих територій України, н","rada.gov.ua","rada_stenogram","https://rada.gov.ua/meeting/stenogr/show/6799.html","J1_autocephaly_2018-19","2018"
"f014464fc8c0","Засідання Комітету з питань прав людини, деокупації та реінтеграції тимчасово окупованих територій України, національних меншин і міжнаціональних відносин",FALSE,"neither","other","none","none",1,"Failed/incomplete rada.gov.ua scrape (same recurring issue as prior batches): only generic site navigation boilerplate present, zero UOC-MP keyword hits (УПЦ, автокефалія, Московський, Онуфрій, митрополит, релігія, церква), no transcript content available to code.","coded_batch_10.json","2018-05-16","Засідання Комітету з питань прав людини, деокупації та реінтеграції тимчасово окупованих територій України, н","rada.gov.ua","rada_stenogram","https://rada.gov.ua/meeting/stenogr/show/6797.html","J1_autocephaly_2018-19","2018"
"fed3d3a37968","Засідання Комітету з питань прав людини, деокупації та реінтеграції тимчасово окупованих територій України, національних меншин і міжнаціональних відносин",FALSE,"neither","other","none","none",1,"Failed/incomplete rada.gov.ua scrape (same recurring issue as prior batches): only generic site navigation boilerplate present, zero UOC-MP keyword hits (УПЦ, автокефалія, Московський, Онуфрій, митрополит, релігія, церква), no transcript content available to code.","coded_batch_10.json","2018-05-16","Засідання Комітету з питань прав людини, деокупації та реінтеграції тимчасово окупованих територій України, н","rada.gov.ua","rada_stenogram","https://rada.gov.ua/meeting/stenogr/show/6798.html","J1_autocephaly_2018-19","2018"
"3efe84a41f0f","Засідання Комітету з питань прав людини, деокупації та реінтеграції тимчасово окупованих територій України, національних меншин і міжнаціональних відносин",FALSE,"neither","other","none","none",1,"Failed/incomplete rada.gov.ua scrape (same recurring issue as prior batches): only generic site navigation boilerplate present, zero UOC-MP keyword hits (УПЦ, автокефалія, Московський, Онуфрій, митрополит, релігія, церква), no transcript content available to code.","coded_batch_10.json","2018-05-17","Засідання Комітету з питань прав людини, деокупації та реінтеграції тимчасово окупованих територій України, н","rada.gov.ua","rada_stenogram","https://rada.gov.ua/meeting/stenogr/show/6802.html","J1_autocephaly_2018-19","2018"
"78ffff042ccd","Засідання Комітету з питань прав людини, деокупації та реінтеграції тимчасово окупованих територій України, національних меншин і міжнаціональних відносин",FALSE,"neither","other","none","none",1,"Failed/incomplete rada.gov.ua scrape (same recurring issue as prior batches): only generic site navigation boilerplate present, zero UOC-MP keyword hits (УПЦ, автокефалія, Московський, Онуфрій, митрополит, релігія, церква), no transcript content available to code.","coded_batch_10.json","2018-05-17","Засідання Комітету з питань прав людини, деокупації та реінтеграції тимчасово окупованих територій України, н","rada.gov.ua","rada_stenogram","https://rada.gov.ua/meeting/stenogr/show/6803.html","J1_autocephaly_2018-19","2018"
"f2bb4b6bcf3c","Наступне запитання від народного депутата.",FALSE,"neither","other","none","none",2,"Plenary session transcript (Засідання 37, 15 May 2018) with no UOC-MP-related content; keyword search returned zero hits.","coded_batch_10.json","2018-05-15","Засідання 37","rada.gov.ua","rada_stenogram","https://www.rada.gov.ua/meeting/stenogr/show/6794.html","J1_autocephaly_2018-19","2018"
"796715714bff","Рада церков, які категорично не підтримали презумпцію, щоб без згоди людей вилучали органи.",FALSE,"neither","other","none","none",3,"Plenary session transcript (Засідання 39, 16 May 2018) covering organ transplantation legislation, referencing the All-Ukrainian Council of Churches' input opposing presumed consent for organ donation. Cross-confessional policy input, not UOC-MP-specific and not securitising.","coded_batch_10.json","2018-05-16","Засідання 39","rada.gov.ua","rada_stenogram","https://www.rada.gov.ua/meeting/stenogr/show/6799.html","J1_autocephaly_2018-19","2018"
"c549f6d3f7ed","Ключова позиція – це повинна бути українська церква, яка не керується з боку держави-агресора і в якій не славословлять окупантів, в якій не відмовляються відспівувати наших героїв.",TRUE,"both","state","Russia","other",3,"Poroshenko states the future Ukrainian church must not be 'controlled by the aggressor state', must not 'glorify occupiers', and must not 'refuse to hold funeral services for our heroes' -- referencing specific alleged incidents (echoing the UOC-MP bishops' refusal to stand for ATO heroes documented in batch 2) to frame UOC-MP's Moscow-controlled status as disqualifying and dangerous, with the extraordinary measure being the pursuit of a fully independent church via the Tomos.","coded_batch_10.json","2018-05-16","Україні не потрібні чотири різні православні Церкви, - Президент Порошенко","risu.ua","poroshenko_speech","https://risu.ua/ukrajini-ne-potribni-chotiri-rizni-pravoslavni-cerkvi-prezident-poroshenko_n90823","J1_autocephaly_2018-19","2018"
"2f12620ea432","Сьогодні велике релігійне свято і сьогодні великий обов'язок людей прийти на робоче місце і працювати.",FALSE,"neither","other","none","none",2,"Plenary session transcript (Засідання 41, 17 May 2018) covering energy regulator legislation. The only 'релігія' hit is a passing reference to low MP attendance on a religious holiday; separately, MPs debate Russia's non-legitimacy and occupation of Crimea, but none of this is UOC-MP-specific. No securitising content related to UOC-MP.","coded_batch_10.json","2018-05-17","Засідання 41","rada.gov.ua","rada_stenogram","https://www.rada.gov.ua/meeting/stenogr/show/6803.html","J1_autocephaly_2018-19","2018"
"c5ef2fefcfb6","Засідання Комітету з питань прав людини, деокупації та реінтеграції тимчасово окупованих територій України, національних меншин і міжнаціональних відносин",FALSE,"neither","other","none","none",1,"Failed/incomplete rada.gov.ua scrape (same recurring issue as prior batches): only generic site navigation boilerplate present, zero UOC-MP keyword hits (УПЦ, автокефалія, Московський, Онуфрій, митрополит, релігія, церква), no transcript content available to code.","coded_batch_11.json","2018-05-17","Засідання Комітету з питань прав людини, деокупації та реінтеграції тимчасово окупованих територій України, н","rada.gov.ua","rada_stenogram","https://rada.gov.ua/meeting/stenogr/show/6800.html","J1_autocephaly_2018-19","2018"
"43f64a5cfc72","Засідання Комітету з питань прав людини, деокупації та реінтеграції тимчасово окупованих територій України, національних меншин і міжнаціональних відносин",FALSE,"neither","other","none","none",1,"Failed/incomplete rada.gov.ua scrape (same recurring issue as prior batches): only generic site navigation boilerplate present, zero UOC-MP keyword hits (УПЦ, автокефалія, Московський, Онуфрій, митрополит, релігія, церква), no transcript content available to code.","coded_batch_11.json","2018-05-18","Засідання Комітету з питань прав людини, деокупації та реінтеграції тимчасово окупованих територій України, н","rada.gov.ua","rada_stenogram","https://rada.gov.ua/meeting/stenogr/show/6805.html","J1_autocephaly_2018-19","2018"
"f7165b8d6de3","Засідання Комітету з питань прав людини, деокупації та реінтеграції тимчасово окупованих територій України, національних меншин і міжнаціональних відносин",FALSE,"neither","other","none","none",1,"Failed/incomplete rada.gov.ua scrape (same recurring issue as prior batches): only generic site navigation boilerplate present, zero UOC-MP keyword hits (УПЦ, автокефалія, Московський, Онуфрій, митрополит, релігія, церква), no transcript content available to code.","coded_batch_11.json","2018-05-21","Засідання Комітету з питань прав людини, деокупації та реінтеграції тимчасово окупованих територій України, н","rada.gov.ua","rada_stenogram","https://rada.gov.ua/meeting/stenogr/show/6806.html","J1_autocephaly_2018-19","2018"
"16660d4fa3fb","Засідання Комітету з питань прав людини, деокупації та реінтеграції тимчасово окупованих територій України, національних меншин і міжнаціональних відносин",FALSE,"neither","other","none","none",1,"Failed/incomplete rada.gov.ua scrape (same recurring issue as prior batches): only generic site navigation boilerplate present, zero UOC-MP keyword hits (УПЦ, автокефалія, Московський, Онуфрій, митрополит, релігія, церква), no transcript content available to code.","coded_batch_11.json","2018-05-22","Засідання Комітету з питань прав людини, деокупації та реінтеграції тимчасово окупованих територій України, н","rada.gov.ua","rada_stenogram","https://rada.gov.ua/meeting/stenogr/show/6809.html","J1_autocephaly_2018-19","2018"
"9309c4759092","Засідання Комітету з питань прав людини, деокупації та реінтеграції тимчасово окупованих територій України, національних меншин і міжнаціональних відносин",FALSE,"neither","other","none","none",1,"Failed/incomplete rada.gov.ua scrape (same recurring issue as prior batches): only generic site navigation boilerplate present, zero UOC-MP keyword hits (УПЦ, автокефалія, Московський, Онуфрій, митрополит, релігія, церква), no transcript content available to code.","coded_batch_11.json","2018-05-22","Засідання Комітету з питань прав людини, деокупації та реінтеграції тимчасово окупованих територій України, н","rada.gov.ua","rada_stenogram","https://rada.gov.ua/meeting/stenogr/show/6810.html","J1_autocephaly_2018-19","2018"
"a635cbb24452","Засідання Комітету з питань прав людини, деокупації та реінтеграції тимчасово окупованих територій України, національних меншин і міжнаціональних відносин",FALSE,"neither","other","none","none",1,"Failed/incomplete rada.gov.ua scrape (same recurring issue as prior batches): only generic site navigation boilerplate present, zero UOC-MP keyword hits (УПЦ, автокефалія, Московський, Онуфрій, митрополит, релігія, церква), no transcript content available to code.","coded_batch_11.json","2018-05-22","Засідання Комітету з питань прав людини, деокупації та реінтеграції тимчасово окупованих територій України, н","rada.gov.ua","rada_stenogram","https://rada.gov.ua/meeting/stenogr/show/6807.html","J1_autocephaly_2018-19","2018"
"d982d0a60136","Засідання Комітету з питань прав людини, деокупації та реінтеграції тимчасово окупованих територій України, національних меншин і міжнаціональних відносин",FALSE,"neither","other","none","none",1,"Failed/incomplete rada.gov.ua scrape (same recurring issue as prior batches): only generic site navigation boilerplate present, zero UOC-MP keyword hits (УПЦ, автокефалія, Московський, Онуфрій, митрополит, релігія, церква), no transcript content available to code.","coded_batch_11.json","2018-05-22","Засідання Комітету з питань прав людини, деокупації та реінтеграції тимчасово окупованих територій України, н","rada.gov.ua","rada_stenogram","https://rada.gov.ua/meeting/stenogr/show/6808.html","J1_autocephaly_2018-19","2018"
"4b16b07b01d8","Засідання Комітету з питань прав людини, деокупації та реінтеграції тимчасово окупованих територій України, національних меншин і міжнаціональних відносин",FALSE,"neither","other","none","none",1,"Failed/incomplete rada.gov.ua scrape (same recurring issue as prior batches): only generic site navigation boilerplate present, zero UOC-MP keyword hits (УПЦ, автокефалія, Московський, Онуфрій, митрополит, релігія, церква), no transcript content available to code.","coded_batch_11.json","2018-05-23","Засідання Комітету з питань прав людини, деокупації та реінтеграції тимчасово окупованих територій України, н","rada.gov.ua","rada_stenogram","https://rada.gov.ua/meeting/stenogr/show/6811.html","J1_autocephaly_2018-19","2018"
"9d8ecdfac893","Віталія Гудзенка до виконуючого обов'язки Начальника служби автомобільних доріг у Київській області щодо капітального ремонту автомобільної дороги... Василів-Іванівка-Узин-Біла Церква Білоцерківського району Київської області.",FALSE,"neither","other","none","none",3,"Plenary session transcript (Засідання 42, 18 May 2018) with a register of deputy interpellations. All 'Церква' keyword hits refer to the city/road name 'Біла Церква' (White Church, Kyiv Oblast), not the religious institution. No UOC-MP-related content.","coded_batch_11.json","2018-05-18","Засідання 42","rada.gov.ua","rada_stenogram","https://www.rada.gov.ua/meeting/stenogr/show/6805.html","J1_autocephaly_2018-19","2018"
"da2a8a5d3538","Незважаючи на те, що емісари з сусідньої країни намагалися або підкупити, або зірвати цей процес, або спокусити, ніхто не піддався.",TRUE,"material","state","Russia","other",3,"Poroshenko publicly alleges that 'emissaries from a neighbouring country' (an unmistakable but unnamed reference to Russia) attempted to bribe or otherwise corrupt Ukrainian church hierarchs to sabotage the autocephaly process, and that none succumbed. This is a serious securitising claim -- alleging a covert foreign influence/bribery operation targeting Ukraine's church leadership -- framed as a threat successfully resisted, reinforcing the legitimacy and urgency of the ongoing Tomos campaign.","coded_batch_11.json","2018-05-20","Емісари з сусідньої країни намагалися підкупити єрархів, щоби зірвати процес автокефалії, - Порошенко","risu.ua","poroshenko_speech","https://risu.ua/emisari-z-susidnoji-krajini-namagalisya-pidkupiti-yerarhiv-shchobi-zirvati-proces-avtokefaliji-poroshenko_n90868","J1_autocephaly_2018-19","2018"
"da2a8a5d3538","Чотири церкви розколюють країну, одна Церква об'єднує країну, а нам як повітря потрібна єдність в умовах зовнішньої агресії проти нашої держави для того, щоб ми рухалися вперед.",TRUE,"material","nation","Russia","other",3,"Poroshenko frames Ukraine's church division (implicitly including UOC-MP as one of the 'four churches') as fracturing the country, while unity via a single church is framed as existentially necessary ('like air') given 'external aggression against our state'. Existential, survival-level framing directly tied to the ongoing war, justifying the extraordinary ecclesiastical-political unification project (the Tomos/unification council).","coded_batch_11.json","2018-05-20","Емісари з сусідньої країни намагалися підкупити єрархів, щоби зірвати процес автокефалії, - Порошенко","risu.ua","poroshenko_speech","https://risu.ua/emisari-z-susidnoji-krajini-namagalisya-pidkupiti-yerarhiv-shchobi-zirvati-proces-avtokefaliji-poroshenko_n90868","J1_autocephaly_2018-19","2018"
"e764afa20a4b","Наступного тижня, я переконаний, ключовим питанням нашої роботи має бути Закон про Антикорупційний суд.",FALSE,"neither","other","none","none",3,"Coordination Council transcript (21 May 2018) focused on the Anti-Corruption Court. No UOC-MP-related content; keyword search returned zero hits.","coded_batch_11.json","2018-05-21","Погоджувальна рада","rada.gov.ua","rada_stenogram","https://www.rada.gov.ua/meeting/stenogr/show/6806.html","J1_autocephaly_2018-19","2018"
"16738d8914da","Створення Вищого антикорупційного суду... до цього часу створення антикорупційного суду було заручником політичних...",FALSE,"neither","other","none","none",3,"Plenary session transcript (Засідання 43, 22 May 2018) covering anti-raider legislation and the Anti-Corruption Court. No UOC-MP-related content.","coded_batch_11.json","2018-05-22","Засідання 43","rada.gov.ua","rada_stenogram","https://www.rada.gov.ua/meeting/stenogr/show/6808.html","J1_autocephaly_2018-19","2018"
"957ef58909e0","Через початок російської агресії у серпні 2014 року Президент України віддав указ про рішення РНБО, яким було передбачено припинення експорту до Російської Федерації товарів військового призначення.",FALSE,"neither","other","none","none",3,"Plenary session transcript (Засідання 44, 22 May 2018) covering defence-industry export bans to Russia following 2014 aggression. No UOC-MP-related content.","coded_batch_11.json","2018-05-22","Засідання 44","rada.gov.ua","rada_stenogram","https://www.rada.gov.ua/meeting/stenogr/show/6810.html","J1_autocephaly_2018-19","2018"
"ee04872a060b","Засідання Комітету з питань прав людини, деокупації та реінтеграції тимчасово окупованих територій України, національних меншин і міжнаціональних відносин",FALSE,"neither","other","none","none",1,"Failed/incomplete rada.gov.ua scrape (same recurring issue as prior batches): only generic site navigation boilerplate present, zero UOC-MP keyword hits (УПЦ, автокефалія, Московський, Онуфрій, митрополит, релігія, церква), no transcript content available to code.","coded_batch_12.json","2018-05-23","Засідання Комітету з питань прав людини, деокупації та реінтеграції тимчасово окупованих територій України, н","rada.gov.ua","rada_stenogram","https://rada.gov.ua/meeting/stenogr/show/6812.html","J1_autocephaly_2018-19","2018"
"be916eb52bde","Засідання Комітету з питань прав людини, деокупації та реінтеграції тимчасово окупованих територій України, національних меншин і міжнаціональних відносин",FALSE,"neither","other","none","none",1,"Failed/incomplete rada.gov.ua scrape (same recurring issue as prior batches): only generic site navigation boilerplate present, zero UOC-MP keyword hits (УПЦ, автокефалія, Московський, Онуфрій, митрополит, релігія, церква), no transcript content available to code.","coded_batch_12.json","2018-05-24","Засідання Комітету з питань прав людини, деокупації та реінтеграції тимчасово окупованих територій України, н","rada.gov.ua","rada_stenogram","https://rada.gov.ua/meeting/stenogr/show/6817.html","J1_autocephaly_2018-19","2018"
"53d33848f2eb","Засідання Комітету з питань прав людини, деокупації та реінтеграції тимчасово окупованих територій України, національних меншин і міжнаціональних відносин",FALSE,"neither","other","none","none",1,"Failed/incomplete rada.gov.ua scrape (same recurring issue as prior batches): only generic site navigation boilerplate present, zero UOC-MP keyword hits (УПЦ, автокефалія, Московський, Онуфрій, митрополит, релігія, церква), no transcript content available to code.","coded_batch_12.json","2018-05-25","Засідання Комітету з питань прав людини, деокупації та реінтеграції тимчасово окупованих територій України, н","rada.gov.ua","rada_stenogram","https://rada.gov.ua/meeting/stenogr/show/6818.html","J1_autocephaly_2018-19","2018"
"8cfc91fa5ad1","Засідання Комітету з питань прав людини, деокупації та реінтеграції тимчасово окупованих територій України, національних меншин і міжнаціональних відносин",FALSE,"neither","other","none","none",1,"Failed/incomplete rada.gov.ua scrape (same recurring issue as prior batches): only generic site navigation boilerplate present, zero UOC-MP keyword hits (УПЦ, автокефалія, Московський, Онуфрій, митрополит, релігія, церква), no transcript content available to code.","coded_batch_12.json","2018-05-25","Засідання Комітету з питань прав людини, деокупації та реінтеграції тимчасово окупованих територій України, н","rada.gov.ua","rada_stenogram","https://rada.gov.ua/meeting/stenogr/show/6819.html","J1_autocephaly_2018-19","2018"
"5762a3835ee3","Засідання Комітету з питань прав людини, деокупації та реінтеграції тимчасово окупованих територій України, національних меншин і міжнаціональних відносин",FALSE,"neither","other","none","none",1,"Failed/incomplete rada.gov.ua scrape (same recurring issue as prior batches): only generic site navigation boilerplate present, zero UOC-MP keyword hits (УПЦ, автокефалія, Московський, Онуфрій, митрополит, релігія, церква), no transcript content available to code.","coded_batch_12.json","2018-06-04","Засідання Комітету з питань прав людини, деокупації та реінтеграції тимчасово окупованих територій України, н","rada.gov.ua","rada_stenogram","https://rada.gov.ua/meeting/stenogr/show/6820.html","J1_autocephaly_2018-19","2018"
"916c043ca613","Засідання Комітету з питань прав людини, деокупації та реінтеграції тимчасово окупованих територій України, національних меншин і міжнаціональних відносин",FALSE,"neither","other","none","none",1,"Failed/incomplete rada.gov.ua scrape (same recurring issue as prior batches): only generic site navigation boilerplate present, zero UOC-MP keyword hits (УПЦ, автокефалія, Московський, Онуфрій, митрополит, релігія, церква), no transcript content available to code.","coded_batch_12.json","2018-06-05","Засідання Комітету з питань прав людини, деокупації та реінтеграції тимчасово окупованих територій України, н","rada.gov.ua","rada_stenogram","https://rada.gov.ua/meeting/stenogr/show/6821.html","J1_autocephaly_2018-19","2018"
"b319d8d99c6c","Засідання Комітету з питань прав людини, деокупації та реінтеграції тимчасово окупованих територій України, національних меншин і міжнаціональних відносин",FALSE,"neither","other","none","none",1,"Failed/incomplete rada.gov.ua scrape (same recurring issue as prior batches): only generic site navigation boilerplate present, zero UOC-MP keyword hits (УПЦ, автокефалія, Московський, Онуфрій, митрополит, релігія, церква), no transcript content available to code.","coded_batch_12.json","2018-06-05","Засідання Комітету з питань прав людини, деокупації та реінтеграції тимчасово окупованих територій України, н","rada.gov.ua","rada_stenogram","https://rada.gov.ua/meeting/stenogr/show/6823.html","J1_autocephaly_2018-19","2018"
"e99c6321e454","ВККС так і не змогла пояснити критерії оцінювання, за якими роботи оцінювалися.",FALSE,"neither","other","none","none",3,"Plenary session transcript (Засідання 47, 24 May 2018) covering the Anti-Corruption Court judge selection process. No UOC-MP-related content.","coded_batch_12.json","2018-05-24","Засідання 47","rada.gov.ua","rada_stenogram","https://www.rada.gov.ua/meeting/stenogr/show/6817.html","J1_autocephaly_2018-19","2018"
"5dd6a90c4c0e","Олександра Бригинця до міністра культури щодо внесення до Державного реєстру пам'ятки історії, архітектури і містобудування - Лічниці Митрополита Андрея Шептицького у місті Львів.",FALSE,"neither","other","none","none",3,"Plenary session transcript (Засідання 48, 25 May 2018) with a register of deputy interpellations. The only 'Митрополит' hit references UGCC Metropolitan Andrey Sheptytsky's historic clinic building in Lviv (a heritage-registration request), unrelated to UOC-MP. No UOC-MP-related content.","coded_batch_12.json","2018-05-25","Засідання 48","rada.gov.ua","rada_stenogram","https://www.rada.gov.ua/meeting/stenogr/show/6819.html","J1_autocephaly_2018-19","2018"
"1f625c22bdae","Це ключове питання порядку денного не тільки для Верховної Ради України, а в цілому для нашої держави.",FALSE,"neither","other","none","none",3,"Coordination Council transcript (4 June 2018) focused on the Anti-Corruption Court law. No UOC-MP-related content; keyword search returned zero hits.","coded_batch_12.json","2018-06-04","Погоджувальна рада","rada.gov.ua","rada_stenogram","https://www.rada.gov.ua/meeting/stenogr/show/6820.html","J1_autocephaly_2018-19","2018"
"bec9dcafd714","Перемога – це не лише звільнення української землі. Перемога це коли вперше, більш як за 300 років, в Україні з'явився реальний шанс створити Єдину Помісну Православну і головне – Українську Церкву.",FALSE,"neither","other","none","none",2,"Poroshenko speaks at a prayer service for peace in Madrid, expressing hope the Tomos will be granted by the 1030th anniversary of the Baptism of Rus. Hopeful/devotional tone; no new threat framing or securitising language beyond what has been documented in prior batches.","coded_batch_12.json","2018-06-04","Порошенко сподівається, що Томос про автокефалію нададуть до 1030-ї річниці Хрещення України-Руси","risu.ua","poroshenko_speech","https://risu.ua/poroshenko-spodivayetsya-shcho-tomos-pro-avtokefaliyu-nadadut-do-1030-ji-richnici-hreshchennya-ukrajini-rusi_n91085","J1_autocephaly_2018-19","2018"
"b9aa4cc62bf0","Світська невизначеність щодо юридичної можливості звернення президента може створити додаткові умови для поглиблення поляризації українського суспільства... Це може призвести вже не до зовнішнього, а до внутрішнього конфлікту.",FALSE,"neither","other","none","none",1,"Article on a civil-society lawsuit (NGO 'Rule of Law') challenging the legal authority of Poroshenko's appeal to Patriarch Bartholomew as unconstitutional state interference in church affairs. The plaintiff explicitly states he personally has no objection to granting the Tomos and supports church-state separation on principle; his stated concern is legal/procedural clarity, warning that ambiguity could deepen societal polarisation and risk 'internal conflict'. This is not a securitising move against UOC-MP -- it is a civil-society legal challenge to the state's own conduct, running in a different direction from the codebook's typical framing. Coded as not securitising, but flagged as a notable instance of domestic legal pushback against the state's autocephaly campaign, distinct from the UOC-MP/ROC-originated pushback seen elsewhere in the corpus.","coded_batch_12.json","2018-06-05","Хто і навіщо подав до суду на Порошенка через Томос","risu.ua","poroshenko_speech","https://risu.ua/hto-i-navishcho-podav-do-sudu-na-poroshenka-cherez-tomos_n93599","J1_autocephaly_2018-19","2018"
"ec60276bd998","7440П Проект Закону про Вищий антикорупційний суд (друге читання).",FALSE,"neither","other","none","none",3,"Legislative agenda (Poriadok dennyi, 5 June 2018) dominated by the Anti-Corruption Court bill. No UOC-MP-related items on this agenda.","coded_batch_12.json","2018-06-05","Порядок денний","rada.gov.ua","rada_stenogram","https://www.rada.gov.ua/meeting/stenogr/show/6821.html","J1_autocephaly_2018-19","2018"
"04e45f11c4dd","Боротьба з корупцією в нашій державі перетворюється на безкінечний серіал.",FALSE,"neither","other","none","none",3,"Plenary session transcript (Засідання 51, 6 June 2018) covering healthcare corruption and the Anti-Corruption Court. No UOC-MP-related content.","coded_batch_12.json","2018-06-06","Засідання 51","rada.gov.ua","rada_stenogram","https://www.rada.gov.ua/meeting/stenogr/show/6827.html","J1_autocephaly_2018-19","2018"
"75883e04d63e","Засідання Комітету з питань прав людини, деокупації та реінтеграції тимчасово окупованих територій України, національних меншин і міжнаціональних відносин",FALSE,"neither","other","none","none",1,"Failed/incomplete rada.gov.ua scrape (same recurring issue as prior batches): only generic site navigation boilerplate present, zero UOC-MP keyword hits (УПЦ, автокефалія, Московський, Онуфрій, митрополит, релігія, церква), no transcript content available to code.","coded_batch_13.json","2018-06-06","Засідання Комітету з питань прав людини, деокупації та реінтеграції тимчасово окупованих територій України, н","rada.gov.ua","rada_stenogram","https://rada.gov.ua/meeting/stenogr/show/6827.html","J1_autocephaly_2018-19","2018"
"36aaae8c7aa5","Засідання Комітету з питань прав людини, деокупації та реінтеграції тимчасово окупованих територій України, національних меншин і міжнаціональних відносин",FALSE,"neither","other","none","none",1,"Failed/incomplete rada.gov.ua scrape (same recurring issue as prior batches): only generic site navigation boilerplate present, zero UOC-MP keyword hits (УПЦ, автокефалія, Московський, Онуфрій, митрополит, релігія, церква), no transcript content available to code.","coded_batch_13.json","2018-06-07","Засідання Комітету з питань прав людини, деокупації та реінтеграції тимчасово окупованих територій України, н","rada.gov.ua","rada_stenogram","https://rada.gov.ua/meeting/stenogr/show/6831.html","J1_autocephaly_2018-19","2018"
"e501d0d32b89","Засідання Комітету з питань прав людини, деокупації та реінтеграції тимчасово окупованих територій України, національних меншин і міжнаціональних відносин",FALSE,"neither","other","none","none",1,"Failed/incomplete rada.gov.ua scrape (same recurring issue as prior batches): only generic site navigation boilerplate present, zero UOC-MP keyword hits (УПЦ, автокефалія, Московський, Онуфрій, митрополит, релігія, церква), no transcript content available to code.","coded_batch_13.json","2018-06-07","Засідання Комітету з питань прав людини, деокупації та реінтеграції тимчасово окупованих територій України, н","rada.gov.ua","rada_stenogram","https://rada.gov.ua/meeting/stenogr/show/6828.html","J1_autocephaly_2018-19","2018"
"2586512f9544","Засідання Комітету з питань прав людини, деокупації та реінтеграції тимчасово окупованих територій України, національних меншин і міжнаціональних відносин",FALSE,"neither","other","none","none",1,"Failed/incomplete rada.gov.ua scrape (same recurring issue as prior batches): only generic site navigation boilerplate present, zero UOC-MP keyword hits (УПЦ, автокефалія, Московський, Онуфрій, митрополит, релігія, церква), no transcript content available to code.","coded_batch_13.json","2018-06-08","Засідання Комітету з питань прав людини, деокупації та реінтеграції тимчасово окупованих територій України, н","rada.gov.ua","rada_stenogram","https://rada.gov.ua/meeting/stenogr/show/6833.html","J1_autocephaly_2018-19","2018"
"130fa829f2cf","Засідання Комітету з питань прав людини, деокупації та реінтеграції тимчасово окупованих територій України, національних меншин і міжнаціональних відносин",FALSE,"neither","other","none","none",1,"Failed/incomplete rada.gov.ua scrape (same recurring issue as prior batches): only generic site navigation boilerplate present, zero UOC-MP keyword hits (УПЦ, автокефалія, Московський, Онуфрій, митрополит, релігія, церква), no transcript content available to code.","coded_batch_13.json","2018-06-18","Засідання Комітету з питань прав людини, деокупації та реінтеграції тимчасово окупованих територій України, н","rada.gov.ua","rada_stenogram","https://rada.gov.ua/meeting/stenogr/show/6834.html","J1_autocephaly_2018-19","2018"
"09350c8679f2","Засідання Комітету з питань прав людини, деокупації та реінтеграції тимчасово окупованих територій України, національних меншин і міжнаціональних відносин",FALSE,"neither","other","none","none",1,"Failed/incomplete rada.gov.ua scrape (same recurring issue as prior batches): only generic site navigation boilerplate present, zero UOC-MP keyword hits (УПЦ, автокефалія, Московський, Онуфрій, митрополит, релігія, церква), no transcript content available to code.","coded_batch_13.json","2018-06-19","Засідання Комітету з питань прав людини, деокупації та реінтеграції тимчасово окупованих територій України, н","rada.gov.ua","rada_stenogram","https://rada.gov.ua/meeting/stenogr/show/6838.html","J1_autocephaly_2018-19","2018"
"6d4aa3025ef3","Засідання Комітету з питань прав людини, деокупації та реінтеграції тимчасово окупованих територій України, національних меншин і міжнаціональних відносин",FALSE,"neither","other","none","none",1,"Failed/incomplete rada.gov.ua scrape (same recurring issue as prior batches): only generic site navigation boilerplate present, zero UOC-MP keyword hits (УПЦ, автокефалія, Московський, Онуфрій, митрополит, релігія, церква), no transcript content available to code.","coded_batch_13.json","2018-06-19","Засідання Комітету з питань прав людини, деокупації та реінтеграції тимчасово окупованих територій України, н","rada.gov.ua","rada_stenogram","https://rada.gov.ua/meeting/stenogr/show/6835.html","J1_autocephaly_2018-19","2018"
"662867782638","7440П Проект Закону про Вищий антикорупційний суд (друге читання).",FALSE,"neither","other","none","none",3,"Legislative agenda (Poriadok dennyi, 7 June 2018) dominated by the Anti-Corruption Court bill. No UOC-MP-related items.","coded_batch_13.json","2018-06-07","Порядок денний","rada.gov.ua","rada_stenogram","https://www.rada.gov.ua/meeting/stenogr/show/6828.html","J1_autocephaly_2018-19","2018"
"a2797d89b0e1","Дуже б хотілося, щоб ми сьогодні показали, всі народні депутати, відношення наше до політв'язнів.",FALSE,"neither","other","none","none",3,"Plenary session transcript (Засідання 53, 7 June 2018) covering a resolution on political prisoners. No UOC-MP-related content.","coded_batch_13.json","2018-06-07","Засідання 53","rada.gov.ua","rada_stenogram","https://www.rada.gov.ua/meeting/stenogr/show/6831.html","J1_autocephaly_2018-19","2018"
"13002d9b6fbf","Голосуємо за законопроект.",FALSE,"neither","other","none","none",2,"Plenary session transcript (Засідання 54, 8 June 2018) with no UOC-MP-related content; keyword search returned zero hits.","coded_batch_13.json","2018-06-08","Засідання 54","rada.gov.ua","rada_stenogram","https://www.rada.gov.ua/meeting/stenogr/show/6833.html","J1_autocephaly_2018-19","2018"
"180140a5328c","Я щоранку молюся. Це у мене забирає 10-12 хвилин.",FALSE,"neither","other","none","none",3,"Human-interest piece on Poroshenko's personal morning prayer routine. No securitising content.","coded_batch_13.json","2018-06-10","Президент Порошенко не виходить з дому без молитви","risu.ua","poroshenko_speech","https://risu.ua/prezident-poroshenko-ne-vihodit-z-domu-bez-molitvi_n91158","J1_autocephaly_2018-19","2018"
"7ea609906b0b","Единственный его козырь – это «чемоданчик», то есть деньги для покупки нужного РПЦ решения, но российские деньги, в том числе и церковные, сегодня довольно «токсичны».",FALSE,"neither","other","Russia","none",2,"Long analytical essay (despite the 'speaker: poroshenko' tag, this is clearly third-party expert/scholarly analysis, not Poroshenko's own words) mapping out the 'actors' in the Tomos process -- Poroshenko, Patriarch Filaret, Metropolitan Onufriy, Patriarch Bartholomew, and the Russian Orthodox Church/Patriarch Kirill. It reports that UOC-MP's campaign to collect a million signatures against the unified church collected only 60,000, evidencing the limits of the 'pro-Moscow' episcopate's influence, and states Kirill's 'only trump card' is a metaphorical 'suitcase' of money to buy a favourable decision -- echoing the bribery allegation Poroshenko made in batch 11 (da2a8a5d3538). This is explanatory/analytical journalism rather than the article's own securitising claim; coded as not securitising per se, but flagged as corroborating evidence for the bribery narrative and Russia's 'imperial paradigm' framing already documented elsewhere in the corpus.","coded_batch_13.json","2018-06-12","Украинская автокефалия как историческая драма","risu.ua","poroshenko_speech","https://risu.ua/ukrainskaya-avtokefaliya-kak-istoricheskaya-drama_n91518","J1_autocephaly_2018-19","2018"
"ad96829f5d21","Ми зможемо його включити, розглянути до обіду... блок питань як безпеки і оборони.",FALSE,"neither","other","none","none",3,"Coordination Council transcript (18 June 2018) covering security/defence legislation and a child-protection bill block. No UOC-MP-related content.","coded_batch_13.json","2018-06-18","Погоджувальна рада","rada.gov.ua","rada_stenogram","https://www.rada.gov.ua/meeting/stenogr/show/6834.html","J1_autocephaly_2018-19","2018"
"1e37f1560f28","Наступне запитання.",FALSE,"neither","other","none","none",2,"Plenary session transcript (Засідання 55, 19 June 2018) with no UOC-MP-related content; keyword search returned zero hits.","coded_batch_13.json","2018-06-19","Засідання 55","rada.gov.ua","rada_stenogram","https://www.rada.gov.ua/meeting/stenogr/show/6836.html","J1_autocephaly_2018-19","2018"
"45ce3a79b837","Цей законопроект передбачає серед іншого дозвіл на ввезення незареєстрованих в Україні лікарських засобів іноземних держав.",FALSE,"neither","other","none","none",3,"Plenary session transcript (Засідання 56, 19 June 2018) covering a medical-supplies import bill. No UOC-MP-related content.","coded_batch_13.json","2018-06-19","Засідання 56","rada.gov.ua","rada_stenogram","https://www.rada.gov.ua/meeting/stenogr/show/6838.html","J1_autocephaly_2018-19","2018"
"79b85ff9f8f6","Засідання Комітету з питань прав людини, деокупації та реінтеграції тимчасово окупованих територій України, національних меншин і міжнаціональних відносин",FALSE,"neither","other","none","none",1,"Failed/incomplete rada.gov.ua scrape (same recurring issue as prior batches): only generic site navigation boilerplate present, zero UOC-MP keyword hits (УПЦ, автокефалія, Московський, Онуфрій, митрополит, релігія, церква), no transcript content available to code.","coded_batch_14.json","2018-06-19","Засідання Комітету з питань прав людини, деокупації та реінтеграції тимчасово окупованих територій України, н","rada.gov.ua","rada_stenogram","https://rada.gov.ua/meeting/stenogr/show/6836.html","J1_autocephaly_2018-19","2018"
"eb5028f30ce6","Засідання Комітету з питань прав людини, деокупації та реінтеграції тимчасово окупованих територій України, національних меншин і міжнаціональних відносин",FALSE,"neither","other","none","none",1,"Failed/incomplete rada.gov.ua scrape (same recurring issue as prior batches): only generic site navigation boilerplate present, zero UOC-MP keyword hits (УПЦ, автокефалія, Московський, Онуфрій, митрополит, релігія, церква), no transcript content available to code.","coded_batch_14.json","2018-06-19","Засідання Комітету з питань прав людини, деокупації та реінтеграції тимчасово окупованих територій України, н","rada.gov.ua","rada_stenogram","https://rada.gov.ua/meeting/stenogr/show/6837.html","J1_autocephaly_2018-19","2018"
"84e43d58346c","Засідання Комітету з питань прав людини, деокупації та реінтеграції тимчасово окупованих територій України, національних меншин і міжнаціональних відносин",FALSE,"neither","other","none","none",1,"Failed/incomplete rada.gov.ua scrape (same recurring issue as prior batches): only generic site navigation boilerplate present, zero UOC-MP keyword hits (УПЦ, автокефалія, Московський, Онуфрій, митрополит, релігія, церква), no transcript content available to code.","coded_batch_14.json","2018-06-20","Засідання Комітету з питань прав людини, деокупації та реінтеграції тимчасово окупованих територій України, н","rada.gov.ua","rada_stenogram","https://rada.gov.ua/meeting/stenogr/show/6840.html","J1_autocephaly_2018-19","2018"
"72e6e9a1b3a2","Засідання Комітету з питань прав людини, деокупації та реінтеграції тимчасово окупованих територій України, національних меншин і міжнаціональних відносин",FALSE,"neither","other","none","none",1,"Failed/incomplete rada.gov.ua scrape (same recurring issue as prior batches): only generic site navigation boilerplate present, zero UOC-MP keyword hits (УПЦ, автокефалія, Московський, Онуфрій, митрополит, релігія, церква), no transcript content available to code.","coded_batch_14.json","2018-06-21","Засідання Комітету з питань прав людини, деокупації та реінтеграції тимчасово окупованих територій України, н","rada.gov.ua","rada_stenogram","https://rada.gov.ua/meeting/stenogr/show/6846.html","J1_autocephaly_2018-19","2018"
"8d48ccf2983d","Засідання Комітету з питань прав людини, деокупації та реінтеграції тимчасово окупованих територій України, національних меншин і міжнаціональних відносин",FALSE,"neither","other","none","none",1,"Failed/incomplete rada.gov.ua scrape (same recurring issue as prior batches): only generic site navigation boilerplate present, zero UOC-MP keyword hits (УПЦ, автокефалія, Московський, Онуфрій, митрополит, релігія, церква), no transcript content available to code.","coded_batch_14.json","2018-06-21","Засідання Комітету з питань прав людини, деокупації та реінтеграції тимчасово окупованих територій України, н","rada.gov.ua","rada_stenogram","https://rada.gov.ua/meeting/stenogr/show/6843.html","J1_autocephaly_2018-19","2018"
"ea601d947e49","Засідання Комітету з питань прав людини, деокупації та реінтеграції тимчасово окупованих територій України, національних меншин і міжнаціональних відносин",FALSE,"neither","other","none","none",1,"Failed/incomplete rada.gov.ua scrape (same recurring issue as prior batches): only generic site navigation boilerplate present, zero UOC-MP keyword hits (УПЦ, автокефалія, Московський, Онуфрій, митрополит, релігія, церква), no transcript content available to code.","coded_batch_14.json","2018-06-21","Засідання Комітету з питань прав людини, деокупації та реінтеграції тимчасово окупованих територій України, н","rada.gov.ua","rada_stenogram","https://rada.gov.ua/meeting/stenogr/show/6844.html","J1_autocephaly_2018-19","2018"
"5d3817121ef6","Засідання Комітету з питань прав людини, деокупації та реінтеграції тимчасово окупованих територій України, національних меншин і міжнаціональних відносин",FALSE,"neither","other","none","none",1,"Failed/incomplete rada.gov.ua scrape (same recurring issue as prior batches): only generic site navigation boilerplate present, zero UOC-MP keyword hits (УПЦ, автокефалія, Московський, Онуфрій, митрополит, релігія, церква), no transcript content available to code.","coded_batch_14.json","2018-06-22","Засідання Комітету з питань прав людини, деокупації та реінтеграції тимчасово окупованих територій України, н","rada.gov.ua","rada_stenogram","https://rada.gov.ua/meeting/stenogr/show/6847.html","J1_autocephaly_2018-19","2018"
"68de6daf8274","Засідання Комітету з питань прав людини, деокупації та реінтеграції тимчасово окупованих територій України, національних меншин і міжнаціональних відносин",FALSE,"neither","other","none","none",1,"Failed/incomplete rada.gov.ua scrape (same recurring issue as prior batches): only generic site navigation boilerplate present, zero UOC-MP keyword hits (УПЦ, автокефалія, Московський, Онуфрій, митрополит, релігія, церква), no transcript content available to code.","coded_batch_14.json","2018-06-22","Засідання Комітету з питань прав людини, деокупації та реінтеграції тимчасово окупованих територій України, н","rada.gov.ua","rada_stenogram","https://rada.gov.ua/meeting/stenogr/show/6845.html","J1_autocephaly_2018-19","2018"
"047e99f01cd6","Дана поправку враховано редакційно по суті.",FALSE,"neither","other","none","none",3,"Plenary session transcript (Засідання 59, 21 June 2018) covering currency liberalisation legislation. No UOC-MP-related content.","coded_batch_14.json","2018-06-21","Засідання 59","rada.gov.ua","rada_stenogram","https://www.rada.gov.ua/meeting/stenogr/show/6846.html","J1_autocephaly_2018-19","2018"
"0a3a199a0399","Ми знаходимось в розгляді проекту Закону про національну безпеку України (№ 8068).",FALSE,"neither","other","none","none",3,"Plenary session transcript (Засідання 58, 21 June 2018) covering the National Security Law (developed with NATO partners) and the Anti-Corruption Court. No UOC-MP-related content.","coded_batch_14.json","2018-06-21","Засідання 58","rada.gov.ua","rada_stenogram","https://www.rada.gov.ua/meeting/stenogr/show/6843.html","J1_autocephaly_2018-19","2018"
"800a311121f9","Ті, хто виступає проти начебто втручання української влади у церковні справи, спокійно ставляться та навіть толерують реальне втручання російської влади в українську релігійну ситуацію. В наслідок чого порушується суверенне право влади України самостійно діяти на власній території.",TRUE,"material","state","Russia","other",2,"Analytical article (author Dmytro Horovyi) surveying Ukrainian diplomatic outreach to Local Orthodox Churches in support of autocephaly. Explicitly frames real Russian interference in Ukraine's religious affairs as violating Ukraine's 'sovereign right to act independently on its own territory' -- a securitising claim (threat to sovereignty) used to justify the state's active diplomatic campaign as legitimate rather than improper state-church entanglement.","coded_batch_14.json","2018-06-21","Українська автокефалія: активність нашої дипломатії","risu.ua","poroshenko_speech","https://risu.ua/ukrajinska-avtokefaliya-aktivnist-nashoji-diplomatiji_n91385","J1_autocephaly_2018-19","2018"
"800a311121f9","Речник Президента РФ Дмитро Пєсков, коментуючи ситуації навколо УПЦ (МП), постійно вживає слова «наша Церква», очевидно, що в Путіна вважають це своїм інструментом впливу на Україну.",TRUE,"ontological","other","UOC-MP","other",2,"The article explicitly claims that Kremlin spokesperson Dmitry Peskov's habitual use of 'our Church' when discussing UOC-MP reveals that Putin regards it as 'his instrument of influence over Ukraine' -- direct threat-actor framing casting UOC-MP as a Russian influence instrument. The article also documents (and debunks) Patriarch Kirill's 2014 attempt to frame Russian aggression as a religious civil war/'genocide of the Orthodox' against 'Uniates and schismatics' -- itself a notable Russian/ROC securitising propaganda narrative, though the author presents it critically as having 'failed'.","coded_batch_14.json","2018-06-21","Українська автокефалія: активність нашої дипломатії","risu.ua","poroshenko_speech","https://risu.ua/ukrajinska-avtokefaliya-aktivnist-nashoji-diplomatiji_n91385","J1_autocephaly_2018-19","2018"
"8e699575f466","Є звичайно шлях прийняти парламентом законопроект № 5309 і змусити їх уточнити назву, додавши «Московського патріархату».",TRUE,"ontological","identity","UOC-MP","other",2,"Analytical piece (same author, Dmytro Horovyi) on likely consequences of autocephaly. Describes a real pending bill (No. 5309) that would legislatively compel UOC-MP to add 'Moscow Patriarchate' to its official name, on the grounds that it improperly claims the unqualified 'Ukrainian Orthodox Church' name while remaining subordinate to Moscow -- an explicit proposed extraordinary legislative/administrative measure targeting UOC-MP's identity/branding specifically. The same article also explicitly warns against any violence or seizure of monasteries ('я категорично проти будь-якого насильства чи беззаконня'), noting this would hand Russia/ROC exactly the 'Uniates and schismatics vs Orthodox' propaganda narrative it seeks -- i.e. the author argues against extraordinary coercive measures even while documenting Russia's own attempts to construct that narrative.","coded_batch_14.json","2018-06-25","До яких наслідків призведе українська автокефалія?","risu.ua","poroshenko_speech","https://risu.ua/do-yakih-naslidkiv-prizvede-ukrajinska-avtokefaliya_n91468","J1_autocephaly_2018-19","2018"
"61f3e4725726","Як трапилося, що в неділю під час того, як християни вийшли на мирну ходу протистояти проти нав'язування гомосексуальній пропаганді, вони получили кийками?",FALSE,"neither","identity","other","none",1,"Plenary session transcript (Засідання 60, 22 June 2018). An MP raises an inquiry about an attack (reportedly with clubs) on a Christian family-values march protesting 'the imposition of homosexual propaganda', involving young Christians 'from various confessions, various churches'. This is not UOC-MP-specific -- it concerns a cross-confessional family-values demonstration and alleged violence against it, not a securitising move directed at or involving UOC-MP. The remaining 'Церква' keyword hits in this document are the place name 'Біла Церква' and an unrelated inquiry about relocating an archive out of a church building in Nizhyn. No UOC-MP-related securitising content.","coded_batch_14.json","2018-06-22","Засідання 60","rada.gov.ua","rada_stenogram","https://www.rada.gov.ua/meeting/stenogr/show/6847.html","J1_autocephaly_2018-19","2018"
"1ecc8b2f87fe","Важлива справа врегулювання українського церковного питання, тому що це логічно, і ми бажаємо як мати-церква відновлення єдності в Україні.",FALSE,"neither","other","none","none",2,"Coordination Council transcript (2 July 2018). MP Ihor Lutsenko positively cites the Ecumenical Patriarchate's supportive remarks on resolving the 'Ukrainian church question' following a memorial service for a deceased metropolitan, framing recent diplomatic progress favourably. Cooperative/celebratory tone, not securitising.","coded_batch_15.json","2018-07-02","Погоджувальна рада","rada.gov.ua","rada_stenogram","https://www.rada.gov.ua/meeting/stenogr/show/6848.html","J1_autocephaly_2018-19","2018"
"34e5727ecf6c","Засідання Комітету з питань прав людини, деокупації та реінтеграції тимчасово окупованих територій України, національних меншин і міжнаціональних відносин",FALSE,"neither","other","none","none",1,"Failed/incomplete rada.gov.ua scrape (same recurring issue as prior batches): only generic site navigation boilerplate present, zero UOC-MP keyword hits (УПЦ, автокефалія, Московський, Онуфрій, митрополит, релігія, церква), no transcript content available to code.","coded_batch_15.json","2018-07-02","Засідання Комітету з питань прав людини, деокупації та реінтеграції тимчасово окупованих територій України, н","rada.gov.ua","rada_stenogram","https://rada.gov.ua/meeting/stenogr/show/6848.html","J1_autocephaly_2018-19","2018"
"0b4c7a59f035","Засідання Комітету з питань прав людини, деокупації та реінтеграції тимчасово окупованих територій України, національних меншин і міжнаціональних відносин",FALSE,"neither","other","none","none",1,"Failed/incomplete rada.gov.ua scrape (same recurring issue as prior batches): only generic site navigation boilerplate present, zero UOC-MP keyword hits (УПЦ, автокефалія, Московський, Онуфрій, митрополит, релігія, церква), no transcript content available to code.","coded_batch_15.json","2018-07-03","Засідання Комітету з питань прав людини, деокупації та реінтеграції тимчасово окупованих територій України, н","rada.gov.ua","rada_stenogram","https://rada.gov.ua/meeting/stenogr/show/6849.html","J1_autocephaly_2018-19","2018"
"ee769c2322ac","Засідання Комітету з питань прав людини, деокупації та реінтеграції тимчасово окупованих територій України, національних меншин і міжнаціональних відносин",FALSE,"neither","other","none","none",1,"Failed/incomplete rada.gov.ua scrape (same recurring issue as prior batches): only generic site navigation boilerplate present, zero UOC-MP keyword hits (УПЦ, автокефалія, Московський, Онуфрій, митрополит, релігія, церква), no transcript content available to code.","coded_batch_15.json","2018-07-03","Засідання Комітету з питань прав людини, деокупації та реінтеграції тимчасово окупованих територій України, н","rada.gov.ua","rada_stenogram","https://rada.gov.ua/meeting/stenogr/show/6851.html","J1_autocephaly_2018-19","2018"
"3c649196398b","Засідання Комітету з питань прав людини, деокупації та реінтеграції тимчасово окупованих територій України, національних меншин і міжнаціональних відносин",FALSE,"neither","other","none","none",1,"Failed/incomplete rada.gov.ua scrape (same recurring issue as prior batches): only generic site navigation boilerplate present, zero UOC-MP keyword hits (УПЦ, автокефалія, Московський, Онуфрій, митрополит, релігія, церква), no transcript content available to code.","coded_batch_15.json","2018-07-04","Засідання Комітету з питань прав людини, деокупації та реінтеграції тимчасово окупованих територій України, н","rada.gov.ua","rada_stenogram","https://rada.gov.ua/meeting/stenogr/show/6855.html","J1_autocephaly_2018-19","2018"
"43247193bfc0","Засідання Комітету з питань прав людини, деокупації та реінтеграції тимчасово окупованих територій України, національних меншин і міжнаціональних відносин",FALSE,"neither","other","none","none",1,"Failed/incomplete rada.gov.ua scrape (same recurring issue as prior batches): only generic site navigation boilerplate present, zero UOC-MP keyword hits (УПЦ, автокефалія, Московський, Онуфрій, митрополит, релігія, церква), no transcript content available to code.","coded_batch_15.json","2018-07-04","Засідання Комітету з питань прав людини, деокупації та реінтеграції тимчасово окупованих територій України, н","rada.gov.ua","rada_stenogram","https://rada.gov.ua/meeting/stenogr/show/6854.html","J1_autocephaly_2018-19","2018"
"ad17aa42d9b1","Засідання Комітету з питань прав людини, деокупації та реінтеграції тимчасово окупованих територій України, національних меншин і міжнаціональних відносин",FALSE,"neither","other","none","none",1,"Failed/incomplete rada.gov.ua scrape (same recurring issue as prior batches): only generic site navigation boilerplate present, zero UOC-MP keyword hits (УПЦ, автокефалія, Московський, Онуфрій, митрополит, релігія, церква), no transcript content available to code.","coded_batch_15.json","2018-07-05","Засідання Комітету з питань прав людини, деокупації та реінтеграції тимчасово окупованих територій України, н","rada.gov.ua","rada_stenogram","https://rada.gov.ua/meeting/stenogr/show/6857.html","J1_autocephaly_2018-19","2018"
"b7bcd02af78a","Засідання Комітету з питань прав людини, деокупації та реінтеграції тимчасово окупованих територій України, національних меншин і міжнаціональних відносин",FALSE,"neither","other","none","none",1,"Failed/incomplete rada.gov.ua scrape (same recurring issue as prior batches): only generic site navigation boilerplate present, zero UOC-MP keyword hits (УПЦ, автокефалія, Московський, Онуфрій, митрополит, релігія, церква), no transcript content available to code.","coded_batch_15.json","2018-07-05","Засідання Комітету з питань прав людини, деокупації та реінтеграції тимчасово окупованих територій України, н","rada.gov.ua","rada_stenogram","https://rada.gov.ua/meeting/stenogr/show/6856.html","J1_autocephaly_2018-19","2018"
"5a1e6ce09429","Засідання Комітету з питань прав людини, деокупації та реінтеграції тимчасово окупованих територій України, національних меншин і міжнаціональних відносин",FALSE,"neither","other","none","none",1,"Failed/incomplete rada.gov.ua scrape (same recurring issue as prior batches): only generic site navigation boilerplate present, zero UOC-MP keyword hits (УПЦ, автокефалія, Московський, Онуфрій, митрополит, релігія, церква), no transcript content available to code.","coded_batch_15.json","2018-07-06","Засідання Комітету з питань прав людини, деокупації та реінтеграції тимчасово окупованих територій України, н","rada.gov.ua","rada_stenogram","https://rada.gov.ua/meeting/stenogr/show/6860.html","J1_autocephaly_2018-19","2018"
"83c062261cb3","Засідання Комітету з питань прав людини, деокупації та реінтеграції тимчасово окупованих територій України, національних меншин і міжнаціональних відносин",FALSE,"neither","other","none","none",1,"Failed/incomplete rada.gov.ua scrape (same recurring issue as prior batches): only generic site navigation boilerplate present, zero UOC-MP keyword hits (УПЦ, автокефалія, Московський, Онуфрій, митрополит, релігія, церква), no transcript content available to code.","coded_batch_15.json","2018-07-09","Засідання Комітету з питань прав людини, деокупації та реінтеграції тимчасово окупованих територій України, н","rada.gov.ua","rada_stenogram","https://rada.gov.ua/meeting/stenogr/show/6862.html","J1_autocephaly_2018-19","2018"
"4f523efa69f1","Церкві мучениці в Україні, яка грубим чином піддається переслідуванню з боку нинішнього режиму в Києві.",TRUE,"ontological","other","other","none",2,"Article on Poroshenko's meeting with Serbian Patriarch Irinej notes that the Serbian Orthodox Church's Synod (10 May 2018) expressed support for the 'martyr Church in Ukraine, which is being crudely persecuted by the current regime in Kyiv' -- a reverse-direction securitising statement from a Moscow-aligned church body, framing UOC-MP as a persecuted victim of the Ukrainian state ('regime in Kyiv'). Referent object coded 'other' (UOC-MP as the entity claimed to be under threat); threat actor coded 'other' (the Ukrainian state, from this pro-Moscow perspective). No specific extraordinary measure proposed in this passage beyond the expression of solidarity.","coded_batch_15.json","2018-07-04","Порошенко провів зустріч з Патріархом Сербської Православної Церкви Іринеєм","risu.ua","poroshenko_speech","https://risu.ua/poroshenko-proviv-zustrich-z-patriarhom-serbskoji-pravoslavnoji-cerkvi-irineyem_n91603","J1_autocephaly_2018-19","2018"
"4f523efa69f1","Сербська Церква повністю підтримує єдність і цілісність Руської Православної Церкви і рішуче засуджує дії уніатів і розкольників, які роздирають хітон Христовий... Всякий, хто допомагає українським розкольникам, це ворог не тільки Російської Церкви і «русского міра», але також і всіх православних слов'янських народів і всього православного світу.",TRUE,"ontological","other","other","other",3,"Patriarch Irinej of Serbia, speaking in Moscow (23 May 2018), delivers an extreme reverse-direction securitising statement: he declares that 'whoever helps the Ukrainian schismatics is an enemy... of all Orthodox Slavic peoples and the entire Orthodox world', explicitly declares Serbian Church support for 'the unity and integrity of the Russian Orthodox Church', and condemns pro-autocephaly Ukrainians ('Uniates and schismatics') using violent/martyrdom imagery ('opganized by blasphemy, violence and bloodshed'). This is a clear existential enemy-framing securitising move directed against Ukrainian autocephaly supporters from within the pro-Moscow ecclesiastical bloc; referent object coded 'other' (Russian Orthodox/Slavic Orthodox unity), threat actor 'other' (pro-autocephaly Ukrainians/'schismatics'), extraordinary measure 'other' (explicit condemnation/opposition as the called-for response).","coded_batch_15.json","2018-07-04","Порошенко провів зустріч з Патріархом Сербської Православної Церкви Іринеєм","risu.ua","poroshenko_speech","https://risu.ua/poroshenko-proviv-zustrich-z-patriarhom-serbskoji-pravoslavnoji-cerkvi-irineyem_n91603","J1_autocephaly_2018-19","2018"
"9ebff37bd00d","Прямі інвестиції з ЄС в українську економіку впали в півтора рази.",FALSE,"neither","other","none","none",3,"Plenary session transcript (Засідання 63, 4 July 2018) covering mining industry wages and foreign investment decline. No UOC-MP-related content.","coded_batch_15.json","2018-07-04","Засідання 63","rada.gov.ua","rada_stenogram","https://www.rada.gov.ua/meeting/stenogr/show/6855.html","J1_autocephaly_2018-19","2018"
"746786697c5f","Сьогодні Росія бажає перешкодити нам мати свою незалежну Церкву: Російська Церква - Церква країни-агресора. Українська Церква - Церква для українців.",TRUE,"both","nation","Russia","other",3,"Direct Poroshenko quote to Serbian television. Explicitly states Russia 'wants to prevent us from having our own independent Church' and directly labels the Russian Church 'the church of the aggressor country', contrasted with 'the Ukrainian Church, a church for Ukrainians'. Clear threat identification (Russia obstructing Ukrainian church independence) combined with aggressor-state/identity framing, delivered as international diplomatic messaging in support of the ongoing Tomos campaign.","coded_batch_15.json","2018-07-05","Порошенко: Україна була матір'ю для РПЦ, а не навпаки","risu.ua","poroshenko_speech","https://risu.ua/poroshenko-ukrajina-bula-matir-yu-dlya-rpc-a-ne-navpaki_n91616","J1_autocephaly_2018-19","2018"
"f3e463d41f45","6642Д Проект Закону про внесення змін до Закону України «Про державну реєстрацію юридичних осіб, фізичних осіб-підприємців та громадських формувань» (щодо оформлення документів релігійних організацій) (друге читання).",FALSE,"neither","other","none","none",2,"Legislative agenda (Poriadok dennyi, 5 July 2018), now listing the familiar religious-organisations registration bill (6642) for its second reading. Neutral procedural item, no securitising content.","coded_batch_15.json","2018-07-05","Порядок денний","rada.gov.ua","rada_stenogram","https://www.rada.gov.ua/meeting/stenogr/show/6856.html","J1_autocephaly_2018-19","2018"
"fcc029f2368d","У нас лишається цілий ряд важливих ратифікацій.",FALSE,"neither","other","none","none",3,"Coordination Council transcript (9 July 2018) covering upcoming legislative ratifications and bill 7441. No UOC-MP-related content; keyword search returned zero hits.","coded_batch_16.json","2018-07-09","Погоджувальна рада","rada.gov.ua","rada_stenogram","https://www.rada.gov.ua/meeting/stenogr/show/6862.html","J1_autocephaly_2018-19","2018"
"10b34981a4d3","Склад ЦВК треба оновлювати і не зволікати.",FALSE,"neither","other","none","none",3,"Plenary session transcript (Засідання 67, 10 July 2018) covering Central Election Commission composition reform. No UOC-MP-related content.","coded_batch_16.json","2018-07-10","Засідання 67","rada.gov.ua","rada_stenogram","https://www.rada.gov.ua/meeting/stenogr/show/6864.html","J1_autocephaly_2018-19","2018"
"4fbf8d70ec48","Засідання Комітету з питань прав людини, деокупації та реінтеграції тимчасово окупованих територій України, національних меншин і міжнаціональних відносин",FALSE,"neither","other","none","none",1,"Failed/incomplete rada.gov.ua scrape (same recurring issue as prior batches): only generic site navigation boilerplate present, zero UOC-MP keyword hits (УПЦ, автокефалія, Московський, Онуфрій, митрополит, релігія, церква), no transcript content available to code.","coded_batch_16.json","2018-07-10","Засідання Комітету з питань прав людини, деокупації та реінтеграції тимчасово окупованих територій України, н","rada.gov.ua","rada_stenogram","https://rada.gov.ua/meeting/stenogr/show/6865.html","J1_autocephaly_2018-19","2018"
"8b958881ed1e","Засідання Комітету з питань прав людини, деокупації та реінтеграції тимчасово окупованих територій України, національних меншин і міжнаціональних відносин",FALSE,"neither","other","none","none",1,"Failed/incomplete rada.gov.ua scrape (same recurring issue as prior batches): only generic site navigation boilerplate present, zero UOC-MP keyword hits (УПЦ, автокефалія, Московський, Онуфрій, митрополит, релігія, церква), no transcript content available to code.","coded_batch_16.json","2018-07-10","Засідання Комітету з питань прав людини, деокупації та реінтеграції тимчасово окупованих територій України, н","rada.gov.ua","rada_stenogram","https://rada.gov.ua/meeting/stenogr/show/6863.html","J1_autocephaly_2018-19","2018"
"c7d89ab59026","Засідання Комітету з питань прав людини, деокупації та реінтеграції тимчасово окупованих територій України, національних меншин і міжнаціональних відносин",FALSE,"neither","other","none","none",1,"Failed/incomplete rada.gov.ua scrape (same recurring issue as prior batches): only generic site navigation boilerplate present, zero UOC-MP keyword hits (УПЦ, автокефалія, Московський, Онуфрій, митрополит, релігія, церква), no transcript content available to code.","coded_batch_16.json","2018-07-10","Засідання Комітету з питань прав людини, деокупації та реінтеграції тимчасово окупованих територій України, н","rada.gov.ua","rada_stenogram","https://rada.gov.ua/meeting/stenogr/show/6864.html","J1_autocephaly_2018-19","2018"
"fd228d514ab3","Засідання Комітету з питань прав людини, деокупації та реінтеграції тимчасово окупованих територій України, національних меншин і міжнаціональних відносин",FALSE,"neither","other","none","none",1,"Failed/incomplete rada.gov.ua scrape (same recurring issue as prior batches): only generic site navigation boilerplate present, zero UOC-MP keyword hits (УПЦ, автокефалія, Московський, Онуфрій, митрополит, релігія, церква), no transcript content available to code.","coded_batch_16.json","2018-07-10","Засідання Комітету з питань прав людини, деокупації та реінтеграції тимчасово окупованих територій України, н","rada.gov.ua","rada_stenogram","https://rada.gov.ua/meeting/stenogr/show/6866.html","J1_autocephaly_2018-19","2018"
"f886607606c0","Засідання Комітету з питань прав людини, деокупації та реінтеграції тимчасово окупованих територій України, національних меншин і міжнаціональних відносин",FALSE,"neither","other","none","none",1,"Failed/incomplete rada.gov.ua scrape (same recurring issue as prior batches): only generic site navigation boilerplate present, zero UOC-MP keyword hits (УПЦ, автокефалія, Московський, Онуфрій, митрополит, релігія, церква), no transcript content available to code.","coded_batch_16.json","2018-07-11","Засідання Комітету з питань прав людини, деокупації та реінтеграції тимчасово окупованих територій України, н","rada.gov.ua","rada_stenogram","https://rada.gov.ua/meeting/stenogr/show/6869.html","J1_autocephaly_2018-19","2018"
"1205262f357c","Засідання Комітету з питань прав людини, деокупації та реінтеграції тимчасово окупованих територій України, національних меншин і міжнаціональних відносин",FALSE,"neither","other","none","none",1,"Failed/incomplete rada.gov.ua scrape (same recurring issue as prior batches): only generic site navigation boilerplate present, zero UOC-MP keyword hits (УПЦ, автокефалія, Московський, Онуфрій, митрополит, релігія, церква), no transcript content available to code.","coded_batch_16.json","2018-07-12","Засідання Комітету з питань прав людини, деокупації та реінтеграції тимчасово окупованих територій України, н","rada.gov.ua","rada_stenogram","https://rada.gov.ua/meeting/stenogr/show/6870.html","J1_autocephaly_2018-19","2018"
"229f67f253e7","Засідання Комітету з питань прав людини, деокупації та реінтеграції тимчасово окупованих територій України, національних меншин і міжнаціональних відносин",FALSE,"neither","other","none","none",1,"Failed/incomplete rada.gov.ua scrape (same recurring issue as prior batches): only generic site navigation boilerplate present, zero UOC-MP keyword hits (УПЦ, автокефалія, Московський, Онуфрій, митрополит, релігія, церква), no transcript content available to code.","coded_batch_16.json","2018-07-12","Засідання Комітету з питань прав людини, деокупації та реінтеграції тимчасово окупованих територій України, н","rada.gov.ua","rada_stenogram","https://rada.gov.ua/meeting/stenogr/show/6873.html","J1_autocephaly_2018-19","2018"
"34c09b707bec","Засідання Комітету з питань прав людини, деокупації та реінтеграції тимчасово окупованих територій України, національних меншин і міжнаціональних відносин",FALSE,"neither","other","none","none",1,"Failed/incomplete rada.gov.ua scrape (same recurring issue as prior batches): only generic site navigation boilerplate present, zero UOC-MP keyword hits (УПЦ, автокефалія, Московський, Онуфрій, митрополит, релігія, церква), no transcript content available to code.","coded_batch_16.json","2018-07-12","Засідання Комітету з питань прав людини, деокупації та реінтеграції тимчасово окупованих територій України, н","rada.gov.ua","rada_stenogram","https://rada.gov.ua/meeting/stenogr/show/6872.html","J1_autocephaly_2018-19","2018"
"ec93e0214e9f","Вилучення тіл (останків) померлих (загиблих)... з метою ідентифікації та подальшого перепоховання відповідно до ритуальних і релігійних обрядів.",FALSE,"neither","other","none","none",3,"Plenary session transcript (Засідання 69, 11 July 2018) covering exhumation/reburial legislation, with a generic reference to 'religious rites' in the technical legal definition. No UOC-MP-related content.","coded_batch_16.json","2018-07-11","Засідання 69","rada.gov.ua","rada_stenogram","https://www.rada.gov.ua/meeting/stenogr/show/6869.html","J1_autocephaly_2018-19","2018"
"422c9d0d51ed","Важливо притягнути вбивць, міжнародних вбивць і терористів до відповідальності.",FALSE,"neither","other","none","none",3,"Plenary session transcript (Засідання 70, 12 July 2018) covering an MH17 accountability resolution and a Ukravtodor personnel controversy. No UOC-MP-related content.","coded_batch_16.json","2018-07-12","Засідання 70","rada.gov.ua","rada_stenogram","https://www.rada.gov.ua/meeting/stenogr/show/6871.html","J1_autocephaly_2018-19","2018"
"5c0e9ce18ace","6642Д Проект Закону про внесення змін до Закону України «Про державну реєстрацію юридичних осіб, фізичних осіб-підприємців та громадських формувань» (щодо оформлення документів релігійних організацій) (друге читання).",FALSE,"neither","other","none","none",2,"Legislative agenda (Poriadok dennyi, 12 July 2018), again listing the recurring religious-organisations registration bill (6642) for second reading. Neutral procedural item, no securitising content.","coded_batch_16.json","2018-07-12","Порядок денний","rada.gov.ua","rada_stenogram","https://www.rada.gov.ua/meeting/stenogr/show/6870.html","J1_autocephaly_2018-19","2018"
"8670d23fac34","Узгоджені компромісні пропозиції щодо кінцевого голосування закону.",FALSE,"neither","other","none","none",3,"Plenary session transcript (Засідання 71, 12 July 2018) covering the Anti-Corruption Court final vote. No UOC-MP-related content.","coded_batch_17.json","2018-07-12","Засідання 71","rada.gov.ua","rada_stenogram","https://www.rada.gov.ua/meeting/stenogr/show/6873.html","J1_autocephaly_2018-19","2018"
"9f13238db5bf","Засідання Комітету з питань прав людини, деокупації та реінтеграції тимчасово окупованих територій України, національних меншин і міжнаціональних відносин",FALSE,"neither","other","none","none",1,"Failed/incomplete rada.gov.ua scrape (same recurring issue as prior batches): only generic site navigation boilerplate present, zero UOC-MP keyword hits, no transcript content available to code.","coded_batch_17.json","2018-07-12","Засідання Комітету з питань прав людини, деокупації та реінтеграції тимчасово окупованих територій України, н","rada.gov.ua","rada_stenogram","https://rada.gov.ua/meeting/stenogr/show/6871.html","J1_autocephaly_2018-19","2018"
"374515001bb4","Засідання Комітету з питань прав людини, деокупації та реінтеграції тимчасово окупованих територій України, національних меншин і міжнаціональних відносин",FALSE,"neither","other","none","none",1,"Failed/incomplete rada.gov.ua scrape (same recurring issue as prior batches): only generic site navigation boilerplate present, zero UOC-MP keyword hits, no transcript content available to code.","coded_batch_17.json","2018-07-13","Засідання Комітету з питань прав людини, деокупації та реінтеграції тимчасово окупованих територій України, н","rada.gov.ua","rada_stenogram","https://rada.gov.ua/meeting/stenogr/show/6875.html","J1_autocephaly_2018-19","2018"
"3aa9f19a0484","Засідання Комітету з питань прав людини, деокупації та реінтеграції тимчасово окупованих територій України, національних меншин і міжнаціональних відносин",FALSE,"neither","other","none","none",1,"Failed/incomplete rada.gov.ua scrape (same recurring issue as prior batches): only generic site navigation boilerplate present, zero UOC-MP keyword hits, no transcript content available to code.","coded_batch_17.json","2018-07-13","Засідання Комітету з питань прав людини, деокупації та реінтеграції тимчасово окупованих територій України, н","rada.gov.ua","rada_stenogram","https://rada.gov.ua/meeting/stenogr/show/6876.html","J1_autocephaly_2018-19","2018"
"3de0b3032657","Засідання Комітету з питань прав людини, деокупації та реінтеграції тимчасово окупованих територій України, національних меншин і міжнаціональних відносин",FALSE,"neither","other","none","none",1,"Failed/incomplete rada.gov.ua scrape (same recurring issue as prior batches): only generic site navigation boilerplate present, zero UOC-MP keyword hits, no transcript content available to code.","coded_batch_17.json","2018-07-13","Засідання Комітету з питань прав людини, деокупації та реінтеграції тимчасово окупованих територій України, н","rada.gov.ua","rada_stenogram","https://rada.gov.ua/meeting/stenogr/show/6874.html","J1_autocephaly_2018-19","2018"
"48047415d982","Верховна Рада зробила все... дієздатний Вищий антикорупційний суд.",FALSE,"neither","other","none","none",3,"Plenary session transcript (Засідання 72, 13 July 2018) covering post-Anti-Corruption-Court-vote follow-up. No UOC-MP-related content.","coded_batch_17.json","2018-07-13","Засідання 72","rada.gov.ua","rada_stenogram","https://www.rada.gov.ua/meeting/stenogr/show/6876.html","J1_autocephaly_2018-19","2018"
"4b905ff79341","Для УГКЦ, з наданням автокефалії нічого не зміниться. Але ми будемо шукати всі можливі шляхи... для досягнення єдності між усіма християнами.",FALSE,"neither","other","none","none",3,"UGCC head Sviatoslav Shevchuk welcomes the prospective Orthodox autocephaly as an internal Orthodox matter, expressing ecumenical goodwill. Cooperative tone, not securitising.","coded_batch_17.json","2018-07-15","УГКЦ вітатиме створення єдиної Помісної православної Церкви та її автокефалію, але  приєднуватися не буде","risu.ua","poroshenko_speech","https://risu.ua/ugkc-vitatime-stvorennya-yedinoji-pomisnoji-pravoslavnoji-cerkvi-ta-jiji-avtokefaliyu-ale-priyednuvatisya-ne-bude_n91805","J1_autocephaly_2018-19","2018"
"8cd3cc53026a","Це – питання нашої української незалежності. Це – один із стовпів Української держави, української нації, української національної безпеки. І, врешті-решт, всієї світової геополітики.",TRUE,"both","state","Russia","other",3,"Poroshenko's speech at the Zarvanytsia national pilgrimage (1030th anniversary events). Explicitly lists autocephaly as 'one of the pillars of the Ukrainian state, Ukrainian nation, Ukrainian national security', escalating from prior 'national security' framings to explicit pillar/foundational-institution language.","coded_batch_17.json","2018-07-15","Не можна зупинити ідею, час якої настав – Президент про надання автокефалії Українській православній Церкві","risu.ua","poroshenko_speech","https://risu.ua/ne-mozhna-zupiniti-ideyu-chas-yakoji-nastav-prezident-pro-nadannya-avtokefaliji-ukrajinskiy-pravoslavniy-cerkvi_n91802","J1_autocephaly_2018-19","2018"
"8cd3cc53026a","Саме тому і чинять такий шалений спротив Москва та її п'ята колона всередині України. І навіть деякі політики, яких прийнято вважати проукраїнськими, дозволяють собі передавати сигнали на зовні, що не варто поспішати з наданням автокефалії.",TRUE,"both","state","internal","other",3,"Poroshenko explicitly labels domestic opponents of autocephaly 'Moscow's fifth column inside Ukraine' -- a classic treason/subversion securitising trope -- and singles out even ostensibly 'pro-Ukrainian' politicians allegedly signalling not to rush the process. Threat actor coded 'internal' since the explicit target of this framing is domestic collaborators/critics, distinct from Russia itself (coded separately elsewhere).","coded_batch_17.json","2018-07-15","Не можна зупинити ідею, час якої настав – Президент про надання автокефалії Українській православній Церкві","risu.ua","poroshenko_speech","https://risu.ua/ne-mozhna-zupiniti-ideyu-chas-yakoji-nastav-prezident-pro-nadannya-avtokefaliji-ukrajinskiy-pravoslavniy-cerkvi_n91802","J1_autocephaly_2018-19","2018"
"518b6e01b007","Вплив Греко-Католицької Церкви на стан Православної Церкви в Україні має прихований характер.",TRUE,"ontological","other","other","none",1,"ROC's Metropolitan Hilarion (Alfeyev) claims UGCC is covertly lobbying for Orthodox unification in order to eventually convert Ukrainian Orthodox believers to Uniate Catholicism, and that UGCC's influence on the Ukrainian Orthodox situation 'has a hidden character' -- an insinuation of covert/conspiratorial influence. This is a reverse-direction securitising claim by a senior ROC hierarch, though its direct target is UGCC rather than UOC-MP; UOC-KP's spokesperson dismissed it as manipulation. Low confidence given its tangential relevance to UOC-MP specifically and its already-refuted framing within the same article.","coded_batch_17.json","2018-07-16","Патріарх УГКЦ та Президент розвінчали російський міф, що автокефалія веде до унії, - речник УПЦ КП","risu.ua","poroshenko_speech","https://risu.ua/patriarh-ugkc-ta-prezident-rozvinchali-rosiyskiy-mif-shcho-avtokefaliya-vede-do-uniji-rechnik-upc-kp_n91830","J1_autocephaly_2018-19","2018"
"4d5c0c02e9eb","Автокефалія – це питання нашої незалежності і нашої національної безпеки. Тому й чинять такий шалений опір Москва і її п'ята колона в Україні.",TRUE,"both","state","internal","other",3,"Poroshenko repeats via Twitter the same 'national security' and 'fifth column' framing delivered days earlier at Zarvanytsia (doc 8cd3cc53026a), now condensed into a standalone public statement. Coded identically given the substantively identical securitising content.","coded_batch_17.json","2018-07-24","Автокефалія – це питання нашої незалежності і нашої національної безпеки, - Петро Порошенко","risu.ua","poroshenko_speech","https://risu.ua/avtokefaliya-ce-pitannya-nashoji-nezalezhnosti-i-nashoji-nacionalnoji-bezpeki-petro-poroshenko_n91938","J1_autocephaly_2018-19","2018"
"cd0d02838e95","Найпростіший [шлях] - це звернутися до намісника Лаври й запропонувати йому перейти на сторону автокефальної церкви... Це доволі цинічний шлях.",FALSE,"neither","other","none","none",2,"Analytical interview with religious-affairs expert Kateryna Shchotkina discussing prospects for and obstacles to the Tomos. She outlines a 'cynical' but non-violent legal/administrative path to transfer the Kyiv-Pechersk Lavra from UOC-MP's jurisdiction -- renegotiating lease terms with the superior, since the Lavra is state property merely used by the church -- rather than any forced seizure. This is presented as strategic opportunity/tactic rather than a threat-and-extraordinary-measure securitising claim, so coded as not securitising, though flagged as a concrete non-violent 'property lever' idea relevant to how extraordinary measures against UOC-MP might be operationalised without force.","coded_batch_17.json","2018-07-24","Онлайн конференція ""ДС"": Чи зруйнує українська автокефалія світове православ’я? (ВІДЕО)","risu.ua","poroshenko_speech","https://risu.ua/onlayn-konferenciya-quot-ds-quot-chi-zruynuye-ukrajinska-avtokefaliya-svitove-pravoslav-ya-video_n92000","J1_autocephaly_2018-19","2018"
"75ab3b1868f9","Ми дуже дякуємо вам за цю молитву. Дуже дякую за підтримку нас.",FALSE,"neither","other","none","none",3,"Cooperative diplomatic meeting between Poroshenko and the Ecumenical Patriarchate delegation. No new securitising content beyond what is already documented elsewhere.","coded_batch_17.json","2018-07-27","Вселенський Патріарх Варфоломій: Кінцева ціль – дарувати Українській Церкві автокефалію","risu.ua","poroshenko_speech","https://risu.ua/vselenskiy-patriarh-varfolomiy-kinceva-cil-daruvati-ukrajinskiy-cerkvi-avtokefaliyu_n92057","J1_autocephaly_2018-19","2018"
"5ed1a30791f2","Для того і вважаю конче необхідним обрубати всі щупальця, якими всередині нашого державного організму орудує країна-агресор.",TRUE,"material","state","Russia","other",3,"Poroshenko's major speech at Volodymyrska Hill marking the 1030th anniversary of the Baptism of Rus. Uses visceral 'tentacles' imagery -- 'it is essential to cut off all the tentacles with which the aggressor country operates inside our state organism' -- an extraordinary, almost surgical-excision metaphor for severing Russian-linked church structures, among the most forceful extraordinary-measure language in the corpus.","coded_batch_17.json","2018-07-28","«Автокефалія – питання незалежності України», -  Президент на Володимирській гірці","risu.ua","poroshenko_speech","https://risu.ua/avtokefaliya-pitannya-nezalezhnosti-ukrajini-prezident-na-volodimirskiy-girci_n92067","J1_autocephaly_2018-19","2018"
"5ed1a30791f2","І така ситуація – пряма загроза національній безпеці України, що просто зобов'язує нас діяти... Автокефалія – це питання нашої незалежності. Це – питання нашої національної безпеки. Це – питання всієї світової геополітики.",TRUE,"both","state","Russia","other",3,"Explicit, textbook securitising statement: Poroshenko directly declares the situation (UOC-MP's subordination to Moscow) 'a direct threat to Ukraine's national security, which simply obligates us to act', repeating and escalating the independence/national-security/geopolitics triad framing used throughout this period.","coded_batch_17.json","2018-07-28","«Автокефалія – питання незалежності України», -  Президент на Володимирській гірці","risu.ua","poroshenko_speech","https://risu.ua/avtokefaliya-pitannya-nezalezhnosti-ukrajini-prezident-na-volodimirskiy-girci_n92067","J1_autocephaly_2018-19","2018"
"5ed1a30791f2","Армія – боронить нашу землю. Мова – боронить наше серце. Віра – боронить нашу душу.",TRUE,"both","nation","Russia","other",3,"Poroshenko frames Army, Language, and Faith as a three-pronged national-defence trinity ('the Army defends our land, the language defends our heart, faith defends our soul'), explicitly militarising the church-independence campaign alongside the armed forces and language policy as pillars of national defence against Russia.","coded_batch_17.json","2018-07-28","«Автокефалія – питання незалежності України», -  Президент на Володимирській гірці","risu.ua","poroshenko_speech","https://risu.ua/avtokefaliya-pitannya-nezalezhnosti-ukrajini-prezident-na-volodimirskiy-girci_n92067","J1_autocephaly_2018-19","2018"
"37657dbb3d01","На трансляцію телевізійної реклами не було витрачено жодної копійки з державного бюджету.",FALSE,"neither","other","none","none",3,"Procedural disclosure about personal funding of a pro-Tomos TV ad campaign. No securitising content.","coded_batch_17.json","2018-08-15","Порошенко з особистих коштів оплатив рекламу про Томос УПЦ","risu.ua","poroshenko_speech","https://risu.ua/poroshenko-z-osobistih-koshtiv-oplativ-reklamu-pro-tomos-upc_n92439","J1_autocephaly_2018-19","2018"
"ed0dda503dbf","УПЦ МП буде змушена перейменуватися в Російську православну церкву в Україні, зазначають експерти. Для цього Верховна Рада повинна ухвалити відповідні законодавчі зміни.",TRUE,"ontological","identity","UOC-MP","other",2,"Analytical news feature reporting expert predictions that UOC-MP will be legally compelled to rename itself 'Russian Orthodox Church in Ukraine' via Verkhovna Rada legislation once the Tomos is granted -- corroborating the naming-law measure (bill 5309/similar) previously flagged in batch 14. A concrete proposed extraordinary administrative/legislative measure targeting UOC-MP's identity and public branding.","coded_batch_17.json","2018-08-17","""Автокефалія довершить утвердження незалежності""","risu.ua","poroshenko_speech","https://risu.ua/quot-avtokefaliya-dovershit-utverdzhennya-nezalezhnosti-quot_n92498","J1_autocephaly_2018-19","2018"
"07732f32bda5","Ми маємо твердий намір розрубати останній вузол, яким імперія відчайдушно намагається нас прив'язати до себе. Ми сповнені рішучості покласти край протиприродному та неканонічному перебуванню вагомої частини нашої православної спільноти у залежності від російської церкви.",TRUE,"material","state","Russia","other",3,"Poroshenko's Independence Day military parade speech ('March of the New Army'). Uses knot-cutting imagery for severing the 'last knot' tying Ukraine to 'the Russian empire' -- the church tie -- delivered explicitly at a military ceremony, reinforcing the securitisation of the autocephaly campaign through its ceremonial/martial setting.","coded_batch_17.json","2018-08-24","«Нехай сьогодні нас почують у Константинополі, в Москві та Ватикані», - Порошенко на параді заявив про право УПЦ на автокефалію","risu.ua","poroshenko_speech","https://risu.ua/nehay-sogodni-nas-pochuyut-u-konstantinopoli-v-moskvi-ta-vatikani-poroshenko-na-paradi-zayaviv-pro-pravo-upc-na-avtokefaliyu_n92646","J1_autocephaly_2018-19","2018"
"07732f32bda5","Церкви, яка освячує гібридну війну Путіна проти України, яка день і ніч молиться за російську владу і за військо - теж російське... Питання Томосу про автокефалію... з того ж ряду, що зміцнення армії; що захист мови; що боротьба за членство в Євросоюзі та НАТО.",TRUE,"both","state","UOC-MP","other",3,"Poroshenko directly accuses the (unnamed but clearly UOC-MP) church of 'sanctifying Putin's hybrid war against Ukraine' and praying day and night 'for Russian authority and for the [Russian] army', and again places the Tomos question alongside army-building, language defence, and EU/NATO accession as strategic national priorities.","coded_batch_17.json","2018-08-24","«Нехай сьогодні нас почують у Константинополі, в Москві та Ватикані», - Порошенко на параді заявив про право УПЦ на автокефалію","risu.ua","poroshenko_speech","https://risu.ua/nehay-sogodni-nas-pochuyut-u-konstantinopoli-v-moskvi-ta-vatikani-poroshenko-na-paradi-zayaviv-pro-pravo-upc-na-avtokefaliyu_n92646","J1_autocephaly_2018-19","2018"
"f918644149dd","Найтепліші вітання усім українцям, охопленим любов'ю Константинопольської Матері-Церкви.",FALSE,"neither","other","none","none",3,"Ecumenical Patriarch Bartholomew's Independence Day greeting to Ukrainians. Cooperative/celebratory, not securitising.","coded_batch_17.json","2018-08-24","Патріарх Варфоломій привітав українців з Днем Незалежності","risu.ua","poroshenko_speech","https://risu.ua/patriarh-varfolomiy-privitav-ukrajinciv-z-dnem-nezalezhnosti_n92652","J1_autocephaly_2018-19","2018"
"89ed71c5364f","Заступник голови синодального відділу зовнішніх церковних зв'язків Московського Патріархату протоєрей Микола Балашов назвав такі слова українського Президента спробою втримати владу.",FALSE,"neither","other","none","none",2,"Article reports the Moscow Patriarchate's dismissive response to Poroshenko's parade speech (already coded in doc 07732f32bda5), characterising his remarks as an 'attempt to hold onto power' and reaffirming ROC's historical unity claim over 'all the peoples' descended from Volodymyr's baptism. Critical/dismissive rather than an existential-threat securitising claim; coded as not securitising.","coded_batch_17.json","2018-08-25","У Москві відреагували на слова Президента покласти край залежності українського православ’я  від російської Церкви","risu.ua","poroshenko_speech","https://risu.ua/u-moskvi-vidreaguvali-na-slova-prezidenta-poklasti-kray-zalezhnosti-ukrajinskogo-pravoslav-ya-vid-rosiyskoji-cerkvi_n92653","J1_autocephaly_2018-19","2018"
"636738d9b7ff","31 серпня Вселенський патріарх підтвердив своє рішення надати автокефалію Українській Православній Церкві.",FALSE,"neither","other","none","none",3,"Coordination Council transcript (3 September 2018) with a factual, celebratory update on the Ecumenical Patriarchate's confirmed decision to grant autocephaly and constitutional amendment discussions (NATO/EU aspiration, removal of provisions for foreign military base leasing referencing Russia's Black Sea Fleet in Crimea). No new securitising claims beyond factual reporting.","coded_batch_17.json","2018-09-03","Погоджувальна рада","rada.gov.ua","rada_stenogram","https://www.rada.gov.ua/meeting/stenogr/show/6877.html","J1_autocephaly_2018-19","2018"
"8648835f48a2","Засідання Комітету з питань прав людини, деокупації та реінтеграції тимчасово окупованих територій України, національних меншин і міжнаціональних відносин",FALSE,"neither","other","none","none",1,"Failed/incomplete rada.gov.ua scrape (same recurring issue as prior batches): only generic site navigation boilerplate present, zero UOC-MP keyword hits, no transcript content available to code.","coded_batch_17.json","2018-09-03","Засідання Комітету з питань прав людини, деокупації та реінтеграції тимчасово окупованих територій України, н","rada.gov.ua","rada_stenogram","https://rada.gov.ua/meeting/stenogr/show/6877.html","J1_autocephaly_2018-19","2018"
"080173d4216b","Засідання Комітету з питань прав людини, деокупації та реінтеграції тимчасово окупованих територій України, національних меншин і міжнаціональних відносин",FALSE,"neither","other","none","none",1,"Failed/incomplete rada.gov.ua scrape (same recurring issue as prior batches): only generic site navigation boilerplate present, zero UOC-MP keyword hits, no transcript content available to code.","coded_batch_17.json","2018-09-04","Засідання Комітету з питань прав людини, деокупації та реінтеграції тимчасово окупованих територій України, н","rada.gov.ua","rada_stenogram","https://rada.gov.ua/meeting/stenogr/show/6879.html","J1_autocephaly_2018-19","2018"
"2730fa8cd731","Не дивлячись на всі намагання нашого північного сусіда, був зроблений ще один надважливий крок на шляху до отримання Томосу.",FALSE,"neither","other","none","none",2,"Plenary session transcript (Засідання 1, 4 September 2018). MP Herasymov gives a celebratory update on Tomos progress despite 'attempts by our northern neighbour' (Russia) to obstruct it -- a mild, passing reference rather than a fresh existential-threat securitising claim. No new content beyond what's already documented.","coded_batch_17.json","2018-09-04","Засідання 1","rada.gov.ua","rada_stenogram","https://www.rada.gov.ua/meeting/stenogr/show/6879.html","J1_autocephaly_2018-19","2018"
"3a06de57d592","Засідання Комітету з питань прав людини, деокупації та реінтеграції тимчасово окупованих територій України, національних меншин і міжнаціональних відносин",FALSE,"neither","other","none","none",1,"Failed/incomplete rada.gov.ua scrape (same recurring issue as prior batches): only generic site navigation boilerplate present, zero UOC-MP keyword hits (УПЦ, автокефалія, Московський, Онуфрій, митрополит, релігія, церква), no transcript content available to code.","coded_batch_18.json","2018-09-04","Засідання Комітету з питань прав людини, деокупації та реінтеграції тимчасово окупованих територій України, н","rada.gov.ua","rada_stenogram","https://rada.gov.ua/meeting/stenogr/show/6881.html","J1_autocephaly_2018-19","2018"
"5a06ccdbd22d","Засідання Комітету з питань прав людини, деокупації та реінтеграції тимчасово окупованих територій України, національних меншин і міжнаціональних відносин",FALSE,"neither","other","none","none",1,"Failed/incomplete rada.gov.ua scrape (same recurring issue as prior batches): only generic site navigation boilerplate present, zero UOC-MP keyword hits (УПЦ, автокефалія, Московський, Онуфрій, митрополит, релігія, церква), no transcript content available to code.","coded_batch_18.json","2018-09-04","Засідання Комітету з питань прав людини, деокупації та реінтеграції тимчасово окупованих територій України, н","rada.gov.ua","rada_stenogram","https://rada.gov.ua/meeting/stenogr/show/6878.html","J1_autocephaly_2018-19","2018"
"b6addbd087db","Засідання Комітету з питань прав людини, деокупації та реінтеграції тимчасово окупованих територій України, національних меншин і міжнаціональних відносин",FALSE,"neither","other","none","none",1,"Failed/incomplete rada.gov.ua scrape (same recurring issue as prior batches): only generic site navigation boilerplate present, zero UOC-MP keyword hits (УПЦ, автокефалія, Московський, Онуфрій, митрополит, релігія, церква), no transcript content available to code.","coded_batch_18.json","2018-09-04","Засідання Комітету з питань прав людини, деокупації та реінтеграції тимчасово окупованих територій України, н","rada.gov.ua","rada_stenogram","https://rada.gov.ua/meeting/stenogr/show/6880.html","J1_autocephaly_2018-19","2018"
"e333685b98bf","Засідання Комітету з питань прав людини, деокупації та реінтеграції тимчасово окупованих територій України, національних меншин і міжнаціональних відносин",FALSE,"neither","other","none","none",1,"Failed/incomplete rada.gov.ua scrape (same recurring issue as prior batches): only generic site navigation boilerplate present, zero UOC-MP keyword hits (УПЦ, автокефалія, Московський, Онуфрій, митрополит, релігія, церква), no transcript content available to code.","coded_batch_18.json","2018-09-05","Засідання Комітету з питань прав людини, деокупації та реінтеграції тимчасово окупованих територій України, н","rada.gov.ua","rada_stenogram","https://rada.gov.ua/meeting/stenogr/show/6884.html","J1_autocephaly_2018-19","2018"
"458477b61697","Засідання Комітету з питань прав людини, деокупації та реінтеграції тимчасово окупованих територій України, національних меншин і міжнаціональних відносин",FALSE,"neither","other","none","none",1,"Failed/incomplete rada.gov.ua scrape (same recurring issue as prior batches): only generic site navigation boilerplate present, zero UOC-MP keyword hits (УПЦ, автокефалія, Московський, Онуфрій, митрополит, релігія, церква), no transcript content available to code.","coded_batch_18.json","2018-09-06","Засідання Комітету з питань прав людини, деокупації та реінтеграції тимчасово окупованих територій України, н","rada.gov.ua","rada_stenogram","https://rada.gov.ua/meeting/stenogr/show/6888.html","J1_autocephaly_2018-19","2018"
"7d6d05fb9376","Засідання Комітету з питань прав людини, деокупації та реінтеграції тимчасово окупованих територій України, національних меншин і міжнаціональних відносин",FALSE,"neither","other","none","none",1,"Failed/incomplete rada.gov.ua scrape (same recurring issue as prior batches): only generic site navigation boilerplate present, zero UOC-MP keyword hits (УПЦ, автокефалія, Московський, Онуфрій, митрополит, релігія, церква), no transcript content available to code.","coded_batch_18.json","2018-09-06","Засідання Комітету з питань прав людини, деокупації та реінтеграції тимчасово окупованих територій України, н","rada.gov.ua","rada_stenogram","https://rada.gov.ua/meeting/stenogr/show/6885.html","J1_autocephaly_2018-19","2018"
"cbdd6fed0282","Засідання Комітету з питань прав людини, деокупації та реінтеграції тимчасово окупованих територій України, національних меншин і міжнаціональних відносин",FALSE,"neither","other","none","none",1,"Failed/incomplete rada.gov.ua scrape (same recurring issue as prior batches): only generic site navigation boilerplate present, zero UOC-MP keyword hits (УПЦ, автокефалія, Московський, Онуфрій, митрополит, релігія, церква), no transcript content available to code.","coded_batch_18.json","2018-09-06","Засідання Комітету з питань прав людини, деокупації та реінтеграції тимчасово окупованих територій України, н","rada.gov.ua","rada_stenogram","https://rada.gov.ua/meeting/stenogr/show/6887.html","J1_autocephaly_2018-19","2018"
"eb0abfe0ee20","Засідання Комітету з питань прав людини, деокупації та реінтеграції тимчасово окупованих територій України, національних меншин і міжнаціональних відносин",FALSE,"neither","other","none","none",1,"Failed/incomplete rada.gov.ua scrape (same recurring issue as prior batches): only generic site navigation boilerplate present, zero UOC-MP keyword hits (УПЦ, автокефалія, Московський, Онуфрій, митрополит, релігія, церква), no transcript content available to code.","coded_batch_18.json","2018-09-06","Засідання Комітету з питань прав людини, деокупації та реінтеграції тимчасово окупованих територій України, н","rada.gov.ua","rada_stenogram","https://rada.gov.ua/meeting/stenogr/show/6886.html","J1_autocephaly_2018-19","2018"
"1360b15063ee","Засідання Комітету з питань прав людини, деокупації та реінтеграції тимчасово окупованих територій України, національних меншин і міжнаціональних відносин",FALSE,"neither","other","none","none",1,"Failed/incomplete rada.gov.ua scrape (same recurring issue as prior batches): only generic site navigation boilerplate present, zero UOC-MP keyword hits (УПЦ, автокефалія, Московський, Онуфрій, митрополит, релігія, церква), no transcript content available to code.","coded_batch_18.json","2018-09-07","Засідання Комітету з питань прав людини, деокупації та реінтеграції тимчасово окупованих територій України, н","rada.gov.ua","rada_stenogram","https://rada.gov.ua/meeting/stenogr/show/6889.html","J1_autocephaly_2018-19","2018"
"bb33a11088d9","Вселенський Патріархат прийняв рішення про право Вселенського Патріархату без урахування думки Москви надавати всім державам право на створення Помісної Церкви. І в першу чергу Україні.",FALSE,"neither","other","none","none",2,"Poroshenko announces the Ecumenical Patriarchate's Synaxis decision affirming its right to grant autocephaly independent of Moscow's views. Factual/celebratory announcement; no new securitising framing beyond what has already been extensively documented in prior batches.","coded_batch_18.json","2018-09-04","Україна отримала право на створення Помісної соборної православної Церкви - П. Порошенко","risu.ua","poroshenko_speech","https://risu.ua/ukrajina-otrimala-pravo-na-stvorennya-pomisnoji-sobornoji-pravoslavnoji-cerkvi-p-poroshenko_n92838","J1_autocephaly_2018-19","2018"
"07a1dc8c8d87","Новий Виборчий кодекс – це те, чого прагне громадськість.",FALSE,"neither","other","none","none",3,"Plenary session transcript (Засідання 3, 5 September 2018) covering the Electoral Code reform. No UOC-MP-related content.","coded_batch_18.json","2018-09-05","Засідання 3","rada.gov.ua","rada_stenogram","https://www.rada.gov.ua/meeting/stenogr/show/6884.html","J1_autocephaly_2018-19","2018"
"504489f36a4a","Ми уніфікуємо, приводимо процедури державної реєстрації релігійних організацій до тих самих стандартів, які використовуються для громадських об'єднань, для благодійних організацій.",FALSE,"neither","other","none","none",3,"Plenary session transcript (Засідання 5, 6 September 2018) recording the actual second-reading debate and vote on bill 6642 -- the religious-organisations registration bill that has appeared repeatedly on agendas since batch 3. The bill is confirmed to be a genuinely neutral technical measure unifying registration/tax procedures for ALL religious communities with those of NGOs and charities, explicitly described by its sponsor as uniting all parliamentary factions and applying uniformly across religious groups. Not targeted at UOC-MP; no securitising content.","coded_batch_18.json","2018-09-06","Засідання 5","rada.gov.ua","rada_stenogram","https://www.rada.gov.ua/meeting/stenogr/show/6888.html","J1_autocephaly_2018-19","2018"
"011b85b2f14a","Віталія Гудзенка до директора Департаменту міжбюджетних відносин... по Білоцерківському, Володарському, Сквирському, Ставищенському, Таращанському, Тетіївському районах Київської області.",FALSE,"neither","other","none","none",3,"Plenary session transcript (Засідання 6, 7 September 2018) with a register of deputy interpellations. The only 'церква' hit is the district name 'Білоцерківський' (from Bila Tserkva), unrelated to the religious institution. No UOC-MP-related content.","coded_batch_18.json","2018-09-07","Засідання 6","rada.gov.ua","rada_stenogram","https://www.rada.gov.ua/meeting/stenogr/show/6890.html","J1_autocephaly_2018-19","2018"
"2cc0c51bef84","Засідання Комітету з питань прав людини, деокупації та реінтеграції тимчасово окупованих територій України, національних меншин і міжнаціональних відносин",FALSE,"neither","other","none","none",1,"Failed/incomplete rada.gov.ua scrape (same recurring issue as prior batches): only generic site navigation boilerplate present, zero UOC-MP keyword hits, no transcript content available to code.","coded_batch_19.json","2018-09-07","Засідання Комітету з питань прав людини, деокупації та реінтеграції тимчасово окупованих територій України, н","rada.gov.ua","rada_stenogram","https://rada.gov.ua/meeting/stenogr/show/6890.html","J1_autocephaly_2018-19","2018"
"6b300cc90f46","Засідання Комітету з питань прав людини, деокупації та реінтеграції тимчасово окупованих територій України, національних меншин і міжнаціональних відносин",FALSE,"neither","other","none","none",1,"Failed/incomplete rada.gov.ua scrape (same recurring issue as prior batches): only generic site navigation boilerplate present, zero UOC-MP keyword hits, no transcript content available to code.","coded_batch_19.json","2018-09-17","Засідання Комітету з питань прав людини, деокупації та реінтеграції тимчасово окупованих територій України, н","rada.gov.ua","rada_stenogram","https://rada.gov.ua/meeting/stenogr/show/6891.html","J1_autocephaly_2018-19","2018"
"64d53a54842b","Ми не будемо питати дозволу ні в Путіна, ні в Кіріла як нам молитися, в які храми ходити, куди нам рухатися і як нам жити. Ми і без них розберемося.",FALSE,"neither","other","none","none",2,"Poroshenko interview reiterating that Ukraine will not seek Russia's or Patriarch Kirill's permission for church independence, paralleling NATO/EU sovereignty framing. Defiant tone but largely repeats framing already extensively documented in prior batches (Russia obstructing autocephaly); no new distinct threat claim or extraordinary measure. Coded conservatively as not adding new securitising content.","coded_batch_19.json","2018-09-08","«Ми не питатимемо дозволу ні в Путіна, ні в Кіріла як нам молитися, в які храми ходити», - Петро Порошенко","risu.ua","poroshenko_speech","https://risu.ua/mi-ne-pitatimemo-dozvolu-ni-v-putina-ni-v-kirila-yak-nam-molitisya-v-yaki-hrami-hoditi-petro-poroshenko_n92932","J1_autocephaly_2018-19","2018"
"dfefa2864243","Сердечно вітаю єврейську громаду України зі святом Рош-га-Шана.",FALSE,"neither","other","none","none",3,"Holiday greeting to the Jewish community; no UOC-MP content.","coded_batch_19.json","2018-09-10","Порошенко привітав українських юдеїв з Рош-га-Шана","risu.ua","poroshenko_speech","https://risu.ua/poroshenko-privitav-ukrajinskih-yudejiv-z-rosh-ga-shana_n92952","J1_autocephaly_2018-19","2018"
"a17bc7481e81","Порошенко коротко пригадав, як розпочинався процес з надання Томосу... яку назвав «державотворчим фундаментом».",FALSE,"neither","other","none","none",2,"Cooperative diplomatic meeting between Poroshenko and the Ecumenical Patriarchate's exarchs. Mild reiteration of autocephaly as a 'state-building foundation'; no new securitising content beyond prior batches.","coded_batch_19.json","2018-09-17","Петро Порошенко зустрівся з екзархами Вселенського Патріархату","risu.ua","poroshenko_speech","https://risu.ua/petro-poroshenko-zustrivsya-z-ekzarhami-vselenskogo-patriarhatu_n93116","J1_autocephaly_2018-19","2018"
"ba9324c62368","6 вересня на засіданні Ради національної безпеки й оборони було погоджено позицію держави щодо непродовження Договору про дружбу та стратегічне партнерство з Російською Федерацією.",FALSE,"neither","other","none","none",2,"Coordination Council transcript (17 Sept 2018). Reports the RNBO's decision not to renew the Ukraine-Russia Friendship Treaty, and a procedural update on the Ecumenical Patriarch's exarch appointments. Notable geopolitical context but no UOC-MP-specific securitising claim beyond what is already documented.","coded_batch_19.json","2018-09-17","Погоджувальна рада","rada.gov.ua","rada_stenogram","https://www.rada.gov.ua/meeting/stenogr/show/6891.html","J1_autocephaly_2018-19","2018"
"e09d0aaed96e","Єдина Помісна Православна Соборна Церква - запорука громадської згоди та єдності нашої держави. Це гарантія нашої духовної незалежності від Москви, яка, на жаль, досі перебуває в полоні помилкового уявлення, що нібито тут у нас її канонічна територія.",TRUE,"both","state","Russia","other",2,"Poroshenko speech at the Yalta European Strategy (YES) conference, addressed to an international audience. Frames the united local church as 'a guarantee of civic accord and unity of our state' and 'a guarantee of our spiritual independence from Moscow', and declares that the September Synaxis 'dispelled Moscow's illusions' about canonical territory and caused the 'Third Rome' concept to 'crumble like a house of cards'. Reinforces the state-unity/independence-from-Moscow securitising framing established in earlier batches, delivered this time to a foreign investor/policy audience.","coded_batch_19.json","2018-09-17","Доля світового православ’я вирішується в Україні, - Порошенко","risu.ua","poroshenko_speech","https://risu.ua/dolya-svitovogo-pravoslav-ya-virishuyetsya-v-ukrajini-poroshenko_n93104","J1_autocephaly_2018-19","2018"
"51f46015b627","Засідання Комітету з питань прав людини, деокупації та реінтеграції тимчасово окупованих територій України, національних меншин і міжнаціональних відносин",FALSE,"neither","other","none","none",1,"Failed/incomplete rada.gov.ua scrape (same recurring issue as prior batches): only generic site navigation boilerplate present, zero UOC-MP keyword hits, no transcript content available to code.","coded_batch_19.json","2018-09-18","Засідання Комітету з питань прав людини, деокупації та реінтеграції тимчасово окупованих територій України, н","rada.gov.ua","rada_stenogram","https://rada.gov.ua/meeting/stenogr/show/6893.html","J1_autocephaly_2018-19","2018"
"5a30399b3937","Засідання Комітету з питань прав людини, деокупації та реінтеграції тимчасово окупованих територій України, національних меншин і міжнаціональних відносин",FALSE,"neither","other","none","none",1,"Failed/incomplete rada.gov.ua scrape (same recurring issue as prior batches): only generic site navigation boilerplate present, zero UOC-MP keyword hits, no transcript content available to code.","coded_batch_19.json","2018-09-18","Засідання Комітету з питань прав людини, деокупації та реінтеграції тимчасово окупованих територій України, н","rada.gov.ua","rada_stenogram","https://rada.gov.ua/meeting/stenogr/show/6892.html","J1_autocephaly_2018-19","2018"
"5c12289ae2c6","Засідання Комітету з питань прав людини, деокупації та реінтеграції тимчасово окупованих територій України, національних меншин і міжнаціональних відносин",FALSE,"neither","other","none","none",1,"Failed/incomplete rada.gov.ua scrape (same recurring issue as prior batches): only generic site navigation boilerplate present, zero UOC-MP keyword hits, no transcript content available to code.","coded_batch_19.json","2018-09-18","Засідання Комітету з питань прав людини, деокупації та реінтеграції тимчасово окупованих територій України, н","rada.gov.ua","rada_stenogram","https://rada.gov.ua/meeting/stenogr/show/6894.html","J1_autocephaly_2018-19","2018"
"625ce48c065d","Засідання Комітету з питань прав людини, деокупації та реінтеграції тимчасово окупованих територій України, національних меншин і міжнаціональних відносин",FALSE,"neither","other","none","none",1,"Failed/incomplete rada.gov.ua scrape (same recurring issue as prior batches): only generic site navigation boilerplate present, zero UOC-MP keyword hits, no transcript content available to code.","coded_batch_19.json","2018-09-19","Засідання Комітету з питань прав людини, деокупації та реінтеграції тимчасово окупованих територій України, н","rada.gov.ua","rada_stenogram","https://rada.gov.ua/meeting/stenogr/show/6898.html","J1_autocephaly_2018-19","2018"
"c544cdaa1100","Засідання Комітету з питань прав людини, деокупації та реінтеграції тимчасово окупованих територій України, національних меншин і міжнаціональних відносин",FALSE,"neither","other","none","none",1,"Failed/incomplete rada.gov.ua scrape (same recurring issue as prior batches): only generic site navigation boilerplate present, zero UOC-MP keyword hits, no transcript content available to code.","coded_batch_19.json","2018-09-19","Засідання Комітету з питань прав людини, деокупації та реінтеграції тимчасово окупованих територій України, н","rada.gov.ua","rada_stenogram","https://rada.gov.ua/meeting/stenogr/show/6897.html","J1_autocephaly_2018-19","2018"
"f2d849494baf","Засідання Комітету з питань прав людини, деокупації та реінтеграції тимчасово окупованих територій України, національних меншин і міжнаціональних відносин",FALSE,"neither","other","none","none",1,"Failed/incomplete rada.gov.ua scrape (same recurring issue as prior batches): only generic site navigation boilerplate present, zero UOC-MP keyword hits, no transcript content available to code.","coded_batch_19.json","2018-09-19","Засідання Комітету з питань прав людини, деокупації та реінтеграції тимчасово окупованих територій України, н","rada.gov.ua","rada_stenogram","https://rada.gov.ua/meeting/stenogr/show/6896.html","J1_autocephaly_2018-19","2018"
"8d88b2a6650d","Засідання Комітету з питань прав людини, деокупації та реінтеграції тимчасово окупованих територій України, національних меншин і міжнаціональних відносин",FALSE,"neither","other","none","none",1,"Failed/incomplete rada.gov.ua scrape (same recurring issue as prior batches): only generic site navigation boilerplate present, zero UOC-MP keyword hits, no transcript content available to code.","coded_batch_19.json","2018-09-20","Засідання Комітету з питань прав людини, деокупації та реінтеграції тимчасово окупованих територій України, н","rada.gov.ua","rada_stenogram","https://rada.gov.ua/meeting/stenogr/show/6901.html","J1_autocephaly_2018-19","2018"
"59cc77bfc564","Ми повинні бути принциповими та послідовними і не піддаватися на спроби представників п'ятої колони Кремля і відвести нас в бік від нашої мети... надання автокефалії нашій церкві зміцнить фундамент незалежності і духовну самоідентичність української держави.",TRUE,"both","state","internal","other",2,"BPP faction leader Artur Herasymov, speaking on the constitutional NATO/EU accession amendment vote, warns against 'Kremlin's fifth column' attempting to derail Ukraine's course -- the same treason/subversion trope Poroshenko used in batch 17 -- and in the same speech states that granting the church autocephaly 'will strengthen the foundation of independence and the spiritual self-identity of the Ukrainian state'. The 'fifth column' reference itself is directed at the NATO/EU amendment broadly rather than autocephaly specifically, but the speech links both under a single anti-Russian-influence framing, with the autocephaly line reinforcing the state-identity securitising pattern documented throughout this corpus.","coded_batch_19.json","2018-09-18","Засідання 7","rada.gov.ua","rada_stenogram","https://www.rada.gov.ua/meeting/stenogr/show/6893.html","J1_autocephaly_2018-19","2018"
"f4027d026021","Всі ці гучні лозунги: євроінтеграція, транскордонне співробітництво... насправді, це все прикриття.",FALSE,"neither","other","none","none",3,"Plenary session transcript (Засідання 9, 19 September 2018) covering European cross-border cooperation policy. No UOC-MP-related content.","coded_batch_19.json","2018-09-19","Засідання 9","rada.gov.ua","rada_stenogram","https://www.rada.gov.ua/meeting/stenogr/show/6898.html","J1_autocephaly_2018-19","2018"
"a4a714a9a7db","Засідання Комітету з питань прав людини, деокупації та реінтеграції тимчасово окупованих територій України, національних меншин і міжнаціональних відносин",FALSE,"neither","other","none","none",1,"Failed/incomplete rada.gov.ua scrape (same recurring issue as prior batches): only generic site navigation boilerplate present, zero UOC-MP keyword hits, no transcript content available to code.","coded_batch_20.json","2018-09-20","Засідання Комітету з питань прав людини, деокупації та реінтеграції тимчасово окупованих територій України, н","rada.gov.ua","rada_stenogram","https://rada.gov.ua/meeting/stenogr/show/6899.html","J1_autocephaly_2018-19","2018"
"ae2c679d6dda","Я гарантую, що держава поважатиме вибір тих, хто вирішить залишитися у тій церковній структурі, яка зберігатиме єдність РПЦ і називати її так само буде для того, щоби полегшити розуміння.",TRUE,"ontological","identity","UOC-MP","other",3,"Poroshenko's annual address to the Verkhovna Rada. Repeats the 'Church as a prop (skrepa) of the authoritarian regime' framing for Russia and calls the Tomos 'another act of Ukraine's independence' causing 'the empire to lose one of its last means of influence'. Most notably, he explicitly states that any structure remaining in union with the ROC will be 'named accordingly to ease understanding' -- i.e. endorses the mandated-renaming measure (corroborating bill 5309/similar tracked since batch 14) directly in his own annual address, the clearest first-person presidential endorsement of this specific administrative measure found in the corpus.","coded_batch_20.json","2018-09-20","В Україні зараз вирішується доля світового православ’я, - Президент до депутатів ВР","risu.ua","poroshenko_speech","https://risu.ua/v-ukrajini-zaraz-virishuyetsya-dolya-svitovogo-pravoslav-ya-prezident-do-deputativ-vr_n93176","J1_autocephaly_2018-19","2018"
"5dea7e86aa65","Засідання Комітету з питань прав людини, деокупації та реінтеграції тимчасово окупованих територій України, національних меншин і міжнаціональних відносин",FALSE,"neither","other","none","none",1,"Failed/incomplete rada.gov.ua scrape (same recurring issue as prior batches): only generic site navigation boilerplate present, zero UOC-MP keyword hits, no transcript content available to code.","coded_batch_20.json","2018-09-21","Засідання Комітету з питань прав людини, деокупації та реінтеграції тимчасово окупованих територій України, н","rada.gov.ua","rada_stenogram","https://rada.gov.ua/meeting/stenogr/show/6902.html","J1_autocephaly_2018-19","2018"
"f370ca921093","Засідання Комітету з питань прав людини, деокупації та реінтеграції тимчасово окупованих територій України, національних меншин і міжнаціональних відносин",FALSE,"neither","other","none","none",1,"Failed/incomplete rada.gov.ua scrape (same recurring issue as prior batches): only generic site navigation boilerplate present, zero UOC-MP keyword hits, no transcript content available to code.","coded_batch_20.json","2018-09-21","Засідання Комітету з питань прав людини, деокупації та реінтеграції тимчасово окупованих територій України, н","rada.gov.ua","rada_stenogram","https://rada.gov.ua/meeting/stenogr/show/6905.html","J1_autocephaly_2018-19","2018"
"830bfdc6727c","Дуже сподіваюсь, що вже Третю Пречисту цього року наша церква буде святкувати з Томосом.",FALSE,"neither","other","none","none",3,"Plenary session transcript (Засідання 12, 21 Sept 2018). Brief hopeful mention of the Tomos amid a religious holiday greeting and a tribute to a deceased former MP. No securitising content.","coded_batch_20.json","2018-09-21","Засідання 12","rada.gov.ua","rada_stenogram","https://www.rada.gov.ua/meeting/stenogr/show/6905.html","J1_autocephaly_2018-19","2018"
"ed90d5a4e912","Дякую Його Всесвятості Вселенському Патріарху Варфоломію за тверду і незмінну позицію.",FALSE,"neither","other","none","none",3,"Cooperative diplomatic thank-you message; no securitising content.","coded_batch_20.json","2018-09-25","Порошенко подякував Варфоломію I за підтримку України","risu.ua","poroshenko_speech","https://risu.ua/poroshenko-podyakuvav-varfolomiyu-i-za-pidtrimku-ukrajini_n93271","J1_autocephaly_2018-19","2018"
"1f917ca83f4d","Інформаційна атака була вчергове здійснена проти Української помісної православної церкви, коли була вкинута в простір фейкова заява про те, що захоплюються храми... Правим сектором... Росія, в тому числі використовуючи деякі нібито українські засоби масової інформації, намагається дискредитовувати базові і основні фундаментальні речі українського буття, і Українську православну церкву, і українську мову, і українську армію.",TRUE,"both","identity","Russia","other",3,"Coordination Council transcript (1 Oct 2018). An MP describes a Russian disinformation campaign falsely claiming 'Pravyi Sektor' was seizing churches, framing it as part of Russia's broader effort -- 'using some ostensibly Ukrainian media' -- to discredit 'the fundamental things of Ukrainian existence: the Ukrainian church, the Ukrainian language, and the Ukrainian army', echoing the Army-Language-Faith trinity from batch 17. This reverses the usual direction (defending the new Ukrainian church from Russian propaganda rather than securitising UOC-MP itself) but is coded as securitising given its explicit threat identification (Russian info-war), existential framing (attacking 'fundamentals of Ukrainian being'), and implicit call for parliamentary action (a draft resolution/legislation on information security already under urgent committee consideration).","coded_batch_20.json","2018-10-01","Погоджувальна рада","rada.gov.ua","rada_stenogram","https://www.rada.gov.ua/meeting/stenogr/show/6906.html","J1_autocephaly_2018-19","2018"
"ebac926b902a","Засідання Комітету з питань прав людини, деокупації та реінтеграції тимчасово окупованих територій України, національних меншин і міжнаціональних відносин",FALSE,"neither","other","none","none",1,"Failed/incomplete rada.gov.ua scrape (same recurring issue as prior batches): only generic site navigation boilerplate present, zero UOC-MP keyword hits, no transcript content available to code.","coded_batch_20.json","2018-10-01","Засідання Комітету з питань прав людини, деокупації та реінтеграції тимчасово окупованих територій України, н","rada.gov.ua","rada_stenogram","https://rada.gov.ua/meeting/stenogr/show/6906.html","J1_autocephaly_2018-19","2018"
"1d5c3db685ce","Уряд повинен прийти в парламент і відзвітувати, як буде проходити подолання економічної кризи.",FALSE,"neither","other","none","none",3,"Plenary session transcript (Засідання 13, 2 Oct 2018) covering the Naftogaz tariff crisis. No UOC-MP-related content.","coded_batch_20.json","2018-10-02","Засідання 13","rada.gov.ua","rada_stenogram","https://www.rada.gov.ua/meeting/stenogr/show/6908.html","J1_autocephaly_2018-19","2018"
"391ca092720e","Засідання Комітету з питань прав людини, деокупації та реінтеграції тимчасово окупованих територій України, національних меншин і міжнаціональних відносин",FALSE,"neither","other","none","none",1,"Failed/incomplete rada.gov.ua scrape (same recurring issue as prior batches): only generic site navigation boilerplate present, zero UOC-MP keyword hits, no transcript content available to code.","coded_batch_20.json","2018-10-02","Засідання Комітету з питань прав людини, деокупації та реінтеграції тимчасово окупованих територій України, н","rada.gov.ua","rada_stenogram","https://rada.gov.ua/meeting/stenogr/show/6910.html","J1_autocephaly_2018-19","2018"
"4895a13e0147","Бачу, що Росія не може змиритися з правом українців на власну Церкву. Вже й позови до суду з'явилися... боротьба за Томос про автокефалію відповідає національним інтересам і є питанням національної безпеки. У такій ситуації це не право, а обов'язок Президента діяти.",TRUE,"both","state","Russia","other",3,"Presidential spokesperson Sviatoslav Tsegolko responds to a lawsuit challenging Poroshenko's authority to petition Constantinople (the same or a related suit to the one covered in batch 12, doc b9aa4cc62bf0) by directly attributing it to Russia being unable to accept 'Ukrainians' right to their own Church', reframing a domestic legal/constitutional challenge as Russian-instigated. Reasserts the 'national security' framing and escalates it to a presidential 'duty' (obligation) rather than discretionary right -- delegitimising domestic legal opposition as foreign-directed, consistent with the 'fifth column' pattern seen elsewhere in the corpus.","coded_batch_20.json","2018-10-02","На Порошенка подали до суду через Томос","risu.ua","poroshenko_speech","https://risu.ua/na-poroshenka-podali-do-sudu-cherez-tomos_n93411","J1_autocephaly_2018-19","2018"
"5dda5e1dddb3","Засідання Комітету з питань прав людини, деокупації та реінтеграції тимчасово окупованих територій України, національних меншин і міжнаціональних відносин",FALSE,"neither","other","none","none",1,"Failed/incomplete rada.gov.ua scrape (same recurring issue as prior batches): only generic site navigation boilerplate present, zero UOC-MP keyword hits, no transcript content available to code.","coded_batch_20.json","2018-10-02","Засідання Комітету з питань прав людини, деокупації та реінтеграції тимчасово окупованих територій України, н","rada.gov.ua","rada_stenogram","https://rada.gov.ua/meeting/stenogr/show/6908.html","J1_autocephaly_2018-19","2018"
"95e313ef454b","Засідання Комітету з питань прав людини, деокупації та реінтеграції тимчасово окупованих територій України, національних меншин і міжнаціональних відносин",FALSE,"neither","other","none","none",1,"Failed/incomplete rada.gov.ua scrape (same recurring issue as prior batches): only generic site navigation boilerplate present, zero UOC-MP keyword hits, no transcript content available to code.","coded_batch_20.json","2018-10-02","Засідання Комітету з питань прав людини, деокупації та реінтеграції тимчасово окупованих територій України, н","rada.gov.ua","rada_stenogram","https://rada.gov.ua/meeting/stenogr/show/6909.html","J1_autocephaly_2018-19","2018"
"e857651b1766","Засідання Комітету з питань прав людини, деокупації та реінтеграції тимчасово окупованих територій України, національних меншин і міжнаціональних відносин",FALSE,"neither","other","none","none",1,"Failed/incomplete rada.gov.ua scrape (same recurring issue as prior batches): only generic site navigation boilerplate present, zero UOC-MP keyword hits, no transcript content available to code.","coded_batch_20.json","2018-10-02","Засідання Комітету з питань прав людини, деокупації та реінтеграції тимчасово окупованих територій України, н","rada.gov.ua","rada_stenogram","https://rada.gov.ua/meeting/stenogr/show/6907.html","J1_autocephaly_2018-19","2018"
"a7fc0ad8a2b1","Представляю вашій увазі один з найважливіших за всю історію незалежності України економічних законів.",FALSE,"neither","other","none","none",3,"Plenary session transcript (Засідання 14, 2 Oct 2018) covering a free utility-network-connection bill. No UOC-MP-related content.","coded_batch_20.json","2018-10-02","Засідання 14","rada.gov.ua","rada_stenogram","https://www.rada.gov.ua/meeting/stenogr/show/6910.html","J1_autocephaly_2018-19","2018"
"526c96ee8703","Засідання Комітету з питань прав людини, деокупації та реінтеграції тимчасово окупованих територій України, національних меншин і міжнаціональних відносин",FALSE,"neither","other","none","none",1,"Failed/incomplete rada.gov.ua scrape (same recurring issue as prior batches): only generic site navigation boilerplate present, zero UOC-MP keyword hits, no transcript content available to code.","coded_batch_21.json","2018-10-03","Засідання Комітету з питань прав людини, деокупації та реінтеграції тимчасово окупованих територій України, н","rada.gov.ua","rada_stenogram","https://rada.gov.ua/meeting/stenogr/show/6912.html","J1_autocephaly_2018-19","2018"
"8dc6cfdeb6ba","Засідання Комітету з питань прав людини, деокупації та реінтеграції тимчасово окупованих територій України, національних меншин і міжнаціональних відносин",FALSE,"neither","other","none","none",1,"Failed/incomplete rada.gov.ua scrape (same recurring issue as prior batches): only generic site navigation boilerplate present, zero UOC-MP keyword hits, no transcript content available to code.","coded_batch_21.json","2018-10-03","Засідання Комітету з питань прав людини, деокупації та реінтеграції тимчасово окупованих територій України, н","rada.gov.ua","rada_stenogram","https://rada.gov.ua/meeting/stenogr/show/6913.html","J1_autocephaly_2018-19","2018"
"a05922cc2910","Під лозунгами армії, мови і релігії починаються якісь прийняття популістських рішень. Зараз ми всі кричимо про Томос в релігії, завтра ми будемо кричати про необхідність прийняття мовного закону.",FALSE,"neither","other","none","none",1,"Plenary session transcript (Засідання 15, 3 Oct 2018). An MP critically accuses the governing coalition of exploiting 'army, language and religion' slogans for pre-election populism, arguing the real problem is economic decline (minimum wage, budget). This is a domestic political counter-critique of the securitising 'trinity' framing itself (Army/Language/Church) rather than a securitising move against UOC-MP; coded as not securitising, but flagged as evidence that the state's securitising rhetoric was publicly recognised and contested as an electoral strategy by opponents.","coded_batch_21.json","2018-10-03","Засідання 15","rada.gov.ua","rada_stenogram","https://www.rada.gov.ua/meeting/stenogr/show/6913.html","J1_autocephaly_2018-19","2018"
"c9cf24a68b06","Засідання Комітету з питань прав людини, деокупації та реінтеграції тимчасово окупованих територій України, національних меншин і міжнаціональних відносин",FALSE,"neither","other","none","none",1,"Failed/incomplete rada.gov.ua scrape (same recurring issue as prior batches): only generic site navigation boilerplate present, zero UOC-MP keyword hits, no transcript content available to code.","coded_batch_21.json","2018-10-03","Засідання Комітету з питань прав людини, деокупації та реінтеграції тимчасово окупованих територій України, н","rada.gov.ua","rada_stenogram","https://rada.gov.ua/meeting/stenogr/show/6911.html","J1_autocephaly_2018-19","2018"
"4ce2922de35c","Про усунення неузгодженостей у тексті прийнятого Закону України... щодо оформлення документів релігійних організацій.",FALSE,"neither","other","none","none",3,"Legislative agenda (Poriadok dennyi, 4 Oct 2018) listing a technical fix to the already-passed religious-organisations registration law (bill 6642). Purely administrative correction, no securitising content.","coded_batch_21.json","2018-10-04","Порядок денний","rada.gov.ua","rada_stenogram","https://www.rada.gov.ua/meeting/stenogr/show/6914.html","J1_autocephaly_2018-19","2018"
"5a2a60c2eb7d","Москва веде війну, щоб нав'язати нам русский мир з його русским языком, з Русской Церковью.",TRUE,"ontological","identity","Russia","other",3,"Plenary session transcript (Засідання 16, 4 Oct 2018), debate on the state-language bill (5670). Deputy Head of the Rada Iryna Herashchenko/another MP (identified via 'ЛУЦЕНКО І.В.' in transcript) declares 'Moscow is waging war to impose on us the russkiy mir with its Russian language, with the Russian Church' -- explicit threat identification framing the Russian Orthodox Church (and by extension UOC-MP) as a weapon of Russian 'war' to impose linguistic/cultural subjugation, used to justify support for the language bill.","coded_batch_21.json","2018-10-04","Засідання 16","rada.gov.ua","rada_stenogram","https://www.rada.gov.ua/meeting/stenogr/show/6915.html","J1_autocephaly_2018-19","2018"
"5a2a60c2eb7d","Мова, віра, культура, церква – це є фундамент єдності нації. І чим нація об'єднаніша, чим вона з'єднується більше, тим вона міцніша, вона здатна відстоювати всі загрози, які сьогодні нам випали на наш шлях.",TRUE,"ontological","nation","Russia","other",2,"Same debate: language, faith, culture, and church are described as 'the foundation of national unity' needed to withstand 'the threats that have befallen us', reprising the Army/Language/Church-type trinity framing seen elsewhere, this time explicitly deployed to support passage of the state-language law. The same session also features a rival MP mocking the 'Army. Language. Church' campaign-poster slogan as hollow pre-election posturing by a Russian-speaking Poroshenko -- a domestic political counter-critique of the securitising trinity itself, illustrating that this framing had become a contested electoral talking point by autumn 2018.","coded_batch_21.json","2018-10-04","Засідання 16","rada.gov.ua","rada_stenogram","https://www.rada.gov.ua/meeting/stenogr/show/6915.html","J1_autocephaly_2018-19","2018"
"5af1f8f79050","Засідання Комітету з питань прав людини, деокупації та реінтеграції тимчасово окупованих територій України, національних меншин і міжнаціональних відносин",FALSE,"neither","other","none","none",1,"Failed/incomplete rada.gov.ua scrape (same recurring issue as prior batches): only generic site navigation boilerplate present, zero UOC-MP keyword hits, no transcript content available to code.","coded_batch_21.json","2018-10-04","Засідання Комітету з питань прав людини, деокупації та реінтеграції тимчасово окупованих територій України, н","rada.gov.ua","rada_stenogram","https://rada.gov.ua/meeting/stenogr/show/6916.html","J1_autocephaly_2018-19","2018"
"a9cf284ccb7f","Засідання Комітету з питань прав людини, деокупації та реінтеграції тимчасово окупованих територій України, національних меншин і міжнаціональних відносин",FALSE,"neither","other","none","none",1,"Failed/incomplete rada.gov.ua scrape (same recurring issue as prior batches): only generic site navigation boilerplate present, zero UOC-MP keyword hits, no transcript content available to code.","coded_batch_21.json","2018-10-04","Засідання Комітету з питань прав людини, деокупації та реінтеграції тимчасово окупованих територій України, н","rada.gov.ua","rada_stenogram","https://rada.gov.ua/meeting/stenogr/show/6917.html","J1_autocephaly_2018-19","2018"
"d2e907d106b0","Про надання згоди на притягнення до кримінальної відповідальності народного депутата України Дунаєва.",FALSE,"neither","other","none","none",3,"Plenary session transcript (Засідання 17, 4 Oct 2018) covering an MP immunity-waiver vote. No UOC-MP-related content.","coded_batch_21.json","2018-10-04","Засідання 17","rada.gov.ua","rada_stenogram","https://www.rada.gov.ua/meeting/stenogr/show/6917.html","J1_autocephaly_2018-19","2018"
"d853723f4f0e","Засідання Комітету з питань прав людини, деокупації та реінтеграції тимчасово окупованих територій України, національних меншин і міжнаціональних відносин",FALSE,"neither","other","none","none",1,"Failed/incomplete rada.gov.ua scrape (same recurring issue as prior batches): only generic site navigation boilerplate present, zero UOC-MP keyword hits, no transcript content available to code.","coded_batch_21.json","2018-10-04","Засідання Комітету з питань прав людини, деокупації та реінтеграції тимчасово окупованих територій України, н","rada.gov.ua","rada_stenogram","https://rada.gov.ua/meeting/stenogr/show/6915.html","J1_autocephaly_2018-19","2018"
"fd178656645f","Засідання Комітету з питань прав людини, деокупації та реінтеграції тимчасово окупованих територій України, національних меншин і міжнаціональних відносин",FALSE,"neither","other","none","none",1,"Failed/incomplete rada.gov.ua scrape (same recurring issue as prior batches): only generic site navigation boilerplate present, zero UOC-MP keyword hits, no transcript content available to code.","coded_batch_21.json","2018-10-04","Засідання Комітету з питань прав людини, деокупації та реінтеграції тимчасово окупованих територій України, н","rada.gov.ua","rada_stenogram","https://rada.gov.ua/meeting/stenogr/show/6914.html","J1_autocephaly_2018-19","2018"
"b1724d0e86d2","Засідання Комітету з питань прав людини, деокупації та реінтеграції тимчасово окупованих територій України, національних меншин і міжнаціональних відносин",FALSE,"neither","other","none","none",1,"Failed/incomplete rada.gov.ua scrape (same recurring issue as prior batches): only generic site navigation boilerplate present, zero UOC-MP keyword hits, no transcript content available to code.","coded_batch_21.json","2018-10-05","Засідання Комітету з питань прав людини, деокупації та реінтеграції тимчасово окупованих територій України, н","rada.gov.ua","rada_stenogram","https://rada.gov.ua/meeting/stenogr/show/6918.html","J1_autocephaly_2018-19","2018"
"ed5d0b38f93e","Ми розцінюємо Ваш візит в Україну, як візит солідарності і єдності з українським народом в дуже складні часи.",FALSE,"neither","other","none","none",3,"Poroshenko meets European Baptist Federation representatives following their Donbas visit, discussing Russian aggression generally. No UOC-MP-related content.","coded_batch_21.json","2018-10-05","Баптисти з Європейської федерації після поїздки на Донбас зустрілися з Порошенком","risu.ua","poroshenko_speech","https://risu.ua/baptisti-z-yevropeyskoji-federaciji-pislya-pojizdki-na-donbas-zustrilisya-z-poroshenkom_n93497","J1_autocephaly_2018-19","2018"
"ef6e400fd718","Український народ змобілізований як ніколи, всі українські православні чекають рішення Вселенського патріарха.",FALSE,"neither","other","none","none",2,"Plenary session transcript (Засідання 18, 5 Oct 2018). Hopeful update on exarch meetings and economic policy discussion. No new securitising content beyond what is already extensively documented.","coded_batch_22.json","2018-10-05","Засідання 18","rada.gov.ua","rada_stenogram","https://www.rada.gov.ua/meeting/stenogr/show/6919.html","J1_autocephaly_2018-19","2018"
"f4d82bd0a2e9","Засідання Комітету з питань прав людини, деокупації та реінтеграції тимчасово окупованих територій України, національних меншин і міжнаціональних відносин",FALSE,"neither","other","none","none",1,"Failed/incomplete rada.gov.ua scrape (same recurring issue as prior batches): only generic site navigation boilerplate present, zero UOC-MP keyword hits, no transcript content available to code.","coded_batch_22.json","2018-10-05","Засідання Комітету з питань прав людини, деокупації та реінтеграції тимчасово окупованих територій України, н","rada.gov.ua","rada_stenogram","https://rada.gov.ua/meeting/stenogr/show/6919.html","J1_autocephaly_2018-19","2018"
"9fe4f4b3445e","Українська автокефалія є надією і для Росії (звісно, не для офіційних органів), і для тих, хто живе приходським життям.",FALSE,"neither","other","none","none",3,"Public lecture by Sergei Chapnin, a critical Russian journalist and former ROC official, analysing ROC's internal 'church revival' history. Reflective/analytical and notably sympathetic toward Ukrainian autocephaly as a hopeful precedent for reform within ROC itself; not a securitising move.","coded_batch_22.json","2018-10-08","“Українська автокефалія є надією і для Росії”, — Сергій Чапнін","risu.ua","poroshenko_speech","https://risu.ua/ukrajinska-avtokefaliya-ye-nadiyeyu-i-dlya-rosiji-sergiy-chapnin_n93565","J1_autocephaly_2018-19","2018"
"2e324858b49d","Як тільки де побачите людей, які закликатимуть взяти силою лавру, монастир чи храм, знайте, то – московська агентура. Бо мета Кремля – розпалити в Україні релігійну війну.",TRUE,"material","state","Russia","other",3,"Poroshenko's statement following the Synod's decision (11 Oct 2018). While guaranteeing religious freedom and explicitly disavowing any forced conversion or violence, he warns that anyone calling for the forcible seizure of a lavra, monastery, or church should be presumed to be 'Moscow's agentura [covert agents]', asserting the Kremlin's goal is to 'ignite a religious war in Ukraine'. A significant covert-operation/conspiracy securitising claim, functionally pre-labelling future violence or provocations as Russian intelligence operations.","coded_batch_22.json","2018-10-11","Українська влада гарантує повне дотримання релігійної свободи для вірних усіх конфесій – Порошенко","risu.ua","poroshenko_speech","https://risu.ua/ukrajinska-vlada-garantuye-povne-dotrimannya-religiynoji-svobodi-dlya-virnih-usih-konfesiy-poroshenko_n93656","J1_autocephaly_2018-19","2018"
"567d422b9a30","Питання Томосу та автокефалії виходить далеко за межі церковного життя... Це є питання нашої незалежності. Це – питання нашої національної безпеки. Це – питання нашої державності. Це – питання всієї світової геополітики... Це – падіння Третього Риму як найдавнішої концептуальної заявки Москви на світове панування.",TRUE,"both","state","Russia","other",3,"Poroshenko's full victory speech following the Synod's 11 October 2018 decision. Escalates the independence/national-security/statehood/geopolitics quadrinity framing to its fullest form yet, declaring the decision 'the fall of the Third Rome' as Moscow's 'oldest conceptual claim to world domination'.","coded_batch_22.json","2018-10-11","Рішення Вселенського Патріарха розвіяло імперські ілюзії і шовіністичні фантазії Москви, - Президент Порошенко","risu.ua","poroshenko_speech","https://risu.ua/rishennya-vselenskogo-patriarha-rozviyalo-imperski-ilyuziji-i-shovinistichni-fantaziji-moskvi-prezident-poroshenko_n93644","J1_autocephaly_2018-19","2018"
"567d422b9a30","Звернення до Вселенського Патріарха з проханням надати автокефалію підтримала і група єпископів УПЦ Московського Патріархату. Вони витримали тиск, шантаж, погрози і залякування, але звернулись зі своїми підписами до Вселенського Патріарха.",TRUE,"material","other","Russia","other",3,"Poroshenko states that UOC-MP bishops who signed the appeal to Constantinople 'withstood pressure, blackmail, threats and intimidation' -- reinforcing and escalating the earlier bribery/coercion narrative (batch 11's 'emissaries tried to bribe hierarchs') into explicit claims of blackmail and threats against Ukrainian clergy.","coded_batch_22.json","2018-10-11","Рішення Вселенського Патріарха розвіяло імперські ілюзії і шовіністичні фантазії Москви, - Президент Порошенко","risu.ua","poroshenko_speech","https://risu.ua/rishennya-vselenskogo-patriarha-rozviyalo-imperski-ilyuziji-i-shovinistichni-fantaziji-moskvi-prezident-poroshenko_n93644","J1_autocephaly_2018-19","2018"
"567d422b9a30","Це – велика перемога боголюбивого українського народу над московськими демонами, перемога добра над злом, світла над темрявою.",TRUE,"ontological","nation","Russia","other",3,"Poroshenko frames the Synod's decision as 'a great victory of the God-loving Ukrainian people over Moscow demons, a victory of good over evil, light over darkness' -- explicit, near-apocalyptic existential enemy-framing, among the most extreme rhetorical instances in the corpus, literally demonising the opposing side.","coded_batch_22.json","2018-10-11","Рішення Вселенського Патріарха розвіяло імперські ілюзії і шовіністичні фантазії Москви, - Президент Порошенко","risu.ua","poroshenko_speech","https://risu.ua/rishennya-vselenskogo-patriarha-rozviyalo-imperski-ilyuziji-i-shovinistichni-fantaziji-moskvi-prezident-poroshenko_n93644","J1_autocephaly_2018-19","2018"
"946545daa583","Це велика перемога світла над темрявою, боголюбивого українського народу над Москвою.",FALSE,"neither","other","none","none",2,"Short news brief excerpting the same victory speech captured fully in doc 567d422b9a30 (light/darkness, Moscow framing). Duplicate content from the same speech; not separately coded as a distinct securitising instance beyond what is already captured there.","coded_batch_22.json","2018-10-11","Україна отримає Томос - рішення Вселенського Патріархату","risu.ua","poroshenko_speech","https://risu.ua/ukrajina-otrimaye-tomos-rishennya-vselenskogo-patriarhatu_n93642","J1_autocephaly_2018-19","2018"
"e036ba97966c","11 жовтня 2018 року – це історичний день став днем проголошення... декларації про духовний суверенітет українського народу. Подібно як 16 липня 1990 року – Декларації про державний суверенітет України.",FALSE,"neither","other","none","none",2,"Cooperative diplomatic meeting between Poroshenko and the Ecumenical Patriarchate's exarchs following the Synod decision. Notable 'spiritual sovereignty' analogy to the 1990 state sovereignty declaration, but overall cooperative/celebratory rather than threat-framing; not securitising.","coded_batch_22.json","2018-10-11","Екзархи Вселенського Патріарха від імені Варфоломія I подякували Порошенку за  зусилля у об’єднанні православних християн в Україні","risu.ua","poroshenko_speech","https://risu.ua/ekzarhi-vselenskogo-patriarha-vid-imeni-varfolomiya-i-podyakuvali-poroshenku-za-zusillya-u-ob-yednanni-pravoslavnih-hristiyan-v-ukrajini_n93765","J1_autocephaly_2018-19","2018"
"03f672ab9339","Томос – фактично ще один Акт проголошення незалежності України. Імперія втрачає один із останніх важелів впливу на свою колишню колонію.",FALSE,"neither","other","none","none",2,"Short news brief excerpting the same speech already fully captured and coded in doc 567d422b9a30 (national security/geopolitics quadrinity, Third Rome falling). Duplicate content; not separately coded.","coded_batch_22.json","2018-10-12","Президент: Томос – фактично ще один Акт проголошення незалежності України","risu.ua","poroshenko_speech","https://risu.ua/prezident-tomos-faktichno-shche-odin-akt-progoloshennya-nezalezhnosti-ukrajini_n93659","J1_autocephaly_2018-19","2018"
"d66d68af8656","Українська незалежність без наявності помісної автокефальної церкви, коли церква буде п'ятою колоною сусідньої держави, є не повна незалежність. Це є залишок колоніального статусу.",TRUE,"both","state","UOC-MP","other",3,"Poroshenko, meeting Patriarch Filaret after the Synod decision, explicitly states that Ukrainian independence without an autocephalous church -- 'when the church is a fifth column of a neighbouring state' -- is incomplete independence, 'a remnant of colonial status'. This directly labels the church itself (not merely its opponents of autocephaly, as in earlier 'fifth column' references) as a fifth column -- among the most explicit and direct threat_actor=UOC-MP formulations of this trope in the entire corpus.","coded_batch_22.json","2018-10-12","Патріарх Філарет привітав Президента з рішенням Синоду Вселенського Патріархату про автокефалію","risu.ua","poroshenko_speech","https://risu.ua/patriarh-filaret-privitav-prezidenta-z-rishennyam-sinodu-vselenskogo-patriarhatu-pro-avtokefaliyu_n93662","J1_autocephaly_2018-19","2018"
"3b325d1e7809","Спільна розбудова незалежної Церкви не може бути підставою для розбрату... як тільки де побачите людей, які закликатимуть взяти силою Лавру, монастир чи храм, знайте, то – московська агентура. І ми не дозволимо Кремлю розпалити релігійну війну всередині нашої держави.",TRUE,"material","state","Russia","other",3,"Poroshenko repeats the 'Moscow agentura' warning at a separate public event (prayer service, Sophia Square, 14 Oct 2018), adding an explicit vow: 'we will not allow the Kremlin to ignite a religious war within our state' -- an explicit statement of resolve/vigilance as the implied extraordinary response.","coded_batch_22.json","2018-10-14","Порошенко: Як тільки побачите людей, які закликатимуть взяти силою Лавру, знайте, то – московська агентура","risu.ua","poroshenko_speech","https://risu.ua/poroshenko-yak-tilki-pobachite-lyudey-yaki-zaklikatimut-vzyati-siloyu-lavru-znayte-to-moskovska-agentura_n93715","J1_autocephaly_2018-19","2018"
"5989b0ba723d","Завершити справу, яку Іван (Іларіон) Огієнко називав ділом «повного розмосковлення» Церкви, випало нашому поколінню. І ми з вами це робимо!",TRUE,"ontological","identity","Russia","other",2,"Poroshenko frames the autocephaly process using historic terminology from Ivan Ohienko -- 'complete de-Moscowization' (повне розмосковлення) of the Church -- explicitly linking it to the 1917-1921 national liberation movement's parallel struggles over statehood, language, and church. An ideologically loaded framing of the extraordinary transformative goal as removing/purging Moscow's presence from Ukrainian church life entirely.","coded_batch_22.json","2018-10-14","Нашому поколінню випало завершити ""повне розмосковлення"" Церкви, - Петро Порошенко","risu.ua","poroshenko_speech","https://risu.ua/nashomu-pokolinnyu-vipalo-zavershiti-quot-povne-rozmoskovlennya-quot-cerkvi-petro-poroshenko_n93710","J1_autocephaly_2018-19","2018"
"855ac16f60a4","Процитували в тижневику і заяви на російському телебаченні про можливе силове захоплення церков.",TRUE,"material","other","Russia","seizure",3,"Media analysis (weekly TV review) reports that Russian television floated the possibility of forcible seizure of churches in response to the Synod's decision -- documenting an explicit Russian-side threat of coercive/violent property seizure as a response option being discussed on Russian state media.","coded_batch_22.json","2018-10-14","Затомосилося. Огляд тижневиків 12-14 жовтня 2018 року","risu.ua","poroshenko_speech","https://risu.ua/zatomosilosya-oglyad-tizhnevikiv-12-14-zhovtnya-2018-roku_n94282","J1_autocephaly_2018-19","2018"
"855ac16f60a4","Офіційні погрози Кремля захистити православних в Україні, ну як захистили російськомовних на Донбасі, напевно.",TRUE,"material","state","Russia","other",3,"The same review documents 'official Kremlin threats to protect Orthodox believers in Ukraine -- well, the way they protected Russian speakers in Donbas' -- an extremely serious securitising claim, explicitly drawing a parallel between rhetoric used to justify the 2014 invasion/annexation and potential future action framed around 'protecting' Orthodox believers, i.e. documenting an implied military-intervention-style threat using the church issue as pretext.","coded_batch_22.json","2018-10-14","Затомосилося. Огляд тижневиків 12-14 жовтня 2018 року","risu.ua","poroshenko_speech","https://risu.ua/zatomosilosya-oglyad-tizhnevikiv-12-14-zhovtnya-2018-roku_n94282","J1_autocephaly_2018-19","2018"
"855ac16f60a4","Питання української автокефалії потім виніс на РЕДУ нацбезпеки Російської Федерації, чим остаточно довів, що церква і уряд Росії одна структура.",TRUE,"material","other","Russia","none",2,"The review also notes that Russia's own Security Council discussed the Ukrainian autocephaly question, cited by Ukrainian commentators as proof that 'church and Russian government are one structure' -- documenting that the issue was treated as a security matter on the Russian side as well, reinforcing the instrument-of-the-state framing applied to ROC/UOC-MP throughout the corpus.","coded_batch_22.json","2018-10-14","Затомосилося. Огляд тижневиків 12-14 жовтня 2018 року","risu.ua","poroshenko_speech","https://risu.ua/zatomosilosya-oglyad-tizhnevikiv-12-14-zhovtnya-2018-roku_n94282","J1_autocephaly_2018-19","2018"
"182db9b20172","Засідання Комітету з питань прав людини, деокупації та реінтеграції тимчасово окупованих територій України, національних меншин і міжнаціональних відносин",FALSE,"neither","other","none","none",1,"Failed/incomplete rada.gov.ua scrape (same recurring issue as prior batches): only generic site navigation boilerplate present, zero UOC-MP keyword hits, no transcript content available to code.","coded_batch_22.json","2018-10-16","Засідання Комітету з питань прав людини, деокупації та реінтеграції тимчасово окупованих територій України, н","rada.gov.ua","rada_stenogram","https://rada.gov.ua/meeting/stenogr/show/6921.html","J1_autocephaly_2018-19","2018"
"1f26363e0264","З подачі Кремля залежне від нього російське церковне начальство заявило про розрив євхаристійного спілкування з Константинопольським Патріархатом.",TRUE,"ontological","other","Russia","none",2,"Poroshenko tweets that ROC's break with Constantinople happened 'at the Kremlin's initiative', by church leadership 'dependent on it' -- reinforcing the recurring instrument-of-the-Kremlin framing applied to ROC (and by extension UOC-MP), moderate confidence given it largely restates the established pattern without new specifics.","coded_batch_22.json","2018-10-16","«Ми на правильному шляху», - Порошенко про розрив стосунків між Москвою та Константинополем","risu.ua","poroshenko_speech","https://risu.ua/mi-na-pravilnomu-shlyahu-poroshenko-pro-rozriv-stosunkiv-mizh-moskvoyu-ta-konstantinopolem_n93768","J1_autocephaly_2018-19","2018"
"86165b38f0e8","Засідання Комітету з питань прав людини, деокупації та реінтеграції тимчасово окупованих територій України, національних меншин і міжнаціональних відносин",FALSE,"neither","other","none","none",1,"Failed/incomplete rada.gov.ua scrape (same recurring issue as prior batches): only generic site navigation boilerplate present, zero UOC-MP keyword hits, no transcript content available to code.","coded_batch_22.json","2018-10-16","Засідання Комітету з питань прав людини, деокупації та реінтеграції тимчасово окупованих територій України, н","rada.gov.ua","rada_stenogram","https://rada.gov.ua/meeting/stenogr/show/6920.html","J1_autocephaly_2018-19","2018"
"a713b4d42607","Засідання Комітету з питань прав людини, деокупації та реінтеграції тимчасово окупованих територій України, національних меншин і міжнаціональних відносин",FALSE,"neither","other","none","none",1,"Failed/incomplete rada.gov.ua scrape (same recurring issue as prior batches): only generic site navigation boilerplate present, zero UOC-MP keyword hits, no transcript content available to code.","coded_batch_22.json","2018-10-16","Засідання Комітету з питань прав людини, деокупації та реінтеграції тимчасово окупованих територій України, н","rada.gov.ua","rada_stenogram","https://rada.gov.ua/meeting/stenogr/show/6922.html","J1_autocephaly_2018-19","2018"
"ae233f3c696d","Не треба боятися втратити недоторканність.",FALSE,"neither","other","none","none",3,"Plenary session transcript (Засідання 20, 16 Oct 2018) covering MP immunity waivers and environmental/gas extraction issues. No UOC-MP-related content.","coded_batch_22.json","2018-10-16","Засідання 20","rada.gov.ua","rada_stenogram","https://www.rada.gov.ua/meeting/stenogr/show/6924.html","J1_autocephaly_2018-19","2018"
"b56ccd0b7285","Засідання Комітету з питань прав людини, деокупації та реінтеграції тимчасово окупованих територій України, національних меншин і міжнаціональних відносин",FALSE,"neither","other","none","none",1,"Failed/incomplete rada.gov.ua scrape (same recurring issue as prior batches): only generic site navigation boilerplate present, zero UOC-MP keyword hits, no transcript content available to code.","coded_batch_22.json","2018-10-16","Засідання Комітету з питань прав людини, деокупації та реінтеграції тимчасово окупованих територій України, н","rada.gov.ua","rada_stenogram","https://rada.gov.ua/meeting/stenogr/show/6923.html","J1_autocephaly_2018-19","2018"
"d46455e714ca","Засідання Комітету з питань прав людини, деокупації та реінтеграції тимчасово окупованих територій України, національних меншин і міжнаціональних відносин",FALSE,"neither","other","none","none",1,"Failed/incomplete rada.gov.ua scrape (same recurring issue as prior batches): only generic site navigation boilerplate present, zero UOC-MP keyword hits, no transcript content available to code.","coded_batch_22.json","2018-10-16","Засідання Комітету з питань прав людини, деокупації та реінтеграції тимчасово окупованих територій України, н","rada.gov.ua","rada_stenogram","https://rada.gov.ua/meeting/stenogr/show/6924.html","J1_autocephaly_2018-19","2018"
"e28f5b291aee","Скасована анексія Київської митрополії Москвою 1686 року. Це була анексія не тільки церкви, це була спроба анексії нашої пам'яті, нашої історії і нашої духовності.",TRUE,"ontological","identity","Russia","other",3,"Coordination Council transcript (16 Oct 2018). Speaker Andriy Parubiy frames the historical 1686 transfer of the Kyiv Metropolis to Moscow as an 'annexation' -- deliberately echoing territorial-annexation language (evoking Crimea) to describe a centuries-old ecclesiastical transfer, extending the annexation frame to memory, history, and spirituality themselves.","coded_batch_22.json","2018-10-16","Погоджувальна рада","rada.gov.ua","rada_stenogram","https://www.rada.gov.ua/meeting/stenogr/show/6921.html","J1_autocephaly_2018-19","2018"
"e28f5b291aee","Фактично Кремль через підконтрольну йому релігійну організацію фактично розв'язує міжнародний релігійний конфлікт між православними церквами.",TRUE,"material","other","Russia","none",3,"Parubiy explicitly states the Kremlin, 'through a religious organisation under its control' (ROC/by extension UOC-MP), is 'unleashing an international religious conflict between Orthodox churches' -- direct instrument-of-the-state threat-actor framing citing Russia's own National Security Council discussion of the issue as evidence.","coded_batch_22.json","2018-10-16","Погоджувальна рада","rada.gov.ua","rada_stenogram","https://www.rada.gov.ua/meeting/stenogr/show/6921.html","J1_autocephaly_2018-19","2018"
"e28f5b291aee","Православна Церква України буде незалежною і буде українською, і ніякі російські «кегебісти» в рясах цьому не завадять... Агентів-агресорів треба нейтралізувати, а канали їх фінансування назавжди перекрити.",TRUE,"both","state","UOC-MP","other",3,"Narodny Front faction leader Maksym Burbak explicitly calls Russian-aligned clergy 'KGB agents in cassocks' (кегебісти в рясах) -- a direct espionage/covert-agent accusation against clergy -- and, in the same speech, explicitly calls for 'agent-aggressors' to be 'neutralised' and their 'financing channels permanently cut off'. This is among the most extreme and explicit extraordinary-measure calls in the entire corpus: a sitting faction leader on the floor of parliament calling for the neutralisation of individuals and severing of funding, framed as part of a 'war for souls and bodies' against an enemy operating 'not only in the trenches of Donbas, but also inside the country'.","coded_batch_22.json","2018-10-16","Погоджувальна рада","rada.gov.ua","rada_stenogram","https://www.rada.gov.ua/meeting/stenogr/show/6921.html","J1_autocephaly_2018-19","2018"
"e28f5b291aee","Наш віковічний ворог – східна деспотія Росії робить, робила і буде робити все для того, щоб полонити українську людину і український край... російська деспотія відступати не буде, а буде провокувати і буде створювати дестабілізуючий фактор.",TRUE,"material","nation","Russia","none",2,"Samopomich faction leader Oleh Berezyuk frames Russia as Ukraine's 'age-old enemy' and 'eastern despotism' that will continue trying 'to enslave the Ukrainian person and Ukrainian land', warning it will keep provoking and destabilising in reaction to the autocephaly decision, and calls for 'stability and security above all' as the state's priority response.","coded_batch_22.json","2018-10-16","Погоджувальна рада","rada.gov.ua","rada_stenogram","https://www.rada.gov.ua/meeting/stenogr/show/6921.html","J1_autocephaly_2018-19","2018"
"e8e57e2da36c","Разом зі здобуттям духовної незалежності Україна буде і надалі відвойовувати незалежність територіальну... І українське суспільство, і агресор вкотре переконались - українське військо здатне дати відсіч ворогу.",TRUE,"both","state","Russia","none",2,"Plenary session transcript (Засідання 19, 16 Oct 2018). BPP faction leader Artur Herasymov explicitly links the church's 'spiritual independence' to Ukraine's ongoing pursuit of 'territorial independence', juxtaposing the Synod decision with recent military exercises near Azov -- reinforcing the church-army parallel established throughout the corpus.","coded_batch_22.json","2018-10-16","Засідання 19","rada.gov.ua","rada_stenogram","https://www.rada.gov.ua/meeting/stenogr/show/6922.html","J1_autocephaly_2018-19","2018"
"e8e57e2da36c","РПЦ вивела себе за межі світового православ'я, вони справжні розкольники і політикани, які вірно служать Кремлю... ніякі російські кегебісти в рясах цьому не завадять. Війна за незалежність триває, війна за душі і тіла.",TRUE,"both","state","UOC-MP","sanction",3,"Burbak repeats the 'KGB agents in cassocks' framing and 'war for souls and bodies' language from the same-day Coordination Council speech (doc e28f5b291aee), and in this plenary version explicitly calls for sanctions against media outlets that 'deny the fact of Russian aggression and broadcast Kremlin talking points', urging immediate consideration of related bills and unblocking a sanctions resolution against 'hostile TV channels'. Coded extraordinary_measure as 'sanction' given the explicit, concrete legislative call.","coded_batch_22.json","2018-10-16","Засідання 19","rada.gov.ua","rada_stenogram","https://www.rada.gov.ua/meeting/stenogr/show/6922.html","J1_autocephaly_2018-19","2018"
"f1653701caa4","Це буде символічний жест нашого єднання із Матір'ю-Церквою.",FALSE,"neither","other","none","none",3,"Procedural announcement of a bill to transfer St. Andrew's Church to the Ecumenical Patriarch as a symbolic gesture of gratitude. Cooperative/diplomatic, not securitising.","coded_batch_22.json","2018-10-16","Порошенко пропонує передати Андріївську церкву у постійне користування Вселенському Патріарху","risu.ua","poroshenko_speech","https://risu.ua/poroshenko-proponuye-peredati-andrijivsku-cerkvu-u-postiyne-koristuvannya-vselenskomu-patriarhu_n93762","J1_autocephaly_2018-19","2018"
"0319c540fe60","Засідання Комітету з питань прав людини, деокупації та реінтеграції тимчасово окупованих територій України, національних меншин і міжнаціональних відносин",FALSE,"neither","other","none","none",1,"Failed/incomplete rada.gov.ua scrape (same recurring issue as prior batches): only generic site navigation boilerplate present, zero UOC-MP keyword hits, no transcript content available to code.","coded_batch_23.json","2018-10-17","Засідання Комітету з питань прав людини, деокупації та реінтеграції тимчасово окупованих територій України, н","rada.gov.ua","rada_stenogram","https://rada.gov.ua/meeting/stenogr/show/6927.html","J1_autocephaly_2018-19","2018"
"33fab932a3fb","Законопроект визначено Президентом як невідкладний і передано на розгляд керівництву Верховної Ради.",FALSE,"neither","other","none","none",3,"Procedural news on the St. Andrew's Church transfer bill submission. No securitising content.","coded_batch_23.json","2018-10-17","Президент Порошенко вніс до ВРУ законопроект про передачу Андріївської церкви Вселенському Патріарху","risu.ua","poroshenko_speech","https://risu.ua/prezident-poroshenko-vnis-do-vru-zakonoproekt-pro-peredachu-andrijivskoji-cerkvi-vselenskomu-patriarhu_n93812","J1_autocephaly_2018-19","2018"
"6762fffba43e","Засідання Комітету з питань прав людини, деокупації та реінтеграції тимчасово окупованих територій України, національних меншин і міжнаціональних відносин",FALSE,"neither","other","none","none",1,"Failed/incomplete rada.gov.ua scrape (same recurring issue as prior batches): only generic site navigation boilerplate present, zero UOC-MP keyword hits, no transcript content available to code.","coded_batch_23.json","2018-10-17","Засідання Комітету з питань прав людини, деокупації та реінтеграції тимчасово окупованих територій України, н","rada.gov.ua","rada_stenogram","https://rada.gov.ua/meeting/stenogr/show/6926.html","J1_autocephaly_2018-19","2018"
"6aa1e58e856c","Воюючи за українську церкву, ми жодним чином не хочемо принизити інші українські церкви і ніколи не допустимо провокацій проти будь-якої конфесії і будь-якої церкви.",FALSE,"neither","other","none","none",2,"Plenary session transcript (Засідання 21, 17 Oct 2018). MP Mykola Kniazhytskyi warns that 'many people are trying to disrupt this work, carry out provocations' regarding autocephaly and the language law, but explicitly pledges not to allow provocations against 'any confession or church, to whatever faith or people it belongs' -- an inclusive/protective stance rather than a securitising move against UOC-MP specifically. Coded as not securitising given its protective framing toward all confessions.","coded_batch_23.json","2018-10-17","Засідання 21","rada.gov.ua","rada_stenogram","https://www.rada.gov.ua/meeting/stenogr/show/6927.html","J1_autocephaly_2018-19","2018"
"f83159569446","Засідання Комітету з питань прав людини, деокупації та реінтеграції тимчасово окупованих територій України, національних меншин і міжнаціональних відносин",FALSE,"neither","other","none","none",1,"Failed/incomplete rada.gov.ua scrape (same recurring issue as prior batches): only generic site navigation boilerplate present, zero UOC-MP keyword hits, no transcript content available to code.","coded_batch_23.json","2018-10-17","Засідання Комітету з питань прав людини, деокупації та реінтеграції тимчасово окупованих територій України, н","rada.gov.ua","rada_stenogram","https://rada.gov.ua/meeting/stenogr/show/6925.html","J1_autocephaly_2018-19","2018"
"4ce0cf2a8362","Томос про автокефалію – це ще один акт проголошення вже духовної незалежності України... посилить права і свободи громадян.",FALSE,"neither","other","none","none",2,"Plenary session transcript (Засідання 22, 18 Oct 2018) covering the bill to transfer St. Andrew's Church to the Ecumenical Patriarchate for use as its Kyiv mission. Presidential representative Iryna Lutsenko presents the bill in cooperative, procedural terms; no new securitising content beyond what is already documented.","coded_batch_23.json","2018-10-18","Засідання 22","rada.gov.ua","rada_stenogram","https://www.rada.gov.ua/meeting/stenogr/show/6929.html","J1_autocephaly_2018-19","2018"
"baa92a476afe","Засідання Комітету з питань прав людини, деокупації та реінтеграції тимчасово окупованих територій України, національних меншин і міжнаціональних відносин",FALSE,"neither","other","none","none",1,"Failed/incomplete rada.gov.ua scrape (same recurring issue as prior batches): only generic site navigation boilerplate present, zero UOC-MP keyword hits, no transcript content available to code.","coded_batch_23.json","2018-10-18","Засідання Комітету з питань прав людини, деокупації та реінтеграції тимчасово окупованих територій України, н","rada.gov.ua","rada_stenogram","https://rada.gov.ua/meeting/stenogr/show/6931.html","J1_autocephaly_2018-19","2018"
"d8f4e9183f65","Засідання Комітету з питань прав людини, деокупації та реінтеграції тимчасово окупованих територій України, національних меншин і міжнаціональних відносин",FALSE,"neither","other","none","none",1,"Failed/incomplete rada.gov.ua scrape (same recurring issue as prior batches): only generic site navigation boilerplate present, zero UOC-MP keyword hits, no transcript content available to code.","coded_batch_23.json","2018-10-18","Засідання Комітету з питань прав людини, деокупації та реінтеграції тимчасово окупованих територій України, н","rada.gov.ua","rada_stenogram","https://rada.gov.ua/meeting/stenogr/show/6930.html","J1_autocephaly_2018-19","2018"
"dcd8f2531258","Засідання Комітету з питань прав людини, деокупації та реінтеграції тимчасово окупованих територій України, національних меншин і міжнаціональних відносин",FALSE,"neither","other","none","none",1,"Failed/incomplete rada.gov.ua scrape (same recurring issue as prior batches): only generic site navigation boilerplate present, zero UOC-MP keyword hits, no transcript content available to code.","coded_batch_23.json","2018-10-18","Засідання Комітету з питань прав людини, деокупації та реінтеграції тимчасово окупованих територій України, н","rada.gov.ua","rada_stenogram","https://rada.gov.ua/meeting/stenogr/show/6928.html","J1_autocephaly_2018-19","2018"
"ebca9c62e6a4","Це просто гундяєвство і демонструє, що це кегебістська секта! ...священники Гундяєва своїми руками вбивали полонених українських воїнів! Перші диверсійні групи переховувались у ваших, гундяєвських сховищах, вбиваючи українських громадян, як диверсійна група Стрєлкова!",TRUE,"material","other","UOC-MP","other",3,"Plenary session transcript (Засідання 23, 18 Oct 2018). Following Opposition Bloc MP Oleksandr Vilkul's accusation that parliament paid Patriarch Bartholomew a 'bribe' (transferring St. Andrew's Church) for supporting Poroshenko's campaign, the presiding chair erupts, calling Vilkul's faction's church affiliation a 'Gundyaev-ism' [derogatory reference to Patriarch Kirill Gundyaev] and 'a KGB sect', and directly accusing '(Patriarch) Gundyaev's priests' of having 'murdered captured Ukrainian soldiers with their own hands' and of 'the first sabotage groups' hiding in 'your Gundyaev hideouts... like Strelkov's sabotage group'. This is among the most extreme securitising accusations in the entire corpus: explicit war-crimes/murder allegations against clergy and claims that church property served as safe houses for Russian sabotage operations, delivered from the Speaker's podium in direct response to an opposing MP's remarks about the church-transfer bill.","coded_batch_23.json","2018-10-18","Засідання 23","rada.gov.ua","rada_stenogram","https://www.rada.gov.ua/meeting/stenogr/show/6931.html","J1_autocephaly_2018-19","2018"
"f8922c58aef6","Засідання Комітету з питань прав людини, деокупації та реінтеграції тимчасово окупованих територій України, національних меншин і міжнаціональних відносин",FALSE,"neither","other","none","none",1,"Failed/incomplete rada.gov.ua scrape (same recurring issue as prior batches): only generic site navigation boilerplate present, zero UOC-MP keyword hits, no transcript content available to code.","coded_batch_23.json","2018-10-18","Засідання Комітету з питань прав людини, деокупації та реінтеграції тимчасово окупованих територій України, н","rada.gov.ua","rada_stenogram","https://rada.gov.ua/meeting/stenogr/show/6929.html","J1_autocephaly_2018-19","2018"
"83752f3e3296","Порошенко додав, що держава не вживатиме ніяких санкцій проти тих священиків, які вирішать залишитися в УПЦ (МП).",FALSE,"neither","other","none","none",3,"Poroshenko explicitly states the state will not impose sanctions against priests choosing to remain with UOC-MP, and that no one will be forcibly 'invited' into the new church. Explicit disavowal of coercive/extraordinary measures against UOC-MP -- the opposite of a securitising call.","coded_batch_23.json","2018-10-22","В автокефальну Церкву ніхто нікого не ""запросить"" силоміць, - Порошенко","risu.ua","poroshenko_speech","https://risu.ua/v-avtokefalnu-cerkvu-nihto-nikogo-ne-quot-zaprosit-quot-silomic-poroshenko_n93916","J1_autocephaly_2018-19","2018"
"9430712b9078","Клірики РПЦ благословляли російських найманців-націоналістів, які вирушали на Донбас... Митрополит РПЦ в Україні Онуфрій та інші сановники навіть відмовилися встати в парламенті в знак пам'яті про загиблих українських солдатів.",FALSE,"neither","other","Russia","none",2,"Extended analytical essay by scholar Taras Kuzio (misattributed to 'speaker: poroshenko' in the source metadata; these are not Poroshenko's own words) contextualising the autocephaly decision as Ukraine's 'second independence from Russia'. Recaps previously documented incidents (bishops blessing Donbas fighters, refusing funeral rites, not standing for fallen soldiers) and explains Russia's own 'russkiy mir' ideological framework and its narrative branding of resisters as 'fascists' and 'agents of Western imperialism' -- descriptive/historical analysis rather than a fresh securitising claim by an official actor. Coded as not securitising given its scholarly, explanatory register, though it substantively corroborates threat narratives documented elsewhere.","coded_batch_23.json","2018-10-22","Порошенко здобув другу незалежність від Росії","risu.ua","poroshenko_speech","https://risu.ua/poroshenko-zdobuv-drugu-nezalezhnist-vid-rosiji_n93935","J1_autocephaly_2018-19","2018"
"2de0cf5e0e0b","Яка ж це автокефалія, коли Вселенський патріарх буде керувати одним із важливих православних монастирів.",FALSE,"neither","other","none","none",2,"Honorary Patriarch Filaret publicly criticises the November 2018 Ukraine-Constantinople cooperation agreement, alleging it grants Constantinople excessive control over Ukrainian monasteries and imposes financial obligations, arguing this undermines genuine autocephaly. This is intra-Ukrainian-church criticism of the deal's terms, not a securitising move involving UOC-MP as threat; not coded as securitising, though it evidences later fractures within the newly formed PCU.","coded_batch_23.json","2018-11-03","Філарет розповів про ""таємну угоду між Патріархом Варфоломієм і президентом Порошенком""","risu.ua","poroshenko_speech","https://risu.ua/filaret-rozpoviv-pro-quot-tayemnu-ugodu-mizh-patriarhom-varfolomiyem-i-prezidentom-poroshenkom-quot_n98812","J1_autocephaly_2018-19","2018"
"3d5a66957948","Це остаточний крок до завершення процедури надання автокефалії Православній Церкві в Україні.",FALSE,"neither","other","none","none",3,"Factual news on the signing of the Ukraine-Ecumenical Patriarchate cooperation agreement. No securitising content.","coded_batch_23.json","2018-11-03","Підписано Угоду про співпрацю між Україною та Вселенським Патріархатом","risu.ua","poroshenko_speech","https://risu.ua/pidpisano-ugodu-pro-spivpracyu-mizh-ukrajinoyu-ta-vselenskim-patriarhatom_n94179","J1_autocephaly_2018-19","2018"
"6d348c93d2ad","Вселенський Патріарх надає Томос, визнаючи незалежність Української Церкви.",FALSE,"neither","other","none","none",3,"Factual/procedural detail on the cooperation agreement's terms. No securitising content.","coded_batch_23.json","2018-11-03","Угода між Україною та Константинополем – офіційний план надання і отримання Томосу","risu.ua","poroshenko_speech","https://risu.ua/ugoda-mizh-ukrajinoyu-ta-konstantinopolem-oficiyniy-plan-nadannya-i-otrimannya-tomosu_n94192","J1_autocephaly_2018-19","2018"
"73565fdd565e","Ми переконані, що рішення про автокефалію приведе до єдності православних в Україні.",FALSE,"neither","other","none","none",3,"Patriarch Bartholomew's cooperative remarks after signing the agreement. No securitising content.","coded_batch_23.json","2018-11-03","«Автокефалія приведе до єдності православних в Україні», - Варфоломій I","risu.ua","poroshenko_speech","https://risu.ua/avtokefaliya-privede-do-yednosti-pravoslavnih-v-ukrajini-varfolomiy-i_n94182","J1_autocephaly_2018-19","2018"
"b3e67b08b53a","3-4 листопада відбувається офіційний візит Президента України Петра Порошенка до Турецької Республіки.",FALSE,"neither","other","none","none",3,"Procedural news on Poroshenko's Istanbul visit itinerary. No securitising content.","coded_batch_23.json","2018-11-03","Порошенко сьогодні у Стамбулі зустрінеться з Варфоломієм I","risu.ua","poroshenko_speech","https://risu.ua/poroshenko-sogodni-u-stambuli-zustrinetsya-z-varfolomiyem-i_n94175","J1_autocephaly_2018-19","2018"
"3c59a425f339","Зроблено ще один крок до отримання Томоса.",FALSE,"neither","other","none","none",3,"Institute for Strategic Studies director explains the significance of the cooperation agreement in procedural/celebratory terms. No new securitising content.","coded_batch_23.json","2018-11-05","В Інституті стратегічних досліджень пояснили значення Угоди між Президентом України і Варфоломієм I","risu.ua","poroshenko_speech","https://risu.ua/v-instituti-strategichnih-doslidzhen-poyasnili-znachennya-ugodi-mizh-prezidentom-ukrajini-i-varfolomiyem-i_n94219","J1_autocephaly_2018-19","2018"
"3c8df3636c44","Засідання Комітету з питань прав людини, деокупації та реінтеграції тимчасово окупованих територій України, національних меншин і міжнаціональних відносин",FALSE,"neither","other","none","none",1,"Failed/incomplete rada.gov.ua scrape (same recurring issue as prior batches): only generic site navigation boilerplate present, zero UOC-MP keyword hits, no transcript content available to code.","coded_batch_23.json","2018-11-05","Засідання Комітету з питань прав людини, деокупації та реінтеграції тимчасово окупованих територій України, н","rada.gov.ua","rada_stenogram","https://rada.gov.ua/meeting/stenogr/show/6934.html","J1_autocephaly_2018-19","2018"
"dcd52fce848c","Підписана угода дає мені впевненість сподіватись, що вже до кінця листопада буде проведено Всеукраїнський об'єднавчий собор. І я впевнений, що жодні темні сили не зможуть зупинити цей процес.",TRUE,"ontological","other","Russia","none",1,"Coordination Council transcript (5 Nov 2018), opening with condolences related to a recent murder investigation (unrelated to UOC-MP) before turning to the Ukraine-Constantinople agreement. Speaker Parubiy expresses confidence that 'no dark forces will be able to stop this process' -- a mild reiteration of the light/darkness securitising framing used elsewhere, without new specific claims. Low confidence given its brief, generic nature.","coded_batch_24.json","2018-11-05","Погоджувальна рада","rada.gov.ua","rada_stenogram","https://www.rada.gov.ua/meeting/stenogr/show/6934.html","J1_autocephaly_2018-19","2018"
"36a0fef46fa2","Засідання Комітету з питань прав людини, деокупації та реінтеграції тимчасово окупованих територій України, національних меншин і міжнаціональних відносин",FALSE,"neither","other","none","none",1,"Failed/incomplete rada.gov.ua scrape (same recurring issue as prior batches): only generic site navigation boilerplate present, zero UOC-MP keyword hits, no transcript content available to code.","coded_batch_24.json","2018-11-06","Засідання Комітету з питань прав людини, деокупації та реінтеграції тимчасово окупованих територій України, н","rada.gov.ua","rada_stenogram","https://rada.gov.ua/meeting/stenogr/show/6935.html","J1_autocephaly_2018-19","2018"
"530c7c39aa0e","Засідання Комітету з питань прав людини, деокупації та реінтеграції тимчасово окупованих територій України, національних меншин і міжнаціональних відносин",FALSE,"neither","other","none","none",1,"Failed/incomplete rada.gov.ua scrape (same recurring issue as prior batches): only generic site navigation boilerplate present, zero UOC-MP keyword hits, no transcript content available to code.","coded_batch_24.json","2018-11-06","Засідання Комітету з питань прав людини, деокупації та реінтеграції тимчасово окупованих територій України, н","rada.gov.ua","rada_stenogram","https://rada.gov.ua/meeting/stenogr/show/6938.html","J1_autocephaly_2018-19","2018"
"75269fe0eb21","Засідання Комітету з питань прав людини, деокупації та реінтеграції тимчасово окупованих територій України, національних меншин і міжнаціональних відносин",FALSE,"neither","other","none","none",1,"Failed/incomplete rada.gov.ua scrape (same recurring issue as prior batches): only generic site navigation boilerplate present, zero UOC-MP keyword hits, no transcript content available to code.","coded_batch_24.json","2018-11-06","Засідання Комітету з питань прав людини, деокупації та реінтеграції тимчасово окупованих територій України, н","rada.gov.ua","rada_stenogram","https://rada.gov.ua/meeting/stenogr/show/6937.html","J1_autocephaly_2018-19","2018"
"8c649620a444","Засідання Комітету з питань прав людини, деокупації та реінтеграції тимчасово окупованих територій України, національних меншин і міжнаціональних відносин",FALSE,"neither","other","none","none",1,"Failed/incomplete rada.gov.ua scrape (same recurring issue as prior batches): only generic site navigation boilerplate present, zero UOC-MP keyword hits, no transcript content available to code.","coded_batch_24.json","2018-11-06","Засідання Комітету з питань прав людини, деокупації та реінтеграції тимчасово окупованих територій України, н","rada.gov.ua","rada_stenogram","https://rada.gov.ua/meeting/stenogr/show/6936.html","J1_autocephaly_2018-19","2018"
"b821d087edb5","Це принципове питання захисту людей... щоб в цій тимчасовій слідчій комісії був незалежний голова.",FALSE,"neither","other","none","none",3,"Plenary session transcript (Засідання 25, 6 Nov 2018) covering a temporary investigative commission on activist murders/attacks. No UOC-MP-related content.","coded_batch_24.json","2018-11-06","Засідання 25","rada.gov.ua","rada_stenogram","https://www.rada.gov.ua/meeting/stenogr/show/6936.html","J1_autocephaly_2018-19","2018"
"c7be8a3ea522","Ми своїм законопроектом пропонуємо створити систему парламентського контролю за планом імплементації національної стратегії розмінування.",FALSE,"neither","other","none","none",3,"Plenary session transcript (Засідання 26, 6 Nov 2018) covering demining legislation. No UOC-MP-related content.","coded_batch_24.json","2018-11-06","Засідання 26","rada.gov.ua","rada_stenogram","https://www.rada.gov.ua/meeting/stenogr/show/6938.html","J1_autocephaly_2018-19","2018"
"2b1866ff1a3c","Проект Постанови про заборону уряду регулювати ціни на газ.",FALSE,"neither","other","none","none",3,"Plenary session transcript (Засідання 27, 7 Nov 2018) covering gas pricing policy. No UOC-MP-related content.","coded_batch_24.json","2018-11-07","Засідання 27","rada.gov.ua","rada_stenogram","https://www.rada.gov.ua/meeting/stenogr/show/6941.html","J1_autocephaly_2018-19","2018"
"30524ca32d85","Засідання Комітету з питань прав людини, деокупації та реінтеграції тимчасово окупованих територій України, національних меншин і міжнаціональних відносин",FALSE,"neither","other","none","none",1,"Failed/incomplete rada.gov.ua scrape (same recurring issue as prior batches): only generic site navigation boilerplate present, zero UOC-MP keyword hits, no transcript content available to code.","coded_batch_24.json","2018-11-07","Засідання Комітету з питань прав людини, деокупації та реінтеграції тимчасово окупованих територій України, н","rada.gov.ua","rada_stenogram","https://rada.gov.ua/meeting/stenogr/show/6940.html","J1_autocephaly_2018-19","2018"
"5744054bcee8","Засідання Комітету з питань прав людини, деокупації та реінтеграції тимчасово окупованих територій України, національних меншин і міжнаціональних відносин",FALSE,"neither","other","none","none",1,"Failed/incomplete rada.gov.ua scrape (same recurring issue as prior batches): only generic site navigation boilerplate present, zero UOC-MP keyword hits, no transcript content available to code.","coded_batch_24.json","2018-11-07","Засідання Комітету з питань прав людини, деокупації та реінтеграції тимчасово окупованих територій України, н","rada.gov.ua","rada_stenogram","https://rada.gov.ua/meeting/stenogr/show/6939.html","J1_autocephaly_2018-19","2018"
"6504ebf15cc6","Засідання Комітету з питань прав людини, деокупації та реінтеграції тимчасово окупованих територій України, національних меншин і міжнаціональних відносин",FALSE,"neither","other","none","none",1,"Failed/incomplete rada.gov.ua scrape (same recurring issue as prior batches): only generic site navigation boilerplate present, zero UOC-MP keyword hits, no transcript content available to code.","coded_batch_24.json","2018-11-07","Засідання Комітету з питань прав людини, деокупації та реінтеграції тимчасово окупованих територій України, н","rada.gov.ua","rada_stenogram","https://rada.gov.ua/meeting/stenogr/show/6941.html","J1_autocephaly_2018-19","2018"
"e6769ae7a002","Передача Константинополю Андріївської церкви є важливим кроком у проведенні роботи з підготовки до отримання Томосу про автокефалію УПЦ.",FALSE,"neither","other","none","none",3,"Procedural news on Poroshenko signing the St. Andrew's Church transfer law. No securitising content.","coded_batch_24.json","2018-11-07","Порошенко підписав закон про передачу Андріївської церкви Константинополю","risu.ua","poroshenko_speech","https://risu.ua/poroshenko-pidpisav-zakon-pro-peredachu-andrijivskoji-cerkvi-konstantinopolyu_n94286","J1_autocephaly_2018-19","2018"
"04adb976b465","Засідання Комітету з питань прав людини, деокупації та реінтеграції тимчасово окупованих територій України, національних меншин і міжнаціональних відносин",FALSE,"neither","other","none","none",1,"Failed/incomplete rada.gov.ua scrape (same recurring issue as prior batches): only generic site navigation boilerplate present, zero UOC-MP keyword hits, no transcript content available to code.","coded_batch_24.json","2018-11-08","Засідання Комітету з питань прав людини, деокупації та реінтеграції тимчасово окупованих територій України, н","rada.gov.ua","rada_stenogram","https://rada.gov.ua/meeting/stenogr/show/6944.html","J1_autocephaly_2018-19","2018"
"282ee880c66e","Засідання Комітету з питань прав людини, деокупації та реінтеграції тимчасово окупованих територій України, національних меншин і міжнаціональних відносин",FALSE,"neither","other","none","none",1,"Failed/incomplete rada.gov.ua scrape (same recurring issue as prior batches): only generic site navigation boilerplate present, zero UOC-MP keyword hits, no transcript content available to code.","coded_batch_24.json","2018-11-08","Засідання Комітету з питань прав людини, деокупації та реінтеграції тимчасово окупованих територій України, н","rada.gov.ua","rada_stenogram","https://rada.gov.ua/meeting/stenogr/show/6943.html","J1_autocephaly_2018-19","2018"
"95548b29e672","Українці мають право на незалежну Церкву від Росії, бо Росія сьогодні є країною агресором.",FALSE,"neither","state","Russia","none",2,"Poroshenko meets the Finnish Orthodox Church primate, who expresses support for Ukrainian autocephaly. Poroshenko repeats the established 'Russia is the aggressor country' framing; consistent with, but not adding to, the securitising claims already extensively documented in prior batches. Coded as not adding new content.","coded_batch_24.json","2018-11-08","Фінляндська Православна Церква підтримує автокефалію УПЦ","risu.ua","poroshenko_speech","https://risu.ua/finlyandska-pravoslavna-cerkva-pidtrimuye-avtokefaliyu-upc_n94303","J1_autocephaly_2018-19","2018"
"d66ada07ca7a","Альтернатива грабіжницькій політиці нинішньої влади – це збільшення видобутку власного газу.",FALSE,"neither","other","none","none",3,"Plenary session transcript (Засідання 28, 8 Nov 2018) covering gas pricing policy. No UOC-MP-related content.","coded_batch_25.json","2018-11-08","Засідання 28","rada.gov.ua","rada_stenogram","https://www.rada.gov.ua/meeting/stenogr/show/6943.html","J1_autocephaly_2018-19","2018"
"fed00f3a460f","Засідання Комітету з питань прав людини, деокупації та реінтеграції тимчасово окупованих територій України, національних меншин і міжнаціональних відносин",FALSE,"neither","other","none","none",1,"Failed/incomplete rada.gov.ua scrape (same recurring issue as prior batches): only generic site navigation boilerplate present, zero UOC-MP keyword hits, no transcript content available to code.","coded_batch_25.json","2018-11-08","Засідання Комітету з питань прав людини, деокупації та реінтеграції тимчасово окупованих територій України, н","rada.gov.ua","rada_stenogram","https://rada.gov.ua/meeting/stenogr/show/6942.html","J1_autocephaly_2018-19","2018"
"54d519c5cf05","Засідання Комітету з питань прав людини, деокупації та реінтеграції тимчасово окупованих територій України, національних меншин і міжнаціональних відносин",FALSE,"neither","other","none","none",1,"Failed/incomplete rada.gov.ua scrape (same recurring issue as prior batches): only generic site navigation boilerplate present, zero UOC-MP keyword hits, no transcript content available to code.","coded_batch_25.json","2018-11-09","Засідання Комітету з питань прав людини, деокупації та реінтеграції тимчасово окупованих територій України, н","rada.gov.ua","rada_stenogram","https://rada.gov.ua/meeting/stenogr/show/6947.html","J1_autocephaly_2018-19","2018"
"93aa1dd9269a","Поява в Україні незалежної православної Церкви... порівнюється з проголошенням державної незалежності в 1991 році та є питанням такої ж ваги, як «безвіз», Угода про асоціацію з Євросоюзом, як боротьба за членство в НАТО та ЄС.",FALSE,"neither","other","none","none",2,"Poroshenko speech at an international 'hybrid decade' conference. Repeats the established independence/NATO/EU comparative framing without new specific claims; not coded as adding new securitising content.","coded_batch_25.json","2018-11-09","Порошенко сподівається, що з об’єднавчим Собором духовенство не зволікатиме","risu.ua","poroshenko_speech","https://risu.ua/poroshenko-spodivayetsya-shcho-z-ob-yednavchim-soborom-duhovenstvo-ne-zvolikatime_n94340","J1_autocephaly_2018-19","2018"
"9413d56f723c","Не має жодного морального права московська церква в Україні називатися українською – це абсурд... І сьогодні ми повинні добитися, щоб екзархат Московської патріархії в Україні називався Російською православною церквою в Україні.",TRUE,"ontological","identity","UOC-MP","other",3,"Plenary session transcript (Засідання 30, 9 Nov 2018). An MP delivers a highly inflammatory floor speech (using the ethnic slur 'кацапи' for Russians, and comparing UOC-MP's 'Ukrainian' branding to Viktor Medvedchuk's 'Ukrainian Choice' organisation, given Medvedchuk's close ties to Putin) explicitly demanding that 'today we must achieve that the Moscow Patriarchate's exarchate in Ukraine be called the Russian Orthodox Church in Ukraine' -- a direct, explicit floor call for the mandated-renaming measure tracked since batch 14 (bill 5309/similar), delivered with markedly harsher rhetoric than earlier instances.","coded_batch_25.json","2018-11-09","Засідання 30","rada.gov.ua","rada_stenogram","https://www.rada.gov.ua/meeting/stenogr/show/6947.html","J1_autocephaly_2018-19","2018"
"cacd0e3ceefc","Участь всіх єпархіальних і вікарних архієреїв Української Православної Церкви є обов'язковою.",FALSE,"neither","other","none","none",3,"Factual news on Metropolitan Onufriy's mandatory summons of UOC-MP bishops ahead of a planned meeting with Poroshenko. No securitising content.","coded_batch_25.json","2018-11-09","Президент Порошенко проведе зустріч з єпископатом УПЦ (МП)","risu.ua","poroshenko_speech","https://risu.ua/prezident-poroshenko-provede-zustrich-z-yepiskopatom-upc-mp_n94345","J1_autocephaly_2018-19","2018"
"ffb227a3dbe8","Засідання Комітету з питань прав людини, деокупації та реінтеграції тимчасово окупованих територій України, національних меншин і міжнаціональних відносин",FALSE,"neither","other","none","none",1,"Failed/incomplete rada.gov.ua scrape (same recurring issue as prior batches): only generic site navigation boilerplate present, zero UOC-MP keyword hits, no transcript content available to code.","coded_batch_25.json","2018-11-09","Засідання Комітету з питань прав людини, деокупації та реінтеграції тимчасово окупованих територій України, н","rada.gov.ua","rada_stenogram","https://rada.gov.ua/meeting/stenogr/show/6945.html","J1_autocephaly_2018-19","2018"
"3e2f32295de5","Досить велика частина єпископату Української Православної Церкви (Московського Патріархату) виступає за створення єдиної помісної Православної Церкви.",FALSE,"neither","other","none","none",3,"Factual reporting on Poroshenko's meeting with a small pro-unification faction of UOC-MP bishops after the planned mass meeting was avoided. No securitising content.","coded_batch_25.json","2018-11-13","Порошенко все ж таки зустрівся з частиною єпископату УПЦ (МП)","risu.ua","poroshenko_speech","https://risu.ua/poroshenko-vse-zh-taki-zustrivsya-z-chastinoyu-yepiskopatu-upc-mp_n94435","J1_autocephaly_2018-19","2018"
"40d46d9492dd","Митрополит Симеон не поставив під цією постановою свій підпис, незважаючи на тиск, який на нього чинили інші єрархи.",FALSE,"neither","other","internal","none",1,"Reports that Metropolitan Symeon was the only one of 83 UOC-MP Council participants who refused to sign the Synod's resolution condemning Constantinople's decisions, 'despite pressure exerted on him by other hierarchs' -- documents internal coercion within UOC-MP against a pro-unification dissenter. Descriptive reporting rather than an explicit securitising claim; coded as not securitising but flagged given its evidentiary value regarding internal pressure tactics.","coded_batch_25.json","2018-11-14","ЗМІ назвали імена трьох єрархів УПЦ (МП), які все ж зустрілися з Порошенком","risu.ua","poroshenko_speech","https://risu.ua/zmi-nazvali-imena-troh-yerarhiv-upc-mp-yaki-vse-zh-zustrilisya-z-poroshenkom_n94445","J1_autocephaly_2018-19","2018"
"a284f8a64d40","Церковь будет противостоять попыткам переименования «всеми законными методами»... Решения Собора близко к тексту пересказывают решения Минского собора РПЦ, которые, если верить российским коллегам, были сформулированы на экстренном заседании Совбеза РФ.",TRUE,"both","identity","Russia","other",3,"Extended opinion piece by journalist Kateryna Shchotkina analysing UOC-MP's emergency Council response to the Synod decision. Reports that the Council resolved to oppose the renaming law 'by all legal means' -- corroborating that this measure (tracked since batch 14) was a live, contested issue for UOC-MP -- and, more seriously, claims the Council's resolutions 'closely paraphrase' those of ROC's Minsk council, which 'if Russian colleagues are to be believed, were formulated at an emergency session of the Russian Federation's Security Council' -- an explicit claim that UOC-MP's official positions were directly scripted by Russia's security apparatus.","coded_batch_25.json","2018-11-14","Смелость от испуга. Почему митрополит Онуфрий пошел на конфликт с Порошенко","risu.ua","poroshenko_speech","https://risu.ua/smelost-ot-ispuga-pochemu-mitropolit-onufriy-poshel-na-konflikt-s-poroshenko_n94478","J1_autocephaly_2018-19","2018"
"a284f8a64d40","Она демонстрирует, напротив, свою крайнюю зависимость от власти - власти другой страны... троллинг украинского президента - продолжение политики Моспатриархии и Кремля по непризнанию легитимности нынешней украинской власти.",TRUE,"both","state","UOC-MP","other",3,"The article states UOC-MP's confrontational stance demonstrates 'its extreme dependence on the power of another country', and frames its conduct toward Poroshenko as 'a continuation of the Moscow Patriarchate and Kremlin's policy of non-recognition of the legitimacy of the current Ukrainian government' -- direct instrument-of-a-foreign-power framing, alleging a coordinated Kremlin-UOC MP political strategy to delegitimise Ukraine's president.","coded_batch_25.json","2018-11-14","Смелость от испуга. Почему митрополит Онуфрий пошел на конфликт с Порошенко","risu.ua","poroshenko_speech","https://risu.ua/smelost-ot-ispuga-pochemu-mitropolit-onufriy-poshel-na-konflikt-s-poroshenko_n94478","J1_autocephaly_2018-19","2018"
"a284f8a64d40","По мнению патриарха Кирилла... «царь наш ненастоящий», его скоро свергнут.",TRUE,"material","state","Russia","none",2,"The article reports that Patriarch Kirill allegedly told Patriarch Bartholomew that Poroshenko ('our tsar') is 'not real' and 'will soon be overthrown' -- a claim attributing to ROC's patriarch an expectation/anticipation of Poroshenko's political downfall, delegitimising Ukraine's head of state from within a religious-diplomatic channel. Confidence moderated given this is secondhand reporting of an alleged private remark.","coded_batch_25.json","2018-11-14","Смелость от испуга. Почему митрополит Онуфрий пошел на конфликт с Порошенко","risu.ua","poroshenko_speech","https://risu.ua/smelost-ot-ispuga-pochemu-mitropolit-onufriy-poshel-na-konflikt-s-poroshenko_n94478","J1_autocephaly_2018-19","2018"
"09d76919b5cc","Для мене отримання томосу – це реалізація дуже складної задачі, пов'язаної з національною безпекою. Президент так само розглядає це завдання, а тому ставив його за мету ще з перших днів президентства.",TRUE,"material","state","none","other",2,"Presidential advisor Rostyslav Pavlenko explicitly states that both he and Poroshenko have treated obtaining the Tomos as 'a very complex task related to national security' since the very first days of the presidency (2015) -- a direct confirmation from a senior official that the national-security framing was a deliberate strategic choice from the outset, rather than rhetoric that emerged later in the process.","coded_batch_25.json","2018-11-16","Томос став стратегією АП з перших днів Порошенка на посаді Президента, – Ростислав Павленко","risu.ua","poroshenko_speech","https://risu.ua/tomos-stav-strategiyeyu-ap-z-pershih-dniv-poroshenka-na-posadi-prezidenta-rostislav-pavlenko_n94572","J1_autocephaly_2018-19","2018"
"859d23547ef1","Засідання Комітету з питань прав людини, деокупації та реінтеграції тимчасово окупованих територій України, національних меншин і міжнаціональних відносин",FALSE,"neither","other","none","none",1,"Failed/incomplete rada.gov.ua scrape (same recurring issue as prior batches): only generic site navigation boilerplate present, zero UOC-MP keyword hits, no transcript content available to code.","coded_batch_25.json","2018-11-19","Засідання Комітету з питань прав людини, деокупації та реінтеграції тимчасово окупованих територій України, н","rada.gov.ua","rada_stenogram","https://rada.gov.ua/meeting/stenogr/show/6948.html","J1_autocephaly_2018-19","2018"
"8f61f8238695","27-29 листопада в Стамбулі відбудеться Синод Вселенського Патріархату, який затвердить текст Томосу для Православної церкви в Україні.",FALSE,"neither","other","none","none",3,"Coordination Council transcript (19 Nov 2018) with a factual update on the upcoming Synod session to finalise the Tomos text. No securitising content.","coded_batch_25.json","2018-11-19","Погоджувальна рада","rada.gov.ua","rada_stenogram","https://www.rada.gov.ua/meeting/stenogr/show/6948.html","J1_autocephaly_2018-19","2018"
"25c475c99125","Українська мова, українська церква, українська культура, українська історія і наші герої – це той міцний фундамент майбутньої української держави.",FALSE,"neither","other","none","none",1,"Short plenary session transcript (Засідання 32, 20 Nov 2018). Radical Party leader Oleh Lyashko repeats the language/church/culture/history 'foundation' framing in the context of decommunization policy, but without a specific new threat claim tied to UOC-MP; coded conservatively as not adding new securitising content.","coded_batch_25.json","2018-11-20","Засідання 32","rada.gov.ua","rada_stenogram","https://www.rada.gov.ua/meeting/stenogr/show/6952.html","J1_autocephaly_2018-19","2018"
"584d746389e4","Засідання Комітету з питань прав людини, деокупації та реінтеграції тимчасово окупованих територій України, національних меншин і міжнаціональних відносин",FALSE,"neither","other","none","none",1,"Failed/incomplete rada.gov.ua scrape (same recurring issue as prior batches): only generic site navigation boilerplate present, zero UOC-MP keyword hits, no transcript content available to code.","coded_batch_25.json","2018-11-20","Засідання Комітету з питань прав людини, деокупації та реінтеграції тимчасово окупованих територій України, н","rada.gov.ua","rada_stenogram","https://rada.gov.ua/meeting/stenogr/show/6949.html","J1_autocephaly_2018-19","2018"
"823b043d7ec2","Засідання Комітету з питань прав людини, деокупації та реінтеграції тимчасово окупованих територій України, національних меншин і міжнаціональних відносин",FALSE,"neither","other","none","none",1,"Failed/incomplete rada.gov.ua scrape (same recurring issue as prior batches): only generic site navigation boilerplate present, zero UOC-MP keyword hits, no transcript content available to code.","coded_batch_25.json","2018-11-20","Засідання Комітету з питань прав людини, деокупації та реінтеграції тимчасово окупованих територій України, н","rada.gov.ua","rada_stenogram","https://rada.gov.ua/meeting/stenogr/show/6952.html","J1_autocephaly_2018-19","2018"
"83696356809c","Коли бюджет буде працювати на добробут українців, на збільшення заробітних плат.",FALSE,"neither","other","none","none",3,"Plenary session transcript (Засідання 31, 20 Nov 2018) covering budget/welfare policy debate. No UOC-MP-related content.","coded_batch_25.json","2018-11-20","Засідання 31","rada.gov.ua","rada_stenogram","https://www.rada.gov.ua/meeting/stenogr/show/6950.html","J1_autocephaly_2018-19","2018"
"b60f00f0467e","Засідання Комітету з питань прав людини, деокупації та реінтеграції тимчасово окупованих територій України, національних меншин і міжнаціональних відносин",FALSE,"neither","other","none","none",1,"Failed/incomplete rada.gov.ua scrape (same recurring issue as prior batches): only generic site navigation boilerplate present, zero UOC-MP keyword hits, no transcript content available to code.","coded_batch_25.json","2018-11-20","Засідання Комітету з питань прав людини, деокупації та реінтеграції тимчасово окупованих територій України, н","rada.gov.ua","rada_stenogram","https://rada.gov.ua/meeting/stenogr/show/6950.html","J1_autocephaly_2018-19","2018"
"eccfa172f732","Засідання Комітету з питань прав людини, деокупації та реінтеграції тимчасово окупованих територій України, національних меншин і міжнаціональних відносин",FALSE,"neither","other","none","none",1,"Failed/incomplete rada.gov.ua scrape (same recurring issue as prior batches): only generic site navigation boilerplate present, zero UOC-MP keyword hits, no transcript content available to code.","coded_batch_26.json","2018-11-20","Засідання Комітету з питань прав людини, деокупації та реінтеграції тимчасово окупованих територій України, н","rada.gov.ua","rada_stenogram","https://rada.gov.ua/meeting/stenogr/show/6951.html","J1_autocephaly_2018-19","2018"
"d180eec2198b","Засідання Комітету з питань прав людини, деокупації та реінтеграції тимчасово окупованих територій України, національних меншин і міжнаціональних відносин",FALSE,"neither","other","none","none",1,"Failed/incomplete rada.gov.ua scrape (same recurring issue as prior batches): only generic site navigation boilerplate present, zero UOC-MP keyword hits, no transcript content available to code.","coded_batch_26.json","2018-11-21","Засідання Комітету з питань прав людини, деокупації та реінтеграції тимчасово окупованих територій України, н","rada.gov.ua","rada_stenogram","https://rada.gov.ua/meeting/stenogr/show/6953.html","J1_autocephaly_2018-19","2018"
"34acb95bd66d","Засідання Комітету з питань прав людини, деокупації та реінтеграції тимчасово окупованих територій України, національних меншин і міжнаціональних відносин",FALSE,"neither","other","none","none",1,"Failed/incomplete rada.gov.ua scrape (same recurring issue as prior batches): only generic site navigation boilerplate present, zero UOC-MP keyword hits, no transcript content available to code.","coded_batch_26.json","2018-11-22","Засідання Комітету з питань прав людини, деокупації та реінтеграції тимчасово окупованих територій України, н","rada.gov.ua","rada_stenogram","https://rada.gov.ua/meeting/stenogr/show/6958.html","J1_autocephaly_2018-19","2018"
"95605419c380","Засідання Комітету з питань прав людини, деокупації та реінтеграції тимчасово окупованих територій України, національних меншин і міжнаціональних відносин",FALSE,"neither","other","none","none",1,"Failed/incomplete rada.gov.ua scrape (same recurring issue as prior batches): only generic site navigation boilerplate present, zero UOC-MP keyword hits, no transcript content available to code.","coded_batch_26.json","2018-11-22","Засідання Комітету з питань прав людини, деокупації та реінтеграції тимчасово окупованих територій України, н","rada.gov.ua","rada_stenogram","https://rada.gov.ua/meeting/stenogr/show/6960.html","J1_autocephaly_2018-19","2018"
"c3161468f229","Прошу підтримати 187 правку, яка стосується неможливості зниження неоподаткованої бази при купівлі товарів.",FALSE,"neither","other","none","none",3,"Plenary session transcript (Засідання 35, 22 Nov 2018) covering tax policy on online purchases. The only 'церк' hit is the surname 'Білоцерковець' (from Bila Tserkva), unrelated to the religious institution. No UOC-MP-related content.","coded_batch_26.json","2018-11-22","Засідання 35","rada.gov.ua","rada_stenogram","https://www.rada.gov.ua/meeting/stenogr/show/6960.html","J1_autocephaly_2018-19","2018"
"cc120895eb2a","Засідання Комітету з питань прав людини, деокупації та реінтеграції тимчасово окупованих територій України, національних меншин і міжнаціональних відносин",FALSE,"neither","other","none","none",1,"Failed/incomplete rada.gov.ua scrape (same recurring issue as prior batches): only generic site navigation boilerplate present, zero UOC-MP keyword hits, no transcript content available to code.","coded_batch_26.json","2018-11-22","Засідання Комітету з питань прав людини, деокупації та реінтеграції тимчасово окупованих територій України, н","rada.gov.ua","rada_stenogram","https://rada.gov.ua/meeting/stenogr/show/6956.html","J1_autocephaly_2018-19","2018"
"529833c9fc62","Засідання Комітету з питань прав людини, деокупації та реінтеграції тимчасово окупованих територій України, національних меншин і міжнаціональних відносин",FALSE,"neither","other","none","none",1,"Failed/incomplete rada.gov.ua scrape (same recurring issue as prior batches): only generic site navigation boilerplate present, zero UOC-MP keyword hits, no transcript content available to code.","coded_batch_26.json","2018-11-23","Засідання Комітету з питань прав людини, деокупації та реінтеграції тимчасово окупованих територій України, н","rada.gov.ua","rada_stenogram","https://rada.gov.ua/meeting/stenogr/show/6961.html","J1_autocephaly_2018-19","2018"
"d056de7a4911","Засідання Комітету з питань прав людини, деокупації та реінтеграції тимчасово окупованих територій України, національних меншин і міжнаціональних відносин",FALSE,"neither","other","none","none",1,"Failed/incomplete rada.gov.ua scrape (same recurring issue as prior batches): only generic site navigation boilerplate present, zero UOC-MP keyword hits, no transcript content available to code.","coded_batch_26.json","2018-11-23","Засідання Комітету з питань прав людини, деокупації та реінтеграції тимчасово окупованих територій України, н","rada.gov.ua","rada_stenogram","https://rada.gov.ua/meeting/stenogr/show/6959.html","J1_autocephaly_2018-19","2018"
"d1b1ef0d6ed7","Тому я думаю, що цей захід стане кінцем його (Порошенка) політичної кар'єри. На його місце прийдуть нові люди, які, я сподіваюся, отримають якісь уроки з невдачі так званого об'єднавчого собору.",FALSE,"neither","other","none","none",1,"ROC's Metropolitan Hilarion (Alfeyev) predicts the unification process is doomed and will end Poroshenko's political career. A hostile political prediction/dismissal rather than a threat-plus-extraordinary-measure securitising claim; coded as not securitising, though notable for its combative tone toward the Ukrainian president.","coded_batch_26.json","2018-11-23","У РПЦ сподіваються, что Томос поставить крапку на політичній кар'єрі Порошенка","risu.ua","poroshenko_speech","https://risu.ua/u-rpc-spodivayutsya-chto-tomos-postavit-krapku-na-politichniy-kar-yeri-poroshenka_n94668","J1_autocephaly_2018-19","2018"
"329721f45555","Засідання Комітету з питань прав людини, деокупації та реінтеграції тимчасово окупованих територій України, національних меншин і міжнаціональних відносин",FALSE,"neither","other","none","none",1,"Failed/incomplete rada.gov.ua scrape (same recurring issue as prior batches): only generic site navigation boilerplate present, zero UOC-MP keyword hits, no transcript content available to code.","coded_batch_26.json","2018-11-26","Засідання Комітету з питань прав людини, деокупації та реінтеграції тимчасово окупованих територій України, н","rada.gov.ua","rada_stenogram","https://rada.gov.ua/meeting/stenogr/show/6964.html","J1_autocephaly_2018-19","2018"
"a446e2b83063","Засідання Комітету з питань прав людини, деокупації та реінтеграції тимчасово окупованих територій України, національних меншин і міжнаціональних відносин",FALSE,"neither","other","none","none",1,"Failed/incomplete rada.gov.ua scrape (same recurring issue as prior batches): only generic site navigation boilerplate present, zero UOC-MP keyword hits, no transcript content available to code.","coded_batch_26.json","2018-11-26","Засідання Комітету з питань прав людини, деокупації та реінтеграції тимчасово окупованих територій України, н","rada.gov.ua","rada_stenogram","https://rada.gov.ua/meeting/stenogr/show/6965.html","J1_autocephaly_2018-19","2018"
"d59868971977","Сьогодні наш ворог є у Москві, це є Кремль, який хоче нас розбалансувати тут, який хоче сьогодні нас, щоб у нас тут не було єдності, який хоче зруйнувати нашу церкву сьогодні.",TRUE,"both","state","Russia","other",3,"Emergency plenary session (Позачергове засідання, 26 Nov 2018) convened following the Kerch Strait naval incident to debate martial law. A speaker explicitly states 'today our enemy is in Moscow, it is the Kremlin, which wants to destabilise us here, which wants us to have no unity here, which wants to destroy our church today' -- directly fusing the military crisis (martial law) and the church-independence campaign into a single narrative of coordinated Russian aggression, delivered during the emergency debate on declaring martial law itself.","coded_batch_26.json","2018-11-26","Позачергове засідання","rada.gov.ua","rada_stenogram","https://www.rada.gov.ua/meeting/stenogr/show/6966.html","J1_autocephaly_2018-19","2018"
"f5c870116f99","Засідання Комітету з питань прав людини, деокупації та реінтеграції тимчасово окупованих територій України, національних меншин і міжнаціональних відносин",FALSE,"neither","other","none","none",1,"Failed/incomplete rada.gov.ua scrape (same recurring issue as prior batches): only generic site navigation boilerplate present, zero UOC-MP keyword hits, no transcript content available to code.","coded_batch_26.json","2018-11-26","Засідання Комітету з питань прав людини, деокупації та реінтеграції тимчасово окупованих територій України, н","rada.gov.ua","rada_stenogram","https://rada.gov.ua/meeting/stenogr/show/6966.html","J1_autocephaly_2018-19","2018"
"a2fd6c50419b","Москва – держава та російська церква, ефесбешники та церковники, хто в погонах, хто в рясах, хто в хрестах, хто в лампасах – не боялися жодного гріха, аби тільки зірвати це рішення.",TRUE,"both","state","Russia","none",3,"Poroshenko's address following the Synod's approval of the Tomos text. He explicitly lists 'the [Russian] state and the Russian church, FSB officers and clergymen, some in epaulets, some in cassocks, some with crosses, some with stripes' as a single undifferentiated hostile bloc that 'feared no sin at all, just to disrupt this decision' -- one of the most direct rhetorical equations of clergy with intelligence/security operatives found anywhere in the corpus, delivered by the president himself.","coded_batch_26.json","2018-11-29","«Тепер вже нашим єрархам належить провести об’єднавчий Собор і обраному предстоятелю випаде честь отримати Томос», - Президент Порошенко","risu.ua","poroshenko_speech","https://risu.ua/teper-vzhe-nashim-yerarham-nalezhit-provesti-ob-yednavchiy-sobor-i-obranomu-predstoyatelyu-vipade-chest-otrimati-tomos-prezident-poroshenko_n94804","J1_autocephaly_2018-19","2018"
"d2ae3214730f","Москва - держава і російська церква, ФСБшники та церковники, хто в погонах, хто в рясах, хто в хрестах, хто в лампасах - не боялися ніякого гріха, щоб тільки зірвати це рішення.",TRUE,"both","state","Russia","none",2,"Detailed BBC feature on the Synod proceedings in Istanbul, quoting the same Poroshenko statement already coded in doc a2fd6c50419b (FSB officers/clergy equation). The bulk of the article is narrative journalism about the Synod process itself with no additional securitising claims; coded to reflect the same quoted statement, at lower confidence since it is a secondary citation rather than the primary source.","coded_batch_26.json","2018-11-30","Томос у мішку: що Константинополь вирішив щодо України","risu.ua","poroshenko_speech","https://risu.ua/tomos-u-mishku-shcho-konstantinopol-virishiv-shchodo-ukrajini_n94837","J1_autocephaly_2018-19","2018"
"4e58bbf1659e","Українські єрархи православних церков «добре усвідомлюють відповідальність, яка лежить на них».",FALSE,"neither","other","none","none",2,"Poroshenko expresses hope that Ukrainian hierarchs will act responsibly ahead of the unification council, framed positively/pastorally rather than as a threat claim. No new securitising content.","coded_batch_26.json","2018-12-01","Петро Порошенко сподівається, що українські єрархи добре усвідомлюють свою відповідальність за  Об’єднавчий Собор","risu.ua","poroshenko_speech","https://risu.ua/petro-poroshenko-spodivayetsya-shcho-ukrajinski-yerarhi-dobre-usvidomlyuyut-svoyu-vidpovidalnist-za-ob-yednavchiy-sobor_n94839","J1_autocephaly_2018-19","2018"
"63f4b460154c","Так само як армія є гарантом нашої незалежності, гарантом духовної незалежності є автокефальна православна церква.",FALSE,"neither","other","none","none",2,"Poroshenko compares the Synod's decision to the 1 December 1991 independence referendum and repeats the army/church 'guarantor of independence' parallel established throughout the corpus. Consistent with, but not adding to, previously documented securitising claims.","coded_batch_26.json","2018-12-01","Надання автокефалії українській Церкві - подія співставна Референдуму 1 грудня про нашу незалежність, - Президент","risu.ua","poroshenko_speech","https://risu.ua/nadannya-avtokefaliji-ukrajinskiy-cerkvi-podiya-spivstavna-referendumu-1-grudnya-pro-nashu-nezalezhnist-prezident_n94838","J1_autocephaly_2018-19","2018"
"87ddad7c9a67","Президент України Петро Порошенко нагородив орденом князя Ярослава Мудрого ІV ступеня двох єрархів УПЦ МП.",FALSE,"neither","other","none","none",3,"Poroshenko awards state honours to two UOC-MP hierarchs supportive of unification. Cooperative gesture, not securitising.","coded_batch_26.json","2018-12-02","Порошенко нагородив орденами двох єрархів УПЦ (МП)","risu.ua","poroshenko_speech","https://risu.ua/poroshenko-nagorodiv-ordenami-dvoh-yerarhiv-upc-mp_n94849","J1_autocephaly_2018-19","2018"
"65ae2bc833f0","Засідання Комітету з питань прав людини, деокупації та реінтеграції тимчасово окупованих територій України, національних меншин і міжнаціональних відносин",FALSE,"neither","other","none","none",1,"Failed/incomplete rada.gov.ua scrape (same recurring issue as prior batches): only generic site navigation boilerplate present, zero UOC-MP keyword hits, no transcript content available to code.","coded_batch_27.json","2018-12-03","Засідання Комітету з питань прав людини, деокупації та реінтеграції тимчасово окупованих територій України, н","rada.gov.ua","rada_stenogram","https://rada.gov.ua/meeting/stenogr/show/6967.html","J1_autocephaly_2018-19","2018"
"7f43c7d99617","Україна повинна зробити все можливе, щоб українські моряки, наші військовослужбовці чимшвидше повернулися додому.",FALSE,"neither","other","none","none",3,"Coordination Council transcript (3 Dec 2018), focused on the Kerch Strait detained sailors and international diplomatic response. No UOC-MP-related content.","coded_batch_27.json","2018-12-03","Погоджувальна рада","rada.gov.ua","rada_stenogram","https://www.rada.gov.ua/meeting/stenogr/show/6967.html","J1_autocephaly_2018-19","2018"
"14637cf1a1ff","Українці повинні уникати провокаційних сутичок із захоплення храмів УПЦ МП, тому що саме цього очікує Росія... якщо у нас проллється крапля крові, так це те, чого хоче Путін... якщо хтось підійде до храму, я перший встану на захист цього храму.",TRUE,"material","nation","Russia","none",3,"Poroshenko states plainly that Russia/Putin actively wants violent clashes over UOC-MP church seizures as a provocation, and that any bloodshed would serve Moscow's goals -- an explicit threat-identification claim about Russian intent. Notably, his own response is protective rather than extraordinary/coercive: he personally pledges to be 'the first to stand in defence' of any UOC-MP church targeted for forcible seizure, explicitly working to prevent violence rather than calling for action against UOC-MP. Coded as securitising given the clear threat-actor/intent claim about Russia, despite the protective rather than coercive response.","coded_batch_27.json","2018-12-04","Порошенко про захоплення храмів УПЦ (МП): я першим стану на захист","risu.ua","poroshenko_speech","https://risu.ua/poroshenko-pro-zahoplennya-hramiv-upc-mp-ya-pershim-stanu-na-zahist_n94896","J1_autocephaly_2018-19","2018"
"15ee4ac16758","Засідання Комітету з питань прав людини, деокупації та реінтеграції тимчасово окупованих територій України, національних меншин і міжнаціональних відносин",FALSE,"neither","other","none","none",1,"Failed/incomplete rada.gov.ua scrape (same recurring issue as prior batches): only generic site navigation boilerplate present, zero UOC-MP keyword hits, no transcript content available to code.","coded_batch_27.json","2018-12-04","Засідання Комітету з питань прав людини, деокупації та реінтеграції тимчасово окупованих територій України, н","rada.gov.ua","rada_stenogram","https://rada.gov.ua/meeting/stenogr/show/6970.html","J1_autocephaly_2018-19","2018"
"4bfe3fdc1269","Президент висловив надію, що учасникам Собору вистачить «мудрості, розуму і єдності», а також пообіцяв не втручатися в процес обрання предстоятеля.",FALSE,"neither","other","none","none",3,"Procedural news on Poroshenko's plans to accompany the newly elected PCU primate to Istanbul; explicitly promises not to interfere in the primate election. No securitising content.","coded_batch_27.json","2018-12-04","Порошенко планує разом із новообраним Предстоятелем УПЦ поїхати на Фанар","risu.ua","poroshenko_speech","https://risu.ua/poroshenko-planuye-razom-iz-novoobranim-predstoyatelem-upc-pojihati-na-fanar_n94891","J1_autocephaly_2018-19","2018"
"999c0307789e","Засідання Комітету з питань прав людини, деокупації та реінтеграції тимчасово окупованих територій України, національних меншин і міжнаціональних відносин",FALSE,"neither","other","none","none",1,"Failed/incomplete rada.gov.ua scrape (same recurring issue as prior batches): only generic site navigation boilerplate present, zero UOC-MP keyword hits, no transcript content available to code.","coded_batch_27.json","2018-12-04","Засідання Комітету з питань прав людини, деокупації та реінтеграції тимчасово окупованих територій України, н","rada.gov.ua","rada_stenogram","https://rada.gov.ua/meeting/stenogr/show/6969.html","J1_autocephaly_2018-19","2018"
"b1ab8468da08","Засідання Комітету з питань прав людини, деокупації та реінтеграції тимчасово окупованих територій України, національних меншин і міжнаціональних відносин",FALSE,"neither","other","none","none",1,"Failed/incomplete rada.gov.ua scrape (same recurring issue as prior batches): only generic site navigation boilerplate present, zero UOC-MP keyword hits, no transcript content available to code.","coded_batch_27.json","2018-12-04","Засідання Комітету з питань прав людини, деокупації та реінтеграції тимчасово окупованих територій України, н","rada.gov.ua","rada_stenogram","https://rada.gov.ua/meeting/stenogr/show/6971.html","J1_autocephaly_2018-19","2018"
"b2493c0eed7c","Народного депутата Дмитра Білоцерковця.",FALSE,"neither","other","none","none",3,"Plenary session transcript (Засідання 37, 4 Dec 2018) covering disability-employment legislation. The only 'церк' hit is the surname 'Білоцерковець', unrelated to the religious institution. No UOC-MP-related content.","coded_batch_27.json","2018-12-04","Засідання 37","rada.gov.ua","rada_stenogram","https://www.rada.gov.ua/meeting/stenogr/show/6969.html","J1_autocephaly_2018-19","2018"
"bc5808742976","Засідання Комітету з питань прав людини, деокупації та реінтеграції тимчасово окупованих територій України, національних меншин і міжнаціональних відносин",FALSE,"neither","other","none","none",1,"Failed/incomplete rada.gov.ua scrape (same recurring issue as prior batches): only generic site navigation boilerplate present, zero UOC-MP keyword hits, no transcript content available to code.","coded_batch_27.json","2018-12-04","Засідання Комітету з питань прав людини, деокупації та реінтеграції тимчасово окупованих територій України, н","rada.gov.ua","rada_stenogram","https://rada.gov.ua/meeting/stenogr/show/6968.html","J1_autocephaly_2018-19","2018"
"f9eeed833ca1","Даний законопроект необхідно приймати.",FALSE,"neither","other","none","none",3,"Plenary session transcript (Засідання 38, 4 Dec 2018) covering sanitary/health regulation reform. No UOC-MP-related content.","coded_batch_27.json","2018-12-04","Засідання 38","rada.gov.ua","rada_stenogram","https://www.rada.gov.ua/meeting/stenogr/show/6971.html","J1_autocephaly_2018-19","2018"
"4ec78446f0b7","Засідання Комітету з питань прав людини, деокупації та реінтеграції тимчасово окупованих територій України, національних меншин і міжнаціональних відносин",FALSE,"neither","other","none","none",1,"Failed/incomplete rada.gov.ua scrape (same recurring issue as prior batches): only generic site navigation boilerplate present, zero UOC-MP keyword hits, no transcript content available to code.","coded_batch_27.json","2018-12-05","Засідання Комітету з питань прав людини, деокупації та реінтеграції тимчасово окупованих територій України, н","rada.gov.ua","rada_stenogram","https://rada.gov.ua/meeting/stenogr/show/6974.html","J1_autocephaly_2018-19","2018"
"a5442a47b32e","Засідання Комітету з питань прав людини, деокупації та реінтеграції тимчасово окупованих територій України, національних меншин і міжнаціональних відносин",FALSE,"neither","other","none","none",1,"Failed/incomplete rada.gov.ua scrape (same recurring issue as prior batches): only generic site navigation boilerplate present, zero UOC-MP keyword hits, no transcript content available to code.","coded_batch_27.json","2018-12-05","Засідання Комітету з питань прав людини, деокупації та реінтеграції тимчасово окупованих територій України, н","rada.gov.ua","rada_stenogram","https://rada.gov.ua/meeting/stenogr/show/6973.html","J1_autocephaly_2018-19","2018"
"a9dce0dc4a31","Засідання Комітету з питань прав людини, деокупації та реінтеграції тимчасово окупованих територій України, національних меншин і міжнаціональних відносин",FALSE,"neither","other","none","none",1,"Failed/incomplete rada.gov.ua scrape (same recurring issue as prior batches): only generic site navigation boilerplate present, zero UOC-MP keyword hits, no transcript content available to code.","coded_batch_27.json","2018-12-05","Засідання Комітету з питань прав людини, деокупації та реінтеграції тимчасово окупованих територій України, н","rada.gov.ua","rada_stenogram","https://rada.gov.ua/meeting/stenogr/show/6972.html","J1_autocephaly_2018-19","2018"
"ad2366e8a77e","Тут щойно переді мною виступав «сєпар», замість того, щоб сидіти в Лук'янівському СІЗО і відповідати за злочини проти української держави... а ви знаєте, що заважає створенню української помісної церкви, крім протидії Москви, агентура якої є в тому числі в залі, в тому числі переді мною депутат Скорик виступав?",TRUE,"material","state","internal","other",3,"Plenary session transcript (Засідання 39, 5 Dec 2018). Radical Party MP Andriy Lozovyi directly accuses a sitting fellow MP (Skoryk, Opposition Bloc) from the floor of being 'Moscow's agentura [agent]' obstructing the creation of the Ukrainian local church, having moments earlier called the same colleague a 'separatist' ('сєпар') who should be in pre-trial detention 'for crimes against the Ukrainian state' rather than sitting in parliament. This is among the most direct instances in the corpus of one sitting parliamentarian publicly accusing another, by name, of being a foreign agent -- explicitly naming an individual as Moscow's agentura rather than referring to opponents or UOC-MP in the abstract.","coded_batch_27.json","2018-12-05","Засідання 39","rada.gov.ua","rada_stenogram","https://www.rada.gov.ua/meeting/stenogr/show/6974.html","J1_autocephaly_2018-19","2018"
"4c5d37b3ccd2","Засідання Комітету з питань прав людини, деокупації та реінтеграції тимчасово окупованих територій України, національних меншин і міжнаціональних відносин",FALSE,"neither","other","none","none",1,"Failed/incomplete rada.gov.ua scrape (same recurring issue as prior batches): only generic site navigation boilerplate present, zero UOC-MP keyword hits, no transcript content available to code.","coded_batch_28.json","2018-12-06","Засідання Комітету з питань прав людини, деокупації та реінтеграції тимчасово окупованих територій України, н","rada.gov.ua","rada_stenogram","https://rada.gov.ua/meeting/stenogr/show/6977.html","J1_autocephaly_2018-19","2018"
"6be52752c594","Наступне питання порядку денного.",FALSE,"neither","other","none","none",2,"Short plenary session transcript (Засідання 41, 6 Dec 2018) with no UOC-MP-related content found.","coded_batch_28.json","2018-12-06","Засідання 41","rada.gov.ua","rada_stenogram","https://www.rada.gov.ua/meeting/stenogr/show/6979.html","J1_autocephaly_2018-19","2018"
"b314256b3885","Засідання Комітету з питань прав людини, деокупації та реінтеграції тимчасово окупованих територій України, національних меншин і міжнаціональних відносин",FALSE,"neither","other","none","none",1,"Failed/incomplete rada.gov.ua scrape (same recurring issue as prior batches): only generic site navigation boilerplate present, zero UOC-MP keyword hits, no transcript content available to code.","coded_batch_28.json","2018-12-06","Засідання Комітету з питань прав людини, деокупації та реінтеграції тимчасово окупованих територій України, н","rada.gov.ua","rada_stenogram","https://rada.gov.ua/meeting/stenogr/show/6976.html","J1_autocephaly_2018-19","2018"
"ec2aedbcfeab","Засідання Комітету з питань прав людини, деокупації та реінтеграції тимчасово окупованих територій України, національних меншин і міжнаціональних відносин",FALSE,"neither","other","none","none",1,"Failed/incomplete rada.gov.ua scrape (same recurring issue as prior batches): only generic site navigation boilerplate present, zero UOC-MP keyword hits, no transcript content available to code.","coded_batch_28.json","2018-12-06","Засідання Комітету з питань прав людини, деокупації та реінтеграції тимчасово окупованих територій України, н","rada.gov.ua","rada_stenogram","https://rada.gov.ua/meeting/stenogr/show/6979.html","J1_autocephaly_2018-19","2018"
"fd0dafbe02fd","Наступне питання порядку денного.",FALSE,"neither","other","none","none",2,"Short plenary session transcript (Засідання 40, 6 Dec 2018) with no UOC-MP-related content found.","coded_batch_28.json","2018-12-06","Засідання 40","rada.gov.ua","rada_stenogram","https://www.rada.gov.ua/meeting/stenogr/show/6976.html","J1_autocephaly_2018-19","2018"
"0c4a49201142","Наступне питання порядку денного.",FALSE,"neither","other","none","none",2,"Plenary session transcript (Засідання 42, 7 Dec 2018) with no UOC-MP-related content found.","coded_batch_28.json","2018-12-07","Засідання 42","rada.gov.ua","rada_stenogram","https://www.rada.gov.ua/meeting/stenogr/show/6980.html","J1_autocephaly_2018-19","2018"
"2c5b524f9869","Засідання Комітету з питань прав людини, деокупації та реінтеграції тимчасово окупованих територій України, національних меншин і міжнаціональних відносин",FALSE,"neither","other","none","none",1,"Failed/incomplete rada.gov.ua scrape (same recurring issue as prior batches): only generic site navigation boilerplate present, zero UOC-MP keyword hits, no transcript content available to code.","coded_batch_28.json","2018-12-07","Засідання Комітету з питань прав людини, деокупації та реінтеграції тимчасово окупованих територій України, н","rada.gov.ua","rada_stenogram","https://rada.gov.ua/meeting/stenogr/show/6980.html","J1_autocephaly_2018-19","2018"
"dceaa855c0e6","Засідання Комітету з питань прав людини, деокупації та реінтеграції тимчасово окупованих територій України, національних меншин і міжнаціональних відносин",FALSE,"neither","other","none","none",1,"Failed/incomplete rada.gov.ua scrape (same recurring issue as prior batches): only generic site navigation boilerplate present, zero UOC-MP keyword hits, no transcript content available to code.","coded_batch_28.json","2018-12-07","Засідання Комітету з питань прав людини, деокупації та реінтеграції тимчасово окупованих територій України, н","rada.gov.ua","rada_stenogram","https://rada.gov.ua/meeting/stenogr/show/6978.html","J1_autocephaly_2018-19","2018"
"a780c4d74dd5","В Росії негайно була скликана рада безпеки РФ з одним питанням – загроза Російській Православній Церкві в Україні... той шалений тиск і погрози, які сьогодні йому [Варфоломію] надходять з Москви.",TRUE,"material","state","Russia","none",2,"Poroshenko speech in Lviv days before the Unification Council. Repeats that Russia's own Security Council was convened specifically over 'the threat to the Russian Orthodox Church in Ukraine', and that Bartholomew faces 'frenzied pressure and threats' from Moscow -- consistent with, but not substantially adding to, previously documented claims about Russian state-security involvement and pressure campaigns.","coded_batch_28.json","2018-12-08","Держава і Вселенський Патріарх зробили свою справу, зараз вся відповідальність на учасниках об’єднавчого Собору, — Порошенко","risu.ua","poroshenko_speech","https://risu.ua/derzhava-i-vselenskiy-patriarh-zrobili-svoyu-spravu-zaraz-vsya-vidpovidalnist-na-uchasnikah-ob-yednavchogo-soboru-poroshenko_n94975","J1_autocephaly_2018-19","2018"
"6f2482cf0b7d","Звернувся до нього з проханням негайно зв'язатися з Москвою для того, щоб на лінії церкви вжити відповідних заходів для того, щоб повернути наших моряків.",FALSE,"neither","other","none","none",3,"Notably cooperative engagement: Poroshenko asks UOC-MP Metropolitan Onufriy to use his church channel to Moscow to help secure the release of Ukrainian sailors detained after the Kerch Strait incident. This is pragmatic use of UOC-MP as a diplomatic asset, the opposite of a securitising move.","coded_batch_28.json","2018-12-09","Порошенко попросив Предстоятеля УПЦ МП Онуфрія допомогти у звільненні українських моряків","risu.ua","poroshenko_speech","https://risu.ua/poroshenko-poprosiv-predstoyatelya-upc-mp-onufriya-dopomogti-u-zvilnenni-ukrajinskih-moryakiv_n94980","J1_autocephaly_2018-19","2018"
"a0af380ff933","На адресу Вселенського Патріарха Варфоломія надходять погрози з Росії.",FALSE,"neither","other","none","none",1,"Brief repeat of the previously documented claim that Patriarch Bartholomew receives threats from Russia. No new content.","coded_batch_28.json","2018-12-10","Вселенському Патріарху надходять погрози з Москви, - Петро Порошенко","risu.ua","poroshenko_speech","https://risu.ua/vselenskomu-patriarhu-nadhodyat-pogrozi-z-moskvi-petro-poroshenko_n94989","J1_autocephaly_2018-19","2018"
"17f640439fd3","Автокефалія і Томос... набувають завершених рис.",FALSE,"neither","other","none","none",3,"Academic essay by a theology/history scholar explaining canonical criteria of autocephaly in response to 'provocative rumours' that Ukraine's autocephaly would be only partial. Technical/theological content, not a securitising claim.","coded_batch_28.json","2018-12-11","Чи буде повноцінною автокефалія Православної Церкви в Україні?","risu.ua","poroshenko_speech","https://risu.ua/chi-bude-povnocinnoyu-avtokefaliya-pravoslavnoji-cerkvi-v-ukrajini_n95297","J1_autocephaly_2018-19","2018"
"91b861ad271b","Що б не писали російські пропагандисти, опубліковані положення проекту Статуту не дають підстав ні для розчарування, ні для сумнівів.",FALSE,"neither","other","none","none",2,"Detailed analytical article on the draft PCU Statute, addressing internal Ukrainian church politics (Filaret's ambitions, UOC-KP's insistence on bishop-only voting) and dismissing 'Russian propagandists' claims that autocephaly would be partial. Primarily focused on internal church structural debates rather than framing UOC-MP as an external threat; not coded as a securitising move.","coded_batch_28.json","2018-12-14","Просто автокефалія","risu.ua","poroshenko_speech","https://risu.ua/prosto-avtokefaliya_n94984","J1_autocephaly_2018-19","2018"
"1cb26bc8c476","Я хотів висловити щиру подяку... п'ятому президентові України Петрові Олексійовичу Порошенку.",FALSE,"neither","other","none","none",3,"Corrected date: 15 December 2021 (third-anniversary retrospective; batch header date of 2018-12-15 was incorrect). Cooperative/celebratory content; no securitising claims.","coded_batch_28.json","2018-12-15","Третя річниця ПЦУ. Митрополит Епіфаній нагородив Порошенка Хрестом за заслуги перед Церквою","risu.ua","poroshenko_speech","https://risu.ua/tretya-richnicya-pcu-mitropolit-epifanij-nagorodiv-poroshenka-hrestom-za-zaslugi-pered-cerkvoyu_n124296","J1_autocephaly_2018-19","2018"
"5c186861b46a","Питання автокефалії – питання нашої української національної безпеки. Це – питання нашої української державності... Ми обрізаємо пута, які прив'язують нас до імперії.",TRUE,"both","state","Russia","none",2,"Poroshenko's full speech delivered in person at the Unification Council in St. Sophia's Cathedral (15 Dec 2018). Repeats and reaffirms the established national-security/statehood framing directly at the historic founding event of the PCU; consistent with, rather than escalating beyond, previously documented rhetoric.","coded_batch_28.json","2018-12-15","Петро Порошенко звернувся до учасників Cобору: «Від вас залежить майбутнє України»","risu.ua","poroshenko_speech","https://risu.ua/petro-poroshenko-zvernuvsya-do-uchasnikiv-coboru-vid-vas-zalezhit-maybutnye-ukrajini_n95145","J1_autocephaly_2018-19","2018"
"64300b4e33bd","Священник Московського патріархату благословляє російського полковника Ігоря Гіркіна (Стрєлкова)... Митрополит УПЦ (Московського патріархату) Платон благословляє російську зенітну ракетну систему... С-400 «Тріумф», розгорнуту в Феодосії.",TRUE,"material","state","UOC-MP","none",3,"Corrected date: 25 June 2020 (discussing a later Zelensky-era criminal investigation into Poroshenko over 'incitement of religious hostility' through creating the PCU; batch header date of 2018-12-15 was incorrect). Author Dmytro Horovyi (a recurring analyst in this corpus) cites specific, photographically documented instances -- a Moscow Patriarchate priest blessing DNR commander Igor 'Strelkov' Girkin in occupied Donetsk (July 2014), and a UOC-MP Metropolitan in occupied Crimea blessing a deployed Russian S-400 anti-aircraft missile system (January 2017) -- as concrete material evidence of clergy involvement with Russian-aligned military assets and personnel, contrasted with the absence of legal action against these instances compared to the case against Poroshenko. Higher confidence than typical analytical pieces given the specificity and photographic documentation cited.","coded_batch_28.json","2018-12-15","Томос і справа проти Порошенка за «створення ПЦУ». Якими будуть наслідки?","risu.ua","poroshenko_speech","https://risu.ua/tomos-i-sprava-proti-poroshenka-za-stvorennya-pcu-yakimi-budut-naslidki_n109448","J1_autocephaly_2018-19","2018"
"6e53f4b1025f","Об'єднавчий Собор... відбудеться 15 грудня 2018 року.",FALSE,"neither","other","none","none",3,"Factual announcement of the Unification Council date. No securitising content.","coded_batch_28.json","2018-12-15","Порошенко назвав дату і місце проведення об'єднавчого Собору УПЦ","risu.ua","poroshenko_speech","https://risu.ua/poroshenko-nazvav-datu-i-misce-provedennya-ob-yednavchogo-soboru-upc_n94909","J1_autocephaly_2018-19","2018"
"8d6a6e0a7572","Ті єпископи УПЦ (МП), які «попри тиск та погрози, прокльони Москви і п'ятої колони прийняли мужнє рішення і прийшли на Собор... Вони між Україною та Росією вибрали Україну».",TRUE,"material","state","internal","none",2,"Poroshenko's remarks after the Council's conclusion, praising the small number of UOC-MP bishops who attended 'despite pressure, threats, curses from Moscow and the fifth column' -- repeating the established 'fifth column' framing and pressure/threat narrative in the context of the Council's successful conclusion.","coded_batch_28.json","2018-12-15","«Українську  Помісну Автокефальну Церкву створено»,  - Петро Порошенко","risu.ua","poroshenko_speech","https://risu.ua/ukrajinsku-pomisnu-avtokefalnu-cerkvu-stvoreno-petro-poroshenko_n95147","J1_autocephaly_2018-19","2018"
"9e508ae65a4a","Я не вбачаю, що українські Церкві щось загрожує.",FALSE,"neither","other","none","none",3,"Corrected date: 19 June 2019 (discusses the later internal PCU conflict with Filaret, not the Dec 2018 period; batch header date was incorrect). Poroshenko explicitly downplays any threat to the church ('I don't see the Ukrainian church being threatened by anything'), framing internal challenges as 'tempering' rather than danger. Not securitising; not about UOC-MP.","coded_batch_28.json","2018-12-15","Петро Порошенко відреагував на конфлікт у ПЦУ","risu.ua","poroshenko_speech","https://risu.ua/petro-poroshenko-vidreaguvav-na-konflikt-u-pcu_n98683","J1_autocephaly_2018-19","2018"
"df7095e653db","Наша фракція у парламенті вимагає ухвалити закон про заборону церкви країни-агресора. Ми створили свою Церкву, і не потребуємо московської бутафорії, яка не має нічого спільного ані з церквою, ані з Богом.",TRUE,"both","state","UOC-MP","ban",3,"Corrected date: 16 December 2023 (fifth-anniversary retrospective post by Poroshenko, by then former president and opposition leader; batch header date of 2018-12-15 was incorrect). This is nonetheless a highly significant and explicit securitising statement: he directly calls on parliament to 'finally pass the law banning the church of the aggressor state', labelling UOC-MP 'Moscow's fakery/prop [бутафорія]' with 'nothing in common with either the church or God'. This is the single clearest, most explicit call for banning UOC-MP found anywhere in this corpus (as distinct from the earlier, narrower mandated-renaming measure), though it reflects the later political context of 2023 rather than the December 2018 period.","coded_batch_28.json","2018-12-15","Рада повинна заборонити УПЦ МП - бутафорію РФ, яка не має нічого спільного з Церквою, - Порошенко","risu.ua","poroshenko_speech","https://risu.ua/rada-povinna-zaboroniti-upc-mp---butaforiyu-rf-yaka-ne-maye-nichogo-spilnogo-z-cerkvoyu---poroshenko_n144775","J1_autocephaly_2018-19","2018"
"f9cd88fe734a","Патріарх привітав п'ятого Президента із річницею Об'єднавчого собору.",FALSE,"neither","other","none","none",3,"Corrected date: 16 December 2021 (third-anniversary call between Poroshenko and Patriarch Bartholomew; batch header date was incorrect). Cooperative/celebratory; no securitising content.","coded_batch_28.json","2018-12-15","Порошенко провів телефонну розмову із Вселенським Патріархом","risu.ua","poroshenko_speech","https://risu.ua/poroshenko-proviv-telefonnu-rozmovu-iz-vselenskim-patriarhom_n124304","J1_autocephaly_2018-19","2018"
"35e045706af0","З перших днів президентства боротьбу за автокефалію я розглядав не як церковне питання, а як питання національної безпеки... А коли вовки приходять в овечих шкурах, дуже легко стати здобиччю. Хіба Кремль колись приховував, що розглядає російську церкву як дуже гіпнотичний дурман для утримання сусідніх народів у сфері свого впливу?",TRUE,"both","state","Russia","none",3,"Poroshenko's 16 December press conference. He directly confirms that from 'the first days of the presidency' he treated the autocephaly struggle as a 'national security' matter rather than a religious one -- corroborating advisor Pavlenko's earlier claim (batch 25). He uses vivid infiltration imagery ('wolves in sheep's clothing') and explicitly likens the Russian church to 'a very hypnotic drug for keeping neighbouring peoples within its sphere of influence' -- a striking narcotic/mind-control metaphor for the church's function as a Russian instrument.","coded_batch_28.json","2018-12-16","«Аж зірки на кремлівських шпилях почорніли», - Порошенко про істеричну реакцію Кремля і РПЦ на Томос","risu.ua","poroshenko_speech","https://risu.ua/azh-zirki-na-kremlivskih-shpilyah-pochornili-poroshenko-pro-isterichnu-reakciyu-kremlya-i-rpc-na-tomos_n95181","J1_autocephaly_2018-19","2018"
"35e045706af0","Із понад 10 єрархів, які підписали звернення до Вселенського Патріарха або твердо пообіцяли прийти на Собор, прийшли тільки двоє. Це результат тиску, і точно не нашої держави.",TRUE,"material","other","internal","none",2,"Poroshenko notes that of over 10 UOC-MP hierarchs who had signed the appeal or promised to attend, only two actually came to the Council, attributing this to 'pressure -- and certainly not from our state', implicitly pointing to internal coercion within UOC-MP/from Moscow to prevent attendance.","coded_batch_28.json","2018-12-16","«Аж зірки на кремлівських шпилях почорніли», - Порошенко про істеричну реакцію Кремля і РПЦ на Томос","risu.ua","poroshenko_speech","https://risu.ua/azh-zirki-na-kremlivskih-shpilyah-pochornili-poroshenko-pro-isterichnu-reakciyu-kremlya-i-rpc-na-tomos_n95181","J1_autocephaly_2018-19","2018"
"ac1bfc992a65","Собор як мінімум п'ять разів могли зірвати.",FALSE,"neither","other","none","none",2,"Poroshenko describes internal negotiation difficulties during the Council without attributing them to a specific external threat actor in this passage; primarily about intra-Ukrainian church compromise-building. Not coded as securitising.","coded_batch_28.json","2018-12-16","Порошенко: Об’єднавчий Собор могли зірвати як мінімум п’ять разів","risu.ua","poroshenko_speech","https://risu.ua/poroshenko-ob-yednavchiy-sobor-mogli-zirvati-yak-minimum-p-yat-raziv_n95178","J1_autocephaly_2018-19","2018"
"e040bd3a7850","Митрополит Епифаний был избран предстоятелем церкви после добровольного отказа митрополита Луцкого Михаила.",FALSE,"neither","other","none","none",3,"Detailed journalistic account of the internal Council politics behind Epifaniy's election (Filaret's ultimatum, Constantinople's preferences). Purely internal Ukrainian/Constantinopolitan church politics; no UOC-MP threat framing.","coded_batch_28.json","2018-12-16","Ультиматум Филарета и уговоры Порошенко. Как избирали Епифания","risu.ua","poroshenko_speech","https://risu.ua/ultimatum-filareta-i-ugovory-poroshenko-kak-izbirali-epifaniya_n95288","J1_autocephaly_2018-19","2018"
"f94008458bcb","Це буде найпримітніше Різдво.",FALSE,"neither","other","none","none",3,"Announcement of the 6 January Tomos presentation date in Istanbul. Celebratory, no securitising content.","coded_batch_28.json","2018-12-16","«Це буде найпримітніше Різдво», - Президент про вручення 6 січня Томосу","risu.ua","poroshenko_speech","https://risu.ua/ce-bude-nayprimitnishe-rizdvo-prezident-pro-vruchennya-6-sichnya-tomosu_n95177","J1_autocephaly_2018-19","2018"
"042cbc8e9cd0","Засідання Комітету з питань прав людини, деокупації та реінтеграції тимчасово окупованих територій України, національних меншин і міжнаціональних відносин",FALSE,"neither","other","none","none",1,"Failed/incomplete rada.gov.ua scrape (same recurring issue as prior batches): only generic site navigation boilerplate present, zero UOC-MP keyword hits, no transcript content available to code.","coded_batch_29.json","2018-12-17","Засідання Комітету з питань прав людини, деокупації та реінтеграції тимчасово окупованих територій України, н","rada.gov.ua","rada_stenogram","https://rada.gov.ua/meeting/stenogr/show/6981.html","J1_autocephaly_2018-19","2018"
"b6b2c6c8f0a3","Ми всі знаємо, який неймовірний тиск чинився і чиниться на Всесвятійшого Патріарха від Москви і від усіх союзників, яких задіює Кремль у тиску на Варфоломія.",TRUE,"material","other","Russia","none",1,"Coordination Council transcript (17 Dec 2018). Speaker Parubiy celebrates the Unification Council's success and repeats the established claim of 'incredible pressure' on Patriarch Bartholomew 'from Moscow and all the allies the Kremlin deploys' -- consistent with, but not adding to, previously documented pressure/threat claims. Low confidence given its brief, celebratory, non-specific nature.","coded_batch_29.json","2018-12-17","Погоджувальна рада","rada.gov.ua","rada_stenogram","https://www.rada.gov.ua/meeting/stenogr/show/6981.html","J1_autocephaly_2018-19","2018"
"1981c3be1235","Народні депутати винесли кілька постанов... мають ствердити історичну справедливість, тобто Російську Православну Церкву в Україні назвати своїм іменем – не Українська Православна Церква (в кавичках) (МП) Московського Патріархату, а так, як вона є насправді – Російська Православна Церква... російський патріархат, або «паханат»...",TRUE,"ontological","identity","UOC-MP","other",3,"Plenary session transcript (Засідання 43, 18 Dec 2018). An MP discusses upcoming parliamentary resolutions to legally rename UOC-MP as 'the Russian Orthodox Church in Ukraine' to 'restore historical justice', and uses the derogatory slang term 'паханат' (a play on 'patriarchate' invoking 'пахан', a criminal-underworld boss) to describe the Moscow Patriarchate. Directly documents the mandated-renaming measure (tracked since batch 14/17/25) being actively legislated, with additional pejorative framing.","coded_batch_29.json","2018-12-18","Засідання 43","rada.gov.ua","rada_stenogram","https://www.rada.gov.ua/meeting/stenogr/show/6983.html","J1_autocephaly_2018-19","2018"
"23056046ed1f","Засідання Комітету з питань прав людини, деокупації та реінтеграції тимчасово окупованих територій України, національних меншин і міжнаціональних відносин",FALSE,"neither","other","none","none",1,"Failed/incomplete rada.gov.ua scrape (same recurring issue as prior batches): only generic site navigation boilerplate present, zero UOC-MP keyword hits, no transcript content available to code.","coded_batch_29.json","2018-12-18","Засідання Комітету з питань прав людини, деокупації та реінтеграції тимчасово окупованих територій України, н","rada.gov.ua","rada_stenogram","https://rada.gov.ua/meeting/stenogr/show/6982.html","J1_autocephaly_2018-19","2018"
"73c2fa835dbf","Засідання Комітету з питань прав людини, деокупації та реінтеграції тимчасово окупованих територій України, національних меншин і міжнаціональних відносин",FALSE,"neither","other","none","none",1,"Failed/incomplete rada.gov.ua scrape (same recurring issue as prior batches): only generic site navigation boilerplate present, zero UOC-MP keyword hits, no transcript content available to code.","coded_batch_29.json","2018-12-18","Засідання Комітету з питань прав людини, деокупації та реінтеграції тимчасово окупованих територій України, н","rada.gov.ua","rada_stenogram","https://rada.gov.ua/meeting/stenogr/show/6983.html","J1_autocephaly_2018-19","2018"
"9321c7438e2e","Засідання Комітету з питань прав людини, деокупації та реінтеграції тимчасово окупованих територій України, національних меншин і міжнаціональних відносин",FALSE,"neither","other","none","none",1,"Failed/incomplete rada.gov.ua scrape (same recurring issue as prior batches): only generic site navigation boilerplate present, zero UOC-MP keyword hits, no transcript content available to code.","coded_batch_29.json","2018-12-18","Засідання Комітету з питань прав людини, деокупації та реінтеграції тимчасово окупованих територій України, н","rada.gov.ua","rada_stenogram","https://rada.gov.ua/meeting/stenogr/show/6984.html","J1_autocephaly_2018-19","2018"
"e59a2c563f4b","Засідання Комітету з питань прав людини, деокупації та реінтеграції тимчасово окупованих територій України, національних меншин і міжнаціональних відносин",FALSE,"neither","other","none","none",1,"Failed/incomplete rada.gov.ua scrape (same recurring issue as prior batches): only generic site navigation boilerplate present, zero UOC-MP keyword hits, no transcript content available to code.","coded_batch_29.json","2018-12-18","Засідання Комітету з питань прав людини, деокупації та реінтеграції тимчасово окупованих територій України, н","rada.gov.ua","rada_stenogram","https://rada.gov.ua/meeting/stenogr/show/6987.html","J1_autocephaly_2018-19","2018"
"1fbb79eb1888","Засідання Комітету з питань прав людини, деокупації та реінтеграції тимчасово окупованих територій України, національних меншин і міжнаціональних відносин",FALSE,"neither","other","none","none",1,"Failed/incomplete rada.gov.ua scrape (same recurring issue as prior batches): only generic site navigation boilerplate present, zero UOC-MP keyword hits, no transcript content available to code.","coded_batch_29.json","2018-12-19","Засідання Комітету з питань прав людини, деокупації та реінтеграції тимчасово окупованих територій України, н","rada.gov.ua","rada_stenogram","https://rada.gov.ua/meeting/stenogr/show/6988.html","J1_autocephaly_2018-19","2018"
"6d3865c03781","Засідання Комітету з питань прав людини, деокупації та реінтеграції тимчасово окупованих територій України, національних меншин і міжнаціональних відносин",FALSE,"neither","other","none","none",1,"Failed/incomplete rada.gov.ua scrape (same recurring issue as prior batches): only generic site navigation boilerplate present, zero UOC-MP keyword hits, no transcript content available to code.","coded_batch_29.json","2018-12-19","Засідання Комітету з питань прав людини, деокупації та реінтеграції тимчасово окупованих територій України, н","rada.gov.ua","rada_stenogram","https://rada.gov.ua/meeting/stenogr/show/6989.html","J1_autocephaly_2018-19","2018"
"967b7582c232","Цього року Святий Миколай прийшов не лише до дітей – він прийшов до всіх українців і подарував те, на що ми чекали тисячу років.",FALSE,"neither","other","none","none",3,"Holiday greeting (St. Nicholas Day) framing the Tomos/autocephaly as a symbolic 'gift'. Celebratory, not securitising.","coded_batch_29.json","2018-12-19","Цьогоріч Святий Миколай подарував українцям те, на що ми чекали тисячу років, — Петро Порошенко","risu.ua","poroshenko_speech","https://risu.ua/cogorich-svyatiy-mikolay-podaruvav-ukrajincyam-te-na-shcho-mi-chekali-tisyachu-rokiv-petro-poroshenko_n95241","J1_autocephaly_2018-19","2018"
"d0f50a8afafb","Мова, віра, армія – це три тези, якими оперується чинна коаліція, бо нічим іншим вони не можуть похизуватися. Оскільки економіка в руїні.",FALSE,"neither","other","none","none",1,"Plenary session transcript (Засідання 45, 19 Dec 2018). An MP critically dismisses the coalition's 'Language, Faith, Army' talking points as a distraction from economic failure -- a domestic political counter-critique of the securitising trinity itself, similar to the pattern seen in batches 21 and 25, rather than an instance of the securitising rhetoric.","coded_batch_29.json","2018-12-19","Засідання 45","rada.gov.ua","rada_stenogram","https://www.rada.gov.ua/meeting/stenogr/show/6989.html","J1_autocephaly_2018-19","2018"
"05657e108c79","Закон 5309, про внесення змін до Закону України «Про свободу совісті та релігійні організації» щодо назви релігійних організацій, які входять до структури релігійної організації, керівний центр (управління) якої знаходиться за межами України в державі, яка законом визнана такою, що здійснила військову агресію проти України.",TRUE,"ontological","identity","UOC-MP","other",3,"Plenary session transcript (Засідання 46, 20 Dec 2018). Speaker Andriy Parubiy directly names and reads out the exact text of bill 5309 -- the mandated-renaming law requiring religious organisations whose governing centre is in a state legally recognised as having committed aggression against Ukraine to disclose this in their name -- explicitly on the floor at the personal request of Patriarch Filaret, urging MPs to support it. This confirms and names the specific legislative measure tracked since batch 14 (the naming law) and formally links it to Filaret's advocacy.","coded_batch_29.json","2018-12-20","Засідання 46","rada.gov.ua","rada_stenogram","https://www.rada.gov.ua/meeting/stenogr/show/6991.html","J1_autocephaly_2018-19","2018"
"4445d1268e10","Засідання Комітету з питань прав людини, деокупації та реінтеграції тимчасово окупованих територій України, національних меншин і міжнаціональних відносин",FALSE,"neither","other","none","none",1,"Failed/incomplete rada.gov.ua scrape (same recurring issue as prior batches): only generic site navigation boilerplate present, zero UOC-MP keyword hits, no transcript content available to code.","coded_batch_29.json","2018-12-20","Засідання Комітету з питань прав людини, деокупації та реінтеграції тимчасово окупованих територій України, н","rada.gov.ua","rada_stenogram","https://rada.gov.ua/meeting/stenogr/show/6990.html","J1_autocephaly_2018-19","2018"
"486bf834d102","5309 Проект Закону про внесення змін до Закону України «Про свободу совісті та релігійні організації» щодо назви релігійних організацій (об'єднань)... Закон прийнято.",TRUE,"ontological","identity","UOC-MP","other",3,"Official Rada operational record (Оперативна інформація, 20 Dec 2018) confirming that bill 5309 -- the mandated-renaming law tracked since batch 14 -- was formally ADOPTED ('Закон прийнято') on this date, sponsored by MP Viktor Brychenko (submitted 28 Oct 2016). This is the definitive confirmation that the extraordinary administrative/legislative measure requiring UOC-MP to disclose its subordination to a state legally recognised as an aggressor in its official name was enacted into Ukrainian law.","coded_batch_29.json","2018-12-20","Оперативна інформація","rada.gov.ua","rada_stenogram","https://www.rada.gov.ua/meeting/stenogr/show/6992.html","J1_autocephaly_2018-19","2018"
"5e31c097b03e","Засідання Комітету з питань прав людини, деокупації та реінтеграції тимчасово окупованих територій України, національних меншин і міжнаціональних відносин",FALSE,"neither","other","none","none",1,"Failed/incomplete rada.gov.ua scrape (same recurring issue as prior batches): only generic site navigation boilerplate present, zero UOC-MP keyword hits, no transcript content available to code.","coded_batch_30.json","2018-12-20","Засідання Комітету з питань прав людини, деокупації та реінтеграції тимчасово окупованих територій України, н","rada.gov.ua","rada_stenogram","https://rada.gov.ua/meeting/stenogr/show/6994.html","J1_autocephaly_2018-19","2018"
"7d498cb70826","Засідання Комітету з питань прав людини, деокупації та реінтеграції тимчасово окупованих територій України, національних меншин і міжнаціональних відносин",FALSE,"neither","other","none","none",1,"Failed/incomplete rada.gov.ua scrape (same recurring issue as prior batches): only generic site navigation boilerplate present, zero UOC-MP keyword hits, no transcript content available to code.","coded_batch_30.json","2018-12-20","Засідання Комітету з питань прав людини, деокупації та реінтеграції тимчасово окупованих територій України, н","rada.gov.ua","rada_stenogram","https://rada.gov.ua/meeting/stenogr/show/6992.html","J1_autocephaly_2018-19","2018"
"9510febcf796","Засідання Комітету з питань прав людини, деокупації та реінтеграції тимчасово окупованих територій України, національних меншин і міжнаціональних відносин",FALSE,"neither","other","none","none",1,"Failed/incomplete rada.gov.ua scrape (same recurring issue as prior batches): only generic site navigation boilerplate present, zero UOC-MP keyword hits, no transcript content available to code.","coded_batch_30.json","2018-12-20","Засідання Комітету з питань прав людини, деокупації та реінтеграції тимчасово окупованих територій України, н","rada.gov.ua","rada_stenogram","https://rada.gov.ua/meeting/stenogr/show/6991.html","J1_autocephaly_2018-19","2018"
"b72086d4bdca","Хочу вам повідомити, що я підписав проект Закону 5309 і невідкладно відправив його Президентові на підпис, чим закріпив історичне рішення українського парламенту.",TRUE,"ontological","identity","UOC-MP","other",2,"Plenary session transcript (Засідання 47, 20 Dec 2018). Speaker Parubiy announces he personally signed bill 5309 (the mandated-renaming law, confirmed adopted in batch 29) and urgently forwarded it to the President for signature. Additional corroboration of the measure's finalisation, though largely procedural confirmation rather than new rhetorical content.","coded_batch_30.json","2018-12-20","Засідання 47","rada.gov.ua","rada_stenogram","https://www.rada.gov.ua/meeting/stenogr/show/6994.html","J1_autocephaly_2018-19","2018"
"cc2acd161b26","5309Д Проект Закону про внесення змін до Закону України «Про свободу совісті та релігійні організації» щодо назви релігійних організацій (об'єднань), які входять до структури релігійної організації, керівний центр якої знаходиться за межами України в державі, яка законом визнана такою, що здійснила військову агресію проти України.",FALSE,"neither","other","none","none",2,"Legislative agenda (Poriadok dennyi, 20 Dec 2018) listing bill 5309 for consideration -- procedural agenda item, no new argumentative content beyond what is already documented for this measure.","coded_batch_30.json","2018-12-20","Порядок денний","rada.gov.ua","rada_stenogram","https://www.rada.gov.ua/meeting/stenogr/show/6990.html","J1_autocephaly_2018-19","2018"
"0edc6469cb5f","Засідання Комітету з питань прав людини, деокупації та реінтеграції тимчасово окупованих територій України, національних меншин і міжнаціональних відносин",FALSE,"neither","other","none","none",1,"Failed/incomplete rada.gov.ua scrape (same recurring issue as prior batches): only generic site navigation boilerplate present, zero UOC-MP keyword hits, no transcript content available to code.","coded_batch_30.json","2018-12-21","Засідання Комітету з питань прав людини, деокупації та реінтеграції тимчасово окупованих територій України, н","rada.gov.ua","rada_stenogram","https://rada.gov.ua/meeting/stenogr/show/6993.html","J1_autocephaly_2018-19","2018"
"99fd9ecffdb5","Це знакова, справді історична подія.",FALSE,"neither","other","none","none",3,"Plenary session transcript (Засідання 48, 21 Dec 2018). Culture Minister Yevhen Nyshchuk's celebratory remarks on the new church and a restituted artwork. No securitising content.","coded_batch_30.json","2018-12-21","Засідання 48","rada.gov.ua","rada_stenogram","https://www.rada.gov.ua/meeting/stenogr/show/6995.html","J1_autocephaly_2018-19","2018"
"da78466d4af4","Засідання Комітету з питань прав людини, деокупації та реінтеграції тимчасово окупованих територій України, національних меншин і міжнаціональних відносин",FALSE,"neither","other","none","none",1,"Failed/incomplete rada.gov.ua scrape (same recurring issue as prior batches): only generic site navigation boilerplate present, zero UOC-MP keyword hits, no transcript content available to code.","coded_batch_30.json","2018-12-21","Засідання Комітету з питань прав людини, деокупації та реінтеграції тимчасово окупованих територій України, н","rada.gov.ua","rada_stenogram","https://rada.gov.ua/meeting/stenogr/show/6995.html","J1_autocephaly_2018-19","2018"
"536b9641d0b8","Хоча Російська Церква звинувачує мене в тому, що я взяв гроші за цю автокефалію, я взяв не гроші, а багато цукерок і шоколаду з фабрики Порошенка.",FALSE,"neither","other","none","none",1,"Patriarch Bartholomew jokingly deflects ROC's accusation that he took a bribe (money) from Poroshenko for granting the Tomos, saying he took chocolate instead. This documents a reverse-direction ROC accusation (corruption claim against Constantinople), interesting as a mirror of the earlier Ukrainian-side bribery allegations against Russia, but the deflection itself is not a securitising move.","coded_batch_30.json","2018-12-25","Томос в обмін на цукерки: Патріарх Варфоломій відповів жартом на звинувачення у хабарі","risu.ua","poroshenko_speech","https://risu.ua/tomos-v-obmin-na-cukerki-patriarh-varfolomiy-vidpoviv-zhartom-na-zvinuvachennya-u-habari_n95369","J1_autocephaly_2018-19","2018"
"c62b85cfcc73","Цього року свято Різдва буде дуже особливим. Святвечір 6 січня назавжди увійде в історію нашої держави.",FALSE,"neither","other","none","none",3,"Poroshenko's Christmas remarks anticipating the Tomos handover. Celebratory, not securitising. (Near-duplicate content published as two separate articles.)","coded_batch_30.json","2018-12-30","Цього року Різдво буде дуже особливим, - Порошенко","risu.ua","poroshenko_speech","https://risu.ua/cogo-roku-rizdvo-bude-duzhe-osoblivim-poroshenko_n95472","J1_autocephaly_2018-19","2018"
"d7711ae91569","Цього року свято Різдва буде дуже особливим. Святвечір 6 січня назавжди увійде в історію нашої держави.",FALSE,"neither","other","none","none",3,"Poroshenko's Christmas remarks anticipating the Tomos handover. Celebratory, not securitising. (Near-duplicate content published as two separate articles.)","coded_batch_30.json","2018-12-30","Цього року Різдво буде дуже особливим, - Порошенко","risu.ua","poroshenko_speech","https://risu.ua/cogo-roku-rizdvo-bude-duzhe-osoblivim-poroshenko_n95473","J1_autocephaly_2018-19","2018"
"c645e5fbadad","Росія мертвою хваткою вчепилася у свою церковну мережу в Україні, розглядаючи її як розгалужений канал впливу. Російська православна церква — частина політичної системи РФ. Сам Путін порівняв РПЦ з ядерною зброєю. Було б злочином дивитися на все це крізь пальці.",TRUE,"material","state","Russia","none",3,"Poroshenko's New Year column for NV/The Economist special project (the full version of the excerpt also published separately as doc acd101f3525f). States Russia has a 'dead grip' on its church network in Ukraine as 'an extensive channel of influence', calls ROC 'part of the RF's political system', and -- most strikingly -- claims 'Putin himself compared ROC to nuclear weapons'. This is among the most extreme instrument-of-state-power claims in the corpus, directly equating a religious institution's strategic value with weapons of mass destruction. The same column separately warns of 'attempts by pro-Russian candidates to consolidate into a single fifth column' ahead of the 2019 elections.","coded_batch_30.json","2019-01-01","Тримати штурвал","risu.ua","poroshenko_speech","https://risu.ua/trimati-shturval_n95517","J1_autocephaly_2018-19","2019"
"acd101f3525f","Росія «мертвою хваткою» вчепилася у свою церковну мережу в Україні, розглядаючи її як розгалужений канал впливу... Сам Путін порівняв РПЦ з ядерною зброєю.",TRUE,"material","state","Russia","none",3,"Shorter excerpted republication of the same column fully coded in doc c645e5fbadad (the 'Putin compared ROC to nuclear weapons' claim). Coded identically given it is the same underlying statement.","coded_batch_30.json","2019-01-02","Росія мертво вчепилася в УПЦ МП, - Петро Порошенко","risu.ua","poroshenko_speech","https://risu.ua/rosiya-mertvo-vchepilasya-v-upc-mp-petro-poroshenko_n95505","J1_autocephaly_2018-19","2019"
"43b3c582adc1","Ні Порошенко, ні його команда на початку цього не хотіли. Оці дві речі я вважаю фундаментальними для новітньої історії України.",FALSE,"neither","other","none","none",2,"Former FM Klimkin claims in a later interview that Poroshenko initially resisted pursuing the Tomos and had to be persuaded by Klimkin and advisor Pavlenko -- interesting revisionist counter-narrative to the 'national security from day one' framing documented elsewhere (e.g. batch 25/28), but not itself a securitising claim.","coded_batch_30.json","2019-01-05","Клімкін зізнався, хто першим підкинув Порошенку ідею про Томос","risu.ua","poroshenko_speech","https://risu.ua/klimkin-ziznavsya-hto-pershim-pidkinuv-poroshenku-ideyu-pro-tomos_n101558","J1_autocephaly_2018-19","2019"
"5b7731e2e967","Президент Петро Порошенко нагородив орденом «За заслуги» І ступеня Вселенського Патріарха.",FALSE,"neither","other","none","none",3,"State honour awarded to Patriarch Bartholomew. Cooperative, not securitising.","coded_batch_30.json","2019-01-05","Президент вручив високу державну нагороду Вселенському Патріарху Варфоломію","risu.ua","poroshenko_speech","https://risu.ua/prezident-vruchiv-visoku-derzhavnu-nagorodu-vselenskomu-patriarhu-varfolomiyu_n95572","J1_autocephaly_2018-19","2019"
"5cc960af5031","Один з найбільш одіозних із багатьох десятків сфабрикованих проти п'ятого президента України Петра Порошенка справ – стосовно Томосу про автокефалію Православної Церкви України.",FALSE,"neither","other","none","none",2,"Poroshenko's lawyer describes the ongoing (Zelensky-era) criminal investigation into Poroshenko over the PCU's creation as 'fabricated' and politically motivated. Domestic political/legal dispute about state prosecution, not a securitising claim about UOC-MP.","coded_batch_30.json","2019-01-05","ДБР дали ще рік на розслідування справи проти Порошенка ""за створення ПЦУ"" та Томос","risu.ua","poroshenko_speech","https://risu.ua/dbr-dali-shche-rik-na-rozsliduvannya-spravi-proti-poroshenka-za-stvorennya-pcu-ta-tomos_n120033","J1_autocephaly_2018-19","2019"
"78de9588cc26","Ми чекаємо Вас в Україні. І чекаємо з нетерпінням.",FALSE,"neither","other","none","none",3,"Cooperative/celebratory remarks after the Tomos signing ceremony. Not securitising.","coded_batch_30.json","2019-01-05","Президент Порошенко запросив Вселенського Патріарха Варфоломія в Україну","risu.ua","poroshenko_speech","https://risu.ua/prezident-poroshenko-zaprosiv-vselenskogo-patriarha-varfolomiya-v-ukrajinu_n95564","J1_autocephaly_2018-19","2019"
"838c82cda41f","Постане Автокефальна Православна Церква України – Церква, яка демонструє любов і забезпечує єдність держави.",FALSE,"neither","other","none","none",3,"Celebratory statement after the Tomos signing. Not securitising.","coded_batch_30.json","2019-01-05","Серед 15 зірок автокефальних православних Церков з’явилася українська зірочка! - Петро Порошенко","risu.ua","poroshenko_speech","https://risu.ua/sered-15-zirok-avtokefalnih-pravoslavnih-cerkov-z-yavilasya-ukrajinska-zirochka-petro-poroshenko_n95556","J1_autocephaly_2018-19","2019"
"af7a89bcd976","Вселенський Патріарх Варфоломій сьогодні, 5 січня, підписав Томос про автокефалію об'єднаної Православної Церкви України.",FALSE,"neither","other","none","none",3,"Factual news report of the Tomos signing ceremony. Not securitising.","coded_batch_30.json","2019-01-05","Патріарх Варфоломій підписав Томос про автокефалію Православної Церкви України","risu.ua","poroshenko_speech","https://risu.ua/patriarh-varfolomiy-pidpisav-tomos-pro-avtokefaliyu-pravoslavnoji-cerkvi-ukrajini_n95555","J1_autocephaly_2018-19","2019"
"ed380c2dd5f8","Вітаю всю велику православну українську родину в Україні і за її межами з другою річницею підписання Томосу.",FALSE,"neither","other","none","none",3,"Second-anniversary celebratory greeting by Poroshenko. Not securitising.","coded_batch_30.json","2019-01-05","Порошенко звернувся до українців з нагоди другої річниці підписання Томосу","risu.ua","poroshenko_speech","https://risu.ua/poroshenko-zvernuvsya-do-ukrayinciv-z-nagodi-drugoyi-richnici-pidpisannya-tomosu_n114876","J1_autocephaly_2018-19","2019"
"5f5b9e729879","Я гарантую, що Україна поважатиме релігійний вибір і свободу віросповідання кожної людини.",FALSE,"neither","other","none","none",3,"Poroshenko's speech after the Tomos handover explicitly guarantees respect for religious freedom and choice. Cooperative/protective, the opposite of a securitising extraordinary-measure claim.","coded_batch_30.json","2019-01-06","«Я гарантую, що Україна поважатиме релігійний вибір і свободу віросповідання кожної людини», - Петро Порошенко після вручення Томосу","risu.ua","poroshenko_speech","https://risu.ua/ya-garantuyu-shcho-ukrajina-povazhatime-religiyniy-vibir-i-svobodu-virospovidannya-kozhnoji-lyudini-petro-poroshenko-pislya-vruchennya-tomosu_n95595","J1_autocephaly_2018-19","2019"
"ea59be2ae578","Це день остаточного здобуття української незалежності від Росії. І Україна вже не буде пити, кажучи словами Тараса Шевченка, з московської чаші московську отруту.",TRUE,"ontological","nation","Russia","none",3,"Detailed BBC feature on the Unification Council (the article's shown publication date is 19 December 2018, close to but not matching the batch header of 6 Jan 2019). Poroshenko's own quote uses a striking 'poison' metaphor -- Ukraine will no longer 'drink Moscow's poison from the Moscow chalice', quoting Shevchenko -- an existential, near-toxicological framing of Russian religious/cultural influence.","coded_batch_30.json","2019-01-06","Об'єднавчий собор Української церкви: як все відбувалося","risu.ua","poroshenko_speech","https://risu.ua/ob-yednavchiy-sobor-ukrajinskoji-cerkvi-yak-vse-vidbuvalosya_n95245","J1_autocephaly_2018-19","2019"
"ea59be2ae578","Він [Філарет] вважає церкву Московського патріархату структурним підрозділом російських політичних і церковних кіл, інструментом проросійського впливу на державу, владу і суспільство в Україні.",TRUE,"material","state","UOC-MP","none",2,"The same BBC feature reports that Patriarch Filaret (Epifaniy's mentor) considers UOC-MP 'a structural subdivision of Russian political and church circles, an instrument of pro-Russian influence on the state, government and society in Ukraine' -- direct instrument-of-a-foreign-power framing attributed to Filaret. The article also documents that only 2 of ~80 UOC-MP bishops attended the Council (Drabinko and Symeon), both immediately excommunicated by UOC-MP for it, and that Patriarch Kirill wrote to world leaders (the Pope, UN Secretary-General) protesting the Council -- evidence of ROC's own diplomatic countermobilisation.","coded_batch_30.json","2019-01-06","Об'єднавчий собор Української церкви: як все відбувалося","risu.ua","poroshenko_speech","https://risu.ua/ob-yednavchiy-sobor-ukrajinskoji-cerkvi-yak-vse-vidbuvalosya_n95245","J1_autocephaly_2018-19","2019"
"6c569d172c2e","Нашу давню Церкву... ми нарешті визволили з московської неволі... Ми розірвали останні пута, які пов'язували нас із Росією з її фантазіями про Україну як про канонічну територію Російської Православної Церкви.",FALSE,"neither","other","none","none",2,"Poroshenko calls on world Orthodox churches to recognise the PCU, repeating 'liberation from Moscow captivity' framing consistent with, but not adding to, previously documented rhetoric.","coded_batch_30.json","2019-01-07","Президент Порошенко закликав православні Церкви світу визнати ПЦУ","risu.ua","poroshenko_speech","https://risu.ua/prezident-poroshenko-zaklikav-pravoslavni-cerkvi-svitu-viznati-pcu_n95626","J1_autocephaly_2018-19","2019"
"de7fe6ebacbe","Якщо він собі зможе пояснити, чому він ходить у Московську Церкву, коли Москва вбиває українців – нема проблем. Я як президент і гарант Конституції буду захищати їх вибір.",FALSE,"neither","other","none","none",2,"Poroshenko explicitly commits to protecting the freedom of UOC-MP worshippers to remain in that church, framing the choice with a pointed rhetorical question ('when Moscow is killing Ukrainians') but ultimately affirming non-coercion. Coded as not securitising given the explicit protective/non-coercive commitment, though the embedded rhetorical framing is notable.","coded_batch_30.json","2019-01-13","Порошенко про вірян УПЦ МП: Якщо зможуть собі пояснити, чому ходять у Московську Церкву – нема проблем","risu.ua","poroshenko_speech","https://risu.ua/poroshenko-pro-viryan-upc-mp-yakshcho-zmozhut-sobi-poyasniti-chomu-hodyat-u-moskovsku-cerkvu-nema-problem_n95729","J1_autocephaly_2018-19","2019"
"1d5a689d41d3","Президент України Петро Порошенко нагородив орденами... трьох митрополитів ПЦУ.",FALSE,"neither","other","none","none",3,"State honours awarded to pro-unification metropolitans. Cooperative, not securitising.","coded_batch_30.json","2019-01-14","Порошенко нагородив орденами трьох митрополитів ПЦУ","risu.ua","poroshenko_speech","https://risu.ua/poroshenko-nagorodiv-ordenami-troh-mitropolitiv-pcu_n95749","J1_autocephaly_2018-19","2019"
"35e324d70632","Президент Петро Порошенко відвідає 15 січня з робочим візитом Волинську область.",FALSE,"neither","other","none","none",3,"Factual itinerary announcement for the Tomos regional tour. Not securitising.","coded_batch_30.json","2019-01-14","Завтра Порошенко привезе Томос у Волинську область","risu.ua","poroshenko_speech","https://risu.ua/zavtra-poroshenko-priveze-tomos-u-volinsku-oblast_n95767","J1_autocephaly_2018-19","2019"
"5627f70282bb","Незважаючи на шалений тиск з боку Російської Федерації – країни-агресора, прямі погрози, погрози йому, погрози церкві, він це зробив... Без вашої підтримки жодними адміністративними методами це зробити просто неможливо.",FALSE,"neither","other","none","none",2,"Poroshenko repeats the established 'pressure/threats from Russia' framing regarding Bartholomew, but explicitly states the transition to the new church could not have happened 'by any administrative methods' without genuine popular/parish support -- an explicit disavowal of coercive/administrative measures. Coded as not securitising given this disavowal, despite the repeated threat-framing regarding Russia.","coded_batch_30.json","2019-01-14","Президент на подячному молебні за отримання Томосу: Єдність – це те, чого зараз вкрай потребує Україна","risu.ua","poroshenko_speech","https://risu.ua/prezident-na-podyachnomu-molebni-za-otrimannya-tomosu-yednist-ce-te-chogo-zaraz-vkray-potrebuye-ukrajina_n95744","J1_autocephaly_2018-19","2019"
"073819dec981","333 роки українська Церква була під московським ярмом... Не слухайте ваших інструкцій з Москви, вони точно до добра не доведуть... Якщо вам дійсно щось не так, коли ви ходите до церкви, де службу Божу починають з молитви за Кирила і вам важко, то не ходіть туди... коли з-за кордону церква отримує інструкції і створює п'яту колону.",TRUE,"both","identity","Russia","other",3,"Poroshenko speaking in Lutsk explicitly and directly urges UOC-MP parishioners to leave churches that pray for Patriarch Kirill or the Russian military, telling them 'don't listen to your instructions from Moscow' and framing a church that 'receives instructions from abroad' as one that 'creates a fifth column'. This is the most direct behavioural call in the corpus for individual believers to abandon UOC-MP specifically, going beyond earlier rhetoric that focused on institutional/political framing rather than direct audience instruction. Uses '333-year Moscow yoke' as existential historical framing.","coded_batch_30.json","2019-01-15","Не ходіть до Церкви, де моляться за Кирила, - Порошенко у Луцьку","risu.ua","poroshenko_speech","https://risu.ua/ne-hodit-do-cerkvi-de-molyatsya-za-kirila-poroshenko-u-lucku_n95784","J1_autocephaly_2018-19","2019"
"64548445ac73","Засідання Комітету з питань прав людини, деокупації та реінтеграції тимчасово окупованих територій України, національних меншин і міжнаціональних відносин",FALSE,"neither","other","none","none",1,"Failed/incomplete rada.gov.ua scrape (same recurring issue as prior batches): only generic site navigation boilerplate present, zero UOC-MP keyword hits, no transcript content available to code.","coded_batch_30.json","2019-01-16","Засідання Комітету з питань прав людини, деокупації та реінтеграції тимчасово окупованих територій України, н","rada.gov.ua","rada_stenogram","https://rada.gov.ua/meeting/stenogr/show/7003.html","J1_autocephaly_2018-19","2019"
"b6c247ab76b4","Щойно парламент вшановував наших героїв на війні.",FALSE,"neither","other","none","none",2,"Plenary session transcript (Засідання 51, 16 Jan 2019) opening with tributes to fallen soldiers and a deputy inquiry about military medical commission corruption. No UOC-MP-related content.","coded_batch_31.json","2019-01-16","Засідання 51","rada.gov.ua","rada_stenogram","https://www.rada.gov.ua/meeting/stenogr/show/7003.html","J1_autocephaly_2018-19","2019"
"e78b2b5b956c","Через різні елементи гібридної війни, включаючи Церкву, намагається підірвати стабільність України зсередини... Кирило, який молиться за Путіна, за російське військо і за російську владу, бере участь в засіданні колегії Міністерства оборони і Ради безпеки РФ.",TRUE,"both","state","Russia","none",3,"Poroshenko explicitly frames the church as 'one of the elements of hybrid war' Russia uses 'to undermine Ukraine's stability from within', and makes the specific institutional claim that Patriarch Kirill 'participates in meetings of the collegium of the Ministry of Defence and the Security Council of the Russian Federation' -- a concrete claim of direct fusion between ROC leadership and Russia's military/security apparatus. Notably, he simultaneously commits to protecting the free choice of those remaining with UOC-MP and explicitly rules out state pressure on the transition process ('without any pressure from the state').","coded_batch_31.json","2019-01-16","Захищатиму свободу релігійного вибору тих, хто прийме рішення перейти до ПЦУ – Президент","risu.ua","poroshenko_speech","https://risu.ua/zahishchatimu-svobodu-religiynogo-viboru-tih-hto-priyme-rishennya-pereyti-do-pcu-prezident_n95805","J1_autocephaly_2018-19","2019"
"f3d21558aca3","Засідання Комітету з питань прав людини, деокупації та реінтеграції тимчасово окупованих територій України, національних меншин і міжнаціональних відносин",FALSE,"neither","other","none","none",1,"Failed/incomplete rada.gov.ua scrape (same recurring issue as prior batches): only generic site navigation boilerplate present, zero UOC-MP keyword hits, no transcript content available to code.","coded_batch_31.json","2019-01-16","Засідання Комітету з питань прав людини, деокупації та реінтеграції тимчасово окупованих територій України, н","rada.gov.ua","rada_stenogram","https://rada.gov.ua/meeting/stenogr/show/7001.html","J1_autocephaly_2018-19","2019"
"64f361b35083","Засідання Комітету з питань прав людини, деокупації та реінтеграції тимчасово окупованих територій України, національних меншин і міжнаціональних відносин",FALSE,"neither","other","none","none",1,"Failed/incomplete rada.gov.ua scrape (same recurring issue as prior batches): only generic site navigation boilerplate present, zero UOC-MP keyword hits, no transcript content available to code.","coded_batch_31.json","2019-01-17","Засідання Комітету з питань прав людини, деокупації та реінтеграції тимчасово окупованих територій України, н","rada.gov.ua","rada_stenogram","https://rada.gov.ua/meeting/stenogr/show/7005.html","J1_autocephaly_2018-19","2019"
"7df2934ddb6b","Засідання Комітету з питань прав людини, деокупації та реінтеграції тимчасово окупованих територій України, національних меншин і міжнаціональних відносин",FALSE,"neither","other","none","none",1,"Failed/incomplete rada.gov.ua scrape (same recurring issue as prior batches): only generic site navigation boilerplate present, zero UOC-MP keyword hits, no transcript content available to code.","coded_batch_31.json","2019-01-17","Засідання Комітету з питань прав людини, деокупації та реінтеграції тимчасово окупованих територій України, н","rada.gov.ua","rada_stenogram","https://rada.gov.ua/meeting/stenogr/show/7007.html","J1_autocephaly_2018-19","2019"
"cff7690ba7c2","Наступне запитання від народного депутата.",FALSE,"neither","other","none","none",2,"Plenary session transcript (Засідання 52, 17 Jan 2019) with no UOC-MP-related content found.","coded_batch_31.json","2019-01-17","Засідання 52","rada.gov.ua","rada_stenogram","https://www.rada.gov.ua/meeting/stenogr/show/7005.html","J1_autocephaly_2018-19","2019"
"d39fd5c82e33","Засідання Комітету з питань прав людини, деокупації та реінтеграції тимчасово окупованих територій України, національних меншин і міжнаціональних відносин",FALSE,"neither","other","none","none",1,"Failed/incomplete rada.gov.ua scrape (same recurring issue as prior batches): only generic site navigation boilerplate present, zero UOC-MP keyword hits, no transcript content available to code.","coded_batch_31.json","2019-01-17","Засідання Комітету з питань прав людини, деокупації та реінтеграції тимчасово окупованих територій України, н","rada.gov.ua","rada_stenogram","https://rada.gov.ua/meeting/stenogr/show/7004.html","J1_autocephaly_2018-19","2019"
"1b3910b1ed10","Засідання Комітету з питань прав людини, деокупації та реінтеграції тимчасово окупованих територій України, національних меншин і міжнаціональних відносин",FALSE,"neither","other","none","none",1,"Failed/incomplete rada.gov.ua scrape (same recurring issue as prior batches): only generic site navigation boilerplate present, zero UOC-MP keyword hits, no transcript content available to code.","coded_batch_31.json","2019-01-18","Засідання Комітету з питань прав людини, деокупації та реінтеграції тимчасово окупованих територій України, н","rada.gov.ua","rada_stenogram","https://rada.gov.ua/meeting/stenogr/show/7008.html","J1_autocephaly_2018-19","2019"
"29ab0491ce93","Засідання Комітету з питань прав людини, деокупації та реінтеграції тимчасово окупованих територій України, національних меншин і міжнаціональних відносин",FALSE,"neither","other","none","none",1,"Failed/incomplete rada.gov.ua scrape (same recurring issue as prior batches): only generic site navigation boilerplate present, zero UOC-MP keyword hits, no transcript content available to code.","coded_batch_31.json","2019-01-18","Засідання Комітету з питань прав людини, деокупації та реінтеграції тимчасово окупованих територій України, н","rada.gov.ua","rada_stenogram","https://rada.gov.ua/meeting/stenogr/show/7010.html","J1_autocephaly_2018-19","2019"
"688cb9c81334","Москва не пробачила Василю Липківському: 73-річного Владику розстріляли 27 листопада 1937 року і поховали в безіменній могилі.",FALSE,"neither","other","none","none",2,"Poroshenko recalls the 1937 Soviet execution of UAPC founder Metropolitan Vasyl Lypkivsky at a monument unveiling. Historical framing of Soviet-era repression, not a contemporary securitising claim about UOC-MP.","coded_batch_31.json","2019-01-18","Відкриття пам'ятника митрополиту Липківському та подячний молебень за Томос провели у Черкасах","risu.ua","poroshenko_speech","https://risu.ua/vidkrittya-pam-yatnika-mitropolitu-lipkivskomu-ta-podyachniy-moleben-za-tomos-proveli-u-cherkasah_n95845","J1_autocephaly_2018-19","2019"
"8c9775139f92","Наступне питання порядку денного.",FALSE,"neither","other","none","none",2,"Plenary session transcript (Засідання 54, 18 Jan 2019) with no UOC-MP-related content found.","coded_batch_31.json","2019-01-18","Засідання 54","rada.gov.ua","rada_stenogram","https://www.rada.gov.ua/meeting/stenogr/show/7010.html","J1_autocephaly_2018-19","2019"
"c1b5bb88faae","Порошенко помолився біля Стіни Плачу за благополуччя України.",FALSE,"neither","other","none","none",3,"Human-interest item about Poroshenko's prayer visit to the Western Wall in Jerusalem. No UOC-MP-related content.","coded_batch_31.json","2019-01-22","Порошенко помолився біля Стіни Плачу за благополуччя України","risu.ua","poroshenko_speech","https://risu.ua/poroshenko-pomolivsya-bilya-stini-plachu-za-blagopoluchchya-ukrajini_n95917","J1_autocephaly_2018-19","2019"
"fb22b75e0001","Досяг цієї мети діючий президент Петро Олексійович Порошенко.",FALSE,"neither","other","none","none",3,"Filaret praises Poroshenko's role in securing the Tomos at a rival political forum. Cooperative, not securitising.","coded_batch_31.json","2019-01-22","Почесний Патріарх Філарет на з’їзді «Батьківщини» похвалив Порошенка за Томос","risu.ua","poroshenko_speech","https://risu.ua/pochesniy-patriarh-filaret-na-z-jizdi-batkivshchini-pohvaliv-poroshenka-za-tomos_n95926","J1_autocephaly_2018-19","2019"
"fbdee9f7fc42","Маємо позбавити ворога такого інструменту – інструменту послаблення нашої державності, інструменту як залежність Церкви від Москви, від впливу країни-агресора.",TRUE,"both","state","Russia","other",3,"Poroshenko's Unity Day (Sobornosti) speech explicitly frames church dependency on Moscow as 'an instrument [used by] the enemy' to weaken Ukrainian statehood, and calls for 'depriving the enemy of this instrument' -- a direct call for the extraordinary measure of severing this dependency entirely, framed in adversarial military-instrumental terms.","coded_batch_31.json","2019-01-22","Фундамент нашого дому - єдина незалежна соборна Україна з нерозділеною Церквою, - Петро Порошенко у День Соборності","risu.ua","poroshenko_speech","https://risu.ua/fundament-nashogo-domu-yedina-nezalezhna-soborna-ukrajina-z-nerozdilenoyu-cerkvoyu-petro-poroshenko-u-den-sobornosti_n95929","J1_autocephaly_2018-19","2019"
"7e28e66dd875","После принятия Верховной Радой упрощенной процедуры по переходу церковных общин в новую «церковь» грядет большое кровопролитие и передел церковной собственности... у заокеанских кукловодов стоит задача отобрать все имущество у настоящей канонической УПЦ.",TRUE,"material","other","other","seizure",2,"Extensive risu.ua catalog of Russian state-media propaganda narratives responding to the Tomos. Russian television claims that Ukraine's simplified parish-transfer procedure will lead to 'great bloodshed and redistribution of church property', alleging 'overseas puppet-masters' (implying the US) aim 'to take away all the property of the true canonical UOC'. This is a reverse-direction securitising move: Russian state media identifies a threat (Ukrainian legislation/US involvement), frames it as leading to violence, and implicitly the extraordinary response is defending UOC-MP property against anticipated seizure. Coded with referent_object 'other' (UOC-MP as claimed victim) and threat_actor 'other' (Ukrainian state/US, from this reverse perspective).","coded_batch_31.json","2019-01-25","Что Иисус Христос сделал бы с Порошенко. Реакция российской пропаганды на томос","risu.ua","poroshenko_speech","https://risu.ua/chto-iisus-hristos-sdelal-by-s-poroshenko-reakciya-rossiyskoy-propagandy-na-tomos_n96076","J1_autocephaly_2018-19","2019"
"7e28e66dd875","Фактически Украина в шаге от кровавого гражданского противостояния на религиозной почве... заинтересованность представителя Госдепартамента США по свободе вероисповедания Сэма Браунбэка в вопросах религиозных дел на Украине... связи константинопольского патриарха с властями США.",TRUE,"material","other","other","none",2,"Commentator Ivan Meziukho, quoted in the same Russian-media catalog, claims 'Ukraine is one step from bloody civil confrontation on religious grounds' and alleges US State Department involvement (citing religious-freedom envoy Sam Brownback) and financial ties between the Ecumenical Patriarch and US authorities as evidence of an American-orchestrated plot -- another reverse-direction securitising claim from the Russian media ecosystem, this time explicitly invoking civil-war-level existential framing.","coded_batch_31.json","2019-01-25","Что Иисус Христос сделал бы с Порошенко. Реакция российской пропаганды на томос","risu.ua","poroshenko_speech","https://risu.ua/chto-iisus-hristos-sdelal-by-s-poroshenko-reakciya-rossiyskoy-propagandy-na-tomos_n96076","J1_autocephaly_2018-19","2019"
"197d75bae959","Сьогодні у нас усіх велике свято. Це дійсно свято, коли держава має міцний духовний фундамент — нашу Церкву.",FALSE,"neither","other","none","none",3,"First-anniversary/birthday greeting to PCU Metropolitan Epifaniy. Celebratory, not securitising.","coded_batch_31.json","2019-02-03","Порошенко привітав Предстоятеля ПЦУ Епіфанія з Днем народження та першою річницею інтронізації","risu.ua","poroshenko_speech","https://risu.ua/poroshenko-privitav-predstoyatelya-pcu-epifaniya-z-dnem-narodzhennya-ta-pershoyu-richniceyu-intronizaciji_n102506","J1_autocephaly_2018-19","2019"
"1a9a7d503a67","Засідання Комітету з питань прав людини, деокупації та реінтеграції тимчасово окупованих територій України, національних меншин і міжнаціональних відносин",FALSE,"neither","other","none","none",1,"Failed/incomplete rada.gov.ua scrape (same recurring issue as prior batches): only generic site navigation boilerplate present, zero UOC-MP keyword hits, no transcript content available to code.","coded_batch_31.json","2019-02-05","Засідання Комітету з питань прав людини, деокупації та реінтеграції тимчасово окупованих територій України, н","rada.gov.ua","rada_stenogram","https://rada.gov.ua/meeting/stenogr/show/7013.html","J1_autocephaly_2018-19","2019"
"475223886542","Засідання Комітету з питань прав людини, деокупації та реінтеграції тимчасово окупованих територій України, національних меншин і міжнаціональних відносин",FALSE,"neither","other","none","none",1,"Failed/incomplete rada.gov.ua scrape (same recurring issue as prior batches): only generic site navigation boilerplate present, zero UOC-MP keyword hits, no transcript content available to code.","coded_batch_32.json","2019-02-05","Засідання Комітету з питань прав людини, деокупації та реінтеграції тимчасово окупованих територій України, н","rada.gov.ua","rada_stenogram","https://rada.gov.ua/meeting/stenogr/show/7014.html","J1_autocephaly_2018-19","2019"
"92ebaabec81f","Питання щодо розгляду Постанови про скасування грабіжницьких тарифів.",FALSE,"neither","other","none","none",3,"Plenary session transcript (Засідання 1, 5 Feb 2019) covering utility tariff policy ahead of elections. No UOC-MP-related content.","coded_batch_32.json","2019-02-05","Засідання 1","rada.gov.ua","rada_stenogram","https://www.rada.gov.ua/meeting/stenogr/show/7013.html","J1_autocephaly_2018-19","2019"
"cfe8d5e39302","Засідання Комітету з питань прав людини, деокупації та реінтеграції тимчасово окупованих територій України, національних меншин і міжнаціональних відносин",FALSE,"neither","other","none","none",1,"Failed/incomplete rada.gov.ua scrape (same recurring issue as prior batches): only generic site navigation boilerplate present, zero UOC-MP keyword hits, no transcript content available to code.","coded_batch_32.json","2019-02-05","Засідання Комітету з питань прав людини, деокупації та реінтеграції тимчасово окупованих територій України, н","rada.gov.ua","rada_stenogram","https://rada.gov.ua/meeting/stenogr/show/7012.html","J1_autocephaly_2018-19","2019"
"24354c550ba9","Одеса вчора була півдня без води.",FALSE,"neither","other","none","none",3,"Plenary session transcript (Засідання 3, 6 Feb 2019) covering water/utility infrastructure. No UOC-MP-related content.","coded_batch_32.json","2019-02-06","Засідання 3","rada.gov.ua","rada_stenogram","https://www.rada.gov.ua/meeting/stenogr/show/7018.html","J1_autocephaly_2018-19","2019"
"56a5478ecc4d","Засідання Комітету з питань прав людини, деокупації та реінтеграції тимчасово окупованих територій України, національних меншин і міжнаціональних відносин",FALSE,"neither","other","none","none",1,"Failed/incomplete rada.gov.ua scrape (same recurring issue as prior batches): only generic site navigation boilerplate present, zero UOC-MP keyword hits, no transcript content available to code.","coded_batch_32.json","2019-02-06","Засідання Комітету з питань прав людини, деокупації та реінтеграції тимчасово окупованих територій України, н","rada.gov.ua","rada_stenogram","https://rada.gov.ua/meeting/stenogr/show/7018.html","J1_autocephaly_2018-19","2019"
"b795ca46c56c","Засідання Комітету з питань прав людини, деокупації та реінтеграції тимчасово окупованих територій України, національних меншин і міжнаціональних відносин",FALSE,"neither","other","none","none",1,"Failed/incomplete rada.gov.ua scrape (same recurring issue as prior batches): only generic site navigation boilerplate present, zero UOC-MP keyword hits, no transcript content available to code.","coded_batch_32.json","2019-02-06","Засідання Комітету з питань прав людини, деокупації та реінтеграції тимчасово окупованих територій України, н","rada.gov.ua","rada_stenogram","https://rada.gov.ua/meeting/stenogr/show/7017.html","J1_autocephaly_2018-19","2019"
"c95fdde01013","Засідання Комітету з питань прав людини, деокупації та реінтеграції тимчасово окупованих територій України, національних меншин і міжнаціональних відносин",FALSE,"neither","other","none","none",1,"Failed/incomplete rada.gov.ua scrape (same recurring issue as prior batches): only generic site navigation boilerplate present, zero UOC-MP keyword hits, no transcript content available to code.","coded_batch_32.json","2019-02-06","Засідання Комітету з питань прав людини, деокупації та реінтеграції тимчасово окупованих територій України, н","rada.gov.ua","rada_stenogram","https://rada.gov.ua/meeting/stenogr/show/7015.html","J1_autocephaly_2018-19","2019"
"0e0848592506","Це потребувало і високої мужності і сміливості, яку багато хто в Росії просто не очікував.",FALSE,"neither","other","none","none",2,"Cooperative meeting between Poroshenko and UOC-USA/Canada bishops (Ecumenical Patriarchate jurisdiction). Thankful, celebratory tone; passing reference to Russian expectations but no new securitising claim.","coded_batch_32.json","2019-02-07","Порошенко подякував єпископату УПЦ в США та Канаді за пдтримку ПЦУ","risu.ua","poroshenko_speech","https://risu.ua/poroshenko-podyakuvav-yepiskopatu-upc-v-ssha-ta-kanadi-za-pdtrimku-pcu_n96292","J1_autocephaly_2018-19","2019"
"78b5b3834e7a","Засідання Комітету з питань прав людини, деокупації та реінтеграції тимчасово окупованих територій України, національних меншин і міжнаціональних відносин",FALSE,"neither","other","none","none",1,"Failed/incomplete rada.gov.ua scrape (same recurring issue as prior batches): only generic site navigation boilerplate present, zero UOC-MP keyword hits, no transcript content available to code.","coded_batch_32.json","2019-02-07","Засідання Комітету з питань прав людини, деокупації та реінтеграції тимчасово окупованих територій України, н","rada.gov.ua","rada_stenogram","https://rada.gov.ua/meeting/stenogr/show/7019.html","J1_autocephaly_2018-19","2019"
"9309fcf1c978","Засідання Комітету з питань прав людини, деокупації та реінтеграції тимчасово окупованих територій України, національних меншин і міжнаціональних відносин",FALSE,"neither","other","none","none",1,"Failed/incomplete rada.gov.ua scrape (same recurring issue as prior batches): only generic site navigation boilerplate present, zero UOC-MP keyword hits, no transcript content available to code.","coded_batch_32.json","2019-02-07","Засідання Комітету з питань прав людини, деокупації та реінтеграції тимчасово окупованих територій України, н","rada.gov.ua","rada_stenogram","https://rada.gov.ua/meeting/stenogr/show/7022.html","J1_autocephaly_2018-19","2019"
"336d455ca230","Віталія Гудзенка до голови Київської облдержадміністрації щодо виділення коштів на будівництво у Білоцерківському районі.",FALSE,"neither","other","none","none",3,"Plenary session transcript (Засідання 6, 8 Feb 2019) with a register of deputy interpellations. The only 'Церква' hits refer to the road/district name 'Біла Церква', unrelated to the religious institution. No UOC-MP-related content.","coded_batch_32.json","2019-02-08","Засідання 6","rada.gov.ua","rada_stenogram","https://www.rada.gov.ua/meeting/stenogr/show/7024.html","J1_autocephaly_2018-19","2019"
"68452d982d1f","Засідання Комітету з питань прав людини, деокупації та реінтеграції тимчасово окупованих територій України, національних меншин і міжнаціональних відносин",FALSE,"neither","other","none","none",1,"Failed/incomplete rada.gov.ua scrape (same recurring issue as prior batches): only generic site navigation boilerplate present, zero UOC-MP keyword hits, no transcript content available to code.","coded_batch_32.json","2019-02-08","Засідання Комітету з питань прав людини, деокупації та реінтеграції тимчасово окупованих територій України, н","rada.gov.ua","rada_stenogram","https://rada.gov.ua/meeting/stenogr/show/7023.html","J1_autocephaly_2018-19","2019"
"de2ae8902495","Засідання Комітету з питань прав людини, деокупації та реінтеграції тимчасово окупованих територій України, національних меншин і міжнаціональних відносин",FALSE,"neither","other","none","none",1,"Failed/incomplete rada.gov.ua scrape (same recurring issue as prior batches): only generic site navigation boilerplate present, zero UOC-MP keyword hits, no transcript content available to code.","coded_batch_32.json","2019-02-08","Засідання Комітету з питань прав людини, деокупації та реінтеграції тимчасово окупованих територій України, н","rada.gov.ua","rada_stenogram","https://rada.gov.ua/meeting/stenogr/show/7024.html","J1_autocephaly_2018-19","2019"
"2d6d652d35ea","Якщо Порошенко прийме рішення і буде зареєстрований як кандидат, звісно, ми (ПЦУ) більше не будемо брати участь у таких поїздках.",FALSE,"neither","other","none","none",2,"PCU Metropolitan Epifaniy explicitly states the church will stop participating in the 'Tomos tour' once Poroshenko formally registers as a presidential candidate, distinguishing gratitude from electoral endorsement. Not securitising; notable as evidence of PCU seeking to maintain political neutrality/distance ahead of the election.","coded_batch_32.json","2019-02-14","Томос-тур продовжується: Петро Порошенко і Митрополит Епіфаній везуть Томос на Прикарпаття","risu.ua","poroshenko_speech","https://risu.ua/tomos-tur-prodovzhuyetsya-petro-poroshenko-i-mitropolit-epifaniy-vezut-tomos-na-prikarpattya_n96442","J1_autocephaly_2018-19","2019"
"1d1538b9c284","Хоча так чекала Москва, що у нас почне литися кров, будуть штурми храмів, захоплення монастирів. Не дочекались. Бо наша Церква іде з вірою і любов'ю.",TRUE,"material","nation","Russia","none",2,"Poroshenko states at a Tomos-tour stop that 'Moscow was waiting for blood to be spilled, for church stormings and monastery seizures to begin' but that this did not happen -- reaffirming the claim (first made in batch 27) that Russia wanted/expected violent provocations, framed here triumphantly as proof of Ukraine's restraint. Explicitly non-coercive/non-violent process emphasised throughout.","coded_batch_32.json","2019-02-18","До Маняви на Прикарпатті привезли Томос про автокефалію ПЦУ","risu.ua","poroshenko_speech","https://risu.ua/do-manyavi-na-prikarpatti-privezli-tomos-pro-avtokefaliyu-pcu_n96518","J1_autocephaly_2018-19","2019"
"e128129a5bce","Засідання Комітету з питань прав людини, деокупації та реінтеграції тимчасово окупованих територій України, національних меншин і міжнаціональних відносин",FALSE,"neither","other","none","none",1,"Failed/incomplete rada.gov.ua scrape (same recurring issue as prior batches): only generic site navigation boilerplate present, zero UOC-MP keyword hits, no transcript content available to code.","coded_batch_33.json","2019-02-25","Засідання Комітету з питань прав людини, деокупації та реінтеграції тимчасово окупованих територій України, н","rada.gov.ua","rada_stenogram","https://rada.gov.ua/meeting/stenogr/show/7025.html","J1_autocephaly_2018-19","2019"
"e567bf28e126","Шалені схеми по скупці голосів.",FALSE,"neither","other","none","none",3,"Coordination Council transcript (25 Feb 2019) covering pre-election vote-buying allegations. No UOC-MP-related content.","coded_batch_33.json","2019-02-25","Погоджувальна рада","rada.gov.ua","rada_stenogram","https://www.rada.gov.ua/meeting/stenogr/show/7025.html","J1_autocephaly_2018-19","2019"
"07488bf8817e","Корупцією на кістках людей в армії займається найвища посадова особа країни.",FALSE,"neither","other","none","none",3,"Plenary session transcript (Засідання 7, 26 Feb 2019) covering an army-procurement corruption scandal implicating the president's inner circle. No UOC-MP-related content.","coded_batch_33.json","2019-02-26","Засідання 7","rada.gov.ua","rada_stenogram","https://www.rada.gov.ua/meeting/stenogr/show/7027.html","J1_autocephaly_2018-19","2019"
"29975938d837","Засідання Комітету з питань прав людини, деокупації та реінтеграції тимчасово окупованих територій України, національних меншин і міжнаціональних відносин",FALSE,"neither","other","none","none",1,"Failed/incomplete rada.gov.ua scrape (same recurring issue as prior batches): only generic site navigation boilerplate present, zero UOC-MP keyword hits, no transcript content available to code.","coded_batch_33.json","2019-02-26","Засідання Комітету з питань прав людини, деокупації та реінтеграції тимчасово окупованих територій України, н","rada.gov.ua","rada_stenogram","https://rada.gov.ua/meeting/stenogr/show/7027.html","J1_autocephaly_2018-19","2019"
"38c73f46b5b7","Засідання Комітету з питань прав людини, деокупації та реінтеграції тимчасово окупованих територій України, національних меншин і міжнаціональних відносин",FALSE,"neither","other","none","none",1,"Failed/incomplete rada.gov.ua scrape (same recurring issue as prior batches): only generic site navigation boilerplate present, zero UOC-MP keyword hits, no transcript content available to code.","coded_batch_33.json","2019-02-26","Засідання Комітету з питань прав людини, деокупації та реінтеграції тимчасово окупованих територій України, н","rada.gov.ua","rada_stenogram","https://rada.gov.ua/meeting/stenogr/show/7029.html","J1_autocephaly_2018-19","2019"
"4720f9616537","Засідання Комітету з питань прав людини, деокупації та реінтеграції тимчасово окупованих територій України, національних меншин і міжнаціональних відносин",FALSE,"neither","other","none","none",1,"Failed/incomplete rada.gov.ua scrape (same recurring issue as prior batches): only generic site navigation boilerplate present, zero UOC-MP keyword hits, no transcript content available to code.","coded_batch_33.json","2019-02-26","Засідання Комітету з питань прав людини, деокупації та реінтеграції тимчасово окупованих територій України, н","rada.gov.ua","rada_stenogram","https://rada.gov.ua/meeting/stenogr/show/7028.html","J1_autocephaly_2018-19","2019"
"a7cc0cd306fb","Зараз суспільство найбільше довіряє армії і церкві.",FALSE,"neither","other","none","none",1,"Plenary session transcript (Засідання 8, 26 Feb 2019) covering national-security/defence legislation amid the army-corruption scandal. An MP notes in passing that 'society trusts the army and church most' while criticising corruption -- a generic reference, not UOC-MP-specific and not a securitising claim.","coded_batch_33.json","2019-02-26","Засідання 8","rada.gov.ua","rada_stenogram","https://www.rada.gov.ua/meeting/stenogr/show/7029.html","J1_autocephaly_2018-19","2019"
"04e55543321a","Забороняється дискримінація сторін медіації на будь-яких підставах, в тому числі й за ознаками... релігійних... переконань.",FALSE,"neither","other","none","none",3,"Plenary session transcript (Засідання 9, 27 Feb 2019) covering mediation legislation with standard anti-discrimination language including religious belief. No UOC-MP-related content.","coded_batch_33.json","2019-02-27","Засідання 9","rada.gov.ua","rada_stenogram","https://www.rada.gov.ua/meeting/stenogr/show/7032.html","J1_autocephaly_2018-19","2019"
"1f8745aeb2c9","Засідання Комітету з питань прав людини, деокупації та реінтеграції тимчасово окупованих територій України, національних меншин і міжнаціональних відносин",FALSE,"neither","other","none","none",1,"Failed/incomplete rada.gov.ua scrape (same recurring issue as prior batches): only generic site navigation boilerplate present, zero UOC-MP keyword hits, no transcript content available to code.","coded_batch_33.json","2019-02-27","Засідання Комітету з питань прав людини, деокупації та реінтеграції тимчасово окупованих територій України, н","rada.gov.ua","rada_stenogram","https://rada.gov.ua/meeting/stenogr/show/7030.html","J1_autocephaly_2018-19","2019"
"e13b6e5c27eb","Засідання Комітету з питань прав людини, деокупації та реінтеграції тимчасово окупованих територій України, національних меншин і міжнаціональних відносин",FALSE,"neither","other","none","none",1,"Failed/incomplete rada.gov.ua scrape (same recurring issue as prior batches): only generic site navigation boilerplate present, zero UOC-MP keyword hits, no transcript content available to code.","coded_batch_33.json","2019-02-27","Засідання Комітету з питань прав людини, деокупації та реінтеграції тимчасово окупованих територій України, н","rada.gov.ua","rada_stenogram","https://rada.gov.ua/meeting/stenogr/show/7031.html","J1_autocephaly_2018-19","2019"
"e38497a94a3b","Засідання Комітету з питань прав людини, деокупації та реінтеграції тимчасово окупованих територій України, національних меншин і міжнаціональних відносин",FALSE,"neither","other","none","none",1,"Failed/incomplete rada.gov.ua scrape (same recurring issue as prior batches): only generic site navigation boilerplate present, zero UOC-MP keyword hits, no transcript content available to code.","coded_batch_33.json","2019-02-27","Засідання Комітету з питань прав людини, деокупації та реінтеграції тимчасово окупованих територій України, н","rada.gov.ua","rada_stenogram","https://rada.gov.ua/meeting/stenogr/show/7032.html","J1_autocephaly_2018-19","2019"
"6b218cb7e239","Мої всі правки стосувалися все ж таки збільшення ефективності інституту медіації.",FALSE,"neither","other","none","none",3,"Plenary session transcript (Засідання 10, 28 Feb 2019) continuing the mediation legislation debate. No UOC-MP-related content.","coded_batch_33.json","2019-02-28","Засідання 10","rada.gov.ua","rada_stenogram","https://www.rada.gov.ua/meeting/stenogr/show/7034.html","J1_autocephaly_2018-19","2019"
"9515d1c92ca8","Между ПЦУ и УГКЦ появилось «недопонимание» на предмет того, кто имеет права на Софию Киевскую.",FALSE,"neither","other","none","none",3,"Extensive analytical piece by Kateryna Shchotkina on an internal dispute between Patriarch Filaret (PCU) and UGCC head Sviatoslav Shevchuk over access to St. Sophia's Cathedral, and broader tensions over Filaret's continued influence within the new church. This concerns internal PCU/UGCC/state relations entirely; no UOC-MP content or securitising claims relevant to this codebook.","coded_batch_34.json","2019-02-28","София раздора. Зачем греко-католики обидели Филарета и сделали неудобно Порошенко (рос.)","risu.ua","poroshenko_speech","https://risu.ua/sofiya-razdora-zachem-greko-katoliki-obideli-filareta-i-sdelali-neudobno-poroshenko-ros_n96725","J1_autocephaly_2018-19","2019"
"f5231d056613","Засідання Комітету з питань прав людини, деокупації та реінтеграції тимчасово окупованих територій України, національних меншин і міжнаціональних відносин",FALSE,"neither","other","none","none",1,"Failed/incomplete rada.gov.ua scrape (same recurring issue as prior batches): only generic site navigation boilerplate present, zero UOC-MP keyword hits, no transcript content available to code.","coded_batch_34.json","2019-02-28","Засідання Комітету з питань прав людини, деокупації та реінтеграції тимчасово окупованих територій України, н","rada.gov.ua","rada_stenogram","https://rada.gov.ua/meeting/stenogr/show/7033.html","J1_autocephaly_2018-19","2019"
"f53cedfd70cf","Засідання Комітету з питань прав людини, деокупації та реінтеграції тимчасово окупованих територій України, національних меншин і міжнаціональних відносин",FALSE,"neither","other","none","none",1,"Failed/incomplete rada.gov.ua scrape (same recurring issue as prior batches): only generic site navigation boilerplate present, zero UOC-MP keyword hits, no transcript content available to code.","coded_batch_34.json","2019-02-28","Засідання Комітету з питань прав людини, деокупації та реінтеграції тимчасово окупованих територій України, н","rada.gov.ua","rada_stenogram","https://rada.gov.ua/meeting/stenogr/show/7035.html","J1_autocephaly_2018-19","2019"
"f5a94fedcf14","Засідання Комітету з питань прав людини, деокупації та реінтеграції тимчасово окупованих територій України, національних меншин і міжнаціональних відносин",FALSE,"neither","other","none","none",1,"Failed/incomplete rada.gov.ua scrape (same recurring issue as prior batches): only generic site navigation boilerplate present, zero UOC-MP keyword hits, no transcript content available to code.","coded_batch_34.json","2019-02-28","Засідання Комітету з питань прав людини, деокупації та реінтеграції тимчасово окупованих територій України, н","rada.gov.ua","rada_stenogram","https://rada.gov.ua/meeting/stenogr/show/7034.html","J1_autocephaly_2018-19","2019"
"4d9df5e33d01","Наступне питання порядку денного.",FALSE,"neither","other","none","none",2,"Plenary session transcript (Засідання 12, 1 Mar 2019) with no UOC-MP-related content found.","coded_batch_34.json","2019-03-01","Засідання 12","rada.gov.ua","rada_stenogram","https://www.rada.gov.ua/meeting/stenogr/show/7038.html","J1_autocephaly_2018-19","2019"
"b00b272085e0","Засідання Комітету з питань прав людини, деокупації та реінтеграції тимчасово окупованих територій України, національних меншин і міжнаціональних відносин",FALSE,"neither","other","none","none",1,"Failed/incomplete rada.gov.ua scrape (same recurring issue as prior batches): only generic site navigation boilerplate present, zero UOC-MP keyword hits, no transcript content available to code.","coded_batch_34.json","2019-03-01","Засідання Комітету з питань прав людини, деокупації та реінтеграції тимчасово окупованих територій України, н","rada.gov.ua","rada_stenogram","https://rada.gov.ua/meeting/stenogr/show/7036.html","J1_autocephaly_2018-19","2019"
"b701dba4c749","Засідання Комітету з питань прав людини, деокупації та реінтеграції тимчасово окупованих територій України, національних меншин і міжнаціональних відносин",FALSE,"neither","other","none","none",1,"Failed/incomplete rada.gov.ua scrape (same recurring issue as prior batches): only generic site navigation boilerplate present, zero UOC-MP keyword hits, no transcript content available to code.","coded_batch_34.json","2019-03-01","Засідання Комітету з питань прав людини, деокупації та реінтеграції тимчасово окупованих територій України, н","rada.gov.ua","rada_stenogram","https://rada.gov.ua/meeting/stenogr/show/7038.html","J1_autocephaly_2018-19","2019"
"4b0abd40b854","Законопроект не регулює приватне спілкування і мови релігійних обрядів. Люди можуть спілкуватися будь-якою мовою.",FALSE,"neither","other","none","none",3,"Plenary session transcript (Засідання 13, 12 Mar 2019) covering the state language law, which explicitly exempts private communication and religious rites from language requirements. No UOC-MP-specific securitising content.","coded_batch_34.json","2019-03-12","Засідання 13","rada.gov.ua","rada_stenogram","https://www.rada.gov.ua/meeting/stenogr/show/7041.html","J1_autocephaly_2018-19","2019"
"6fd2c30b45bf","Частина друга регулює лише питання приватного спілкування та мов релігійних обрядів. Це дві гарантії зі статті 2 Декларації Генеральної асамблеї ООН 92-го року щодо прав меншин.",FALSE,"neither","other","none","none",3,"Short plenary session transcript (Засідання 14, 12 Mar 2019) continuing the language law debate, addressing an amendment on minority-language rights including religious rites. No UOC-MP-related content.","coded_batch_34.json","2019-03-12","Засідання 14","rada.gov.ua","rada_stenogram","https://www.rada.gov.ua/meeting/stenogr/show/7043.html","J1_autocephaly_2018-19","2019"
"8d6bac687cb1","Засідання Комітету з питань прав людини, деокупації та реінтеграції тимчасово окупованих територій України, національних меншин і міжнаціональних відносин",FALSE,"neither","other","none","none",1,"Failed/incomplete rada.gov.ua scrape (same recurring issue as prior batches): only generic site navigation boilerplate present, zero UOC-MP keyword hits, no transcript content available to code.","coded_batch_34.json","2019-03-12","Засідання Комітету з питань прав людини, деокупації та реінтеграції тимчасово окупованих територій України, н","rada.gov.ua","rada_stenogram","https://rada.gov.ua/meeting/stenogr/show/7043.html","J1_autocephaly_2018-19","2019"
"a5eb1917806d","Засідання Комітету з питань прав людини, деокупації та реінтеграції тимчасово окупованих територій України, національних меншин і міжнаціональних відносин",FALSE,"neither","other","none","none",1,"Failed/incomplete rada.gov.ua scrape (same recurring issue as prior batches): only generic site navigation boilerplate present, zero UOC-MP keyword hits, no transcript content available to code.","coded_batch_34.json","2019-03-12","Засідання Комітету з питань прав людини, деокупації та реінтеграції тимчасово окупованих територій України, н","rada.gov.ua","rada_stenogram","https://rada.gov.ua/meeting/stenogr/show/7042.html","J1_autocephaly_2018-19","2019"
"d2b21454c61d","Засідання Комітету з питань прав людини, деокупації та реінтеграції тимчасово окупованих територій України, національних меншин і міжнаціональних відносин",FALSE,"neither","other","none","none",1,"Failed/incomplete rada.gov.ua scrape (same recurring issue as prior batches): only generic site navigation boilerplate present, zero UOC-MP keyword hits, no transcript content available to code.","coded_batch_34.json","2019-03-12","Засідання Комітету з питань прав людини, деокупації та реінтеграції тимчасово окупованих територій України, н","rada.gov.ua","rada_stenogram","https://rada.gov.ua/meeting/stenogr/show/7041.html","J1_autocephaly_2018-19","2019"
"fe37f662a148","Засідання Комітету з питань прав людини, деокупації та реінтеграції тимчасово окупованих територій України, національних меншин і міжнаціональних відносин",FALSE,"neither","other","none","none",1,"Failed/incomplete rada.gov.ua scrape (same recurring issue as prior batches): only generic site navigation boilerplate present, zero UOC-MP keyword hits, no transcript content available to code.","coded_batch_34.json","2019-03-12","Засідання Комітету з питань прав людини, деокупації та реінтеграції тимчасово окупованих територій України, н","rada.gov.ua","rada_stenogram","https://rada.gov.ua/meeting/stenogr/show/7040.html","J1_autocephaly_2018-19","2019"
"2c1cf20f6657","Засідання Комітету з питань прав людини, деокупації та реінтеграції тимчасово окупованих територій України, національних меншин і міжнаціональних відносин",FALSE,"neither","other","none","none",1,"Failed/incomplete rada.gov.ua scrape (same recurring issue as prior batches): only generic site navigation boilerplate present, zero UOC-MP keyword hits, no transcript content available to code.","coded_batch_35.json","2019-03-13","Засідання Комітету з питань прав людини, деокупації та реінтеграції тимчасово окупованих територій України, н","rada.gov.ua","rada_stenogram","https://rada.gov.ua/meeting/stenogr/show/7045.html","J1_autocephaly_2018-19","2019"
"36f37ae1b431","Засідання Комітету з питань прав людини, деокупації та реінтеграції тимчасово окупованих територій України, національних меншин і міжнаціональних відносин",FALSE,"neither","other","none","none",1,"Failed/incomplete rada.gov.ua scrape (same recurring issue as prior batches): only generic site navigation boilerplate present, zero UOC-MP keyword hits, no transcript content available to code.","coded_batch_35.json","2019-03-13","Засідання Комітету з питань прав людини, деокупації та реінтеграції тимчасово окупованих територій України, н","rada.gov.ua","rada_stenogram","https://rada.gov.ua/meeting/stenogr/show/7046.html","J1_autocephaly_2018-19","2019"
"c77a51efb4ee","Мародерство в «Укроборонпромі» свідчить про відсутність парламентського контролю.",FALSE,"neither","other","none","none",3,"Plenary session transcript (Засідання 15, 13 Mar 2019) continuing coverage of the defence-procurement corruption scandal. No UOC-MP-related content.","coded_batch_35.json","2019-03-13","Засідання 15","rada.gov.ua","rada_stenogram","https://www.rada.gov.ua/meeting/stenogr/show/7046.html","J1_autocephaly_2018-19","2019"
"f67628bc3cf4","Засідання Комітету з питань прав людини, деокупації та реінтеграції тимчасово окупованих територій України, національних меншин і міжнаціональних відносин",FALSE,"neither","other","none","none",1,"Failed/incomplete rada.gov.ua scrape (same recurring issue as prior batches): only generic site navigation boilerplate present, zero UOC-MP keyword hits, no transcript content available to code.","coded_batch_35.json","2019-03-13","Засідання Комітету з питань прав людини, деокупації та реінтеграції тимчасово окупованих територій України, н","rada.gov.ua","rada_stenogram","https://rada.gov.ua/meeting/stenogr/show/7044.html","J1_autocephaly_2018-19","2019"
"14f32b1ccf87","Засідання Комітету з питань прав людини, деокупації та реінтеграції тимчасово окупованих територій України, національних меншин і міжнаціональних відносин",FALSE,"neither","other","none","none",1,"Failed/incomplete rada.gov.ua scrape (same recurring issue as prior batches): only generic site navigation boilerplate present, zero UOC-MP keyword hits, no transcript content available to code.","coded_batch_35.json","2019-03-14","Засідання Комітету з питань прав людини, деокупації та реінтеграції тимчасово окупованих територій України, н","rada.gov.ua","rada_stenogram","https://rada.gov.ua/meeting/stenogr/show/7049.html","J1_autocephaly_2018-19","2019"
"5c7fe7823d3c","Засідання Комітету з питань прав людини, деокупації та реінтеграції тимчасово окупованих територій України, національних меншин і міжнаціональних відносин",FALSE,"neither","other","none","none",1,"Failed/incomplete rada.gov.ua scrape (same recurring issue as prior batches): only generic site navigation boilerplate present, zero UOC-MP keyword hits, no transcript content available to code.","coded_batch_35.json","2019-03-14","Засідання Комітету з питань прав людини, деокупації та реінтеграції тимчасово окупованих територій України, н","rada.gov.ua","rada_stenogram","https://rada.gov.ua/meeting/stenogr/show/7051.html","J1_autocephaly_2018-19","2019"
"859c57dd1f99","Засідання Комітету з питань прав людини, деокупації та реінтеграції тимчасово окупованих територій України, національних меншин і міжнаціональних відносин",FALSE,"neither","other","none","none",1,"Failed/incomplete rada.gov.ua scrape (same recurring issue as prior batches): only generic site navigation boilerplate present, zero UOC-MP keyword hits, no transcript content available to code.","coded_batch_35.json","2019-03-14","Засідання Комітету з питань прав людини, деокупації та реінтеграції тимчасово окупованих територій України, н","rada.gov.ua","rada_stenogram","https://rada.gov.ua/meeting/stenogr/show/7047.html","J1_autocephaly_2018-19","2019"
"e8d5046b58cc","Засідання Комітету з питань прав людини, деокупації та реінтеграції тимчасово окупованих територій України, національних меншин і міжнаціональних відносин",FALSE,"neither","other","none","none",1,"Failed/incomplete rada.gov.ua scrape (same recurring issue as prior batches): only generic site navigation boilerplate present, zero UOC-MP keyword hits, no transcript content available to code.","coded_batch_35.json","2019-03-14","Засідання Комітету з питань прав людини, деокупації та реінтеграції тимчасово окупованих територій України, н","rada.gov.ua","rada_stenogram","https://rada.gov.ua/meeting/stenogr/show/7048.html","J1_autocephaly_2018-19","2019"
"23afc6d039a4","Засідання Комітету з питань прав людини, деокупації та реінтеграції тимчасово окупованих територій України, національних меншин і міжнаціональних відносин",FALSE,"neither","other","none","none",1,"Failed/incomplete rada.gov.ua scrape (same recurring issue as prior batches): only generic site navigation boilerplate present, zero UOC-MP keyword hits, no transcript content available to code.","coded_batch_35.json","2019-03-15","Засідання Комітету з питань прав людини, деокупації та реінтеграції тимчасово окупованих територій України, н","rada.gov.ua","rada_stenogram","https://rada.gov.ua/meeting/stenogr/show/7050.html","J1_autocephaly_2018-19","2019"
"0e32ead193f1","Засідання Комітету з питань прав людини, деокупації та реінтеграції тимчасово окупованих територій України, національних меншин і міжнаціональних відносин",FALSE,"neither","other","none","none",1,"Failed/incomplete rada.gov.ua scrape (same recurring issue as prior batches): only generic site navigation boilerplate present, zero UOC-MP keyword hits, no transcript content available to code.","coded_batch_35.json","2019-03-18","Засідання Комітету з питань прав людини, деокупації та реінтеграції тимчасово окупованих територій України, н","rada.gov.ua","rada_stenogram","https://rada.gov.ua/meeting/stenogr/show/7053.html","J1_autocephaly_2018-19","2019"
"a30061ec71e9","Фікцією багато хто з опозиційних фракцій говорить і про прийняття Закону про мову... Фікцією була й Українська Православна Церква, про яку говорила наша опозиція, і ми створили цю Українську церкву.",FALSE,"neither","other","none","none",2,"Coordination Council transcript (18 Mar 2019). A pro-coalition MP defends the government's record (Association Agreement, free trade zone, the new Ukrainian church, the language law) against opposition claims that these were empty promises ('fictions'), citing ~500 parishes having joined PCU. This is defensive/celebratory campaign rhetoric rather than a securitising claim about UOC-MP.","coded_batch_35.json","2019-03-18","Погоджувальна рада","rada.gov.ua","rada_stenogram","https://www.rada.gov.ua/meeting/stenogr/show/7053.html","J1_autocephaly_2018-19","2019"
"01e6db877e0f","Засідання Комітету з питань прав людини, деокупації та реінтеграції тимчасово окупованих територій України, національних меншин і міжнаціональних відносин",FALSE,"neither","other","none","none",1,"Failed/incomplete rada.gov.ua scrape (same recurring issue as prior batches): only generic site navigation boilerplate present, zero UOC-MP keyword hits, no transcript content available to code.","coded_batch_35.json","2019-03-19","Засідання Комітету з питань прав людини, деокупації та реінтеграції тимчасово окупованих територій України, н","rada.gov.ua","rada_stenogram","https://rada.gov.ua/meeting/stenogr/show/7054.html","J1_autocephaly_2018-19","2019"
"324e7a7ed8fb","Засідання Комітету з питань прав людини, деокупації та реінтеграції тимчасово окупованих територій України, національних меншин і міжнаціональних відносин",FALSE,"neither","other","none","none",1,"Failed/incomplete rada.gov.ua scrape (same recurring issue as prior batches): only generic site navigation boilerplate present, zero UOC-MP keyword hits, no transcript content available to code.","coded_batch_36.json","2019-03-19","Засідання Комітету з питань прав людини, деокупації та реінтеграції тимчасово окупованих територій України, н","rada.gov.ua","rada_stenogram","https://rada.gov.ua/meeting/stenogr/show/7056.html","J1_autocephaly_2018-19","2019"
"a56d77e20f24","Засідання Комітету з питань прав людини, деокупації та реінтеграції тимчасово окупованих територій України, національних меншин і міжнаціональних відносин",FALSE,"neither","other","none","none",1,"Failed/incomplete rada.gov.ua scrape (same recurring issue as prior batches): only generic site navigation boilerplate present, zero UOC-MP keyword hits, no transcript content available to code.","coded_batch_36.json","2019-03-19","Засідання Комітету з питань прав людини, деокупації та реінтеграції тимчасово окупованих територій України, н","rada.gov.ua","rada_stenogram","https://rada.gov.ua/meeting/stenogr/show/7055.html","J1_autocephaly_2018-19","2019"
"ab2c1207ce00","Об'єднавшись з цим залом і зменшивши можливість використання російської мови… ви розколюєте... В нас багатомовність, багатонаціональність, багаторелігійність.",FALSE,"neither","other","none","none",1,"Plenary session transcript (Засідання 19, 19 Mar 2019). Opposition Bloc MP Dolzhenkov criticises the language law as divisive, invoking Ukraine's multilingualism/multi-religiosity; MP Kniazhytskyi responds defending the law's historical necessity. General language-policy debate, not UOC-MP-specific.","coded_batch_36.json","2019-03-19","Засідання 19","rada.gov.ua","rada_stenogram","https://www.rada.gov.ua/meeting/stenogr/show/7055.html","J1_autocephaly_2018-19","2019"
"be01090f7e47","Засідання Комітету з питань прав людини, деокупації та реінтеграції тимчасово окупованих територій України, національних меншин і міжнаціональних відносин",FALSE,"neither","other","none","none",1,"Failed/incomplete rada.gov.ua scrape (same recurring issue as prior batches): only generic site navigation boilerplate present, zero UOC-MP keyword hits, no transcript content available to code.","coded_batch_36.json","2019-03-20","Засідання Комітету з питань прав людини, деокупації та реінтеграції тимчасово окупованих територій України, н","rada.gov.ua","rada_stenogram","https://rada.gov.ua/meeting/stenogr/show/7059.html","J1_autocephaly_2018-19","2019"
"cfaad70634f6","Засідання Комітету з питань прав людини, деокупації та реінтеграції тимчасово окупованих територій України, національних меншин і міжнаціональних відносин",FALSE,"neither","other","none","none",1,"Failed/incomplete rada.gov.ua scrape (same recurring issue as prior batches): only generic site navigation boilerplate present, zero UOC-MP keyword hits, no transcript content available to code.","coded_batch_36.json","2019-03-20","Засідання Комітету з питань прав людини, деокупації та реінтеграції тимчасово окупованих територій України, н","rada.gov.ua","rada_stenogram","https://rada.gov.ua/meeting/stenogr/show/7057.html","J1_autocephaly_2018-19","2019"
"545dd386b45e","Засідання Комітету з питань прав людини, деокупації та реінтеграції тимчасово окупованих територій України, національних меншин і міжнаціональних відносин",FALSE,"neither","other","none","none",1,"Failed/incomplete rada.gov.ua scrape (same recurring issue as prior batches): only generic site navigation boilerplate present, zero UOC-MP keyword hits, no transcript content available to code.","coded_batch_36.json","2019-03-21","Засідання Комітету з питань прав людини, деокупації та реінтеграції тимчасово окупованих територій України, н","rada.gov.ua","rada_stenogram","https://rada.gov.ua/meeting/stenogr/show/7064.html","J1_autocephaly_2018-19","2019"
"6b48b6a20069","Засідання Комітету з питань прав людини, деокупації та реінтеграції тимчасово окупованих територій України, національних меншин і міжнаціональних відносин",FALSE,"neither","other","none","none",1,"Failed/incomplete rada.gov.ua scrape (same recurring issue as prior batches): only generic site navigation boilerplate present, zero UOC-MP keyword hits, no transcript content available to code.","coded_batch_36.json","2019-03-21","Засідання Комітету з питань прав людини, деокупації та реінтеграції тимчасово окупованих територій України, н","rada.gov.ua","rada_stenogram","https://rada.gov.ua/meeting/stenogr/show/7061.html","J1_autocephaly_2018-19","2019"
"7aad7d98e474","Про рівні оцінювання знання державної мови для отримання громадянства.",FALSE,"neither","other","none","none",3,"Short plenary session transcript (Засідання 23, 21 Mar 2019) continuing the language law debate, focused on language-proficiency assessment levels and anti-corruption safeguards. No UOC-MP-related content.","coded_batch_36.json","2019-03-21","Засідання 23","rada.gov.ua","rada_stenogram","https://www.rada.gov.ua/meeting/stenogr/show/7065.html","J1_autocephaly_2018-19","2019"
"e49b7cb2b985","Засідання Комітету з питань прав людини, деокупації та реінтеграції тимчасово окупованих територій України, національних меншин і міжнаціональних відносин",FALSE,"neither","other","none","none",1,"Failed/incomplete rada.gov.ua scrape (same recurring issue as prior batches): only generic site navigation boilerplate present, zero UOC-MP keyword hits, no transcript content available to code.","coded_batch_36.json","2019-03-21","Засідання Комітету з питань прав людини, деокупації та реінтеграції тимчасово окупованих територій України, н","rada.gov.ua","rada_stenogram","https://rada.gov.ua/meeting/stenogr/show/7065.html","J1_autocephaly_2018-19","2019"
"23df49374615","Засідання Комітету з питань прав людини, деокупації та реінтеграції тимчасово окупованих територій України, національних меншин і міжнаціональних відносин",FALSE,"neither","other","none","none",1,"Failed/incomplete rada.gov.ua scrape (same recurring issue as prior batches): only generic site navigation boilerplate present, zero UOC-MP keyword hits, no transcript content available to code.","coded_batch_36.json","2019-03-22","Засідання Комітету з питань прав людини, деокупації та реінтеграції тимчасово окупованих територій України, н","rada.gov.ua","rada_stenogram","https://rada.gov.ua/meeting/stenogr/show/7066.html","J1_autocephaly_2018-19","2019"
"24febe68412d","Засідання Комітету з питань прав людини, деокупації та реінтеграції тимчасово окупованих територій України, національних меншин і міжнаціональних відносин",FALSE,"neither","other","none","none",1,"Failed/incomplete rada.gov.ua scrape (same recurring issue as prior batches): only generic site navigation boilerplate present, zero UOC-MP keyword hits, no transcript content available to code.","coded_batch_36.json","2019-03-22","Засідання Комітету з питань прав людини, деокупації та реінтеграції тимчасово окупованих територій України, н","rada.gov.ua","rada_stenogram","https://rada.gov.ua/meeting/stenogr/show/7063.html","J1_autocephaly_2018-19","2019"
"c1c9521b1cad","Засідання Комітету з питань прав людини, деокупації та реінтеграції тимчасово окупованих територій України, національних меншин і міжнаціональних відносин",FALSE,"neither","other","none","none",1,"Failed/incomplete rada.gov.ua scrape (same recurring issue as prior batches): only generic site navigation boilerplate present, zero UOC-MP keyword hits, no transcript content available to code.","coded_batch_36.json","2019-03-22","Засідання Комітету з питань прав людини, деокупації та реінтеграції тимчасово окупованих територій України, н","rada.gov.ua","rada_stenogram","https://rada.gov.ua/meeting/stenogr/show/7067.html","J1_autocephaly_2018-19","2019"
"e14b95b391af","Володимира Литвина до Прем'єр-міністра, міністра внутрішніх справ щодо процесів, пов'язаних з переходом парафій Української православної церкви (Московського патріархату) до Православної церкви України.",FALSE,"neither","other","none","none",2,"Plenary session transcript (Засідання 24, 22 Mar 2019) with a register of deputy interpellations. MP Volodymyr Lytvyn submits a neutral inquiry to the Prime Minister and Interior Minister regarding oversight of the ongoing UOC-MP-to-PCU parish transfer process; the register does not elaborate on the specific concern (e.g. whether it raises conflict/violence issues), so this is coded conservatively as a procedural inquiry rather than a securitising claim.","coded_batch_36.json","2019-03-22","Засідання 24","rada.gov.ua","rada_stenogram","https://www.rada.gov.ua/meeting/stenogr/show/7067.html","J1_autocephaly_2018-19","2019"
"1bbbaa921523","Ми передаємо в користування Тернопільсько-Зборівській архиєпархії Української Греко-Католицької Церкви комплекс келій монастиря.",FALSE,"neither","other","none","none",3,"Poroshenko transfers a nationalised Soviet-era monastery complex to UGCC as historical restitution. No UOC-MP-related content.","coded_batch_36.json","2019-03-26","Порошенко передав УГКЦ комплекс келій монастиря у Тернополі","risu.ua","poroshenko_speech","https://risu.ua/poroshenko-peredav-ugkc-kompleks-keliy-monastirya-u-ternopoli_n97161","J1_autocephaly_2018-19","2019"
"966afd0a20de","Позивачем був неправильно обраний спосіб захисту порушеного права, суд відмовив у задоволенні позову.",FALSE,"neither","other","none","none",3,"Factual legal news: the Kyiv District Administrative Court dismissed the NGO lawsuit challenging Poroshenko's authority to petition Constantinople (first covered in batch 12/20) on procedural grounds -- ruling that only state bodies/officials, not private individuals, may bring competence-based claims. Resolution of the earlier legal dispute; not itself a securitising claim.","coded_batch_36.json","2019-03-27","Суд відмовився вирішувати, чи мав право Порошенко просити про Томос","risu.ua","poroshenko_speech","https://risu.ua/sud-vidmovivsya-virishuvati-chi-mav-pravo-poroshenko-prositi-pro-tomos_n97179","J1_autocephaly_2018-19","2019"
"5d129e250609","Засідання Комітету з питань прав людини, деокупації та реінтеграції тимчасово окупованих територій України, національних меншин і міжнаціональних відносин",FALSE,"neither","other","none","none",1,"Failed/incomplete rada.gov.ua scrape (same recurring issue as prior batches): only generic site navigation boilerplate present, zero UOC-MP keyword hits, no transcript content available to code.","coded_batch_37.json","2019-04-08","Засідання Комітету з питань прав людини, деокупації та реінтеграції тимчасово окупованих територій України, н","rada.gov.ua","rada_stenogram","https://rada.gov.ua/meeting/stenogr/show/7068.html","J1_autocephaly_2018-19","2019"
"a6b82ac4cac0","Не дати знову розділити наше суспільство на шматки, не дати нам зараз впасти в агресію, в ненависть, в розпач.",FALSE,"neither","other","none","none",2,"Coordination Council transcript (8 Apr 2019), amid a chaotic parliamentary session, calling for unity ahead of the presidential runoff. No UOC-MP-related content.","coded_batch_37.json","2019-04-08","Погоджувальна рада","rada.gov.ua","rada_stenogram","https://www.rada.gov.ua/meeting/stenogr/show/7068.html","J1_autocephaly_2018-19","2019"
"2ce51371665d","Засідання Комітету з питань прав людини, деокупації та реінтеграції тимчасово окупованих територій України, національних меншин і міжнаціональних відносин",FALSE,"neither","other","none","none",1,"Failed/incomplete rada.gov.ua scrape (same recurring issue as prior batches): only generic site navigation boilerplate present, zero UOC-MP keyword hits, no transcript content available to code.","coded_batch_37.json","2019-04-09","Засідання Комітету з питань прав людини, деокупації та реінтеграції тимчасово окупованих територій України, н","rada.gov.ua","rada_stenogram","https://rada.gov.ua/meeting/stenogr/show/7072.html","J1_autocephaly_2018-19","2019"
"a51b5ce51e59","Засідання Комітету з питань прав людини, деокупації та реінтеграції тимчасово окупованих територій України, національних меншин і міжнаціональних відносин",FALSE,"neither","other","none","none",1,"Failed/incomplete rada.gov.ua scrape (same recurring issue as prior batches): only generic site navigation boilerplate present, zero UOC-MP keyword hits, no transcript content available to code.","coded_batch_37.json","2019-04-09","Засідання Комітету з питань прав людини, деокупації та реінтеграції тимчасово окупованих територій України, н","rada.gov.ua","rada_stenogram","https://rada.gov.ua/meeting/stenogr/show/7073.html","J1_autocephaly_2018-19","2019"
"f17cacc3440c","Засідання Комітету з питань прав людини, деокупації та реінтеграції тимчасово окупованих територій України, національних меншин і міжнаціональних відносин",FALSE,"neither","other","none","none",1,"Failed/incomplete rada.gov.ua scrape (same recurring issue as prior batches): only generic site navigation boilerplate present, zero UOC-MP keyword hits, no transcript content available to code.","coded_batch_37.json","2019-04-09","Засідання Комітету з питань прав людини, деокупації та реінтеграції тимчасово окупованих територій України, н","rada.gov.ua","rada_stenogram","https://rada.gov.ua/meeting/stenogr/show/7069.html","J1_autocephaly_2018-19","2019"
"f2d1ebb48c43","Буковина – це багатонаціональний край, де абсолютно мирно співіснують громадяни України різних національностей.",FALSE,"neither","other","none","none",3,"Short plenary session transcript (Засідання 26, 9 Apr 2019) continuing the language law debate, focused on minority-language rights for national-cultural societies. No UOC-MP-related content.","coded_batch_37.json","2019-04-09","Засідання 26","rada.gov.ua","rada_stenogram","https://www.rada.gov.ua/meeting/stenogr/show/7073.html","J1_autocephaly_2018-19","2019"
"0457cfe08e28","Президент вчисту програв кандидату в Президенти Зеленському.",FALSE,"neither","other","none","none",3,"Plenary session transcript (Засідання 27, 10 Apr 2019), dominated by an independent MP's harsh critique of Poroshenko ahead of the runoff (corruption allegations, calls for his removal) and further language-law procedural debate. No UOC-MP-related content.","coded_batch_37.json","2019-04-10","Засідання 27","rada.gov.ua","rada_stenogram","https://www.rada.gov.ua/meeting/stenogr/show/7075.html","J1_autocephaly_2018-19","2019"
"1d0e41ce3dbc","Засідання Комітету з питань прав людини, деокупації та реінтеграції тимчасово окупованих територій України, національних меншин і міжнаціональних відносин",FALSE,"neither","other","none","none",1,"Failed/incomplete rada.gov.ua scrape (same recurring issue as prior batches): only generic site navigation boilerplate present, zero UOC-MP keyword hits, no transcript content available to code.","coded_batch_37.json","2019-04-10","Засідання Комітету з питань прав людини, деокупації та реінтеграції тимчасово окупованих територій України, н","rada.gov.ua","rada_stenogram","https://rada.gov.ua/meeting/stenogr/show/7074.html","J1_autocephaly_2018-19","2019"
"51cb79987b5d","Засідання Комітету з питань прав людини, деокупації та реінтеграції тимчасово окупованих територій України, національних меншин і міжнаціональних відносин",FALSE,"neither","other","none","none",1,"Failed/incomplete rada.gov.ua scrape (same recurring issue as prior batches): only generic site navigation boilerplate present, zero UOC-MP keyword hits, no transcript content available to code.","coded_batch_37.json","2019-04-10","Засідання Комітету з питань прав людини, деокупації та реінтеграції тимчасово окупованих територій України, н","rada.gov.ua","rada_stenogram","https://rada.gov.ua/meeting/stenogr/show/7075.html","J1_autocephaly_2018-19","2019"
"eca50c8f7642","А якщо ви вже і церкву, і мову, і армію «за дужки» виносите, тоді й Україну «за дужки» виносьте.",FALSE,"neither","other","none","none",2,"Poroshenko defends his 'Army, Language, Faith' campaign slogan against critics (implicitly Zelensky) who call it divisive, arguing that church, language, and army all unite rather than divide Ukraine. This is defensive campaign rhetoric responding to domestic political criticism of the trinity itself (cf. batches 21/25/29), not a fresh securitising claim about UOC-MP.","coded_batch_37.json","2019-04-10","Порошенко опонентам: Якщо ви Церкву, мову й армію виносите ""за дужки"", то винесіть тоді й Україну","risu.ua","poroshenko_speech","https://risu.ua/poroshenko-oponentam-yakshcho-vi-cerkvu-movu-y-armiyu-vinosite-quot-za-duzhki-quot-to-vinesit-todi-y-ukrajinu_n97418","J1_autocephaly_2018-19","2019"
"1c6a57d5c40b","Мене неодноразово запитували, чи маю я номер телефону Президента... Скажу чесно: номеру не маю і спілкуюся з ним лише офіційно... нам не дають вказівок. І я не вірю, що комусь із владик телефонували з АПУ та інструктували.",FALSE,"neither","other","none","none",2,"PCU Metropolitan Epifaniy explicitly denies allegations (raised by Deputy Speaker Oksana Syroid) that the Presidential Administration pressured PCU clergy to campaign for Poroshenko ahead of the runoff, stating the church endorses no candidate and has parishioners supporting both. Notable counter-evidence to the church-instrumentalisation narrative -- PCU asserting its own political independence; not a securitising claim.","coded_batch_37.json","2019-04-11","Предстоятель ПЦУ: Ми вдячні Порошенкові за Томос, але ні за кого не агітуємо","risu.ua","poroshenko_speech","https://risu.ua/predstoyatel-pcu-mi-vdyachni-poroshenkovi-za-tomos-ale-ni-za-kogo-ne-agituyemo_n97442","J1_autocephaly_2018-19","2019"
"4c102b7e2db3","Засідання Комітету з питань прав людини, деокупації та реінтеграції тимчасово окупованих територій України, національних меншин і міжнаціональних відносин",FALSE,"neither","other","none","none",1,"Failed/incomplete rada.gov.ua scrape (same recurring issue as prior batches): only generic site navigation boilerplate present, zero UOC-MP keyword hits, no transcript content available to code.","coded_batch_37.json","2019-04-11","Засідання Комітету з питань прав людини, деокупації та реінтеграції тимчасово окупованих територій України, н","rada.gov.ua","rada_stenogram","https://rada.gov.ua/meeting/stenogr/show/7080.html","J1_autocephaly_2018-19","2019"
"7d0b565e8178","Засідання Комітету з питань прав людини, деокупації та реінтеграції тимчасово окупованих територій України, національних меншин і міжнаціональних відносин",FALSE,"neither","other","none","none",1,"Failed/incomplete rada.gov.ua scrape (same recurring issue as prior batches): only generic site navigation boilerplate present, zero UOC-MP keyword hits, no transcript content available to code.","coded_batch_37.json","2019-04-11","Засідання Комітету з питань прав людини, деокупації та реінтеграції тимчасово окупованих територій України, н","rada.gov.ua","rada_stenogram","https://rada.gov.ua/meeting/stenogr/show/7076.html","J1_autocephaly_2018-19","2019"
"971a279ca11f","Засідання Комітету з питань прав людини, деокупації та реінтеграції тимчасово окупованих територій України, національних меншин і міжнаціональних відносин",FALSE,"neither","other","none","none",1,"Failed/incomplete rada.gov.ua scrape (same recurring issue as prior batches): only generic site navigation boilerplate present, zero UOC-MP keyword hits, no transcript content available to code.","coded_batch_37.json","2019-04-11","Засідання Комітету з питань прав людини, деокупації та реінтеграції тимчасово окупованих територій України, н","rada.gov.ua","rada_stenogram","https://rada.gov.ua/meeting/stenogr/show/7077.html","J1_autocephaly_2018-19","2019"
"d3c282b004be","Засідання Комітету з питань прав людини, деокупації та реінтеграції тимчасово окупованих територій України, національних меншин і міжнаціональних відносин",FALSE,"neither","other","none","none",1,"Failed/incomplete rada.gov.ua scrape (same recurring issue as prior batches): only generic site navigation boilerplate present, zero UOC-MP keyword hits, no transcript content available to code.","coded_batch_37.json","2019-04-11","Засідання Комітету з питань прав людини, деокупації та реінтеграції тимчасово окупованих територій України, н","rada.gov.ua","rada_stenogram","https://rada.gov.ua/meeting/stenogr/show/7078.html","J1_autocephaly_2018-19","2019"
"e135e5d75542","Питання мови сьогодні турбує лише 2 відсотки людей. А перші питання, які турбують – це бідність і корупція в країні.",FALSE,"neither","other","none","none",3,"Plenary session transcript (Засідання 29, 11 Apr 2019) continuing the language law debate, with an MP citing polling that only 2% of citizens prioritise the language question over poverty/corruption. No UOC-MP-related content.","coded_batch_37.json","2019-04-11","Засідання 29","rada.gov.ua","rada_stenogram","https://www.rada.gov.ua/meeting/stenogr/show/7080.html","J1_autocephaly_2018-19","2019"
"40caf997fc9d","Засідання Комітету з питань прав людини, деокупації та реінтеграції тимчасово окупованих територій України, національних меншин і міжнаціональних відносин",FALSE,"neither","other","none","none",1,"Failed/incomplete rada.gov.ua scrape (same recurring issue as prior batches): only generic site navigation boilerplate present, zero UOC-MP keyword hits, no transcript content available to code.","coded_batch_38.json","2019-04-12","Засідання Комітету з питань прав людини, деокупації та реінтеграції тимчасово окупованих територій України, н","rada.gov.ua","rada_stenogram","https://rada.gov.ua/meeting/stenogr/show/7079.html","J1_autocephaly_2018-19","2019"
"9b1f362c6b77","18 числа, післязавтра, заплановано оголосити припинення вогню - Великоднє припинення вогню.",FALSE,"neither","other","none","none",3,"Poroshenko announces an Easter ceasefire on the Donbas front. No UOC-MP-related content.","coded_batch_38.json","2019-04-17","З 18 квітня на Донбасі оголосять Великоднє перемир'я, - Порошенко","risu.ua","poroshenko_speech","https://risu.ua/z-18-kvitnya-na-donbasi-ogolosyat-velikodnye-peremir-ya-poroshenko_n97542","J1_autocephaly_2018-19","2019"
"7a56ed660478","Маємо зберегти свободу та цілісність України, щоб мати майбутнє.",FALSE,"neither","other","none","none",3,"Cooperative meeting between First Lady Maryna Poroshenko and PCU Metropolitan Epifaniy ahead of the runoff, discussing charity and Ukraine's future. Not securitising.","coded_batch_38.json","2019-04-18","Митрополит Епіфаній та Марина Порошенко обговорили майбутнє України","risu.ua","poroshenko_speech","https://risu.ua/mitropolit-epifaniy-ta-marina-poroshenko-obgovorili-maybutnye-ukrajini_n97575","J1_autocephaly_2018-19","2019"
"4dd8c1a9628a","Сербський Патріарх за свою антиукраїнську позицію отримав хабара у 250 000 доларів США, а в Антіохійського Патріарха і вибору не було ‒ він знаходиться у Сирії, яка вщент набита російськими військовими.",TRUE,"material","other","Russia","none",2,"One-year retrospective column by Dmytro Horovyi (a recurring analyst in this corpus). Makes a specific, serious allegation that Serbian Patriarch Irinej (whose extreme anti-Tomos rhetoric was documented in batch 15) received a $250,000 bribe for his anti-Ukrainian position, and that the Patriarch of Antioch had no real choice given Syria being 'stuffed full of Russian troops'. Concrete corruption/coercion allegations against foreign church leaders tied to Russian influence.","coded_batch_38.json","2019-04-19","Колонка Дмитра Горєвого","risu.ua","poroshenko_speech","https://risu.ua/tomosniy-marafon-dovzhinoyu-u-rik_n97606","J1_autocephaly_2018-19","2019"
"4dd8c1a9628a","Російські хакери, яких пов'язують з Кремлем, намагалися зламати електронні скриньки митрополитів, особисто Патріарха Варфоломія звинувачували у різних гріхах.",TRUE,"material","other","Russia","none",2,"The same column alleges Kremlin-linked Russian hackers attempted to breach the email accounts of Ecumenical Patriarchate metropolitans during 2018 -- a concrete cyberattack allegation, part of a broader claimed pressure campaign against Constantinople.","coded_batch_38.json","2019-04-19","Колонка Дмитра Горєвого","risu.ua","poroshenko_speech","https://risu.ua/tomosniy-marafon-dovzhinoyu-u-rik_n97606","J1_autocephaly_2018-19","2019"
"4dd8c1a9628a","«Нас ніколи не полишало усвідомлення, що ми – [одна] країна та [один] народ. Неможливо відокремити Київ від нашої країни», ‒ сказав він [Кирило] Варфоломію під час зустрічі у Стамбулі 31 серпня.",TRUE,"ontological","identity","Russia","none",3,"The column quotes Patriarch Kirill telling Bartholomew directly that Russia and Ukraine are 'one country and one people' and that 'Kyiv cannot be separated from our country' -- itself a securitising/imperial claim by Kirill denying Ukrainian national distinctiveness and territorial integrity, presented by the author as evidence of ROC's 'true face' toward Ukraine.","coded_batch_38.json","2019-04-19","Колонка Дмитра Горєвого","risu.ua","poroshenko_speech","https://risu.ua/tomosniy-marafon-dovzhinoyu-u-rik_n97606","J1_autocephaly_2018-19","2019"
"59f483fc5447","Вчора народ України висловив позицію проти... гонінь на канонічну Українську Православну Церкву.",TRUE,"material","other","other","none",2,"Coordination Council transcript (22 Apr 2019), the morning after Poroshenko's runoff defeat. A critical MP frames the election result as a popular rejection of, among other things, 'persecution of the canonical Ukrainian Orthodox Church' -- a reverse-direction securitising framing casting the outgoing government's church policy itself as the harm being punished at the ballot box. Referent object coded 'other' (UOC-MP as the entity claimed persecuted); threat actor 'other' (the outgoing Ukrainian state).","coded_batch_38.json","2019-04-22","Погоджувальна рада","rada.gov.ua","rada_stenogram","https://www.rada.gov.ua/meeting/stenogr/show/7082.html","J1_autocephaly_2018-19","2019"
"59f483fc5447","Вперше за 333 роки українці підуть освячувати кошик у власну незалежну автокефальну Православну Церкву України... ми будемо відстоювати кожне з перелічених надбань і від ворога, і від некомпетентності, і від усіх бажаючих реваншу в Україні.",TRUE,"both","state","Russia","none",2,"In the same session, BPP faction leader Artur Herasymov repeats the '333-year' framing and explicitly vows to 'defend every one of these achievements from the enemy... and from all who want revanche in Ukraine' -- defensive securitising language anticipating a possible reversal of the church-independence achievement under the incoming administration.","coded_batch_38.json","2019-04-22","Погоджувальна рада","rada.gov.ua","rada_stenogram","https://www.rada.gov.ua/meeting/stenogr/show/7082.html","J1_autocephaly_2018-19","2019"
"63ecba79bcbc","Наша команда захищатиме Православну Церкву України від реваншу Московського Патріархату.",TRUE,"both","state","UOC-MP","none",2,"In his concession remarks after the runoff loss, Poroshenko pledges his (now opposition) team will 'defend the Orthodox Church of Ukraine from a revanche of the Moscow Patriarchate' -- framing his post-presidency political role partly around preventing an anticipated UOC-MP/ROC comeback under the incoming administration. Vague on specifics; part of a broader list of promised opposition commitments.","coded_batch_38.json","2019-04-22","Петро Порошенко заявив, що його команда захищатиме ПЦУ від реваншу Московського Патріархату","risu.ua","poroshenko_speech","https://risu.ua/petro-poroshenko-zayaviv-shcho-yogo-komanda-zahishchatime-pcu-vid-revanshu-moskovskogo-patriarhatu_n97646","J1_autocephaly_2018-19","2019"
"b3bab79f5495","Засідання Комітету з питань прав людини, деокупації та реінтеграції тимчасово окупованих територій України, національних меншин і міжнаціональних відносин",FALSE,"neither","other","none","none",1,"Failed/incomplete rada.gov.ua scrape (same recurring issue as prior batches): only generic site navigation boilerplate present, zero UOC-MP keyword hits, no transcript content available to code.","coded_batch_38.json","2019-04-22","Засідання Комітету з питань прав людини, деокупації та реінтеграції тимчасово окупованих територій України, н","rada.gov.ua","rada_stenogram","https://rada.gov.ua/meeting/stenogr/show/7082.html","J1_autocephaly_2018-19","2019"
"04c85d4b9c43","Засідання Комітету з питань прав людини, деокупації та реінтеграції тимчасово окупованих територій України, національних меншин і міжнаціональних відносин",FALSE,"neither","other","none","none",1,"Failed/incomplete rada.gov.ua scrape (same recurring issue as prior batches): only generic site navigation boilerplate present, zero UOC-MP keyword hits, no transcript content available to code.","coded_batch_38.json","2019-04-23","Засідання Комітету з питань прав людини, деокупації та реінтеграції тимчасово окупованих територій України, н","rada.gov.ua","rada_stenogram","https://rada.gov.ua/meeting/stenogr/show/7083.html","J1_autocephaly_2018-19","2019"
"6a65a7f98a22","Стаття 27 Пакту про громадянські права якраз каже, що в тих країнах, де існують етнічні, релігійні і мовні меншості, особам... не може бути відмовлено в праві сповідувати свою релігію.",FALSE,"neither","other","none","none",3,"Plenary session transcript (Засідання 32, 23 Apr 2019) continuing the language law debate, citing international minority-rights protections for religious practice generically. No UOC-MP-specific content.","coded_batch_38.json","2019-04-23","Засідання 32","rada.gov.ua","rada_stenogram","https://www.rada.gov.ua/meeting/stenogr/show/7087.html","J1_autocephaly_2018-19","2019"
"ace307dd410f","Засідання Комітету з питань прав людини, деокупації та реінтеграції тимчасово окупованих територій України, національних меншин і міжнаціональних відносин",FALSE,"neither","other","none","none",1,"Failed/incomplete rada.gov.ua scrape (same recurring issue as prior batches): only generic site navigation boilerplate present, zero UOC-MP keyword hits, no transcript content available to code.","coded_batch_38.json","2019-04-23","Засідання Комітету з питань прав людини, деокупації та реінтеграції тимчасово окупованих територій України, н","rada.gov.ua","rada_stenogram","https://rada.gov.ua/meeting/stenogr/show/7087.html","J1_autocephaly_2018-19","2019"
"4f4bf72e9d9c","Засідання Комітету з питань прав людини, деокупації та реінтеграції тимчасово окупованих територій України, національних меншин і міжнаціональних відносин",FALSE,"neither","other","none","none",1,"Failed/incomplete rada.gov.ua scrape (same recurring issue as prior batches): only generic site navigation boilerplate present, zero UOC-MP keyword hits, no transcript content available to code.","coded_batch_38.json","2019-04-24","Засідання Комітету з питань прав людини, деокупації та реінтеграції тимчасово окупованих територій України, н","rada.gov.ua","rada_stenogram","https://rada.gov.ua/meeting/stenogr/show/7089.html","J1_autocephaly_2018-19","2019"
"67da6ad9aa91","Засідання Комітету з питань прав людини, деокупації та реінтеграції тимчасово окупованих територій України, національних меншин і міжнаціональних відносин",FALSE,"neither","other","none","none",1,"Failed/incomplete rada.gov.ua scrape (same recurring issue as prior batches): only generic site navigation boilerplate present, zero UOC-MP keyword hits, no transcript content available to code.","coded_batch_38.json","2019-04-24","Засідання Комітету з питань прав людини, деокупації та реінтеграції тимчасово окупованих територій України, н","rada.gov.ua","rada_stenogram","https://rada.gov.ua/meeting/stenogr/show/7086.html","J1_autocephaly_2018-19","2019"
"6b0703e97015","Мова про експерименти влади у сфері релігії, спроби знищити канонічну Українську Православну Церкву... вже можемо говорити про церковне рейдерство, яке набуло масового характеру... Розпорядженням голови Рівненської ОДА Муляренка та голови Волинської ОДА Савченка... незаконно переоформили 80 парафій Української Православної Церкви... Наслідком цього стало чисельні напади на храми, священиків, вірян УПЦ.",TRUE,"material","other","other","seizure",3,"Plenary session transcript (Засідання 33, 24 Apr 2019). Opposition Bloc/UOC-MP-linked MP Vadym Novynskyi delivers a detailed reverse-direction securitising speech, explicitly framing five years of state church policy as 'attempts to destroy the canonical Ukrainian Orthodox Church' and describing organised 'church raiding' -- naming specific regional administration heads (Rivne, Volyn oblasts) accused of illegally re-registering 80 UOC-MP parishes via fraudulent community meetings and forged protocols, resulting in 'numerous attacks on temples, priests, and worshippers of UOC-MP'. This is among the most detailed and specific reverse-direction securitising claims in the corpus, naming officials and regions rather than making general accusations.","coded_batch_38.json","2019-04-24","Засідання 33","rada.gov.ua","rada_stenogram","https://www.rada.gov.ua/meeting/stenogr/show/7089.html","J1_autocephaly_2018-19","2019"
"6b0703e97015","До чого ми дійшли? Ми, хто 100 років йшли до створення своєї церкви, вже понад 500 громад перейшли до Української церкви... Ви нам не погрожуйте, друзі... Реванш не пройде. Епоха тьми не повернеться.",TRUE,"both","state","UOC-MP","none",2,"The presiding chair responds furiously to Novynskyi's church-raiding allegations, characterising them as a 'threat' against the creation of the Ukrainian church, and declares defiantly 'revanche will not pass, the era of darkness will not return' -- a securitising counter-response casting the UOC-MP grievance itself as an attempted reversal of national progress, using explicit light/darkness existential framing.","coded_batch_38.json","2019-04-24","Засідання 33","rada.gov.ua","rada_stenogram","https://www.rada.gov.ua/meeting/stenogr/show/7089.html","J1_autocephaly_2018-19","2019"
"f440388ad052","Засідання Комітету з питань прав людини, деокупації та реінтеграції тимчасово окупованих територій України, національних меншин і міжнаціональних відносин",FALSE,"neither","other","none","none",1,"Failed/incomplete rada.gov.ua scrape (same recurring issue as prior batches): only generic site navigation boilerplate present, zero UOC-MP keyword hits, no transcript content available to code.","coded_batch_38.json","2019-04-24","Засідання Комітету з питань прав людини, деокупації та реінтеграції тимчасово окупованих територій України, н","rada.gov.ua","rada_stenogram","https://rada.gov.ua/meeting/stenogr/show/7088.html","J1_autocephaly_2018-19","2019"
"393d0c22a64b","Засідання Комітету з питань прав людини, деокупації та реінтеграції тимчасово окупованих територій України, національних меншин і міжнаціональних відносин",FALSE,"neither","other","none","none",1,"Failed/incomplete rada.gov.ua scrape (same recurring issue as prior batches): only generic site navigation boilerplate present, zero UOC-MP keyword hits, no transcript content available to code.","coded_batch_38.json","2019-04-25","Засідання Комітету з питань прав людини, деокупації та реінтеграції тимчасово окупованих територій України, н","rada.gov.ua","rada_stenogram","https://rada.gov.ua/meeting/stenogr/show/7093.html","J1_autocephaly_2018-19","2019"
"83f7ca8f02a8","Народний депутат Білоцерковець вимагає ставити поправку на підтвердження.",FALSE,"neither","other","none","none",3,"Plenary session transcript (Засідання 34, 25 Apr 2019) covering green-energy tariff legislation. The only 'церк' hit is the surname 'Білоцерковець', unrelated to the religious institution. No UOC-MP-related content.","coded_batch_38.json","2019-04-25","Засідання 34","rada.gov.ua","rada_stenogram","https://www.rada.gov.ua/meeting/stenogr/show/7091.html","J1_autocephaly_2018-19","2019"
"db3ff25e5be9","Засідання Комітету з питань прав людини, деокупації та реінтеграції тимчасово окупованих територій України, національних меншин і міжнаціональних відносин",FALSE,"neither","other","none","none",1,"Failed/incomplete rada.gov.ua scrape (same recurring issue as prior batches): only generic site navigation boilerplate present, zero UOC-MP keyword hits, no transcript content available to code.","coded_batch_39.json","2019-04-25","Засідання Комітету з питань прав людини, деокупації та реінтеграції тимчасово окупованих територій України, н","rada.gov.ua","rada_stenogram","https://rada.gov.ua/meeting/stenogr/show/7090.html","J1_autocephaly_2018-19","2019"
"fcccac5aad9f","Засідання Комітету з питань прав людини, деокупації та реінтеграції тимчасово окупованих територій України, національних меншин і міжнаціональних відносин",FALSE,"neither","other","none","none",1,"Failed/incomplete rada.gov.ua scrape (same recurring issue as prior batches): only generic site navigation boilerplate present, zero UOC-MP keyword hits, no transcript content available to code.","coded_batch_39.json","2019-04-25","Засідання Комітету з питань прав людини, деокупації та реінтеграції тимчасово окупованих територій України, н","rada.gov.ua","rada_stenogram","https://rada.gov.ua/meeting/stenogr/show/7091.html","J1_autocephaly_2018-19","2019"
"1953ace08074","Олега Осуховського до Прем'єр-міністра, Ради нацбезпеки і оборони, Глави Адміністрації Президента, Голови Вищої ради правосуддя, Голови СБУ, міністра внутрішніх справ, Генерального прокурора щодо ситуації навколо виконання Закону України «Про свободу совісті та релігійні організації».",TRUE,"material","other","other","other",1,"Plenary session transcript (Засідання 36, 26 Apr 2019) with a register of deputy interpellations. MP Oleh Osukhovskyi submits a formal inquiry to the National Security and Defence Council (RNBO), SBU, Prime Minister, and Prosecutor General regarding implementation of the Law on Freedom of Conscience and Religious Organisations -- routing a religious-organisations matter to the security apparatus, similar in structure to the Artyushenko/Illienko interpellations documented in the re-uploaded batch 3. The register does not specify the inquiry's substance or direction (concern for UOC-MP given the 'church raiding' allegations raised days earlier in batch 38, or a different angle), so coded with low confidence given this ambiguity.","coded_batch_39.json","2019-04-26","Засідання 36","rada.gov.ua","rada_stenogram","https://www.rada.gov.ua/meeting/stenogr/show/7095.html","J1_autocephaly_2018-19","2019"
"3522ac1da711","Засідання Комітету з питань прав людини, деокупації та реінтеграції тимчасово окупованих територій України, національних меншин і міжнаціональних відносин",FALSE,"neither","other","none","none",1,"Failed/incomplete rada.gov.ua scrape (same recurring issue as prior batches): only generic site navigation boilerplate present, zero UOC-MP keyword hits, no transcript content available to code.","coded_batch_39.json","2019-04-26","Засідання Комітету з питань прав людини, деокупації та реінтеграції тимчасово окупованих територій України, н","rada.gov.ua","rada_stenogram","https://rada.gov.ua/meeting/stenogr/show/7094.html","J1_autocephaly_2018-19","2019"
"a67039ee388b","Засідання Комітету з питань прав людини, деокупації та реінтеграції тимчасово окупованих територій України, національних меншин і міжнаціональних відносин",FALSE,"neither","other","none","none",1,"Failed/incomplete rada.gov.ua scrape (same recurring issue as prior batches): only generic site navigation boilerplate present, zero UOC-MP keyword hits, no transcript content available to code.","coded_batch_39.json","2019-04-26","Засідання Комітету з питань прав людини, деокупації та реінтеграції тимчасово окупованих територій України, н","rada.gov.ua","rada_stenogram","https://rada.gov.ua/meeting/stenogr/show/7095.html","J1_autocephaly_2018-19","2019"
"abbd60a389f0","Президент Порошенко привітав українців з Великоднем.",FALSE,"neither","other","none","none",3,"Poroshenko's Easter greeting to Ukrainians. No securitising content.","coded_batch_39.json","2019-04-28","Президент Порошенко привітав українців з Великоднем","risu.ua","poroshenko_speech","https://risu.ua/prezident-poroshenko-privitav-ukrajinciv-z-velikodnem_n97785","J1_autocephaly_2018-19","2019"
"aadddcf48e39","Петро Порошенко Світлий понеділок проводить у Львові.",FALSE,"neither","other","none","none",3,"Factual itinerary item on Poroshenko's Bright Monday visit to Lviv. No UOC-MP-related content.","coded_batch_39.json","2019-04-29","Петро Порошенко Світлий понеділок проводить у Львові","risu.ua","poroshenko_speech","https://risu.ua/petro-poroshenko-svitliy-ponedilok-provodit-u-lvovi_n97748","J1_autocephaly_2018-19","2019"
"3dd7b4fd1022","Символічно, що цього року День матері співпав у християн східного обряду з церковним днем вшанування жіноцтва.",FALSE,"neither","other","none","none",3,"Coordination Council/plenary transcript (13 May 2019) with a Mother's Day greeting mentioning the Eastern-rite feast of the Myrrh-bearing Women. No UOC-MP-related content.","coded_batch_39.json","2019-05-13","Засідання 7","rada.gov.ua","rada_stenogram","https://www.rada.gov.ua/meeting/stenogr/show/7096.html","J1_autocephaly_2018-19","2019"
"4ab8c3e52924","Засідання Комітету з питань прав людини, деокупації та реінтеграції тимчасово окупованих територій України, національних меншин і міжнаціональних відносин",FALSE,"neither","other","none","none",1,"Failed/incomplete rada.gov.ua scrape (same recurring issue as prior batches): only generic site navigation boilerplate present, zero UOC-MP keyword hits, no transcript content available to code.","coded_batch_39.json","2019-05-13","Засідання Комітету з питань прав людини, деокупації та реінтеграції тимчасово окупованих територій України, н","rada.gov.ua","rada_stenogram","https://rada.gov.ua/meeting/stenogr/show/7096.html","J1_autocephaly_2018-19","2019"
"23af8f8457c8","Засідання Комітету з питань прав людини, деокупації та реінтеграції тимчасово окупованих територій України, національних меншин і міжнаціональних відносин",FALSE,"neither","other","none","none",1,"Failed/incomplete rada.gov.ua scrape (same recurring issue as prior batches): only generic site navigation boilerplate present, zero UOC-MP keyword hits, no transcript content available to code.","coded_batch_39.json","2019-05-14","Засідання Комітету з питань прав людини, деокупації та реінтеграції тимчасово окупованих територій України, н","rada.gov.ua","rada_stenogram","https://rada.gov.ua/meeting/stenogr/show/7100.html","J1_autocephaly_2018-19","2019"
"96cc02434fb7","Засідання Комітету з питань прав людини, деокупації та реінтеграції тимчасово окупованих територій України, національних меншин і міжнаціональних відносин",FALSE,"neither","other","none","none",1,"Failed/incomplete rada.gov.ua scrape (same recurring issue as prior batches): only generic site navigation boilerplate present, zero UOC-MP keyword hits, no transcript content available to code.","coded_batch_39.json","2019-05-14","Засідання Комітету з питань прав людини, деокупації та реінтеграції тимчасово окупованих територій України, н","rada.gov.ua","rada_stenogram","https://rada.gov.ua/meeting/stenogr/show/7099.html","J1_autocephaly_2018-19","2019"
"f4e33396dc1f","Засідання Комітету з питань прав людини, деокупації та реінтеграції тимчасово окупованих територій України, національних меншин і міжнаціональних відносин",FALSE,"neither","other","none","none",1,"Failed/incomplete rada.gov.ua scrape (same recurring issue as prior batches): only generic site navigation boilerplate present, zero UOC-MP keyword hits, no transcript content available to code.","coded_batch_39.json","2019-05-14","Засідання Комітету з питань прав людини, деокупації та реінтеграції тимчасово окупованих територій України, н","rada.gov.ua","rada_stenogram","https://rada.gov.ua/meeting/stenogr/show/7097.html","J1_autocephaly_2018-19","2019"
"ff50a5bcb75d","Це питання цієї ланки освіти в Україні, це сержантський склад фактично нашої економіки.",FALSE,"neither","other","none","none",3,"Short plenary session transcript (Засідання 38, 14 May 2019) covering vocational education standards. No UOC-MP-related content.","coded_batch_39.json","2019-05-14","Засідання 38","rada.gov.ua","rada_stenogram","https://www.rada.gov.ua/meeting/stenogr/show/7100.html","J1_autocephaly_2018-19","2019"
"2a472197d7f7","Ми обрали курс на оборону нашої незалежності, на захист нашої землі, розбудову великої, добротної України з нашою канонічною Українською Православною Церквою... зараз як ніколи є загроза контрреволюції олігархату і Кремля через відміну мажоритарної системи виборів.",TRUE,"both","state","Russia","none",2,"Plenary session transcript (Засідання 39, 15 May 2019). MP Barna repeats the established Army/Language/Church trinity framing -- notably co-opting the term 'canonical' (usually claimed by UOC-MP itself) to describe PCU -- and warns of 'a threat of counter-revolution by oligarchy and the Kremlin' via proposed electoral system changes. Consistent with the established securitising pattern, now extended to domestic electoral-law debates in the post-election period.","coded_batch_39.json","2019-05-15","Засідання 39","rada.gov.ua","rada_stenogram","https://www.rada.gov.ua/meeting/stenogr/show/7103.html","J1_autocephaly_2018-19","2019"
"5943328c3053","Засідання Комітету з питань прав людини, деокупації та реінтеграції тимчасово окупованих територій України, національних меншин і міжнаціональних відносин",FALSE,"neither","other","none","none",1,"Failed/incomplete rada.gov.ua scrape (same recurring issue as prior batches): only generic site navigation boilerplate present, zero UOC-MP keyword hits, no transcript content available to code.","coded_batch_39.json","2019-05-15","Засідання Комітету з питань прав людини, деокупації та реінтеграції тимчасово окупованих територій України, н","rada.gov.ua","rada_stenogram","https://rada.gov.ua/meeting/stenogr/show/7102.html","J1_autocephaly_2018-19","2019"
"dfba32ceb25b","Засідання Комітету з питань прав людини, деокупації та реінтеграції тимчасово окупованих територій України, національних меншин і міжнаціональних відносин",FALSE,"neither","other","none","none",1,"Failed/incomplete rada.gov.ua scrape (same recurring issue as prior batches): only generic site navigation boilerplate present, zero UOC-MP keyword hits, no transcript content available to code.","coded_batch_40.json","2019-05-15","Засідання Комітету з питань прав людини, деокупації та реінтеграції тимчасово окупованих територій України, н","rada.gov.ua","rada_stenogram","https://rada.gov.ua/meeting/stenogr/show/7103.html","J1_autocephaly_2018-19","2019"
"3f379f9491ad","Ми вносимо зараз зміни до Закону «Про Державне бюро розслідувань».",FALSE,"neither","other","none","none",3,"Plenary session transcript (Засідання 40, 16 May 2019) covering State Bureau of Investigation funding/bonuses. No UOC-MP-related content.","coded_batch_40.json","2019-05-16","Засідання 40","rada.gov.ua","rada_stenogram","https://www.rada.gov.ua/meeting/stenogr/show/7105.html","J1_autocephaly_2018-19","2019"
"7c44ae33f695","Засідання Комітету з питань прав людини, деокупації та реінтеграції тимчасово окупованих територій України, національних меншин і міжнаціональних відносин",FALSE,"neither","other","none","none",1,"Failed/incomplete rada.gov.ua scrape (same recurring issue as prior batches): only generic site navigation boilerplate present, zero UOC-MP keyword hits, no transcript content available to code.","coded_batch_40.json","2019-05-16","Засідання Комітету з питань прав людини, деокупації та реінтеграції тимчасово окупованих територій України, н","rada.gov.ua","rada_stenogram","https://rada.gov.ua/meeting/stenogr/show/7107.html","J1_autocephaly_2018-19","2019"
"b0fb8ef3b78e","Засідання Комітету з питань прав людини, деокупації та реінтеграції тимчасово окупованих територій України, національних меншин і міжнаціональних відносин",FALSE,"neither","other","none","none",1,"Failed/incomplete rada.gov.ua scrape (same recurring issue as prior batches): only generic site navigation boilerplate present, zero UOC-MP keyword hits, no transcript content available to code.","coded_batch_40.json","2019-05-16","Засідання Комітету з питань прав людини, деокупації та реінтеграції тимчасово окупованих територій України, н","rada.gov.ua","rada_stenogram","https://rada.gov.ua/meeting/stenogr/show/7106.html","J1_autocephaly_2018-19","2019"
"e015079df72c","Засідання Комітету з питань прав людини, деокупації та реінтеграції тимчасово окупованих територій України, національних меншин і міжнаціональних відносин",FALSE,"neither","other","none","none",1,"Failed/incomplete rada.gov.ua scrape (same recurring issue as prior batches): only generic site navigation boilerplate present, zero UOC-MP keyword hits, no transcript content available to code.","coded_batch_40.json","2019-05-16","Засідання Комітету з питань прав людини, деокупації та реінтеграції тимчасово окупованих територій України, н","rada.gov.ua","rada_stenogram","https://rada.gov.ua/meeting/stenogr/show/7104.html","J1_autocephaly_2018-19","2019"
"e7681399dc4b","Засідання Комітету з питань прав людини, деокупації та реінтеграції тимчасово окупованих територій України, національних меншин і міжнаціональних відносин",FALSE,"neither","other","none","none",1,"Failed/incomplete rada.gov.ua scrape (same recurring issue as prior batches): only generic site navigation boilerplate present, zero UOC-MP keyword hits, no transcript content available to code.","coded_batch_40.json","2019-05-16","Засідання Комітету з питань прав людини, деокупації та реінтеграції тимчасово окупованих територій України, н","rada.gov.ua","rada_stenogram","https://rada.gov.ua/meeting/stenogr/show/7105.html","J1_autocephaly_2018-19","2019"
"742f2c9c01c4","Засідання Комітету з питань прав людини, деокупації та реінтеграції тимчасово окупованих територій України, національних меншин і міжнаціональних відносин",FALSE,"neither","other","none","none",1,"Failed/incomplete rada.gov.ua scrape (same recurring issue as prior batches): only generic site navigation boilerplate present, zero UOC-MP keyword hits, no transcript content available to code.","coded_batch_40.json","2019-05-17","Засідання Комітету з питань прав людини, деокупації та реінтеграції тимчасово окупованих територій України, н","rada.gov.ua","rada_stenogram","https://rada.gov.ua/meeting/stenogr/show/7109.html","J1_autocephaly_2018-19","2019"
"ca2976209706","Засідання Комітету з питань прав людини, деокупації та реінтеграції тимчасово окупованих територій України, національних меншин і міжнаціональних відносин",FALSE,"neither","other","none","none",1,"Failed/incomplete rada.gov.ua scrape (same recurring issue as prior batches): only generic site navigation boilerplate present, zero UOC-MP keyword hits, no transcript content available to code.","coded_batch_40.json","2019-05-17","Засідання Комітету з питань прав людини, деокупації та реінтеграції тимчасово окупованих територій України, н","rada.gov.ua","rada_stenogram","https://rada.gov.ua/meeting/stenogr/show/7108.html","J1_autocephaly_2018-19","2019"
"e153817198f3","Тут боролися з церквою, потім боролися з мовою, потім боролися ще з чимось.",FALSE,"neither","other","none","none",1,"Plenary session transcript (Засідання 42, 17 May 2019), the outgoing parliament's final sessions. Opposition Bloc MP Papiiev critically describes the parliament's tenure as having 'fought with the church, then fought with the language' rather than addressing tariffs/wages -- a brief reverse-direction critique, not itself a full securitising claim.","coded_batch_40.json","2019-05-17","Засідання 42","rada.gov.ua","rada_stenogram","https://www.rada.gov.ua/meeting/stenogr/show/7109.html","J1_autocephaly_2018-19","2019"
"0c801fc1f849","Предстоятелі церков і релігійних об'єднань України... представник Вселенського Патріархату.",FALSE,"neither","other","none","none",3,"Transcript of Volodymyr Zelensky's presidential inauguration ceremony (20 May 2019), truncated at the announcement of election results before any inauguration speech. Notes attendance of Ukrainian church leaders and an Ecumenical Patriarchate representative in the procedural roll call; no securitising content in the available text.","coded_batch_40.json","2019-05-20","Урочисте засідання","rada.gov.ua","rada_stenogram","https://www.rada.gov.ua/meeting/stenogr/show/7110.html","interstitial_2019-2022","2019"
"4a41b090cb9a","Засідання Комітету з питань прав людини, деокупації та реінтеграції тимчасово окупованих територій України, національних меншин і міжнаціональних відносин",FALSE,"neither","other","none","none",1,"Failed/incomplete rada.gov.ua scrape (same recurring issue as prior batches): only generic site navigation boilerplate present, zero UOC-MP keyword hits, no transcript content available to code.","coded_batch_40.json","2019-05-20","Засідання Комітету з питань прав людини, деокупації та реінтеграції тимчасово окупованих територій України, н","rada.gov.ua","rada_stenogram","https://rada.gov.ua/meeting/stenogr/show/7110.html","interstitial_2019-2022","2019"
"08289a60512d","Засідання Комітету з питань прав людини, деокупації та реінтеграції тимчасово окупованих територій України, національних меншин і міжнаціональних відносин",FALSE,"neither","other","none","none",1,"Failed/incomplete rada.gov.ua scrape (same recurring issue as prior batches): only generic site navigation boilerplate present, zero UOC-MP keyword hits, no transcript content available to code.","coded_batch_40.json","2019-05-22","Засідання Комітету з питань прав людини, деокупації та реінтеграції тимчасово окупованих територій України, н","rada.gov.ua","rada_stenogram","https://rada.gov.ua/meeting/stenogr/show/7112.html","interstitial_2019-2022","2019"
"4676a3a22995","Засідання Комітету з питань прав людини, деокупації та реінтеграції тимчасово окупованих територій України, національних меншин і міжнаціональних відносин",FALSE,"neither","other","none","none",1,"Failed/incomplete rada.gov.ua scrape (same recurring issue as prior batches): only generic site navigation boilerplate present, zero UOC-MP keyword hits, no transcript content available to code.","coded_batch_40.json","2019-05-22","Засідання Комітету з питань прав людини, деокупації та реінтеграції тимчасово окупованих територій України, н","rada.gov.ua","rada_stenogram","https://rada.gov.ua/meeting/stenogr/show/7111.html","interstitial_2019-2022","2019"
"dd7dca96369f","Зараз йде велика боротьба за знищення Київського патріархату як такого, доведення, що ніякого патріархату в Україні не існує... Томос ставить нас майже в таку ж залежність, в якій перебуває Українська православна церква (Московського патріархату).",FALSE,"neither","other","none","none",2,"Extended interview with Patriarch Filaret detailing his objections to the Tomos's actual terms -- claiming it leaves PCU nearly as dependent on Constantinople as UOC-MP is on Moscow (regarding diaspora jurisdiction, chrism/myron preparation rights, and dispute-resolution authority), and alleging 'a struggle to destroy the Kyiv Patriarchate'. This is an internal PCU/Constantinople power dispute (Filaret vs Epifaniy/Bartholomew), not a securitising claim involving UOC-MP; outside this codebook's scope.","coded_batch_40.json","2019-05-23","Філарет назвав пункти томосу, з якими він не згодний","risu.ua","poroshenko_speech","https://risu.ua/filaret-nazvav-punkti-tomosu-z-yakimi-vin-ne-zgodniy_n98250","interstitial_2019-2022","2019"
"26a7a7256b44","Засідання Комітету з питань прав людини, деокупації та реінтеграції тимчасово окупованих територій України, національних меншин і міжнаціональних відносин",FALSE,"neither","other","none","none",1,"Failed/incomplete rada.gov.ua scrape (same recurring issue as prior batches): only generic site navigation boilerplate present, zero UOC-MP keyword hits, no transcript content available to code.","coded_batch_41.json","2019-05-28","Засідання Комітету з питань прав людини, деокупації та реінтеграції тимчасово окупованих територій України, н","rada.gov.ua","rada_stenogram","https://rada.gov.ua/meeting/stenogr/show/7116.html","interstitial_2019-2022","2019"
"2d41457b9e40","Чи виконаєте ви вимогу Конституції України, де чітко записано у статті 1: «Україна є соціальною державою»?",FALSE,"neither","other","none","none",3,"Plenary session transcript (Засідання 43, 28 May 2019) covering pension fund financing. No UOC-MP-related content.","coded_batch_41.json","2019-05-28","Засідання 43","rada.gov.ua","rada_stenogram","https://www.rada.gov.ua/meeting/stenogr/show/7116.html","interstitial_2019-2022","2019"
"3f2a1b414e33","Засідання Комітету з питань прав людини, деокупації та реінтеграції тимчасово окупованих територій України, національних меншин і міжнаціональних відносин",FALSE,"neither","other","none","none",1,"Failed/incomplete rada.gov.ua scrape (same recurring issue as prior batches): only generic site navigation boilerplate present, zero UOC-MP keyword hits, no transcript content available to code.","coded_batch_41.json","2019-05-28","Засідання Комітету з питань прав людини, деокупації та реінтеграції тимчасово окупованих територій України, н","rada.gov.ua","rada_stenogram","https://rada.gov.ua/meeting/stenogr/show/7115.html","interstitial_2019-2022","2019"
"4c3c5cf3de6c","Засідання Комітету з питань прав людини, деокупації та реінтеграції тимчасово окупованих територій України, національних меншин і міжнаціональних відносин",FALSE,"neither","other","none","none",1,"Failed/incomplete rada.gov.ua scrape (same recurring issue as prior batches): only generic site navigation boilerplate present, zero UOC-MP keyword hits, no transcript content available to code.","coded_batch_41.json","2019-05-28","Засідання Комітету з питань прав людини, деокупації та реінтеграції тимчасово окупованих територій України, н","rada.gov.ua","rada_stenogram","https://rada.gov.ua/meeting/stenogr/show/7117.html","interstitial_2019-2022","2019"
"dfac127c25d5","Засідання Комітету з питань прав людини, деокупації та реінтеграції тимчасово окупованих територій України, національних меншин і міжнаціональних відносин",FALSE,"neither","other","none","none",1,"Failed/incomplete rada.gov.ua scrape (same recurring issue as prior batches): only generic site navigation boilerplate present, zero UOC-MP keyword hits, no transcript content available to code.","coded_batch_41.json","2019-05-28","Засідання Комітету з питань прав людини, деокупації та реінтеграції тимчасово окупованих територій України, н","rada.gov.ua","rada_stenogram","https://rada.gov.ua/meeting/stenogr/show/7118.html","interstitial_2019-2022","2019"
"f451e5efb235","На його окрузі в Білій Церкві є підприємство «УТОС», яке виробляє продукцію для людей з інвалідністю.",FALSE,"neither","other","none","none",3,"Plenary session transcript (Засідання 44, 28 May 2019) covering tax policy for disability employment. The only 'Церква' hit is the city name 'Біла Церква', unrelated to the religious institution. No UOC-MP-related content.","coded_batch_41.json","2019-05-28","Засідання 44","rada.gov.ua","rada_stenogram","https://www.rada.gov.ua/meeting/stenogr/show/7118.html","interstitial_2019-2022","2019"
"17875230ea17","Засідання Комітету з питань прав людини, деокупації та реінтеграції тимчасово окупованих територій України, національних меншин і міжнаціональних відносин",FALSE,"neither","other","none","none",1,"Failed/incomplete rada.gov.ua scrape (same recurring issue as prior batches): only generic site navigation boilerplate present, zero UOC-MP keyword hits, no transcript content available to code.","coded_batch_41.json","2019-05-29","Засідання Комітету з питань прав людини, деокупації та реінтеграції тимчасово окупованих територій України, н","rada.gov.ua","rada_stenogram","https://rada.gov.ua/meeting/stenogr/show/7121.html","interstitial_2019-2022","2019"
"36a3450eb16c","Засідання Комітету з питань прав людини, деокупації та реінтеграції тимчасово окупованих територій України, національних меншин і міжнаціональних відносин",FALSE,"neither","other","none","none",1,"Failed/incomplete rada.gov.ua scrape (same recurring issue as prior batches): only generic site navigation boilerplate present, zero UOC-MP keyword hits, no transcript content available to code.","coded_batch_41.json","2019-05-29","Засідання Комітету з питань прав людини, деокупації та реінтеграції тимчасово окупованих територій України, н","rada.gov.ua","rada_stenogram","https://rada.gov.ua/meeting/stenogr/show/7120.html","interstitial_2019-2022","2019"
"76cbb892d746","Засідання Комітету з питань прав людини, деокупації та реінтеграції тимчасово окупованих територій України, національних меншин і міжнаціональних відносин",FALSE,"neither","other","none","none",1,"Failed/incomplete rada.gov.ua scrape (same recurring issue as prior batches): only generic site navigation boilerplate present, zero UOC-MP keyword hits, no transcript content available to code.","coded_batch_41.json","2019-05-29","Засідання Комітету з питань прав людини, деокупації та реінтеграції тимчасово окупованих територій України, н","rada.gov.ua","rada_stenogram","https://rada.gov.ua/meeting/stenogr/show/7119.html","interstitial_2019-2022","2019"
"ca50771c8b49","Реальна енергетична безпека країни - це українське вугілля, українська енергетика, український газ і українська нафта.",FALSE,"neither","other","none","none",3,"Plenary session transcript (Засідання 45, 29 May 2019) covering energy policy demands to the incoming administration. No UOC-MP-related content.","coded_batch_41.json","2019-05-29","Засідання 45","rada.gov.ua","rada_stenogram","https://www.rada.gov.ua/meeting/stenogr/show/7121.html","interstitial_2019-2022","2019"
"6c1cf3e1c3c4","Засідання Комітету з питань прав людини, деокупації та реінтеграції тимчасово окупованих територій України, національних меншин і міжнаціональних відносин",FALSE,"neither","other","none","none",1,"Failed/incomplete rada.gov.ua scrape (same recurring issue as prior batches): only generic site navigation boilerplate present, zero UOC-MP keyword hits, no transcript content available to code.","coded_batch_41.json","2019-05-30","Засідання Комітету з питань прав людини, деокупації та реінтеграції тимчасово окупованих територій України, н","rada.gov.ua","rada_stenogram","https://rada.gov.ua/meeting/stenogr/show/7123.html","interstitial_2019-2022","2019"
"ccadb1d0bcf2","Сьогодні в Українському домі відбувся вже традиційний, восьмий, Національний молитовний сніданок Верховної Ради України.",FALSE,"neither","other","none","none",3,"Plenary session transcript (Засідання 46, 30 May 2019) opening with condolences for fallen soldiers, followed by a passing mention of the cross-confessional National Prayer Breakfast. No UOC-MP-specific content.","coded_batch_41.json","2019-05-30","Засідання 46","rada.gov.ua","rada_stenogram","https://www.rada.gov.ua/meeting/stenogr/show/7123.html","interstitial_2019-2022","2019"
"ce8f70ffad98","Проект Закону про внесення змін до статті 133-1 Кодексу України про адміністративні правопорушення.",FALSE,"neither","other","none","none",3,"Legislative agenda (Poriadok dennyi, 30 May 2019) covering unrelated administrative/legal bills. No UOC-MP-related content.","coded_batch_41.json","2019-05-30","Порядок денний","rada.gov.ua","rada_stenogram","https://www.rada.gov.ua/meeting/stenogr/show/7122.html","interstitial_2019-2022","2019"
"d625ffa4f536","Засідання Комітету з питань прав людини, деокупації та реінтеграції тимчасово окупованих територій України, національних меншин і міжнаціональних відносин",FALSE,"neither","other","none","none",1,"Failed/incomplete rada.gov.ua scrape (same recurring issue as prior batches): only generic site navigation boilerplate present, zero UOC-MP keyword hits, no transcript content available to code.","coded_batch_42.json","2019-05-30","Засідання Комітету з питань прав людини, деокупації та реінтеграції тимчасово окупованих територій України, н","rada.gov.ua","rada_stenogram","https://rada.gov.ua/meeting/stenogr/show/7122.html","interstitial_2019-2022","2019"
"9518ed320518","Засідання Комітету з питань прав людини, деокупації та реінтеграції тимчасово окупованих територій України, національних меншин і міжнаціональних відносин",FALSE,"neither","other","none","none",1,"Failed/incomplete rada.gov.ua scrape (same recurring issue as prior batches): only generic site navigation boilerplate present, zero UOC-MP keyword hits, no transcript content available to code.","coded_batch_42.json","2019-05-31","Засідання Комітету з питань прав людини, деокупації та реінтеграції тимчасово окупованих територій України, н","rada.gov.ua","rada_stenogram","https://rada.gov.ua/meeting/stenogr/show/7127.html","interstitial_2019-2022","2019"
"c9cd04536f43","Засідання Комітету з питань прав людини, деокупації та реінтеграції тимчасово окупованих територій України, національних меншин і міжнаціональних відносин",FALSE,"neither","other","none","none",1,"Failed/incomplete rada.gov.ua scrape (same recurring issue as prior batches): only generic site navigation boilerplate present, zero UOC-MP keyword hits, no transcript content available to code.","coded_batch_42.json","2019-05-31","Засідання Комітету з питань прав людини, деокупації та реінтеграції тимчасово окупованих територій України, н","rada.gov.ua","rada_stenogram","https://rada.gov.ua/meeting/stenogr/show/7126.html","interstitial_2019-2022","2019"
"d6568b6e0a2d","700 тисяч декларацій з лікарями визнано недійсними.",FALSE,"neither","other","none","none",3,"Plenary session transcript (Засідання 48, 31 May 2019) covering healthcare reform and the Accounting Chamber's independence. No UOC-MP-related content.","coded_batch_42.json","2019-05-31","Засідання 48","rada.gov.ua","rada_stenogram","https://www.rada.gov.ua/meeting/stenogr/show/7127.html","interstitial_2019-2022","2019"
"3a4eabaf1a6c","Засідання Комітету з питань прав людини, деокупації та реінтеграції тимчасово окупованих територій України, національних меншин і міжнаціональних відносин",FALSE,"neither","other","none","none",1,"Failed/incomplete rada.gov.ua scrape (same recurring issue as prior batches): only generic site navigation boilerplate present, zero UOC-MP keyword hits, no transcript content available to code.","coded_batch_42.json","2019-06-04","Засідання Комітету з питань прав людини, деокупації та реінтеграції тимчасово окупованих територій України, н","rada.gov.ua","rada_stenogram","https://rada.gov.ua/meeting/stenogr/show/7131.html","interstitial_2019-2022","2019"
"889e39258225","Засідання Комітету з питань прав людини, деокупації та реінтеграції тимчасово окупованих територій України, національних меншин і міжнаціональних відносин",FALSE,"neither","other","none","none",1,"Failed/incomplete rada.gov.ua scrape (same recurring issue as prior batches): only generic site navigation boilerplate present, zero UOC-MP keyword hits, no transcript content available to code.","coded_batch_42.json","2019-06-04","Засідання Комітету з питань прав людини, деокупації та реінтеграції тимчасово окупованих територій України, н","rada.gov.ua","rada_stenogram","https://rada.gov.ua/meeting/stenogr/show/7132.html","interstitial_2019-2022","2019"
"a67760f7c30a","Ми маємо вихолощений закон... неймовірна криза серед правоохоронних, антикорупційних інститутів.",FALSE,"neither","other","none","none",3,"Short plenary session transcript (Засідання 50, 4 June 2019) covering anti-corruption institutional reform. No UOC-MP-related content.","coded_batch_42.json","2019-06-04","Засідання 50","rada.gov.ua","rada_stenogram","https://www.rada.gov.ua/meeting/stenogr/show/7132.html","interstitial_2019-2022","2019"
"b2d1045c6853","Засідання Комітету з питань прав людини, деокупації та реінтеграції тимчасово окупованих територій України, національних меншин і міжнаціональних відносин",FALSE,"neither","other","none","none",1,"Failed/incomplete rada.gov.ua scrape (same recurring issue as prior batches): only generic site navigation boilerplate present, zero UOC-MP keyword hits, no transcript content available to code.","coded_batch_42.json","2019-06-04","Засідання Комітету з питань прав людини, деокупації та реінтеграції тимчасово окупованих територій України, н","rada.gov.ua","rada_stenogram","https://rada.gov.ua/meeting/stenogr/show/7129.html","interstitial_2019-2022","2019"
"31349e1f2ffb","Засідання Комітету з питань прав людини, деокупації та реінтеграції тимчасово окупованих територій України, національних меншин і міжнаціональних відносин",FALSE,"neither","other","none","none",1,"Failed/incomplete rada.gov.ua scrape (same recurring issue as prior batches): only generic site navigation boilerplate present, zero UOC-MP keyword hits, no transcript content available to code.","coded_batch_42.json","2019-06-05","Засідання Комітету з питань прав людини, деокупації та реінтеграції тимчасово окупованих територій України, н","rada.gov.ua","rada_stenogram","https://rada.gov.ua/meeting/stenogr/show/7134.html","interstitial_2019-2022","2019"
"6f36e7b20cbe","Засідання Комітету з питань прав людини, деокупації та реінтеграції тимчасово окупованих територій України, національних меншин і міжнаціональних відносин",FALSE,"neither","other","none","none",1,"Failed/incomplete rada.gov.ua scrape (same recurring issue as prior batches): only generic site navigation boilerplate present, zero UOC-MP keyword hits, no transcript content available to code.","coded_batch_42.json","2019-06-05","Засідання Комітету з питань прав людини, деокупації та реінтеграції тимчасово окупованих територій України, н","rada.gov.ua","rada_stenogram","https://rada.gov.ua/meeting/stenogr/show/7135.html","interstitial_2019-2022","2019"
"9c628f252c66","Нам намагаються знов підсунути гей-паради для того, щоб остаточно зруйнувати сімейні цінності... Всеукраїнська рада церков і релігійних організацій проводить всеукраїнську ходу за сім'ю і дітей.",FALSE,"neither","other","none","none",1,"Plenary session transcript (Засідання 51, 5 June 2019). MP Pavlo Unhuryan (a recurring evangelical/family-values politician from earlier batches) calls for a cross-confessional march 'in defence of family and children' organised by the All-Ukrainian Council of Churches, opposing 'gay parades'. This is family-values/anti-LGBT mobilisation, not UOC-MP-specific and outside this codebook's scope.","coded_batch_42.json","2019-06-05","Засідання 51","rada.gov.ua","rada_stenogram","https://www.rada.gov.ua/meeting/stenogr/show/7135.html","interstitial_2019-2022","2019"
"9cea60eb4fda","Засідання Комітету з питань прав людини, деокупації та реінтеграції тимчасово окупованих територій України, національних меншин і міжнаціональних відносин",FALSE,"neither","other","none","none",1,"Failed/incomplete rada.gov.ua scrape (same recurring issue as prior batches): only generic site navigation boilerplate present, zero UOC-MP keyword hits, no transcript content available to code.","coded_batch_42.json","2019-06-05","Засідання Комітету з питань прав людини, деокупації та реінтеграції тимчасово окупованих територій України, н","rada.gov.ua","rada_stenogram","https://rada.gov.ua/meeting/stenogr/show/7133.html","interstitial_2019-2022","2019"
"619f58745cd5","Засідання Комітету з питань прав людини, деокупації та реінтеграції тимчасово окупованих територій України, національних меншин і міжнаціональних відносин",FALSE,"neither","other","none","none",1,"Failed/incomplete rada.gov.ua scrape (same recurring issue as prior batches): only generic site navigation boilerplate present, zero UOC-MP keyword hits, no transcript content available to code.","coded_batch_42.json","2019-06-06","Засідання Комітету з питань прав людини, деокупації та реінтеграції тимчасово окупованих територій України, н","rada.gov.ua","rada_stenogram","https://rada.gov.ua/meeting/stenogr/show/7140.html","interstitial_2019-2022","2019"
"762d9e52d55b","Розширювати далі там за мовною, расовою, релігійною ознакою, ну, я вважаю, недоцільно, тому що в нас немає таких обмежень.",FALSE,"neither","other","none","none",3,"Plenary session transcript (Засідання 53, 6 June 2019) covering electoral code amendments, including a rejected proposal to add religious-affiliation non-discrimination language for candidacy eligibility. Generic, not UOC-MP-specific.","coded_batch_43.json","2019-06-06","Засідання 53","rada.gov.ua","rada_stenogram","https://www.rada.gov.ua/meeting/stenogr/show/7140.html","interstitial_2019-2022","2019"
"9f718949f664","Засідання Комітету з питань прав людини, деокупації та реінтеграції тимчасово окупованих територій України, національних меншин і міжнаціональних відносин",FALSE,"neither","other","none","none",1,"Failed/incomplete rada.gov.ua scrape (same recurring issue as prior batches): only generic site navigation boilerplate present, zero UOC-MP keyword hits, no transcript content available to code.","coded_batch_43.json","2019-06-06","Засідання Комітету з питань прав людини, деокупації та реінтеграції тимчасово окупованих територій України, н","rada.gov.ua","rada_stenogram","https://rada.gov.ua/meeting/stenogr/show/7136.html","interstitial_2019-2022","2019"
"c04eb57337d5","Засідання Комітету з питань прав людини, деокупації та реінтеграції тимчасово окупованих територій України, національних меншин і міжнаціональних відносин",FALSE,"neither","other","none","none",1,"Failed/incomplete rada.gov.ua scrape (same recurring issue as prior batches): only generic site navigation boilerplate present, zero UOC-MP keyword hits, no transcript content available to code.","coded_batch_43.json","2019-06-06","Засідання Комітету з питань прав людини, деокупації та реінтеграції тимчасово окупованих територій України, н","rada.gov.ua","rada_stenogram","https://rada.gov.ua/meeting/stenogr/show/7138.html","interstitial_2019-2022","2019"
"f40d17474a74","Про усунення неузгодженостей у тексті прийнятого Закону України про внесення змін до Закону України «Про державну реєстрацію юридичних осіб... щодо оформлення документів релігійних організацій» (реєстраційний № 6642).",FALSE,"neither","other","none","none",2,"Legislative agenda (Poriadok dennyi, 6 June 2019) listing a technical fix to the already-passed neutral religious-organisations registration law (bill 6642, confirmed neutral in batch 18). Procedural, no securitising content.","coded_batch_43.json","2019-06-06","Порядок денний","rada.gov.ua","rada_stenogram","https://www.rada.gov.ua/meeting/stenogr/show/7136.html","interstitial_2019-2022","2019"
"4fd2addba65b","Засідання Комітету з питань прав людини, деокупації та реінтеграції тимчасово окупованих територій України, національних меншин і міжнаціональних відносин",FALSE,"neither","other","none","none",1,"Failed/incomplete rada.gov.ua scrape (same recurring issue as prior batches): only generic site navigation boilerplate present, zero UOC-MP keyword hits, no transcript content available to code.","coded_batch_43.json","2019-06-07","Засідання Комітету з питань прав людини, деокупації та реінтеграції тимчасово окупованих територій України, н","rada.gov.ua","rada_stenogram","https://rada.gov.ua/meeting/stenogr/show/7139.html","interstitial_2019-2022","2019"
"5b4035b6380a","Розкол в українському православ'ї лише поглиблюється подібними кроками керівництва Ради... нехтування правами тих, хто захищає позиції найбільшої і, головне, канонічної православної конфесії України – Української Православної Церкви, права якої порушуються останніх років.",TRUE,"material","other","other","none",2,"Plenary session transcript (Засідання 55, 18 June 2019). Opposition Bloc MP protests that UOC-MP-sympathetic deputies (Novynskyi, Dobkin) were excluded from the delegation to the Interparliamentary Assembly of Orthodoxy in Tbilisi via a closed-door committee decision, framing this as deepening the Orthodox schism and neglecting the rights of 'the largest and, most importantly, canonical Orthodox confession of Ukraine -- the Ukrainian Orthodox Church, whose rights have been violated in recent years'. A reverse-direction securitising complaint (referent object 'other' = UOC-MP; threat actor 'other' = Rada leadership), though without a specific proposed extraordinary measure beyond delegation inclusion.","coded_batch_43.json","2019-06-18","Засідання 55","rada.gov.ua","rada_stenogram","https://www.rada.gov.ua/meeting/stenogr/show/7144.html","interstitial_2019-2022","2019"
"8a254cb67a68","Засідання Комітету з питань прав людини, деокупації та реінтеграції тимчасово окупованих територій України, національних меншин і міжнаціональних відносин",FALSE,"neither","other","none","none",1,"Failed/incomplete rada.gov.ua scrape (same recurring issue as prior batches): only generic site navigation boilerplate present, zero UOC-MP keyword hits, no transcript content available to code.","coded_batch_43.json","2019-06-18","Засідання Комітету з питань прав людини, деокупації та реінтеграції тимчасово окупованих територій України, н","rada.gov.ua","rada_stenogram","https://rada.gov.ua/meeting/stenogr/show/7146.html","interstitial_2019-2022","2019"
"921d40d83d41","Засідання Комітету з питань прав людини, деокупації та реінтеграції тимчасово окупованих територій України, національних меншин і міжнаціональних відносин",FALSE,"neither","other","none","none",1,"Failed/incomplete rada.gov.ua scrape (same recurring issue as prior batches): only generic site navigation boilerplate present, zero UOC-MP keyword hits, no transcript content available to code.","coded_batch_43.json","2019-06-18","Засідання Комітету з питань прав людини, деокупації та реінтеграції тимчасово окупованих територій України, н","rada.gov.ua","rada_stenogram","https://rada.gov.ua/meeting/stenogr/show/7147.html","interstitial_2019-2022","2019"
"a58c58a0e5ba","Українці на чолі з Петром Порошенком вибороли духовну незалежність попри всі перешкоди внутрішніх і зовнішніх ворогів нашої держави.",FALSE,"neither","other","none","none",1,"Coordination Council transcript (18 June 2019). BPP/European Solidarity faction leader Herasymov gives a celebratory retrospective on Poroshenko's presidency including the Tomos, repeating 'internal and external enemies' framing without new specifics. Largely repetitive campaign-style rhetoric; coded conservatively as not adding new securitising content.","coded_batch_43.json","2019-06-18","Погоджувальна рада","rada.gov.ua","rada_stenogram","https://www.rada.gov.ua/meeting/stenogr/show/7143.html","interstitial_2019-2022","2019"
"a5c93aad43b9","Не може бути призначений до складу ЦВК громадянин, який має судимість за вчинення злочину.",FALSE,"neither","other","none","none",3,"Plenary session transcript (Засідання 56, 18 June 2019) covering Central Election Commission eligibility criteria. No UOC-MP-related content.","coded_batch_43.json","2019-06-18","Засідання 56","rada.gov.ua","rada_stenogram","https://www.rada.gov.ua/meeting/stenogr/show/7147.html","interstitial_2019-2022","2019"
"acbd0c8ae449","Засідання Комітету з питань прав людини, деокупації та реінтеграції тимчасово окупованих територій України, національних меншин і міжнаціональних відносин",FALSE,"neither","other","none","none",1,"Failed/incomplete rada.gov.ua scrape (same recurring issue as prior batches): only generic site navigation boilerplate present, zero UOC-MP keyword hits, no transcript content available to code.","coded_batch_43.json","2019-06-18","Засідання Комітету з питань прав людини, деокупації та реінтеграції тимчасово окупованих територій України, н","rada.gov.ua","rada_stenogram","https://rada.gov.ua/meeting/stenogr/show/7143.html","interstitial_2019-2022","2019"
"b76455f302b3","Засідання Комітету з питань прав людини, деокупації та реінтеграції тимчасово окупованих територій України, національних меншин і міжнаціональних відносин",FALSE,"neither","other","none","none",1,"Failed/incomplete rada.gov.ua scrape (same recurring issue as prior batches): only generic site navigation boilerplate present, zero UOC-MP keyword hits, no transcript content available to code.","coded_batch_43.json","2019-06-18","Засідання Комітету з питань прав людини, деокупації та реінтеграції тимчасово окупованих територій України, н","rada.gov.ua","rada_stenogram","https://rada.gov.ua/meeting/stenogr/show/7142.html","interstitial_2019-2022","2019"
"eff79bb5c991","Засідання Комітету з питань прав людини, деокупації та реінтеграції тимчасово окупованих територій України, національних меншин і міжнаціональних відносин",FALSE,"neither","other","none","none",1,"Failed/incomplete rada.gov.ua scrape (same recurring issue as prior batches): only generic site navigation boilerplate present, zero UOC-MP keyword hits, no transcript content available to code.","coded_batch_43.json","2019-06-18","Засідання Комітету з питань прав людини, деокупації та реінтеграції тимчасово окупованих територій України, н","rada.gov.ua","rada_stenogram","https://rada.gov.ua/meeting/stenogr/show/7144.html","interstitial_2019-2022","2019"
"8e4d372f2154","Засідання Комітету з питань прав людини, деокупації та реінтеграції тимчасово окупованих територій України, національних меншин і міжнаціональних відносин",FALSE,"neither","other","none","none",1,"Failed/incomplete rada.gov.ua scrape (same recurring issue as prior batches): only generic site navigation boilerplate present, zero UOC-MP keyword hits, no transcript content available to code.","coded_batch_43.json","2019-06-19","Засідання Комітету з питань прав людини, деокупації та реінтеграції тимчасово окупованих територій України, н","rada.gov.ua","rada_stenogram","https://rada.gov.ua/meeting/stenogr/show/7145.html","interstitial_2019-2022","2019"
"377834b83b5f","Засідання Комітету з питань прав людини, деокупації та реінтеграції тимчасово окупованих територій України, національних меншин і міжнаціональних відносин",FALSE,"neither","other","none","none",1,"Failed/incomplete rada.gov.ua scrape (same recurring issue as prior batches): only generic site navigation boilerplate present, zero UOC-MP keyword hits, no transcript content available to code.","coded_batch_44.json","2019-06-20","Засідання Комітету з питань прав людини, деокупації та реінтеграції тимчасово окупованих територій України, н","rada.gov.ua","rada_stenogram","https://rada.gov.ua/meeting/stenogr/show/7153.html","interstitial_2019-2022","2019"
"5651b4ec9dc0","Московська церква в Україні не лише не бажає виконувати закон і чесно вказувати свій реальний центр – Москву, вони вже намагаються скасувати реєстрацію української вселенськи визнаної церкви, хочуть забрати в українців право мати свою церкву. Київський окружний адмінсуд повинен здати іспит на державність і українськість і однозначно підтвердити законність реєстрації Православної Церкви України.",TRUE,"both","state","UOC-MP","other",3,"Plenary session transcript (Засідання 58, 20 June 2019), the same day as Poroshenko's Facebook statement (doc 3cc62c43e1a7) on the UOC-MP lawsuit against PCU's registration. The presiding chair explicitly frames the lawsuit as UOC-MP trying to 'take away Ukrainians' right to have their own church' amid 'attempts at revanche... inside the country', and directly pressures the Kyiv District Administrative Court to 'pass a test of statehood and Ukrainian-ness' and rule to uphold PCU's registration -- an explicit attempt to politically pressure judicial proceedings, framed as a national-existential test.","coded_batch_44.json","2019-06-20","Засідання 58","rada.gov.ua","rada_stenogram","https://www.rada.gov.ua/meeting/stenogr/show/7151.html","interstitial_2019-2022","2019"
"e9dee3450e69","Засідання Комітету з питань прав людини, деокупації та реінтеграції тимчасово окупованих територій України, національних меншин і міжнаціональних відносин",FALSE,"neither","other","none","none",1,"Failed/incomplete rada.gov.ua scrape (same recurring issue as prior batches): only generic site navigation boilerplate present, zero UOC-MP keyword hits, no transcript content available to code.","coded_batch_44.json","2019-06-20","Засідання Комітету з питань прав людини, деокупації та реінтеграції тимчасово окупованих територій України, н","rada.gov.ua","rada_stenogram","https://rada.gov.ua/meeting/stenogr/show/7151.html","interstitial_2019-2022","2019"
"3cc62c43e1a7","Позов УПЦ МП до Окружного адмінсуду Києва щодо «незаконної реєстрації» ПЦУ повинен бути винесений на обговорення в РНБО... Що ще краще може ілюструвати реальність російського реваншу? Все більш очевидним стає атака на наші цінності, на фундамент державності.",TRUE,"both","state","UOC-MP","other",3,"Poroshenko (now opposition leader) calls on Zelensky to convene the National Security and Defence Council (RNBO) to discuss UOC-MP's lawsuit challenging PCU's registration, explicitly rejecting the idea that 'Ukraine should not interfere in church affairs' as naive ('a nice theory' that in reality means 'indifference to Russian interference'). He frames the lawsuit as 'not a church matter', notes UOC-MP leadership recently visited Moscow with Opposition Bloc leader Novynskyi, and declares it 'an attack on our values, on the foundation of statehood' -- explicitly calling for the National Security Council, Ukraine's top security body, to review what is formally a civil lawsuit.","coded_batch_44.json","2019-06-21","Порошенко закликав Зеленського скликати РНБО за позовом УПЦ МП проти ПЦУ","risu.ua","poroshenko_speech","https://risu.ua/poroshenko-zaklikav-zelenskogo-sklikati-rnbo-za-pozovom-upc-mp-proti-pcu_n98729","interstitial_2019-2022","2019"
"4d33b550df01","Засідання Комітету з питань прав людини, деокупації та реінтеграції тимчасово окупованих територій України, національних меншин і міжнаціональних відносин",FALSE,"neither","other","none","none",1,"Failed/incomplete rada.gov.ua scrape (same recurring issue as prior batches): only generic site navigation boilerplate present, zero UOC-MP keyword hits, no transcript content available to code.","coded_batch_44.json","2019-07-02","Засідання Комітету з питань прав людини, деокупації та реінтеграції тимчасово окупованих територій України, н","rada.gov.ua","rada_stenogram","https://rada.gov.ua/meeting/stenogr/show/7158.html","interstitial_2019-2022","2019"
"7e8819830ebd","Засідання Комітету з питань прав людини, деокупації та реінтеграції тимчасово окупованих територій України, національних меншин і міжнаціональних відносин",FALSE,"neither","other","none","none",1,"Failed/incomplete rada.gov.ua scrape (same recurring issue as prior batches): only generic site navigation boilerplate present, zero UOC-MP keyword hits, no transcript content available to code.","coded_batch_44.json","2019-07-02","Засідання Комітету з питань прав людини, деокупації та реінтеграції тимчасово окупованих територій України, н","rada.gov.ua","rada_stenogram","https://rada.gov.ua/meeting/stenogr/show/7157.html","interstitial_2019-2022","2019"
"e79aaa3eee6e","Засідання Комітету з питань прав людини, деокупації та реінтеграції тимчасово окупованих територій України, національних меншин і міжнаціональних відносин",FALSE,"neither","other","none","none",1,"Failed/incomplete rada.gov.ua scrape (same recurring issue as prior batches): only generic site navigation boilerplate present, zero UOC-MP keyword hits, no transcript content available to code.","coded_batch_44.json","2019-07-02","Засідання Комітету з питань прав людини, деокупації та реінтеграції тимчасово окупованих територій України, н","rada.gov.ua","rada_stenogram","https://rada.gov.ua/meeting/stenogr/show/7160.html","interstitial_2019-2022","2019"
"595fdcb561cf","Ці «вовки в овечій шкурі» протягом останніх 5 років зруйнували українську міжнародну політику.",FALSE,"neither","other","none","none",2,"Plenary session transcript (Засідання 61, 2 July 2019). Coordination Council remarks praising reform achievements, followed by a Radical Party MP's 'wolves in sheep's clothing' attack on the outgoing government's foreign policy (unrelated to UOC-MP), and an Opposition Bloc MP's complaint about the language law discriminating against Russian speakers. No UOC-MP-specific content.","coded_batch_44.json","2019-07-02","Засідання 61","rada.gov.ua","rada_stenogram","https://www.rada.gov.ua/meeting/stenogr/show/7158.html","interstitial_2019-2022","2019"
"162b4f76bd77","Засідання Комітету з питань прав людини, деокупації та реінтеграції тимчасово окупованих територій України, національних меншин і міжнаціональних відносин",FALSE,"neither","other","none","none",1,"Failed/incomplete rada.gov.ua scrape (same recurring issue as prior batches): only generic site navigation boilerplate present, zero UOC-MP keyword hits, no transcript content available to code.","coded_batch_44.json","2019-07-03","Засідання Комітету з питань прав людини, деокупації та реінтеграції тимчасово окупованих територій України, н","rada.gov.ua","rada_stenogram","https://rada.gov.ua/meeting/stenogr/show/7159.html","interstitial_2019-2022","2019"
"838d19269a37","Засідання Комітету з питань прав людини, деокупації та реінтеграції тимчасово окупованих територій України, національних меншин і міжнаціональних відносин",FALSE,"neither","other","none","none",1,"Failed/incomplete rada.gov.ua scrape (same recurring issue as prior batches): only generic site navigation boilerplate present, zero UOC-MP keyword hits, no transcript content available to code.","coded_batch_44.json","2019-07-03","Засідання Комітету з питань прав людини, деокупації та реінтеграції тимчасово окупованих територій України, н","rada.gov.ua","rada_stenogram","https://rada.gov.ua/meeting/stenogr/show/7162.html","interstitial_2019-2022","2019"
"3efa57f8d837","Засідання Комітету з питань прав людини, деокупації та реінтеграції тимчасово окупованих територій України, національних меншин і міжнаціональних відносин",FALSE,"neither","other","none","none",1,"Failed/incomplete rada.gov.ua scrape (same recurring issue as prior batches): only generic site navigation boilerplate present, zero UOC-MP keyword hits, no transcript content available to code.","coded_batch_44.json","2019-07-04","Засідання Комітету з питань прав людини, деокупації та реінтеграції тимчасово окупованих територій України, н","rada.gov.ua","rada_stenogram","https://rada.gov.ua/meeting/stenogr/show/7166.html","interstitial_2019-2022","2019"
"4c0198593eb5","Засідання Комітету з питань прав людини, деокупації та реінтеграції тимчасово окупованих територій України, національних меншин і міжнаціональних відносин",FALSE,"neither","other","none","none",1,"Failed/incomplete rada.gov.ua scrape (same recurring issue as prior batches): only generic site navigation boilerplate present, zero UOC-MP keyword hits, no transcript content available to code.","coded_batch_44.json","2019-07-04","Засідання Комітету з питань прав людини, деокупації та реінтеграції тимчасово окупованих територій України, н","rada.gov.ua","rada_stenogram","https://rada.gov.ua/meeting/stenogr/show/7168.html","interstitial_2019-2022","2019"
"5c865e66fdc8","Засідання Комітету з питань прав людини, деокупації та реінтеграції тимчасово окупованих територій України, національних меншин і міжнаціональних відносин",FALSE,"neither","other","none","none",1,"Failed/incomplete rada.gov.ua scrape (same recurring issue as prior batches): only generic site navigation boilerplate present, zero UOC-MP keyword hits, no transcript content available to code.","coded_batch_44.json","2019-07-04","Засідання Комітету з питань прав людини, деокупації та реінтеграції тимчасово окупованих територій України, н","rada.gov.ua","rada_stenogram","https://rada.gov.ua/meeting/stenogr/show/7163.html","interstitial_2019-2022","2019"
"bf14be0c8d61","Стосується антикорупційного законодавства і декларацій.",FALSE,"neither","other","none","none",3,"Plenary session transcript (Засідання 65, 4 July 2019) covering rapid-fire anti-corruption legislative amendments. No UOC-MP-related content.","coded_batch_44.json","2019-07-04","Засідання 65","rada.gov.ua","rada_stenogram","https://www.rada.gov.ua/meeting/stenogr/show/7168.html","interstitial_2019-2022","2019"
"d8d0e951c915","Засідання Комітету з питань прав людини, деокупації та реінтеграції тимчасово окупованих територій України, національних меншин і міжнаціональних відносин",FALSE,"neither","other","none","none",1,"Failed/incomplete rada.gov.ua scrape (same recurring issue as prior batches): only generic site navigation boilerplate present, zero UOC-MP keyword hits, no transcript content available to code.","coded_batch_44.json","2019-07-04","Засідання Комітету з питань прав людини, деокупації та реінтеграції тимчасово окупованих територій України, н","rada.gov.ua","rada_stenogram","https://rada.gov.ua/meeting/stenogr/show/7165.html","interstitial_2019-2022","2019"
"4a8661dbfd6c","Засідання Комітету з питань прав людини, деокупації та реінтеграції тимчасово окупованих територій України, національних меншин і міжнаціональних відносин",FALSE,"neither","other","none","none",1,"Failed/incomplete rada.gov.ua scrape (same recurring issue as prior batches): only generic site navigation boilerplate present, zero UOC-MP keyword hits, no transcript content available to code.","coded_batch_45.json","2019-07-05","Засідання Комітету з питань прав людини, деокупації та реінтеграції тимчасово окупованих територій України, н","rada.gov.ua","rada_stenogram","https://rada.gov.ua/meeting/stenogr/show/7167.html","interstitial_2019-2022","2019"
"1b32832d805e","Засідання Комітету з питань прав людини, деокупації та реінтеграції тимчасово окупованих територій України, національних меншин і міжнаціональних відносин",FALSE,"neither","other","none","none",1,"Failed/incomplete rada.gov.ua scrape (same recurring issue as prior batches): only generic site navigation boilerplate present, zero UOC-MP keyword hits, no transcript content available to code.","coded_batch_45.json","2019-07-08","Засідання Комітету з питань прав людини, деокупації та реінтеграції тимчасово окупованих територій України, н","rada.gov.ua","rada_stenogram","https://rada.gov.ua/meeting/stenogr/show/7170.html","interstitial_2019-2022","2019"
"ed729bc2484f","Є звернення Ради церков з приводу цього закону, релігійних організацій, майже більшості. І це теж є фактор, який впливає і на народних депутатів теж.",FALSE,"neither","other","none","none",1,"Plenary session transcript (Засідання 12, 8 July 2019) covering a healthcare bill, with a passing note that the All-Ukrainian Council of Churches submitted input on it. Separately, a critical remark about 'Medvedchuks and Rabinoviches' as political 'shadows from the past' is general anti-oligarch rhetoric, not a specific UOC-MP securitising claim. No relevant content.","coded_batch_45.json","2019-07-08","Засідання 12","rada.gov.ua","rada_stenogram","https://www.rada.gov.ua/meeting/stenogr/show/7170.html","interstitial_2019-2022","2019"
"52cf01fefc3a","Засідання Комітету з питань прав людини, деокупації та реінтеграції тимчасово окупованих територій України, національних меншин і міжнаціональних відносин",FALSE,"neither","other","none","none",1,"Failed/incomplete rada.gov.ua scrape (same recurring issue as prior batches): only generic site navigation boilerplate present, zero UOC-MP keyword hits, no transcript content available to code.","coded_batch_45.json","2019-07-09","Засідання Комітету з питань прав людини, деокупації та реінтеграції тимчасово окупованих територій України, н","rada.gov.ua","rada_stenogram","https://rada.gov.ua/meeting/stenogr/show/7171.html","interstitial_2019-2022","2019"
"53004ad277de","Засідання Комітету з питань прав людини, деокупації та реінтеграції тимчасово окупованих територій України, національних меншин і міжнаціональних відносин",FALSE,"neither","other","none","none",1,"Failed/incomplete rada.gov.ua scrape (same recurring issue as prior batches): only generic site navigation boilerplate present, zero UOC-MP keyword hits, no transcript content available to code.","coded_batch_45.json","2019-07-09","Засідання Комітету з питань прав людини, деокупації та реінтеграції тимчасово окупованих територій України, н","rada.gov.ua","rada_stenogram","https://rada.gov.ua/meeting/stenogr/show/7173.html","interstitial_2019-2022","2019"
"3b29d0b7e883","Засідання Комітету з питань прав людини, деокупації та реінтеграції тимчасово окупованих територій України, національних меншин і міжнаціональних відносин",FALSE,"neither","other","none","none",1,"Failed/incomplete rada.gov.ua scrape (same recurring issue as prior batches): only generic site navigation boilerplate present, zero UOC-MP keyword hits, no transcript content available to code.","coded_batch_45.json","2019-07-10","Засідання Комітету з питань прав людини, деокупації та реінтеграції тимчасово окупованих територій України, н","rada.gov.ua","rada_stenogram","https://rada.gov.ua/meeting/stenogr/show/7174.html","interstitial_2019-2022","2019"
"8536394ba394","Засідання Комітету з питань прав людини, деокупації та реінтеграції тимчасово окупованих територій України, національних меншин і міжнаціональних відносин",FALSE,"neither","other","none","none",1,"Failed/incomplete rada.gov.ua scrape (same recurring issue as prior batches): only generic site navigation boilerplate present, zero UOC-MP keyword hits, no transcript content available to code.","coded_batch_45.json","2019-07-10","Засідання Комітету з питань прав людини, деокупації та реінтеграції тимчасово окупованих територій України, н","rada.gov.ua","rada_stenogram","https://rada.gov.ua/meeting/stenogr/show/7176.html","interstitial_2019-2022","2019"
"bf03ed1b7d53","Засідання Комітету з питань прав людини, деокупації та реінтеграції тимчасово окупованих територій України, національних меншин і міжнаціональних відносин",FALSE,"neither","other","none","none",1,"Failed/incomplete rada.gov.ua scrape (same recurring issue as prior batches): only generic site navigation boilerplate present, zero UOC-MP keyword hits, no transcript content available to code.","coded_batch_45.json","2019-07-10","Засідання Комітету з питань прав людини, деокупації та реінтеграції тимчасово окупованих територій України, н","rada.gov.ua","rada_stenogram","https://rada.gov.ua/meeting/stenogr/show/7177.html","interstitial_2019-2022","2019"
"305cf63468ee","Засідання Комітету з питань прав людини, деокупації та реінтеграції тимчасово окупованих територій України, національних меншин і міжнаціональних відносин",FALSE,"neither","other","none","none",1,"Failed/incomplete rada.gov.ua scrape (same recurring issue as prior batches): only generic site navigation boilerplate present, zero UOC-MP keyword hits, no transcript content available to code.","coded_batch_45.json","2019-07-11","Засідання Комітету з питань прав людини, деокупації та реінтеграції тимчасово окупованих територій України, н","rada.gov.ua","rada_stenogram","https://rada.gov.ua/meeting/stenogr/show/7182.html","interstitial_2019-2022","2019"
"34082b8eb2f5","Це історичне голосування. Це ключовий масштабний документ – закон – який приймає Верховна Рада України восьмого скликання.",FALSE,"neither","other","none","none",3,"Plenary session transcript (Засідання 70, 11 July 2019), the outgoing eighth convocation's final vote on the Electoral Code, plus a report from the temporary investigative commission on the murder of activist Kateryna Handzyuk. No UOC-MP-related content.","coded_batch_45.json","2019-07-11","Засідання 70","rada.gov.ua","rada_stenogram","https://www.rada.gov.ua/meeting/stenogr/show/7180.html","interstitial_2019-2022","2019"
"6b0ccc02c4b8","Засідання Комітету з питань прав людини, деокупації та реінтеграції тимчасово окупованих територій України, національних меншин і міжнаціональних відносин",FALSE,"neither","other","none","none",1,"Failed/incomplete rada.gov.ua scrape (same recurring issue as prior batches): only generic site navigation boilerplate present, zero UOC-MP keyword hits, no transcript content available to code.","coded_batch_45.json","2019-07-11","Засідання Комітету з питань прав людини, деокупації та реінтеграції тимчасово окупованих територій України, н","rada.gov.ua","rada_stenogram","https://rada.gov.ua/meeting/stenogr/show/7178.html","interstitial_2019-2022","2019"
"6f4cead09c21","Засідання Комітету з питань прав людини, деокупації та реінтеграції тимчасово окупованих територій України, національних меншин і міжнаціональних відносин",FALSE,"neither","other","none","none",1,"Failed/incomplete rada.gov.ua scrape (same recurring issue as prior batches): only generic site navigation boilerplate present, zero UOC-MP keyword hits, no transcript content available to code.","coded_batch_45.json","2019-07-11","Засідання Комітету з питань прав людини, деокупації та реінтеграції тимчасово окупованих територій України, н","rada.gov.ua","rada_stenogram","https://rada.gov.ua/meeting/stenogr/show/7179.html","interstitial_2019-2022","2019"
"d31f6f5175ec","Засідання Комітету з питань прав людини, деокупації та реінтеграції тимчасово окупованих територій України, національних меншин і міжнаціональних відносин",FALSE,"neither","other","none","none",1,"Failed/incomplete rada.gov.ua scrape (same recurring issue as prior batches): only generic site navigation boilerplate present, zero UOC-MP keyword hits, no transcript content available to code.","coded_batch_45.json","2019-07-11","Засідання Комітету з питань прав людини, деокупації та реінтеграції тимчасово окупованих територій України, н","rada.gov.ua","rada_stenogram","https://rada.gov.ua/meeting/stenogr/show/7181.html","interstitial_2019-2022","2019"
"fc1525336b60","Засідання Комітету з питань прав людини, деокупації та реінтеграції тимчасово окупованих територій України, національних меншин і міжнаціональних відносин",FALSE,"neither","other","none","none",1,"Failed/incomplete rada.gov.ua scrape (same recurring issue as prior batches): only generic site navigation boilerplate present, zero UOC-MP keyword hits, no transcript content available to code.","coded_batch_46.json","2019-07-11","Засідання Комітету з питань прав людини, деокупації та реінтеграції тимчасово окупованих територій України, н","rada.gov.ua","rada_stenogram","https://rada.gov.ua/meeting/stenogr/show/7180.html","interstitial_2019-2022","2019"
"e950d6d6a96e","Засідання Комітету з питань прав людини, деокупації та реінтеграції тимчасово окупованих територій України, національних меншин і міжнаціональних відносин",FALSE,"neither","other","none","none",1,"Failed/incomplete rada.gov.ua scrape (same recurring issue as prior batches): only generic site navigation boilerplate present, zero UOC-MP keyword hits, no transcript content available to code.","coded_batch_46.json","2019-07-12","Засідання Комітету з питань прав людини, деокупації та реінтеграції тимчасово окупованих територій України, н","rada.gov.ua","rada_stenogram","https://rada.gov.ua/meeting/stenogr/show/7185.html","interstitial_2019-2022","2019"
"4a2ee6d6984c","Предстоятелі церков і релігійних об'єднань України.",FALSE,"neither","other","none","none",3,"Formal ceremony inaugurating the ninth Rada convocation (29 Aug 2019) following the July 2019 snap parliamentary elections, with the oath of office administered to new MPs in President Zelensky's presence. Notes attendance of Ukrainian church leaders in the procedural roll call alongside other officials. No securitising content.","coded_batch_46.json","2019-08-29","Урочисте засідання","rada.gov.ua","rada_stenogram","https://www.rada.gov.ua/meeting/stenogr/show/7188.html","interstitial_2019-2022","2019"
"d6ec24aed88b","Засідання Комітету з питань прав людини, деокупації та реінтеграції тимчасово окупованих територій України, національних меншин і міжнаціональних відносин",FALSE,"neither","other","none","none",1,"Failed/incomplete rada.gov.ua scrape (same recurring issue as prior batches): only generic site navigation boilerplate present, zero UOC-MP keyword hits, no transcript content available to code.","coded_batch_46.json","2019-08-29","Засідання Комітету з питань прав людини, деокупації та реінтеграції тимчасово окупованих територій України, н","rada.gov.ua","rada_stenogram","https://rada.gov.ua/meeting/stenogr/show/7188.html","interstitial_2019-2022","2019"
"38715cf40309","Засідання Комітету з питань прав людини, деокупації та реінтеграції тимчасово окупованих територій України, національних меншин і міжнаціональних відносин",FALSE,"neither","other","none","none",1,"Failed/incomplete rada.gov.ua scrape (same recurring issue as prior batches): only generic site navigation boilerplate present, zero UOC-MP keyword hits, no transcript content available to code.","coded_batch_46.json","2019-09-02","Засідання Комітету з питань прав людини, деокупації та реінтеграції тимчасово окупованих територій України, н","rada.gov.ua","rada_stenogram","https://rada.gov.ua/meeting/stenogr/show/7192.html","interstitial_2019-2022","2019"
"9f78effd166b","Про проект порядку денного другої сесії.",FALSE,"neither","other","none","none",3,"Coordination Council transcript (2 Sept 2019) of the newly elected ninth convocation, setting the second session's agenda. No UOC-MP-related content.","coded_batch_46.json","2019-09-02","Погоджувальна рада","rada.gov.ua","rada_stenogram","https://www.rada.gov.ua/meeting/stenogr/show/7192.html","interstitial_2019-2022","2019"
"09d799dac308","Прочитайте уважно, це є законом прямої заборони мов національних меншин... І тоді у нас не було би і гонінь на Церкву.",FALSE,"neither","other","none","none",1,"Plenary session transcript (Засідання 2, 3 Sept 2019). Opposition Bloc MP Papiiev repeats his critique that the language law caused 'persecution of the Church', a brief reverse-direction remark consistent with his earlier comments in batch 40; not itself a full securitising claim.","coded_batch_46.json","2019-09-03","Засідання 2","rada.gov.ua","rada_stenogram","https://www.rada.gov.ua/meeting/stenogr/show/7195.html","interstitial_2019-2022","2019"
"30172822d707","Засідання Комітету з питань прав людини, деокупації та реінтеграції тимчасово окупованих територій України, національних меншин і міжнаціональних відносин",FALSE,"neither","other","none","none",1,"Failed/incomplete rada.gov.ua scrape (same recurring issue as prior batches): only generic site navigation boilerplate present, zero UOC-MP keyword hits, no transcript content available to code.","coded_batch_46.json","2019-09-03","Засідання Комітету з питань прав людини, деокупації та реінтеграції тимчасово окупованих територій України, н","rada.gov.ua","rada_stenogram","https://rada.gov.ua/meeting/stenogr/show/7193.html","interstitial_2019-2022","2019"
"473139094ea5","Не може існувати в цій країні ні президентська, ні Верховна Рада і влада без чіткого унормування цих норм в Конституції.",FALSE,"neither","other","none","none",3,"Plenary session transcript (Засідання 1, 3 Sept 2019), the new convocation's first substantive session covering constitutional/institutional reform debates. No UOC-MP-related content.","coded_batch_46.json","2019-09-03","Засідання 1","rada.gov.ua","rada_stenogram","https://www.rada.gov.ua/meeting/stenogr/show/7193.html","interstitial_2019-2022","2019"
"4b9d5d702499","Засідання Комітету з питань прав людини, деокупації та реінтеграції тимчасово окупованих територій України, національних меншин і міжнаціональних відносин",FALSE,"neither","other","none","none",1,"Failed/incomplete rada.gov.ua scrape (same recurring issue as prior batches): only generic site navigation boilerplate present, zero UOC-MP keyword hits, no transcript content available to code.","coded_batch_46.json","2019-09-03","Засідання Комітету з питань прав людини, деокупації та реінтеграції тимчасово окупованих територій України, н","rada.gov.ua","rada_stenogram","https://rada.gov.ua/meeting/stenogr/show/7191.html","interstitial_2019-2022","2019"
"b137913b04de","Засідання Комітету з питань прав людини, деокупації та реінтеграції тимчасово окупованих територій України, національних меншин і міжнаціональних відносин",FALSE,"neither","other","none","none",1,"Failed/incomplete rada.gov.ua scrape (same recurring issue as prior batches): only generic site navigation boilerplate present, zero UOC-MP keyword hits, no transcript content available to code.","coded_batch_46.json","2019-09-03","Засідання Комітету з питань прав людини, деокупації та реінтеграції тимчасово окупованих територій України, н","rada.gov.ua","rada_stenogram","https://rada.gov.ua/meeting/stenogr/show/7195.html","interstitial_2019-2022","2019"
"d6c06c3e5f75","Засідання Комітету з питань прав людини, деокупації та реінтеграції тимчасово окупованих територій України, національних меншин і міжнаціональних відносин",FALSE,"neither","other","none","none",1,"Failed/incomplete rada.gov.ua scrape (same recurring issue as prior batches): only generic site navigation boilerplate present, zero UOC-MP keyword hits, no transcript content available to code.","coded_batch_46.json","2019-09-03","Засідання Комітету з питань прав людини, деокупації та реінтеграції тимчасово окупованих територій України, н","rada.gov.ua","rada_stenogram","https://rada.gov.ua/meeting/stenogr/show/7194.html","interstitial_2019-2022","2019"
"570f4d02b585","Засідання Комітету з питань прав людини, деокупації та реінтеграції тимчасово окупованих територій України, національних меншин і міжнаціональних відносин",FALSE,"neither","other","none","none",1,"Failed/incomplete rada.gov.ua scrape (same recurring issue as prior batches): only generic site navigation boilerplate present, zero UOC-MP keyword hits, no transcript content available to code.","coded_batch_46.json","2019-09-09","Засідання Комітету з питань прав людини, деокупації та реінтеграції тимчасово окупованих територій України, н","rada.gov.ua","rada_stenogram","https://rada.gov.ua/meeting/stenogr/show/7196.html","interstitial_2019-2022","2019"
"a42b65f9d003","Це вже є частиною виконання наших передвиборчих обіцянок як партії і тієї програми Володимира Зеленського.",FALSE,"neither","other","none","none",3,"Coordination Council transcript (9 Sept 2019) covering the new Servant of the People majority's legislative programme. No UOC-MP-related content.","coded_batch_46.json","2019-09-09","Погоджувальна рада","rada.gov.ua","rada_stenogram","https://www.rada.gov.ua/meeting/stenogr/show/7196.html","interstitial_2019-2022","2019"
"22c23fa2ed75","Метою прийняття цього проекту є створення правових засад для гарантування реалізації... парламентського контролю за дотриманням Главою держави Конституції.",FALSE,"neither","other","none","none",3,"Plenary session transcript (Засідання 3, 10 Sept 2019) covering presidential impeachment procedure reform. No UOC-MP-related content.","coded_batch_47.json","2019-09-10","Засідання 3","rada.gov.ua","rada_stenogram","https://www.rada.gov.ua/meeting/stenogr/show/7198.html","interstitial_2019-2022","2019"
"41ece4ad6993","Засідання Комітету з питань прав людини, деокупації та реінтеграції тимчасово окупованих територій України, національних меншин і міжнаціональних відносин",FALSE,"neither","other","none","none",1,"Failed/incomplete rada.gov.ua scrape (same recurring issue as prior batches): only generic site navigation boilerplate present, zero UOC-MP keyword hits, no transcript content available to code.","coded_batch_47.json","2019-09-10","Засідання Комітету з питань прав людини, деокупації та реінтеграції тимчасово окупованих територій України, н","rada.gov.ua","rada_stenogram","https://rada.gov.ua/meeting/stenogr/show/7200.html","interstitial_2019-2022","2019"
"45c4a0d09467","Захист інтелектуальної власності в країні, яка має на меті індустріалізуватися.",FALSE,"neither","other","none","none",3,"Plenary session transcript (Засідання 4, 10 Sept 2019) covering intellectual property legislation. No UOC-MP-related content.","coded_batch_47.json","2019-09-10","Засідання 4","rada.gov.ua","rada_stenogram","https://www.rada.gov.ua/meeting/stenogr/show/7201.html","interstitial_2019-2022","2019"
"66251a8d9874","Засідання Комітету з питань прав людини, деокупації та реінтеграції тимчасово окупованих територій України, національних меншин і міжнаціональних відносин",FALSE,"neither","other","none","none",1,"Failed/incomplete rada.gov.ua scrape (same recurring issue as prior batches): only generic site navigation boilerplate present, zero UOC-MP keyword hits, no transcript content available to code.","coded_batch_47.json","2019-09-10","Засідання Комітету з питань прав людини, деокупації та реінтеграції тимчасово окупованих територій України, н","rada.gov.ua","rada_stenogram","https://rada.gov.ua/meeting/stenogr/show/7201.html","interstitial_2019-2022","2019"
"c2dbadf598f4","Засідання Комітету з питань прав людини, деокупації та реінтеграції тимчасово окупованих територій України, національних меншин і міжнаціональних відносин",FALSE,"neither","other","none","none",1,"Failed/incomplete rada.gov.ua scrape (same recurring issue as prior batches): only generic site navigation boilerplate present, zero UOC-MP keyword hits, no transcript content available to code.","coded_batch_47.json","2019-09-10","Засідання Комітету з питань прав людини, деокупації та реінтеграції тимчасово окупованих територій України, н","rada.gov.ua","rada_stenogram","https://rada.gov.ua/meeting/stenogr/show/7198.html","interstitial_2019-2022","2019"
"d9441ebee61f","Засідання Комітету з питань прав людини, деокупації та реінтеграції тимчасово окупованих територій України, національних меншин і міжнаціональних відносин",FALSE,"neither","other","none","none",1,"Failed/incomplete rada.gov.ua scrape (same recurring issue as prior batches): only generic site navigation boilerplate present, zero UOC-MP keyword hits, no transcript content available to code.","coded_batch_47.json","2019-09-10","Засідання Комітету з питань прав людини, деокупації та реінтеграції тимчасово окупованих територій України, н","rada.gov.ua","rada_stenogram","https://rada.gov.ua/meeting/stenogr/show/7197.html","interstitial_2019-2022","2019"
"222f91594a27","З Кримінального кодексу України рішенням Конституційного Суду України було визнано неконституційним положення про незаконне збагачення.",FALSE,"neither","other","none","none",3,"Plenary session transcript (Засідання 5, 11 Sept 2019) covering the reinstatement of illicit-enrichment criminal liability after a Constitutional Court ruling. No UOC-MP-related content.","coded_batch_47.json","2019-09-11","Засідання 5","rada.gov.ua","rada_stenogram","https://www.rada.gov.ua/meeting/stenogr/show/7202.html","interstitial_2019-2022","2019"
"62bce0aba743","Засідання Комітету з питань прав людини, деокупації та реінтеграції тимчасово окупованих територій України, національних меншин і міжнаціональних відносин",FALSE,"neither","other","none","none",1,"Failed/incomplete rada.gov.ua scrape (same recurring issue as prior batches): only generic site navigation boilerplate present, zero UOC-MP keyword hits, no transcript content available to code.","coded_batch_47.json","2019-09-11","Засідання Комітету з питань прав людини, деокупації та реінтеграції тимчасово окупованих територій України, н","rada.gov.ua","rada_stenogram","https://rada.gov.ua/meeting/stenogr/show/7204.html","interstitial_2019-2022","2019"
"7de10cd6a6f4","Засідання Комітету з питань прав людини, деокупації та реінтеграції тимчасово окупованих територій України, національних меншин і міжнаціональних відносин",FALSE,"neither","other","none","none",1,"Failed/incomplete rada.gov.ua scrape (same recurring issue as prior batches): only generic site navigation boilerplate present, zero UOC-MP keyword hits, no transcript content available to code.","coded_batch_47.json","2019-09-11","Засідання Комітету з питань прав людини, деокупації та реінтеграції тимчасово окупованих територій України, н","rada.gov.ua","rada_stenogram","https://rada.gov.ua/meeting/stenogr/show/7202.html","interstitial_2019-2022","2019"
"864d658545a0","Засідання Комітету з питань прав людини, деокупації та реінтеграції тимчасово окупованих територій України, національних меншин і міжнаціональних відносин",FALSE,"neither","other","none","none",1,"Failed/incomplete rada.gov.ua scrape (same recurring issue as prior batches): only generic site navigation boilerplate present, zero UOC-MP keyword hits, no transcript content available to code.","coded_batch_47.json","2019-09-11","Засідання Комітету з питань прав людини, деокупації та реінтеграції тимчасово окупованих територій України, н","rada.gov.ua","rada_stenogram","https://rada.gov.ua/meeting/stenogr/show/7199.html","interstitial_2019-2022","2019"
"fc8a0c554863","Проект Закону про внесення змін до деяких законодавчих актів України щодо конфіскації.",FALSE,"neither","other","none","none",3,"Legislative agenda (11 Sept 2019, second session of the ninth convocation) covering confiscation and other unrelated legislation. No UOC-MP-related content.","coded_batch_47.json","2019-09-11","Порядок денний","rada.gov.ua","rada_stenogram","https://www.rada.gov.ua/meeting/stenogr/show/7199.html","interstitial_2019-2022","2019"
"222d65d0efda","Засідання Комітету з питань прав людини, деокупації та реінтеграції тимчасово окупованих територій України, національних меншин і міжнаціональних відносин",FALSE,"neither","other","none","none",1,"Failed/incomplete rada.gov.ua scrape (same recurring issue as prior batches): only generic site navigation boilerplate present, zero UOC-MP keyword hits, no transcript content available to code.","coded_batch_47.json","2019-09-12","Засідання Комітету з питань прав людини, деокупації та реінтеграції тимчасово окупованих територій України, н","rada.gov.ua","rada_stenogram","https://rada.gov.ua/meeting/stenogr/show/7209.html","interstitial_2019-2022","2019"
"4a421bed0ebb","Засідання Комітету з питань прав людини, деокупації та реінтеграції тимчасово окупованих територій України, національних меншин і міжнаціональних відносин",FALSE,"neither","other","none","none",1,"Failed/incomplete rada.gov.ua scrape (same recurring issue as prior batches): only generic site navigation boilerplate present, zero UOC-MP keyword hits, no transcript content available to code.","coded_batch_47.json","2019-09-12","Засідання Комітету з питань прав людини, деокупації та реінтеграції тимчасово окупованих територій України, н","rada.gov.ua","rada_stenogram","https://rada.gov.ua/meeting/stenogr/show/7203.html","interstitial_2019-2022","2019"
"fa2b4fa695dc","Хочу зазначити, що це гарна європейська світова практика, дійсно, мати аудит безпеки автомобільних доріг.",FALSE,"neither","other","none","none",3,"Plenary session transcript (Засідання 8, 12 Sept 2019) covering road safety audit legislation. No UOC-MP-related content.","coded_batch_48.json","2019-09-12","Засідання 8","rada.gov.ua","rada_stenogram","https://www.rada.gov.ua/meeting/stenogr/show/7209.html","interstitial_2019-2022","2019"
"53586e1870ef","Яку країну повинні збудувати ми?... Все просто – подолати ворогів. І я зараз кажу не тільки про геополітику, я маю на увазі ворогів нашого українського щастя. Це війна, бідність, корупція і заздрість.",FALSE,"neither","other","none","none",3,"President Zelensky's speech at the Yalta European Strategy forum. Frames 'enemies' purely in terms of war, poverty, corruption, and envy, with no mention of the church or UOC-MP whatsoever -- a notable contrast to the Poroshenko-era pattern of folding church politics into national-security rhetoric.","coded_batch_48.json","2019-09-13","Виступ Президента України Володимира Зеленського на 16-й щорічній зустрічі Ялтинської європейської стратегії","president.gov.ua","speech","https://www.president.gov.ua/news/vistup-prezidenta-ukrayini-volodimira-zelenskogo-na-16-j-sho-57257","interstitial_2019-2022","2019"
"6d0645edb5db","Засідання Комітету з питань прав людини, деокупації та реінтеграції тимчасово окупованих територій України, національних меншин і міжнаціональних відносин",FALSE,"neither","other","none","none",1,"Failed/incomplete rada.gov.ua scrape (same recurring issue as prior batches): only generic site navigation boilerplate present, zero UOC-MP keyword hits, no transcript content available to code.","coded_batch_48.json","2019-09-13","Засідання Комітету з питань прав людини, деокупації та реінтеграції тимчасово окупованих територій України, н","rada.gov.ua","rada_stenogram","https://rada.gov.ua/meeting/stenogr/show/7210.html","interstitial_2019-2022","2019"
"7e1ad5ff0b96","Засідання Комітету з питань прав людини, деокупації та реінтеграції тимчасово окупованих територій України, національних меншин і міжнаціональних відносин",FALSE,"neither","other","none","none",1,"Failed/incomplete rada.gov.ua scrape (same recurring issue as prior batches): only generic site navigation boilerplate present, zero UOC-MP keyword hits, no transcript content available to code.","coded_batch_48.json","2019-09-13","Засідання Комітету з питань прав людини, деокупації та реінтеграції тимчасово окупованих територій України, н","rada.gov.ua","rada_stenogram","https://rada.gov.ua/meeting/stenogr/show/7212.html","interstitial_2019-2022","2019"
"ac02731c8e13","Засідання Комітету з питань прав людини, деокупації та реінтеграції тимчасово окупованих територій України, національних меншин і міжнаціональних відносин",FALSE,"neither","other","none","none",1,"Failed/incomplete rada.gov.ua scrape (same recurring issue as prior batches): only generic site navigation boilerplate present, zero UOC-MP keyword hits, no transcript content available to code.","coded_batch_48.json","2019-09-13","Засідання Комітету з питань прав людини, деокупації та реінтеграції тимчасово окупованих територій України, н","rada.gov.ua","rada_stenogram","https://rada.gov.ua/meeting/stenogr/show/7207.html","interstitial_2019-2022","2019"
"b6deb5e05f66","Запит народного депутата Вадима Новинського до міністра внутрішніх справ України, Генерального прокурора щодо припинення організованої минулою владою кампанії з дискредитації канонічної Української Православної Церкви, переслідувань її священників та віруючих.",TRUE,"material","other","other","other",3,"Plenary session transcript (Засідання 9, 13 Sept 2019). MP Vadym Novynskyi (a recurring UOC-MP-linked figure since batch 38) submits a formal interpellation to the new government's Interior Minister and Prosecutor General demanding the 'termination of the organised campaign by the previous authorities to discredit the canonical Ukrainian Orthodox Church, persecution of its priests and believers'. This is a clear, official reverse-direction securitising claim -- explicitly labelling the outgoing Poroshenko-era church policy as an 'organised discreditation campaign' and 'persecution' -- now formally lodged with a potentially more receptive incoming administration. Coded with referent_object 'other' (UOC-MP as claimed victim) and threat_actor 'other' (the previous Ukrainian government).","coded_batch_48.json","2019-09-13","Засідання 9","rada.gov.ua","rada_stenogram","https://www.rada.gov.ua/meeting/stenogr/show/7212.html","interstitial_2019-2022","2019"
"db1f6f7d1d52","Проект Закону про внесення змін до Закону України «Про запобігання корупції».",FALSE,"neither","other","none","none",3,"Legislative agenda (13 Sept 2019) listing anti-corruption legislation. No UOC-MP-related content.","coded_batch_48.json","2019-09-13","Порядок денний","rada.gov.ua","rada_stenogram","https://www.rada.gov.ua/meeting/stenogr/show/7207.html","interstitial_2019-2022","2019"
"1186a165508e","Засідання Комітету з питань прав людини, деокупації та реінтеграції тимчасово окупованих територій України, національних меншин і міжнаціональних відносин",FALSE,"neither","other","none","none",1,"Failed/incomplete rada.gov.ua scrape (same recurring issue as prior batches): only generic site navigation boilerplate present, zero UOC-MP keyword hits, no transcript content available to code.","coded_batch_48.json","2019-09-16","Засідання Комітету з питань прав людини, деокупації та реінтеграції тимчасово окупованих територій України, н","rada.gov.ua","rada_stenogram","https://rada.gov.ua/meeting/stenogr/show/7213.html","interstitial_2019-2022","2019"
"bf209355c780","Я дуже сподіваюсь, що такий темп буде зберігатися.",FALSE,"neither","other","none","none",3,"Coordination Council transcript (16 Sept 2019) covering the new majority's legislative pace. No UOC-MP-related content.","coded_batch_48.json","2019-09-16","Погоджувальна рада","rada.gov.ua","rada_stenogram","https://www.rada.gov.ua/meeting/stenogr/show/7213.html","interstitial_2019-2022","2019"
"cc1c0e6cb9fe","Засідання Комітету з питань прав людини, деокупації та реінтеграції тимчасово окупованих територій України, національних меншин і міжнаціональних відносин",FALSE,"neither","other","none","none",1,"Failed/incomplete rada.gov.ua scrape (same recurring issue as prior batches): only generic site navigation boilerplate present, zero UOC-MP keyword hits, no transcript content available to code.","coded_batch_48.json","2019-09-18","Засідання Комітету з питань прав людини, деокупації та реінтеграції тимчасово окупованих територій України, н","rada.gov.ua","rada_stenogram","https://rada.gov.ua/meeting/stenogr/show/7216.html","interstitial_2019-2022","2019"
"ee400598298e","Проти – 14, утримались – 249. Рішення не прийнято.",FALSE,"neither","other","none","none",3,"Plenary session transcript (Засідання 10, 18 Sept 2019) recording a legislative vote result. No UOC-MP-related content.","coded_batch_48.json","2019-09-18","Засідання 10","rada.gov.ua","rada_stenogram","https://www.rada.gov.ua/meeting/stenogr/show/7216.html","interstitial_2019-2022","2019"
"fdb64285972a","Засідання Комітету з питань прав людини, деокупації та реінтеграції тимчасово окупованих територій України, національних меншин і міжнаціональних відносин",FALSE,"neither","other","none","none",1,"Failed/incomplete rada.gov.ua scrape (same recurring issue as prior batches): only generic site navigation boilerplate present, zero UOC-MP keyword hits, no transcript content available to code.","coded_batch_48.json","2019-09-18","Засідання Комітету з питань прав людини, деокупації та реінтеграції тимчасово окупованих територій України, н","rada.gov.ua","rada_stenogram","https://rada.gov.ua/meeting/stenogr/show/7215.html","interstitial_2019-2022","2019"
"39331a7de40b","Засідання Комітету з питань прав людини, деокупації та реінтеграції тимчасово окупованих територій України, національних меншин і міжнаціональних відносин",FALSE,"neither","other","none","none",1,"Failed/incomplete rada.gov.ua scrape (same recurring issue as prior batches): only generic site navigation boilerplate present, zero UOC-MP keyword hits, no transcript content available to code.","coded_batch_48.json","2019-09-19","Засідання Комітету з питань прав людини, деокупації та реінтеграції тимчасово окупованих територій України, н","rada.gov.ua","rada_stenogram","https://rada.gov.ua/meeting/stenogr/show/7217.html","interstitial_2019-2022","2019"
"63673083a43c","Засідання Комітету з питань прав людини, деокупації та реінтеграції тимчасово окупованих територій України, національних меншин і міжнаціональних відносин",FALSE,"neither","other","none","none",1,"Failed/incomplete rada.gov.ua scrape (same recurring issue as prior batches): only generic site navigation boilerplate present, zero UOC-MP keyword hits, no transcript content available to code.","coded_batch_48.json","2019-09-19","Засідання Комітету з питань прав людини, деокупації та реінтеграції тимчасово окупованих територій України, н","rada.gov.ua","rada_stenogram","https://rada.gov.ua/meeting/stenogr/show/7218.html","interstitial_2019-2022","2019"
"76cd3cf7cbbb","Комітет з питань гуманітарної та інформаційної політики розглянув проект закону № 2035.",FALSE,"neither","other","none","none",3,"Plenary session transcript (Засідання 11, 19 Sept 2019) covering media/broadcasting regulation. No UOC-MP-related content.","coded_batch_48.json","2019-09-19","Засідання 11","rada.gov.ua","rada_stenogram","https://www.rada.gov.ua/meeting/stenogr/show/7218.html","interstitial_2019-2022","2019"
"de59a506e551","Надійшла заява від двох фракцій замінити перерву на виступ.",FALSE,"neither","other","none","none",3,"Plenary session transcript (Засідання 12, 19 Sept 2019) covering general legislative business. No UOC-MP-related content.","coded_batch_49.json","2019-09-19","Засідання 12","rada.gov.ua","rada_stenogram","https://www.rada.gov.ua/meeting/stenogr/show/7220.html","interstitial_2019-2022","2019"
"ebcb340b9a88","Засідання Комітету з питань прав людини, деокупації та реінтеграції тимчасово окупованих територій України, національних меншин і міжнаціональних відносин",FALSE,"neither","other","none","none",1,"Failed/incomplete rada.gov.ua scrape (same recurring issue as prior batches): only generic site navigation boilerplate present, zero UOC-MP keyword hits, no transcript content available to code.","coded_batch_49.json","2019-09-19","Засідання Комітету з питань прав людини, деокупації та реінтеграції тимчасово окупованих територій України, н","rada.gov.ua","rada_stenogram","https://rada.gov.ua/meeting/stenogr/show/7220.html","interstitial_2019-2022","2019"
"181d3d76c2cc","Засідання Комітету з питань прав людини, деокупації та реінтеграції тимчасово окупованих територій України, національних меншин і міжнаціональних відносин",FALSE,"neither","other","none","none",1,"Failed/incomplete rada.gov.ua scrape (same recurring issue as prior batches): only generic site navigation boilerplate present, zero UOC-MP keyword hits, no transcript content available to code.","coded_batch_49.json","2019-09-20","Засідання Комітету з питань прав людини, деокупації та реінтеграції тимчасово окупованих територій України, н","rada.gov.ua","rada_stenogram","https://rada.gov.ua/meeting/stenogr/show/7223.html","interstitial_2019-2022","2019"
"242906aa2fa2","Мета цієї поправки – це знищення корупційної схеми, за якою єдине приватне підприємство монопольно постачає паперові пломби для кожного касового апарату.",FALSE,"neither","other","none","none",3,"Plenary session transcript (Засідання 14, 20 Sept 2019) covering cash-register/anti-corruption legislation. No UOC-MP-related content.","coded_batch_49.json","2019-09-20","Засідання 14","rada.gov.ua","rada_stenogram","https://www.rada.gov.ua/meeting/stenogr/show/7224.html","interstitial_2019-2022","2019"
"2e87e43e49c0","Засідання Комітету з питань прав людини, деокупації та реінтеграції тимчасово окупованих територій України, національних меншин і міжнаціональних відносин",FALSE,"neither","other","none","none",1,"Failed/incomplete rada.gov.ua scrape (same recurring issue as prior batches): only generic site navigation boilerplate present, zero UOC-MP keyword hits, no transcript content available to code.","coded_batch_49.json","2019-09-20","Засідання Комітету з питань прав людини, деокупації та реінтеграції тимчасово окупованих територій України, н","rada.gov.ua","rada_stenogram","https://rada.gov.ua/meeting/stenogr/show/7221.html","interstitial_2019-2022","2019"
"5ab5ed4fda24","Засідання Комітету з питань прав людини, деокупації та реінтеграції тимчасово окупованих територій України, національних меншин і міжнаціональних відносин",FALSE,"neither","other","none","none",1,"Failed/incomplete rada.gov.ua scrape (same recurring issue as prior batches): only generic site navigation boilerplate present, zero UOC-MP keyword hits, no transcript content available to code.","coded_batch_49.json","2019-09-20","Засідання Комітету з питань прав людини, деокупації та реінтеграції тимчасово окупованих територій України, н","rada.gov.ua","rada_stenogram","https://rada.gov.ua/meeting/stenogr/show/7224.html","interstitial_2019-2022","2019"
"4e6e6361f947","Це і про концесії законопроект, це і про економічних операторів. Це щодо приватизації.",FALSE,"neither","other","none","none",3,"Coordination Council transcript (1 Oct 2019) covering concessions, privatisation, and tax administration legislation. No UOC-MP-related content.","coded_batch_49.json","2019-10-01","Погоджувальна рада","rada.gov.ua","rada_stenogram","https://www.rada.gov.ua/meeting/stenogr/show/7225.html","interstitial_2019-2022","2019"
"e243c4b524f0","Засідання Комітету з питань прав людини, деокупації та реінтеграції тимчасово окупованих територій України, національних меншин і міжнаціональних відносин",FALSE,"neither","other","none","none",1,"Failed/incomplete rada.gov.ua scrape (same recurring issue as prior batches): only generic site navigation boilerplate present, zero UOC-MP keyword hits, no transcript content available to code.","coded_batch_49.json","2019-10-01","Засідання Комітету з питань прав людини, деокупації та реінтеграції тимчасово окупованих територій України, н","rada.gov.ua","rada_stenogram","https://rada.gov.ua/meeting/stenogr/show/7225.html","interstitial_2019-2022","2019"
"16ade0c155cb","Засідання Комітету з питань прав людини, деокупації та реінтеграції тимчасово окупованих територій України, національних меншин і міжнаціональних відносин",FALSE,"neither","other","none","none",1,"Failed/incomplete rada.gov.ua scrape (same recurring issue as prior batches): only generic site navigation boilerplate present, zero UOC-MP keyword hits, no transcript content available to code.","coded_batch_49.json","2019-10-02","Засідання Комітету з питань прав людини, деокупації та реінтеграції тимчасово окупованих територій України, н","rada.gov.ua","rada_stenogram","https://rada.gov.ua/meeting/stenogr/show/7230.html","interstitial_2019-2022","2019"
"27aef38329af","Законопроект, який направлений на те, щоб запровадити середньострокове планування при будівництві важливих інфраструктурних об'єктів.",FALSE,"neither","other","none","none",3,"Plenary session transcript (Засідання 16, 2 Oct 2019) covering infrastructure planning legislation. No UOC-MP-related content.","coded_batch_49.json","2019-10-02","Засідання 16","rada.gov.ua","rada_stenogram","https://www.rada.gov.ua/meeting/stenogr/show/7230.html","interstitial_2019-2022","2019"
"55c419726f7a","Засідання Комітету з питань прав людини, деокупації та реінтеграції тимчасово окупованих територій України, національних меншин і міжнаціональних відносин",FALSE,"neither","other","none","none",1,"Failed/incomplete rada.gov.ua scrape (same recurring issue as prior batches): only generic site navigation boilerplate present, zero UOC-MP keyword hits, no transcript content available to code.","coded_batch_49.json","2019-10-02","Засідання Комітету з питань прав людини, деокупації та реінтеграції тимчасово окупованих територій України, н","rada.gov.ua","rada_stenogram","https://rada.gov.ua/meeting/stenogr/show/7229.html","interstitial_2019-2022","2019"
"0fcf308b0dec","Засідання Комітету з питань прав людини, деокупації та реінтеграції тимчасово окупованих територій України, національних меншин і міжнаціональних відносин",FALSE,"neither","other","none","none",1,"Failed/incomplete rada.gov.ua scrape (same recurring issue as prior batches): only generic site navigation boilerplate present, zero UOC-MP keyword hits, no transcript content available to code.","coded_batch_49.json","2019-10-04","Засідання Комітету з питань прав людини, деокупації та реінтеграції тимчасово окупованих територій України, н","rada.gov.ua","rada_stenogram","https://rada.gov.ua/meeting/stenogr/show/7236.html","interstitial_2019-2022","2019"
"85ef29eb446a","Бориса Приходька до Прем'єр-міністра України щодо завершення процесу створення Новобасанської об'єднаної територіальної громади.",FALSE,"neither","other","none","none",3,"Plenary session transcript (Засідання 19, 4 Oct 2019) with a register of deputy interpellations on decentralisation and utility regulation. No UOC-MP-related content.","coded_batch_49.json","2019-10-04","Засідання 19","rada.gov.ua","rada_stenogram","https://www.rada.gov.ua/meeting/stenogr/show/7235.html","interstitial_2019-2022","2019"
"8aab9afc6da1","Засідання Комітету з питань прав людини, деокупації та реінтеграції тимчасово окупованих територій України, національних меншин і міжнаціональних відносин",FALSE,"neither","other","none","none",1,"Failed/incomplete rada.gov.ua scrape (same recurring issue as prior batches): only generic site navigation boilerplate present, zero UOC-MP keyword hits, no transcript content available to code.","coded_batch_50.json","2019-10-04","Засідання Комітету з питань прав людини, деокупації та реінтеграції тимчасово окупованих територій України, н","rada.gov.ua","rada_stenogram","https://rada.gov.ua/meeting/stenogr/show/7237.html","interstitial_2019-2022","2019"
"a56126762c57","Ми знайшли той необхідний формат роботи між Кабінетом Міністрів і Верховною Радою, який дозволяє нам бути ефективними.",FALSE,"neither","other","none","none",3,"Plenary session transcript (Засідання 20, 4 Oct 2019) covering economic deregulation and anti-smuggling legislation. No UOC-MP-related content.","coded_batch_50.json","2019-10-04","Засідання 20","rada.gov.ua","rada_stenogram","https://www.rada.gov.ua/meeting/stenogr/show/7237.html","interstitial_2019-2022","2019"
"d2041b267f57","Засідання Комітету з питань прав людини, деокупації та реінтеграції тимчасово окупованих територій України, національних меншин і міжнаціональних відносин",FALSE,"neither","other","none","none",1,"Failed/incomplete rada.gov.ua scrape (same recurring issue as prior batches): only generic site navigation boilerplate present, zero UOC-MP keyword hits, no transcript content available to code.","coded_batch_50.json","2019-10-04","Засідання Комітету з питань прав людини, деокупації та реінтеграції тимчасово окупованих територій України, н","rada.gov.ua","rada_stenogram","https://rada.gov.ua/meeting/stenogr/show/7235.html","interstitial_2019-2022","2019"
"a243e0bf2fb8","Засідання Комітету з питань прав людини, деокупації та реінтеграції тимчасово окупованих територій України, національних меншин і міжнаціональних відносин",FALSE,"neither","other","none","none",1,"Failed/incomplete rada.gov.ua scrape (same recurring issue as prior batches): only generic site navigation boilerplate present, zero UOC-MP keyword hits, no transcript content available to code.","coded_batch_50.json","2019-10-15","Засідання Комітету з питань прав людини, деокупації та реінтеграції тимчасово окупованих територій України, н","rada.gov.ua","rada_stenogram","https://rada.gov.ua/meeting/stenogr/show/7238.html","interstitial_2019-2022","2019"
"d5226b2ec669","Засідання Комітету з питань прав людини, деокупації та реінтеграції тимчасово окупованих територій України, національних меншин і міжнаціональних відносин",FALSE,"neither","other","none","none",1,"Failed/incomplete rada.gov.ua scrape (same recurring issue as prior batches): only generic site navigation boilerplate present, zero UOC-MP keyword hits, no transcript content available to code.","coded_batch_50.json","2019-10-15","Засідання Комітету з питань прав людини, деокупації та реінтеграції тимчасово окупованих територій України, н","rada.gov.ua","rada_stenogram","https://rada.gov.ua/meeting/stenogr/show/7242.html","interstitial_2019-2022","2019"
"3b9378c55739","Засідання Комітету з питань прав людини, деокупації та реінтеграції тимчасово окупованих територій України, національних меншин і міжнаціональних відносин",FALSE,"neither","other","none","none",1,"Failed/incomplete rada.gov.ua scrape (same recurring issue as prior batches): only generic site navigation boilerplate present, zero UOC-MP keyword hits, no transcript content available to code.","coded_batch_50.json","2019-10-16","Засідання Комітету з питань прав людини, деокупації та реінтеграції тимчасово окупованих територій України, н","rada.gov.ua","rada_stenogram","https://rada.gov.ua/meeting/stenogr/show/7244.html","interstitial_2019-2022","2019"
"8034379b8efd","Засідання Комітету з питань прав людини, деокупації та реінтеграції тимчасово окупованих територій України, національних меншин і міжнаціональних відносин",FALSE,"neither","other","none","none",1,"Failed/incomplete rada.gov.ua scrape (same recurring issue as prior batches): only generic site navigation boilerplate present, zero UOC-MP keyword hits, no transcript content available to code.","coded_batch_50.json","2019-10-16","Засідання Комітету з питань прав людини, деокупації та реінтеграції тимчасово окупованих територій України, н","rada.gov.ua","rada_stenogram","https://rada.gov.ua/meeting/stenogr/show/7241.html","interstitial_2019-2022","2019"
"91de5e3a62c2","Засідання Комітету з питань прав людини, деокупації та реінтеграції тимчасово окупованих територій України, національних меншин і міжнаціональних відносин",FALSE,"neither","other","none","none",1,"Failed/incomplete rada.gov.ua scrape (same recurring issue as prior batches): only generic site navigation boilerplate present, zero UOC-MP keyword hits, no transcript content available to code.","coded_batch_50.json","2019-10-17","Засідання Комітету з питань прав людини, деокупації та реінтеграції тимчасово окупованих територій України, н","rada.gov.ua","rada_stenogram","https://rada.gov.ua/meeting/stenogr/show/7250.html","interstitial_2019-2022","2019"
"99d553da8f05","Враховано, підтримано пропозиції народних депутатів щодо виключення з проекту окремих положень.",FALSE,"neither","other","none","none",3,"Short plenary session transcript (Засідання 25, 17 Oct 2019) covering parliamentary procedure rules. No UOC-MP-related content.","coded_batch_50.json","2019-10-17","Засідання 25","rada.gov.ua","rada_stenogram","https://www.rada.gov.ua/meeting/stenogr/show/7250.html","interstitial_2019-2022","2019"
"c1a7193817ae","Засідання Комітету з питань прав людини, деокупації та реінтеграції тимчасово окупованих територій України, національних меншин і міжнаціональних відносин",FALSE,"neither","other","none","none",1,"Failed/incomplete rada.gov.ua scrape (same recurring issue as prior batches): only generic site navigation boilerplate present, zero UOC-MP keyword hits, no transcript content available to code.","coded_batch_50.json","2019-10-18","Засідання Комітету з питань прав людини, деокупації та реінтеграції тимчасово окупованих територій України, н","rada.gov.ua","rada_stenogram","https://rada.gov.ua/meeting/stenogr/show/7248.html","interstitial_2019-2022","2019"
"ca0e092a0174","Питання безпеки України, яке є ключовим питанням Мінську... сталий мир і надійна безпека можливі лише, якщо Україна стане членом НАТО.",FALSE,"neither","other","none","none",3,"Coordination Council transcript (28 Oct 2019) covering Donbas peace process (Minsk format) security discussions and NATO membership. No UOC-MP-related content.","coded_batch_50.json","2019-10-28","Погоджувальна рада","rada.gov.ua","rada_stenogram","https://www.rada.gov.ua/meeting/stenogr/show/7253.html","interstitial_2019-2022","2019"
"d51db7a8d5f3","Засідання Комітету з питань прав людини, деокупації та реінтеграції тимчасово окупованих територій України, національних меншин і міжнаціональних відносин",FALSE,"neither","other","none","none",1,"Failed/incomplete rada.gov.ua scrape (same recurring issue as prior batches): only generic site navigation boilerplate present, zero UOC-MP keyword hits, no transcript content available to code.","coded_batch_50.json","2019-10-28","Засідання Комітету з питань прав людини, деокупації та реінтеграції тимчасово окупованих територій України, н","rada.gov.ua","rada_stenogram","https://rada.gov.ua/meeting/stenogr/show/7253.html","interstitial_2019-2022","2019"
"04a67ebe8e01","Чи готова наша Державна податкова служба щодо прийняття такої інформації.",FALSE,"neither","other","none","none",3,"Short plenary session transcript (Засідання 28, 29 Oct 2019) covering tax administration information exchange (CRS/FATCA-style reporting). No UOC-MP-related content.","coded_batch_50.json","2019-10-29","Засідання 28","rada.gov.ua","rada_stenogram","https://www.rada.gov.ua/meeting/stenogr/show/7258.html","interstitial_2019-2022","2019"
"796c9de5dc6e","Від самого початку руху за автокефалію Української Церкви 30 років тому в інформаційний простір проросійськими силами були вкинуті брехливі гасла на кшталт «Автокефалія – шлях до унії»... бачимо зовнішній деструктивний вплив на відносини між двома Церквами.",TRUE,"ontological","other","Russia","none",2,"PCU Metropolitan Epifaniy, during a US visit, states that pro-Russian forces planted the false slogan 'autocephaly is the path to Unia [with Rome]' three decades ago to sow discord between Orthodox believers and PCU-UGCC relations, and claims this 'external destructive influence' still affects perceptions even among other Local Churches (citing a similar narrative appearing before the Greek Church's recognition of PCU). A securitising claim about ongoing Russian disinformation targeting inter-church relations, though without a specific extraordinary-measure call beyond debunking the narrative.","coded_batch_50.json","2019-10-29","Митрополит Епіфаній назвав брехливим гасло: “Автокефалія – шлях до унії”","risu.ua","poroshenko_speech","https://risu.ua/mitropolit-epifaniy-nazvav-brehlivim-gaslo-avtokefaliya-shlyah-do-uniji_n100780","interstitial_2019-2022","2019"
"9e32aed2d47d","Засідання Комітету з питань прав людини, деокупації та реінтеграції тимчасово окупованих територій України, національних меншин і міжнаціональних відносин",FALSE,"neither","other","none","none",1,"Failed/incomplete rada.gov.ua scrape (same recurring issue as prior batches): only generic site navigation boilerplate present, zero UOC-MP keyword hits, no transcript content available to code.","coded_batch_50.json","2019-10-29","Засідання Комітету з питань прав людини, деокупації та реінтеграції тимчасово окупованих територій України, н","rada.gov.ua","rada_stenogram","https://rada.gov.ua/meeting/stenogr/show/7258.html","interstitial_2019-2022","2019"
"beb69fd6ccf1","Все одно нам не нададуть Плану дій щодо членства в НАТО... Хто прагне вирішити питання, знаходять способи.",FALSE,"neither","other","none","none",2,"Plenary session transcript (Засідання 27, 29 Oct 2019). Poroshenko's floor speech lists the Tomos among Ukraine's achievements against skeptics, in service of advocating for NATO Membership Action Plan; no new UOC-MP-specific securitising content beyond established framing.","coded_batch_51.json","2019-10-29","Засідання 27","rada.gov.ua","rada_stenogram","https://www.rada.gov.ua/meeting/stenogr/show/7255.html","interstitial_2019-2022","2019"
"f71b85420b20","Засідання Комітету з питань прав людини, деокупації та реінтеграції тимчасово окупованих територій України, національних меншин і міжнаціональних відносин",FALSE,"neither","other","none","none",1,"Failed/incomplete rada.gov.ua scrape (same recurring issue as prior batches): only generic site navigation boilerplate present, zero UOC-MP keyword hits, no transcript content available to code.","coded_batch_51.json","2019-10-29","Засідання Комітету з питань прав людини, деокупації та реінтеграції тимчасово окупованих територій України, н","rada.gov.ua","rada_stenogram","https://rada.gov.ua/meeting/stenogr/show/7255.html","interstitial_2019-2022","2019"
"369674fec188","Засідання Комітету з питань прав людини, деокупації та реінтеграції тимчасово окупованих територій України, національних меншин і міжнаціональних відносин",FALSE,"neither","other","none","none",1,"Failed/incomplete rada.gov.ua scrape (same recurring issue as prior batches): only generic site navigation boilerplate present, zero UOC-MP keyword hits, no transcript content available to code.","coded_batch_51.json","2019-10-30","Засідання Комітету з питань прав людини, деокупації та реінтеграції тимчасово окупованих територій України, н","rada.gov.ua","rada_stenogram","https://rada.gov.ua/meeting/stenogr/show/7259.html","interstitial_2019-2022","2019"
"046a99fc1fc8","Засідання Комітету з питань прав людини, деокупації та реінтеграції тимчасово окупованих територій України, національних меншин і міжнаціональних відносин",FALSE,"neither","other","none","none",1,"Failed/incomplete rada.gov.ua scrape (same recurring issue as prior batches): only generic site navigation boilerplate present, zero UOC-MP keyword hits, no transcript content available to code.","coded_batch_51.json","2019-10-31","Засідання Комітету з питань прав людини, деокупації та реінтеграції тимчасово окупованих територій України, н","rada.gov.ua","rada_stenogram","https://rada.gov.ua/meeting/stenogr/show/7261.html","interstitial_2019-2022","2019"
"b8438b3fd143","Проект порядку денного пленарних засідань.",FALSE,"neither","other","none","none",3,"Legislative agenda (31 Oct 2019) covering unrelated bills. No UOC-MP-related content.","coded_batch_51.json","2019-10-31","Порядок денний","rada.gov.ua","rada_stenogram","https://www.rada.gov.ua/meeting/stenogr/show/7261.html","interstitial_2019-2022","2019"
"38731657026a","Певні політичні сили, не в змозі знищити ПЦУ безпосередньо, нацькували на неї колишнього керівника УПЦ КП Філарета... Російська пропаганда представляє вибрики Філарета як новий глобальний розкол в ПЦУ.",FALSE,"neither","other","none","none",2,"NOTE: shown publication date is 22 June 2020 (batch header incorrectly shows 2019-11-06). Extensive analytical piece by Tetiana Derkach untangling a chaotic dispute: a criminal case against Poroshenko/Epifaniy/Nyshchuk over 'incitement of religious hostility' in creating PCU, filed by UOC-KP parishioners at Patriarch Filaret's instigation (a dispute over diaspora funds now flowing to Constantinople). This is primarily an internal UOC-KP/PCU/Filaret power struggle, not a securitising claim involving UOC-MP; the article does note that Russian propaganda framed Filaret's actions as evidence of a 'new global schism' in PCU, and that a separate complaint (filed by pro-Russian politician Mykhailo Dobkin) alleged Poroshenko used 'hate speech' against UOC-MP during the 2019 campaign, with a UOC-MP spokesperson explicitly asking to be left out of the whole affair ('leave us alone, these are your problems'). Coded as not securitising given the primary subject is intra-Ukrainian church politics rather than UOC-MP as a security threat, though flagged given its complexity and relevance to related threads.","coded_batch_51.json","2019-11-06","«Відсиди за томос, Петя»: Москва відкрито рве кігті за Філарета","risu.ua","poroshenko_speech","https://risu.ua/vidsidi-za-tomos-petya-moskva-vidkrito-rve-kigti-za-filareta_n109354","interstitial_2019-2022","2019"
"86dfe6a134a1","6 листопада 2019 року СБУ розпочато розслідування за заявою прихожан Київського Патріархату УПЦ на незаконні дії ряду вищих посадових осіб, які вчинили дії, спрямовані на розпалювання міжрелігійної ворожнечі при створенні ПЦУ.",FALSE,"neither","other","none","none",2,"NOTE: shown publication date is 19 June 2020 (batch header incorrectly shows 2019-11-06). Factual confirmation that the State Bureau of Investigation is probing alleged 'incitement of religious hostility' in creating PCU, based on a complaint from UOC-KP (not UOC-MP) parishioners. Outside this codebook's scope since it concerns UOC-KP rather than UOC-MP.","coded_batch_51.json","2019-11-06","""Томосну"" справу проти Порошенка порушено за заявою УПЦ КП, - ДБР","risu.ua","poroshenko_speech","https://risu.ua/tomosnu-spravu-proti-poroshenkaporusheno-za-zayavoyu-upc-kp---dbr_n109281","interstitial_2019-2022","2019"
"3bcb5ac20000","Дует Путіна й Кирила не зупинить процесу її визнання усім світовим Православ'ям після того, як на початку цього року Його Всесвятість Патріарх Варфоломій дарував нам Томос.",FALSE,"neither","other","none","none",2,"Poroshenko celebrates the Patriarchate of Alexandria's recognition of PCU, repeating the established 'Putin-Kirill duo' framing without new specific claims. Consistent with, not adding to, previously documented rhetoric.","coded_batch_51.json","2019-11-08","«Хід історії не зупинити! Далі буде», - Петро Порошенко про визнання ПЦУ","risu.ua","poroshenko_speech","https://risu.ua/hid-istoriji-ne-zupiniti-dali-bude-petro-poroshenko-pro-viznannya-pcu_n100982","interstitial_2019-2022","2019"
"4c672f44923b","Погоджувальна рада.",FALSE,"neither","other","none","none",1,"Short Coordination Council transcript (11 Nov 2019) with no UOC-MP-related content found.","coded_batch_51.json","2019-11-11","Погоджувальна рада","rada.gov.ua","rada_stenogram","https://www.rada.gov.ua/meeting/stenogr/show/7268.html","interstitial_2019-2022","2019"
"957c9b4a3cf1","Засідання Комітету з питань прав людини, деокупації та реінтеграції тимчасово окупованих територій України, національних меншин і міжнаціональних відносин",FALSE,"neither","other","none","none",1,"Failed/incomplete rada.gov.ua scrape (same recurring issue as prior batches): only generic site navigation boilerplate present, zero UOC-MP keyword hits, no transcript content available to code.","coded_batch_51.json","2019-11-11","Засідання Комітету з питань прав людини, деокупації та реінтеграції тимчасово окупованих територій України, н","rada.gov.ua","rada_stenogram","https://rada.gov.ua/meeting/stenogr/show/7268.html","interstitial_2019-2022","2019"
"70053d7f72d1","Проект закону, який стосується соціальної підтримки громадян.",FALSE,"neither","other","none","none",3,"Plenary session transcript (Засідання 33, 12 Nov 2019) covering social policy legislation. No UOC-MP-related content.","coded_batch_51.json","2019-11-12","Засідання 33","rada.gov.ua","rada_stenogram","https://www.rada.gov.ua/meeting/stenogr/show/7270.html","interstitial_2019-2022","2019"
"84af7039cb08","Засідання Комітету з питань прав людини, деокупації та реінтеграції тимчасово окупованих територій України, національних меншин і міжнаціональних відносин",FALSE,"neither","other","none","none",1,"Failed/incomplete rada.gov.ua scrape (same recurring issue as prior batches): only generic site navigation boilerplate present, zero UOC-MP keyword hits, no transcript content available to code.","coded_batch_51.json","2019-11-12","Засідання Комітету з питань прав людини, деокупації та реінтеграції тимчасово окупованих територій України, н","rada.gov.ua","rada_stenogram","https://rada.gov.ua/meeting/stenogr/show/7270.html","interstitial_2019-2022","2019"
"8ad915316011","Допитувати про політичні погляди людини заборонено законом, а про релігійні – ні.",FALSE,"neither","other","none","none",3,"Plenary session transcript (Засідання 34, 12 Nov 2019) covering employment anti-discrimination legislation, including generic religious-belief protections. No UOC-MP-specific content.","coded_batch_51.json","2019-11-12","Засідання 34","rada.gov.ua","rada_stenogram","https://www.rada.gov.ua/meeting/stenogr/show/7273.html","interstitial_2019-2022","2019"
"975e3f824369","Засідання Комітету з питань прав людини, деокупації та реінтеграції тимчасово окупованих територій України, національних меншин і міжнаціональних відносин",FALSE,"neither","other","none","none",1,"Failed/incomplete rada.gov.ua scrape (same recurring issue as prior batches): only generic site navigation boilerplate present, zero UOC-MP keyword hits, no transcript content available to code.","coded_batch_51.json","2019-11-12","Засідання Комітету з питань прав людини, деокупації та реінтеграції тимчасово окупованих територій України, н","rada.gov.ua","rada_stenogram","https://rada.gov.ua/meeting/stenogr/show/7273.html","interstitial_2019-2022","2019"
"f666ff7d894a","Засідання Комітету з питань прав людини, деокупації та реінтеграції тимчасово окупованих територій України, національних меншин і міжнаціональних відносин",FALSE,"neither","other","none","none",1,"Failed/incomplete rada.gov.ua scrape (same recurring issue as prior batches): only generic site navigation boilerplate present, zero UOC-MP keyword hits, no transcript content available to code.","coded_batch_51.json","2019-11-12","Засідання Комітету з питань прав людини, деокупації та реінтеграції тимчасово окупованих територій України, н","rada.gov.ua","rada_stenogram","https://rada.gov.ua/meeting/stenogr/show/7271.html","interstitial_2019-2022","2019"
"d9421a11d775","Засідання Комітету з питань прав людини, деокупації та реінтеграції тимчасово окупованих територій України, національних меншин і міжнаціональних відносин",FALSE,"neither","other","none","none",1,"Failed/incomplete rada.gov.ua scrape (same recurring issue as prior batches): only generic site navigation boilerplate present, zero UOC-MP keyword hits, no transcript content available to code.","coded_batch_51.json","2019-11-13","Засідання Комітету з питань прав людини, деокупації та реінтеграції тимчасово окупованих територій України, н","rada.gov.ua","rada_stenogram","https://rada.gov.ua/meeting/stenogr/show/7274.html","interstitial_2019-2022","2019"
"f61ef91702ff","Засідання Комітету з питань прав людини, деокупації та реінтеграції тимчасово окупованих територій України, національних меншин і міжнаціональних відносин",FALSE,"neither","other","none","none",1,"Failed/incomplete rada.gov.ua scrape (same recurring issue as prior batches): only generic site navigation boilerplate present, zero UOC-MP keyword hits, no transcript content available to code.","coded_batch_52.json","2019-11-13","Засідання Комітету з питань прав людини, деокупації та реінтеграції тимчасово окупованих територій України, н","rada.gov.ua","rada_stenogram","https://rada.gov.ua/meeting/stenogr/show/7276.html","interstitial_2019-2022","2019"
"fc24953237e6","Наступне питання порядку денного.",FALSE,"neither","other","none","none",2,"Plenary session transcript (Засідання 35, 13 Nov 2019) with no UOC-MP-related content found.","coded_batch_52.json","2019-11-13","Засідання 35","rada.gov.ua","rada_stenogram","https://www.rada.gov.ua/meeting/stenogr/show/7276.html","interstitial_2019-2022","2019"
"7356111eaf57","Засідання Комітету з питань прав людини, деокупації та реінтеграції тимчасово окупованих територій України, національних меншин і міжнаціональних відносин",FALSE,"neither","other","none","none",1,"Failed/incomplete rada.gov.ua scrape (same recurring issue as prior batches): only generic site navigation boilerplate present, zero UOC-MP keyword hits, no transcript content available to code.","coded_batch_52.json","2019-11-14","Засідання Комітету з питань прав людини, деокупації та реінтеграції тимчасово окупованих територій України, н","rada.gov.ua","rada_stenogram","https://rada.gov.ua/meeting/stenogr/show/7280.html","interstitial_2019-2022","2019"
"e54e9e72c579","Проект закону, який стосується соціально-економічних питань.",FALSE,"neither","other","none","none",3,"Plenary session transcript (Засідання 37, 14 Nov 2019). No UOC-MP-related content.","coded_batch_52.json","2019-11-14","Засідання 37","rada.gov.ua","rada_stenogram","https://www.rada.gov.ua/meeting/stenogr/show/7280.html","interstitial_2019-2022","2019"
"4bff5151cc60","Не беріть на себе всю цю відповідальність за частину вашої команди, яка займає відверто антиукраїнську позицію, які говорять, що мова – це маніпуляція, що армія – це маніпуляція, що церква – це маніпуляція.",FALSE,"neither","other","none","none",1,"Plenary session transcript (Засідання 38, 15 Nov 2019). A European Solidarity (Poroshenko's party) MP accuses ruling-majority colleagues of an 'openly anti-Ukrainian position' for dismissing language/army/church as 'manipulation' -- a defensive repeat of the established trinity framing, not new securitising content about UOC-MP specifically.","coded_batch_52.json","2019-11-15","Засідання 38","rada.gov.ua","rada_stenogram","https://www.rada.gov.ua/meeting/stenogr/show/7282.html","interstitial_2019-2022","2019"
"afa8fcc75102","Засідання Комітету з питань прав людини, деокупації та реінтеграції тимчасово окупованих територій України, національних меншин і міжнаціональних відносин",FALSE,"neither","other","none","none",1,"Failed/incomplete rada.gov.ua scrape (same recurring issue as prior batches): only generic site navigation boilerplate present, zero UOC-MP keyword hits, no transcript content available to code.","coded_batch_52.json","2019-11-15","Засідання Комітету з питань прав людини, деокупації та реінтеграції тимчасово окупованих територій України, н","rada.gov.ua","rada_stenogram","https://rada.gov.ua/meeting/stenogr/show/7282.html","interstitial_2019-2022","2019"
"57977788e210","Ми бачимо, як російський уряд нападає на нашу Церкву, на тих, хто нас підтримує. Вони хочуть зробити з нашою церквою те саме, що вони зробили з Кримом і з Донбасом.",TRUE,"both","state","Russia","other",3,"Poroshenko lecture in Edmonton, Canada. Calls PCU 'the basis of Ukraine's independence and resistance to the Kremlin's spiritual aggression' and 'another battlefield for Ukraine'. Most strikingly, he states 'they want to do to our church the same thing they did with Crimea and Donbas' -- an extremely direct analogy equating a potential threat to PCU with territorial annexation/invasion, among the most extreme comparisons of its kind in the corpus. Calls on the diaspora and world to mobilise in the church's defence.","coded_batch_52.json","2019-11-26","Петро Порошенко закликав світ підтримати незалежність Православної Церкви України","risu.ua","poroshenko_speech","https://risu.ua/petro-poroshenko-zaklikav-svit-pidtrimati-nezalezhnist-pravoslavnoji-cerkvi-ukrajini_n101299","interstitial_2019-2022","2019"
"a071d8702515","Проект закону про соціальний захист громадян.",FALSE,"neither","other","none","none",3,"Plenary session transcript (Засідання 40, 3 Dec 2019). No UOC-MP-related content.","coded_batch_52.json","2019-12-03","Засідання 40","rada.gov.ua","rada_stenogram","https://www.rada.gov.ua/meeting/stenogr/show/7289.html","interstitial_2019-2022","2019"
"d259fdfc17c8","Засідання Комітету з питань прав людини, деокупації та реінтеграції тимчасово окупованих територій України, національних меншин і міжнаціональних відносин",FALSE,"neither","other","none","none",1,"Failed/incomplete rada.gov.ua scrape (same recurring issue as prior batches): only generic site navigation boilerplate present, zero UOC-MP keyword hits, no transcript content available to code.","coded_batch_52.json","2019-12-03","Засідання Комітету з питань прав людини, деокупації та реінтеграції тимчасово окупованих територій України, н","rada.gov.ua","rada_stenogram","https://rada.gov.ua/meeting/stenogr/show/7289.html","interstitial_2019-2022","2019"
"71338b8a818d","Ті парафіяни, які добровільно переходять у ПЦУ, зазнають переслідувань і потребують нашого захисту... Кремль вважає це державним завданням – руйнувати нашу Церкву.",TRUE,"both","state","Russia","other",3,"Poroshenko's speech marking the first anniversary of the Unification Council. States the state 'cannot ensure enforcement of the adopted law' requiring UOC-MP to rename itself (confirming the naming law, tracked since batch 14/29, remains unimplemented even a year after passage), that parishioners voluntarily transferring to PCU 'face persecution and need our protection', and explicitly claims 'the Kremlin considers it a state task to destroy our Church'.","coded_batch_52.json","2019-12-15","Порошенко: у 2020 році ще декілька Помісних Церков визнають ПЦУ, а РПЦ опиниться в ізоляції","risu.ua","poroshenko_speech","https://risu.ua/poroshenko-u-2020-roci-shche-dekilka-pomisnih-cerkov-viznayut-pcu-a-rpc-opinitsya-v-izolyaciji_n101667","interstitial_2019-2022","2019"
"dc6cf7f9df1a","Звернення Президента з нагоди Дня соборності України.",FALSE,"neither","other","none","none",2,"Zelensky's Unity Day address (22 Jan 2020). No UOC-MP-related content found.","coded_batch_52.json","2020-01-22","Звернення Президента з нагоди Дня соборності України","president.gov.ua","speech","https://www.president.gov.ua/news/zvernennya-prezidenta-z-nagodi-dnya-sobornosti-ukrayini-59353","interstitial_2019-2022","2020"
"86a76aa1bd55","Президент України підтримав звернення до центру пам'яті Голокосту.",FALSE,"neither","other","none","none",3,"Statement on Holocaust remembrance (26 Jan 2020). No UOC-MP-related content.","coded_batch_52.json","2020-01-26","Президент України підтримав звернення до центру пам’яті Голокосту про присвоєння митрополиту Андрею Шептицькому почесного звання Праведника народів світу","president.gov.ua","speech","https://www.president.gov.ua/news/prezident-ukrayini-pidtrimav-zvernennya-do-centru-pamyati-go-59485","interstitial_2019-2022","2020"
"ea74df612e92","Випробування віри: чи вплинула релігія на голосування за Порошенка?",FALSE,"neither","other","none","none",2,"Analytical article (10 Feb 2020) examining whether religious affiliation influenced voting patterns for Poroshenko in the 2019 election. Descriptive electoral/sociological analysis; no securitising claims identified in the available text.","coded_batch_52.json","2020-02-10","Випробування віри: чи вплинула релігія на голосування за Порошенка?","risu.ua","poroshenko_speech","https://risu.ua/viprobuvannya-viri-chi-vplinula-religiya-na-golosuvannya-za-poroshenka_n102625","interstitial_2019-2022","2020"
"561d3e4939e9","Виступ Президента України Володимира Зеленського на позачерговому засіданні.",FALSE,"neither","other","none","none",2,"Zelensky's speech at an extraordinary session (4 Mar 2020, around a government reshuffle). No UOC-MP-related content found.","coded_batch_52.json","2020-03-04","Виступ Президента України Володимира Зеленського на позачерговому засіданні Верховної Ради","president.gov.ua","speech","https://www.president.gov.ua/news/vistup-prezidenta-ukrayini-volodimira-zelenskogo-na-pozacher-60017","interstitial_2019-2022","2020"
"fa67b0908059","Її президент Володимир Путін навіть говорив тоді, що це може призвести до кровопролиття. Він також різко критикував державного секретаря США Майка Помпео за його рішення обговорити це питання.",TRUE,"material","state","Russia","none",2,"RISU republishes a Forbes article on the religious dimension of the Russia-Ukraine conflict. Reports that Putin personally warned the Tomos 'could lead to bloodshed', and sharply criticised US Secretary of State Pompeo for discussing the issue during a Kyiv visit, calling it 'absolutely unacceptable'. A documented securitising/threatening statement attributed to Putin himself, reported via a Western outlet; confidence moderated given secondhand sourcing.","coded_batch_52.json","2020-03-04","Автокефалія ПЦУ дратує Росію, - Forbes","risu.ua","poroshenko_speech","https://risu.ua/avtokefaliya-pcu-dratuye-rosiyu-forbes_n103071","interstitial_2019-2022","2020"
"b82661708e73","Митрополит УПЦ МП запідозрив доктора Комаровського у співпраці.",FALSE,"neither","other","none","none",1,"News item (11 Mar 2020) about a UOC-MP metropolitan making an accusation against a public physician. Content not clearly related to securitising claims involving UOC-MP as threat or victim within this codebook's scope based on available text.","coded_batch_52.json","2020-03-11","Митрополит УПЦ МП запідозрив доктора Комаровського у співпраці з Порошенком через коронавірус і хресний хід","risu.ua","poroshenko_speech","https://risu.ua/mitropolit-upc-mp-zapidozriv-doktora-komarovskogo-u-spivpraci-z-poroshenkom-cherez-koronavirus-i-hresniy-hid_n103264","interstitial_2019-2022","2020"
"746f87026ebd","Ситуація в Зоні відчуження, святкування Великодня та боротьба з коронавірусом.",FALSE,"neither","other","none","none",2,"Zelensky statement (14 Apr 2020) on Chornobyl fires, Easter celebration guidance amid COVID-19, and pandemic response. No UOC-MP-related securitising content.","coded_batch_52.json","2020-04-14","Ситуація в Зоні відчуження, святкування Великодня та боротьба з коронавірусом: звернення Президента України до громадян","president.gov.ua","speech","https://www.president.gov.ua/news/situaciya-v-zoni-vidchuzhennya-svyatkuvannya-velikodnya-ta-b-60637","interstitial_2019-2022","2020"
"2434266b8f88","Россия пыталась использовать свою кампанию дезинформации для разжигания дальнейшего конфликта между двумя церквями... Агентура РПЦ назначается даже на должности заместителей председателей районных госадминистраций... По указанию Банковой заблокировано выполнение закона... УПЦ МП должна указывать свою принадлежность к РПЦ.",TRUE,"both","state","UOC-MP","other",3,"Major investigative piece (Yuriy Vyshnevsky). Cites the US State Department's 2019 religious freedom report explicitly documenting 'Russia's negative influence on the religious situation in Ukraine' and that 'Russia tried to use its disinformation campaign to incite further conflict between the two churches'; reports Secretary Pompeo personally warned Zelensky about 'protecting PCU from Russia'. The article's own reporting alleges that under Zelensky, Deputy Head of the Presidential Office Serhiy Trofimov is 'the main lobbyist for UOC-MP interests', that 'ROC's agentura is being appointed even to deputy district administration head positions', and that implementation of the 2018 mandated-renaming law (bill 5309, tracked since batch 14/29) has been deliberately blocked 'on instructions from Bankova [the Presidential Office]' specifically to let UOC-MP retain its 'hybrid name'. Also documents specific allegations of UOC-MP using 'titushky' (hired thugs) and mass lawsuits to block parish transfers to PCU. This represents a striking reversal of the securitisation apparatus previously aimed at UOC-MP now being alleged to work in UOC-MP's favour and against PCU under the new administration.","coded_batch_52.json","2020-06-18","Личная месть Порошенко. Как у Зеленского помогают УПЦ МП душить ПЦУ","risu.ua","poroshenko_speech","https://risu.ua/lichnaya-mest-poroshenko-kak-u-zelenskogo-pomogayut-upc-mp-dushit-pcu_n109266","interstitial_2019-2022","2020"
"ef537f739aff","Усі ці звинувачення написані в Кремлі, а правоохоронні органи лише транслюють їх... очолюють ці ДБРівські структури адвокати Януковича, які поставлені туди зеленою владою.",TRUE,"material","state","Russia","none",3,"Poroshenko, before a court hearing on a preventive-measure motion, claims the new criminal case against him over 'incitement of religious hostility through obtaining the Tomos and creating PCU' was 'written in the Kremlin', with Yanukovych-era lawyers now heading the investigative bureau 'placed there by the green [Zelensky] government' -- directly alleging Kremlin authorship of a domestic prosecution.","coded_batch_52.json","2020-06-18","Проти Порошенка хочуть порушити кримінальну справу за Томос та створення ПЦУ","risu.ua","poroshenko_speech","https://risu.ua/proti-poroshenka-hochut-porushiti-kriminalnu-spravu-za-tomos-ta-stvorennya-pcu_n109275","interstitial_2019-2022","2020"
"8b3ea71127a6","Справа відкрита в листопаді 2019 року СБУ за заявою Філарета. Його мотив, це претензії до керівництва держави в першу чергу через те, що гроші... після створення ПЦУ сплачуються в Константинополь.",FALSE,"neither","other","none","none",2,"A DBR source clarifies the case actually originated from Patriarch Filaret's (UOC-KP) complaint over diaspora funds now flowing to Constantinople rather than any Kremlin plot -- concerns UOC-KP, not UOC-MP, and outside this codebook's scope despite the Kremlin-authorship claim being repeated in the same article.","coded_batch_52.json","2020-06-19","Перестали надходити гроші: Справу проти Порошенка порушили за заявою Філарета у 2019 році, - ЗМІ","risu.ua","poroshenko_speech","https://risu.ua/perestali-nadhoditi-groshi-spravu-proti-poroshenka-porushili-za-zayavoyu-filareta-u-2019-roci---zmi_n109288","interstitial_2019-2022","2020"
"d924eac35ce6","Такі злочинні дії Порошенка викликали загострення релігійного (міжконфесійного) протистояння і ворожнечі в державі... дії Порошенка «становлять небезпеку для соціального миру і політичної стабільності в Україні» та містять ознаки кримінальних діянь, передбачених статтями 109... 161... 364 КК України.",TRUE,"material","state","other","other",3,"The article reproduces the actual text of pro-Russian former MP Mykhailo Dobkin's formal complaint to the DBR against Poroshenko. This is the most formally detailed reverse-direction securitising document in the corpus: Dobkin alleges Poroshenko's autocephaly campaign involved 'political interference and administrative pressure on believers of both UOC-MP and UOC-KP' to force acceptance of unification, that this 'constitutes a danger to social peace and political stability in Ukraine', and explicitly invokes Article 109 of the Criminal Code (violent seizure of state power/unconstitutional change of order) alongside religious-discrimination and abuse-of-power charges -- an extraordinarily serious legal framing of church-unification advocacy as tantamount to an attack on the constitutional order. Referent object coded 'state' (social peace/political stability); threat actor 'other' (Poroshenko/the state's autocephaly campaign, from this reverse perspective); extraordinary measure 'other' (criminal prosecution under a near-treason-level charge).","coded_batch_52.json","2020-06-19","Добкін каже, що це він ініціював справу проти Порошенка за Томос та ПЦУ","risu.ua","poroshenko_speech","https://risu.ua/dobkin-kazhe-shcho-ce-vin-iniciyuvav-spravu-proti-poroshenka-za-tomos-ta-pcu_n109284","interstitial_2019-2022","2020"
"c16bdcdcb97d","Користувачі жартували, що крім п'ятого президента можна «судити» київського князя Володимира або Аллаха.",FALSE,"neither","other","none","none",1,"Light social-media reaction piece mocking the criminal case against Poroshenko. No new securitising content.","coded_batch_52.json","2020-06-20","""Посадіть тоді князя Володимира за хрещення Руси"", - українці відреагували на справу проти Порошенка","risu.ua","poroshenko_speech","https://risu.ua/posadit-todi-knyazya-volodimira-za-hreshchennya-rusi---ukrayinci-vidreaguvali-na-spravu-proti-poroshenka_n109327","interstitial_2019-2022","2020"
"c19c3b195d49","Обвинувачення йде проти одного зі стовпів духовної незалежності України. Проти того, щоби від московських попів, ні з території держави-агресора не було впливу на уми й серця українців.",TRUE,"both","state","Russia","none",2,"MP Rostyslav Pavlenko (former presidential advisor confirmed in batch 25 to have treated the Tomos as a national-security matter since 2015) frames the new criminal case against Poroshenko as 'the government acting against one of the pillars of Ukraine's spiritual independence' and against efforts to prevent influence 'from Moscow priests... from the territory of the aggressor state', calling the prosecution 'work against Ukraine and all Ukrainian society'.","coded_batch_52.json","2020-06-20","Влада виступає проти стовпів духовної незалежності Української держави, - Павленко","risu.ua","poroshenko_speech","https://risu.ua/vlada-vistupaye-proti-stovpiv-duhovnoyi-nezalezhnosti-ukrayinskoyi-derzhavi---pavlenko_n109317","interstitial_2019-2022","2020"
"e2091586b268","ПЦУ вважає відкриття провадження стосовно Порошенка через отримання Томосу Українською Автокефальною Церквою переслідуванням і тиском на Церкву та вірян.",FALSE,"neither","other","none","none",1,"Culture Minister Tkachenko clarifies the DBR investigation actually concerns Filaret's civil complaint, not the Tomos itself. Notes PCU's own characterisation of the case as 'persecution and pressure on the Church and believers' -- consistent with, but not adding new specifics to, previously documented framing.","coded_batch_52.json","2020-06-22","ДБР розслідує не Томос, а позов Філарета до Порошенка, — Ткаченко","risu.ua","poroshenko_speech","https://risu.ua/dbr-rozsliduye-ne-tomos-a-pozov-filareta-do-poroshenka--tkachenko_n109349","interstitial_2019-2022","2020"
"9cdd7067c717","В ПЦУ називають усі ці події - «технологією по розвалу Церкви зсередини».",FALSE,"neither","other","none","none",1,"Investigative report reveals the actual complainants were disaffected UOC-KP parishioners in Odesa (not Filaret or a Kremlin plot) in a local parish property dispute. PCU calls it 'a technology for destroying the Church from within', but this is a small-scale local dispute concerning UOC-KP, not UOC-MP.","coded_batch_52.json","2020-06-24","В  УПЦ КП розсекретили тих, хто подав позов  в ДБР на Порошенка","risu.ua","poroshenko_speech","https://risu.ua/v-upc-kp-rozsekretili-tih-hto-podav-pozov-v-dbr-na-poroshenka_n109415","interstitial_2019-2022","2020"
"e9ebf455ef18","УПЦ МП через своих людей на руководящих постах государства успешно манипулирует украинской властью, а вот власть так и не получила возможности влиять на УПЦ МП... промосковские товарищи сулили нам реки крови.",TRUE,"material","state","UOC-MP","none",2,"Extended analytical piece by Kateryna Shchotkina taking a balanced, critical view of the whole 'Tomos case' saga. States that 'UOC-MP, through its own people in leading government positions, successfully manipulates Ukrainian authorities' -- corroborating the Trofimov allegations from doc 2434266b8f88 via an independent analytical source -- and recalls that 'pro-Moscow comrades promised us rivers of blood' when autocephaly was established, contrasted with the actual bloodless outcome. Also confirms the US Secretary of State had to explicitly warn Zelensky that the 'attack on PCU' was 'absurd stupidity'.","coded_batch_52.json","2020-06-25","Томос или ""термос"". Как Филарет помогает власти посадить Порошенко","risu.ua","poroshenko_speech","https://risu.ua/tomos-ili-termos-kak-filaret-pomogaet-vlasti-posadit-poroshenko_n109444","interstitial_2019-2022","2020"
"de5b7411af2f","Роль місії почесного патріарха Філарета у створенні Православної Церкви України... є дуже велика.",FALSE,"neither","other","none","none",2,"Poroshenko responds to reports linking Filaret to the criminal case against him, praising Filaret's historical role and attributing the case instead to Mykhailo Dobkin (a UOC-KP-affiliated figure). Concerns the UOC-KP/Filaret dispute, not UOC-MP.","coded_batch_52.json","2020-07-01","Петро Порошенко відповів на заяви про те, що Філарет ініціював проти нього  ""Томосну справу""","risu.ua","poroshenko_speech","https://risu.ua/petro-poroshenko-vidpoviv-na-zayavi-pro-te-shcho-filaret-iniciyuvav-proti-nogo--tomosnu-spravu_n109563","interstitial_2019-2022","2020"
"c48de648f48d","Порошенко попросив посла Польщі підтримати процес визнання ПЦУ.",FALSE,"neither","other","none","none",3,"Poroshenko asks Poland's ambassador to support PCU's recognition by the Polish Orthodox Church. Cooperative diplomatic outreach, not securitising.","coded_batch_53.json","2020-07-23","Порошенко попросив посла Польщі підтримати процес визнання ПЦУ з боку Польської Православної Церкви","risu.ua","poroshenko_speech","https://risu.ua/poroshenko-poprosiv-posla-polshchi-pidtrimati-proces-viznannya-pcu-z-boku-polskoyi-pravoslavnoyi-cerkvi_n110420","interstitial_2019-2022","2020"
"72404230a023","На ключових посадах в офісі президента нині працюють люди, які відверто лобіюють інтереси російської церкви в Україні... Влада заблокувала закон, який зобов'язує російську церкву в Україні у своїй офіційній назві позначити зв'язок із Москвою.",TRUE,"both","state","UOC-MP","other",3,"Poroshenko directly states that 'people who openly lobby for the interests of the Russian church in Ukraine' now hold key positions in Zelensky's presidential office, and confirms 'the authorities have blocked the law requiring the Russian church in Ukraine to indicate its connection to Moscow in its official name' -- direct corroboration of the naming-law-blocking allegations from batch 52's investigative piece, this time from Poroshenko himself.","coded_batch_53.json","2020-07-28","""У Зеленського працюють люди, які лобіюють інтереси російської Церкви"", - Порошенко","risu.ua","poroshenko_speech","https://risu.ua/u-zelenskogo-pracyuyut-lyudi-yaki-lobiyuyut-interesi-rosijskoyi-cerkvi---poroshenko_n110689","interstitial_2019-2022","2020"
"1f84db0e3bc9","Томос став геополітичною катастрофою для Росії.",FALSE,"neither","other","none","none",2,"Poroshenko repeats the established 'geopolitical catastrophe for Russia' framing without new specifics.","coded_batch_53.json","2020-08-25","Томос став геополітичною катастрофою для Росії, - Порошенко","risu.ua","poroshenko_speech","https://risu.ua/tomos-stav-geopolitichnoyu-katastrofoyu-rosiyi---poroshenko_n111410","interstitial_2019-2022","2020"
"3485cb810a7c","Петро Порошенко пожертвував 500 тис. грн львівській церкві.",FALSE,"neither","other","none","none",3,"Poroshenko donates to a UGCC church in Lviv. Not securitising, not UOC-MP-related.","coded_batch_53.json","2020-09-07","Петро Порошенко пожертвував 500 тис. грн львівській церкві","risu.ua","poroshenko_speech","https://risu.ua/petro-poroshenko-pozhertvuvav-500-tis-grn-lvivskij-cerkvi_n111760","interstitial_2019-2022","2020"
"45d693853651","Послання Президента України Володимира Зеленського до Верховної Ради.",FALSE,"neither","other","none","none",2,"Zelensky's message to parliament (20 Oct 2020). No UOC-MP-related securitising content identified.","coded_batch_53.json","2020-10-20","Послання Президента України Володимира Зеленського до Верховної Ради про внутрішнє та зовнішнє становище України","president.gov.ua","speech","https://www.president.gov.ua/news/poslannya-prezidenta-ukrayini-volodimira-zelenskogo-do-verho-64717","interstitial_2019-2022","2020"
"b14fba252f45","Нас врятувало одне: Кирил переконав Путіна, що це неможливо.",FALSE,"neither","other","none","none",2,"Poroshenko's retrospective anecdote claiming Patriarch Kirill convinced Putin the Tomos was impossible, leaving Russia unprepared. Narrative/anecdotal, not itself a securitising claim.","coded_batch_53.json","2020-11-02","""Нас врятувало одне: Кирил переконав Путіна, що це неможливо"", - Порошенко про отримання Томосу","risu.ua","poroshenko_speech","https://risu.ua/nas-vryatuvalo-odne-kiril-perekonav-putina-shcho-ce-nemozhlivo---poroshenko-pro-otrimannya-tomosu_n113106","interstitial_2019-2022","2020"
"03d629141dd4","Ще дві Православні Церкви можуть визнати ПЦУ після пандемії.",FALSE,"neither","other","none","none",2,"Poroshenko notes 'neither Putin nor Kirill ever believed we would get the Tomos', anticipates further international recognition. Consistent with established framing, no new specific claims.","coded_batch_53.json","2020-12-15","Ще дві Православні Церкви можуть визнати ПЦУ після пандемії  - Порошенко","risu.ua","poroshenko_speech","https://risu.ua/shche-dvi-pravoslavni-cerkvi-mozhut-viznati-pcu-pislya-pandemiyi----poroshenko_n114362","interstitial_2019-2022","2020"
"343d6400d1b9","Суд Києва зобов'язав ДБР відновити справу проти Порошенка через розпалювання міжконфесійної ворожнечі під час утворення ПЦУ і спроби ліквідації УПЦ КП.",FALSE,"neither","other","none","none",2,"Court orders reinstatement of the criminal case against Poroshenko, confirmed to originate from UOC-KP/Filaret's complaint, not UOC-MP. Outside this codebook's scope.","coded_batch_53.json","2021-03-24","Суд Києва зобов'язав ДБР відновити справу проти Порошенка через Томос","risu.ua","poroshenko_speech","https://risu.ua/sud-kiyeva-zobovyazav-dbr-vidnoviti-spravu-proti-poroshenka-cherez-tomos_n117017","interstitial_2019-2022","2021"
"155de3c69594","Привітав Патріарха Святослава з річницею інтронізації.",FALSE,"neither","other","none","none",3,"Poroshenko congratulates UGCC head on anniversary. Not securitising.","coded_batch_53.json","2021-03-27","Петро Порошенко привітав Патріарха Святослава з річницею інтронізації","risu.ua","poroshenko_speech","https://risu.ua/petro-poroshenko-privitav-patriarha-svyatoslava-z-richniceyu-intronizaciyi_n117159","interstitial_2019-2022","2021"
"a9b726ba8339","Обговорили міжконфесійний діалог: Порошенко зустрівся з Патріархом.",FALSE,"neither","other","none","none",3,"Cooperative meeting with UGCC head on interfaith dialogue. Not securitising.","coded_batch_53.json","2021-07-19","Обговорили міжконфесійний діалог: Порошенко зустрівся з Патріархом УГКЦ","risu.ua","poroshenko_speech","https://risu.ua/obgovorili-mizhkonfesijnij-dialog-poroshenko-zustrivsya-z-patriarhom-ugkc_n120092","interstitial_2019-2022","2021"
"10d6f453c87b","Мудрі люди назвали його геополітичною катастрофою для Росії.",FALSE,"neither","other","none","none",2,"Poroshenko's Baptism anniversary remarks repeating established 'geopolitical catastrophe' framing. No new specifics.","coded_batch_53.json","2021-07-28","Порошенко у річницю Хрещення Руси-України: це був не лише вибір віри, а й вибір цивілізації","risu.ua","poroshenko_speech","https://risu.ua/poroshenko-u-richnicyu-hreshchennya-rusi-ukrayini-ce-buv-ne-lishe-vibir-viri-a-j-vibir-civilizaciyi_n120370","interstitial_2019-2022","2021"
"7cfa5f11e4ca","Звернення Президента Володимира Зеленського з нагоди 1033-ї річниці Хрещення Руси-України.",FALSE,"neither","other","none","none",2,"Zelensky's address marking the 1033rd anniversary of the Baptism of Rus, with historical/cultural reflection on Kyivan heritage sites. No UOC-MP-specific securitising content.","coded_batch_53.json","2021-07-28","«Україна. Київська Русь. 1033»: звернення Президента Володимира Зеленського з нагоди Дня Хрещення Київської Русі – України","president.gov.ua","speech","https://www.president.gov.ua/news/ukrayina-kiyivska-rus-1033-zvernennya-prezidenta-volodimira-69757","interstitial_2019-2022","2021"
"3eff2d7b969f","Промова Президента Володимира Зеленського з нагоди 30-ї річниці незалежності.",FALSE,"neither","other","none","none",2,"Zelensky's 30th independence anniversary speech, with a passing historical reference to the Desyatynna Church. No UOC-MP-related content.","coded_batch_53.json","2021-08-24","Промова Президента Володимира Зеленського з нагоди 30-ї річниці незалежності України","president.gov.ua","speech","https://www.president.gov.ua/news/promova-prezidenta-volodimira-zelenskogo-z-nagodi-30-yi-rich-70333","interstitial_2019-2022","2021"
"4cf4b8178ca9","Для гонителів існує пастка, яку ніхто з них не помічає. Коли вони борються з Церквою, то неминуче стають богоборцями – послідовниками Сатани, місце яких у вічному пеклі.",TRUE,"ontological","faith","other","none",3,"UOC-MP Metropolitan Kliment (Vecherya), quoted via Russian outlet RIA Novosti, declares that former president Poroshenko is a 'follower of Satan' destined for 'eternal hell' for 'persecuting the Church', alleging he and Patriarch Bartholomew orchestrated persecution of UOC-MP through creating PCU. An extreme reverse-direction religious-existential securitising move: threat identification (Poroshenko/Bartholomew's actions), existential/theological framing (eternal damnation), implicit call for resistance to 'persecutors'. Referent object coded 'faith' (UOC-MP's religious standing/legitimacy); threat actor 'other' (Poroshenko/Constantinople from this reverse perspective).","coded_batch_53.json","2021-11-12","В УПЦ МП п'ятого президента прирівняли до послідовника Сатани","risu.ua","poroshenko_speech","https://risu.ua/v-upc-mp-pyatogo-prezidenta-pririvnyali-do-posldovnika-satani_n123337","interstitial_2019-2022","2021"
"b1b4e0f029de","Виступ Президента Володимира Зеленського у Верховній Раді зі щорічним Посланням.",FALSE,"neither","other","none","none",2,"Zelensky's annual address to parliament (1 Dec 2021). No UOC-MP-related content identified.","coded_batch_53.json","2021-12-01","Виступ Президента Володимира Зеленського у Верховній Раді зі щорічним Посланням про внутрішнє і зовнішнє становище України","president.gov.ua","speech","https://www.president.gov.ua/news/vistup-prezidenta-volodimira-zelenskogo-u-verhovnij-radi-zi-71805","interstitial_2019-2022","2021"
"dbfcb4aa5ca8","Порошенко зустрівся з Патріархом Варфоломієм.",FALSE,"neither","other","none","none",3,"Cooperative meeting discussing PCU's continued international recognition. Not securitising.","coded_batch_53.json","2021-12-19","Порошенко зустрівся з Патріархом Варфоломієм","risu.ua","poroshenko_speech","https://risu.ua/poroshenko-zustrivsya-z-patriarhom-varfolomiyem_n124393","interstitial_2019-2022","2021"
"6bdfcd1f3407","Порошенко побажав Митрополиту Епіфанію швидкого одужання.",FALSE,"neither","other","none","none",3,"Get-well wishes to PCU's Epifaniy amid COVID-19. Not securitising.","coded_batch_53.json","2022-01-15","Порошенко побажав Митрополиту Епіфанію швидкого одужання","risu.ua","poroshenko_speech","https://risu.ua/poroshenko-pobazhav-mitropolitu-epifaniyu-shvidkogo-oduzhannya_n125093","interstitial_2019-2022","2022"
"ce43f9529b3b","Петро Порошенко привітав Предстоятеля ПЦУ із подвійним святом.",FALSE,"neither","other","none","none",3,"Birthday/anniversary greeting to Epifaniy. Not securitising.","coded_batch_53.json","2022-02-03","Петро Порошенко привітав Предстоятеля ПЦУ із подвійним святом","risu.ua","poroshenko_speech","https://risu.ua/petro-poroshenko-privitav-predstoyatelya-pcu-iz-podvijnim-svyatom_n125729","interstitial_2019-2022","2022"
"e11a1d67dddb","Звернення Президента: українці – символ незламності.",FALSE,"neither","other","none","none",2,"Zelensky wartime address (2 Mar 2022) with a rhetorical list of Ukrainian heritage sites (Sophia Cathedral, the Lavra, Andriivska Church) sarcastically asked whether Russia considers them 'NATO bases'. General wartime rhetoric about destruction of Ukrainian heritage broadly, not UOC-MP-specific.","coded_batch_53.json","2022-03-02","Звернення Президента: українці – символ незламності","president.gov.ua","speech","https://www.president.gov.ua/news/zvernennya-prezidenta-ukrayinci-simvol-nezlamnosti-73281","J2_invasion_2022","2022"
"a5510c169a12","Навіть якщо ви зруйнуєте всі наші українські собори та церкви – ви не зруйнуєте нашої щирої віри в Україну і в Бога.",FALSE,"neither","other","none","none",2,"Zelensky wartime address (3 Mar 2022) on Russian destruction of Ukrainian cathedrals/churches generally amid the invasion. Not UOC-MP-specific; general wartime resilience rhetoric.","coded_batch_53.json","2022-03-03","Україну стільки разів хотіли знищити, але не змогли – звернення Президента Володимира Зеленського","president.gov.ua","speech","https://www.president.gov.ua/news/ukrayinu-stilki-raziv-hotili-znishiti-ale-ne-zmogli-zvernenn-73297","J2_invasion_2022","2022"
"b82b8497760a","В УПЦ МП обговорюють можливість в односторонній спосіб проголосити автокефалію, як колись це зробив Філарет... Так УПЦ МП і КП міняються місцями.",FALSE,"neither","other","none","none",2,"Theologian Kyrylo Hovorun's analysis (5 March 2022, days after the full-scale invasion began) noting the paradox that UOC-MP is now considering unilaterally declaring autocephaly from Moscow, while PCU/former UOC-KP increasingly echoes UOC-MP's pre-2018 rhetoric demanding unconditional submission. Descriptive/analytical commentary on a pivotal wartime development, not itself a securitising claim.","coded_batch_53.json","2022-03-05","Кирил (Говорун): Односторонньо проголошена автокефалія УПЦ МП не матиме майбутнього","risu.ua","poroshenko_speech","https://risu.ua/kiril-govorun-odnostoronno-progoloshena-avtokefaliya-upc-mp-ne-matime-majbutnogo_n126780","J2_invasion_2022","2022"
"fd7625840771","Кожен день спротиву створює для України кращі умови на переговорах.",FALSE,"neither","other","none","none",2,"Zelensky wartime address (7 Mar 2022) noting Russian destruction of a church in Zhytomyr Oblast among general war-crimes reporting. Not UOC-MP-specific.","coded_batch_53.json","2022-03-07","Кожен день спротиву створює для України кращі умови на переговорах, щоб гарантувати наше майбутнє у мирі – звернення Президента Володимира Зеленського","president.gov.ua","speech","https://www.president.gov.ua/news/kozhen-den-sprotivu-stvoryuye-dlya-ukrayini-krashi-umovi-na-73417","J2_invasion_2022","2022"
"72af594379ab","На сході нашої країни окупанти вирішили «демілітаризувати» та «денацифікувати» Святогірську лавру Української православної церкви Московської патріархії... Жодної військової цілі у лаврі чи поряд з нею не було.",TRUE,"material","other","Russia","none",2,"Zelensky's wartime address (14 Mar 2022) reports Russian forces struck the Sviatohirsk Lavra -- a UOC-MP monastery sheltering only monks and hundreds of refugees -- sarcastically noting occupiers claimed to 'demilitarise' and 'denazify' it. This documents Russia attacking its own ostensible religious affiliate in Ukraine, complicating any simple 'UOC-MP as Russian asset' narrative. Coded as securitising in the sense of identifying a threat (Russian military aggression) with UOC-MP's own property/personnel as the referent object/victim -- a notable reversal of the corpus's dominant framing.","coded_batch_53.json","2022-03-14","Переможемо завдяки нашому вмінню гуртуватися та завжди памʼятати про своїх – звернення Президента України Володимира Зеленського","president.gov.ua","speech","https://www.president.gov.ua/news/peremozhemo-zavdyaki-nashomu-vminnyu-gurtuvatisya-ta-zavzhdi-73541","J2_invasion_2022","2022"
"8e4821e9f609","Ґвалтують жінок, грабують будинки. Руйнують церкви! Всі. Навіть Московського патріархату.",TRUE,"material","other","Russia","none",2,"Zelensky's address to the European Council (25 Mar 2022) explicitly notes Russian forces destroy 'all' churches indiscriminately, 'even [those] of the Moscow Patriarchate' -- again documenting Russian aggression against UOC-MP's own property, undercutting any notion that Russia spares its ostensible religious affiliate during the invasion.","coded_batch_53.json","2022-03-25","Промова Президента України Володимира Зеленського на засіданні Європейської ради","president.gov.ua","speech","https://www.president.gov.ua/news/promova-prezidenta-ukrayini-volodimira-zelenskogo-na-zasidan-73809","J2_invasion_2022","2022"
"26d489f7c409","Промова Президента України у Генеральних кортесах Іспанії.",FALSE,"neither","other","none","none",2,"Zelensky's speech to the Spanish parliament (5 Apr 2022), general wartime appeal. No UOC-MP-specific content.","coded_batch_53.json","2022-04-05","Промова Президента України у Генеральних кортесах Іспанії","president.gov.ua","speech","https://www.president.gov.ua/news/promova-prezidenta-ukrayini-u-generalnih-kortesah-ispaniyi-74125","J2_invasion_2022","2022"
"6ceaba47e5f7","Виступ Президента України на засіданні Ради Безпеки ООН.",FALSE,"neither","other","none","none",2,"Zelensky's UN Security Council address (5 Apr 2022) on war crimes evidence (Bucha). No UOC-MP-specific content.","coded_batch_53.json","2022-04-05","Виступ Президента України на засіданні Ради Безпеки ООН","president.gov.ua","speech","https://www.president.gov.ua/news/vistup-prezidenta-ukrayini-na-zasidanni-radi-bezpeki-oon-74121","J2_invasion_2022","2022"
"d20b129022a4","Стратегія захисту для кожної цивілізованої держави – тиснути на Росію.",FALSE,"neither","other","none","none",2,"Zelensky wartime address (9 Apr 2022) on international pressure strategy against Russia. No UOC-MP-specific content.","coded_batch_53.json","2022-04-09","Стратегія захисту для кожної цивілізованої держави – тиснути на Росію, щоб відновити мир – звернення Президента України","president.gov.ua","speech","https://www.president.gov.ua/news/strategiya-zahistu-dlya-kozhnoyi-civilizovanoyi-derzhavi-tis-74225","J2_invasion_2022","2022"
"830a678fce85","Привітання Президента України Володимира Зеленського з Великоднем.",FALSE,"neither","other","none","none",2,"Zelensky's Easter greeting (24 Apr 2022) amid the war. No UOC-MP-specific securitising content.","coded_batch_53.json","2022-04-24","Привітання Президента України Володимира Зеленського з Великоднем","president.gov.ua","speech","https://www.president.gov.ua/news/privitannya-prezidenta-ukrayini-volodimira-zelenskogo-z-veli-74529","J2_invasion_2022","2022"
"0409a2c6a5fe","Православний світ побачив, що для Росії Великдень нічого не означає.",FALSE,"neither","other","none","none",2,"Zelensky wartime address (25 Apr 2022) contrasting Russian Easter-truce violations with genuine Orthodox observance. General wartime rhetoric, not UOC-MP-specific.","coded_batch_53.json","2022-04-25","Православний світ побачив, що для Росії Великдень нічого не означає – звернення Президента України","president.gov.ua","speech","https://www.president.gov.ua/news/pravoslavnij-svit-pobachiv-sho-dlya-rosiyi-velikden-nichogo-74541","J2_invasion_2022","2022"
"e31b7c9725dc","Російська Православна Церква виявила себе як організація, яка безпосередньо бере участь у воєнних злочинах та геноциді українців... Ми закликаємо світ застосувати санкції проти РПЦ як організації - посібника тероризму і співучасника геноциду, а також проти її Предстоятеля... Є всі підстави накласти арешт на майно і рахунки РПЦ.",TRUE,"both","state","Russia","sanction",3,"Poroshenko explicitly calls on the world to impose sanctions on the Russian Orthodox Church as an organisation and Patriarch Kirill personally, alleging direct ROC participation in war crimes and genocide (forced deportation of Ukrainians, blocking civilian evacuation). Also demands asset seizure of ROC property/accounts outside Russia to fund Ukraine's reconstruction, enforcement of the existing UOC-MP naming law, enforcement of anti-collaboration laws against cooperating clergy, and unobstructed parish transfers to PCU. This is the most comprehensive, explicit, formal call for extraordinary measures (sanctions, asset seizure, legal enforcement) against ROC/its Ukrainian affiliate found in the entire corpus.","coded_batch_53.json","2022-04-27","Порошенко закликав запровадити санкції проти РПЦ та її очільника Кирила","risu.ua","poroshenko_speech","https://risu.ua/poroshenko-zaklikav-zaprovaditi-sankciyi-proti-rpc-ta-yiyi-ochilnika-kirila_n128713","J2_invasion_2022","2022"
"7a844011b7ed","Окупанти, тікаючи з Київщини, залишили «розстрільні» списки людей з проукраїнською позицією... причетні до створення Православної Церкви України... Задача: способствовать переходу... неканонических религиозных приходов... УПЦ КП и ПЦУ вместе с храмами в состав канонической УПЦ.",TRUE,"material","nation","Russia","other",3,"An MP reveals that retreating Russian occupation forces in Kyiv Oblast left behind handwritten 'kill lists' (расстрельные списки) targeting people involved in creating PCU (including Poroshenko), plus detailed notebooks describing plans to forcibly convert 'non-canonical' PCU/UOC-KP parishes 'back into the canonical UOC' (i.e. UOC-MP) under occupation. This is concrete physical documentary evidence of a Russian military occupation plan combining targeted violence against pro-PCU figures with forced reconversion of parishes to UOC-MP/ROC control -- among the most severe findings in the entire corpus, directly tying UOC-MP's restoration to a documented Russian extermination/occupation plan.","coded_batch_53.json","2022-05-02","У “розстрільних списках” окупантів були Порошенко і всі причетні до створення ПЦУ","risu.ua","poroshenko_speech","https://risu.ua/u-rozstrilnih-spiskah-okupantiv-buli-poroshenko-i-vsi-prichetni-do-stvorennya-pcu_n128862","J2_invasion_2022","2022"
"8e00bd95c521","Промова Президента України в Народних зборах Албанії.",FALSE,"neither","other","none","none",2,"Zelensky's speech to the Albanian parliament (3 May 2022). No UOC-MP-specific content.","coded_batch_53.json","2022-05-03","Промова Президента України в Народних зборах Албанії","president.gov.ua","speech","https://www.president.gov.ua/news/promova-prezidenta-ukrayini-v-narodnih-zborah-albaniyi-74745","J2_invasion_2022","2022"
"4ed7fa57bad1","Розв'язана Росією війна проти України впливає на глобальну ситуацію.",FALSE,"neither","other","none","none",2,"Zelensky wartime address (27 May 2022) on global impacts of the war. No UOC-MP-specific content.","coded_batch_53.json","2022-05-27","Розв'язана Росією війна проти України впливає на глобальну ситуацію – звернення Президента України до співтовариства Foreign Policy Community of Indonesia (FPC)","president.gov.ua","speech","https://www.president.gov.ua/news/rozvyazana-rosiyeyu-vijna-proti-ukrayini-vplivaye-na-globaln-75401","J2_invasion_2022","2022"
"c20c745c37ac","Російська армія може перестати вбивати, якщо одна людина в Москві віддасть наказ.",FALSE,"neither","other","none","none",2,"Zelensky wartime address (4 June 2022). No UOC-MP-specific content.","coded_batch_53.json","2022-06-04","Російська армія може перестати вбивати, якщо одна людина в Москві віддасть такий наказ, і відсутність такого наказу є приниженням для всього світу – звернення Президента України","president.gov.ua","speech","https://www.president.gov.ua/news/rosijska-armiya-mozhe-perestati-vbivati-yaksho-odna-lyudina-75605","J2_invasion_2022","2022"
"28b3c4147d17","Офіційно визнано: Україна – це майбутній рівний партнер для 27 країн ЄС.",FALSE,"neither","other","none","none",2,"Zelensky address on EU candidacy status (24 June 2022). No UOC-MP-related content.","coded_batch_53.json","2022-06-24","Офіційно визнано: Україна – це майбутній рівний партнер для 27 країн ЄС – звернення Президента, Голови Верховної Ради та Прем’єр-міністра","president.gov.ua","speech","https://www.president.gov.ua/news/oficijno-viznano-ukrayina-ce-majbutnij-rivnij-partner-dlya-2-76029","J2_invasion_2022","2022"
"6b7e723f64e9","Звернення Президента Володимира Зеленського з нагоди Дня Конституції України.",FALSE,"neither","other","none","none",2,"Zelensky's Constitution Day address (28 June 2022). No UOC-MP-specific content.","coded_batch_53.json","2022-06-28","Звернення Президента Володимира Зеленського з нагоди Дня Конституції України","president.gov.ua","speech","https://www.president.gov.ua/news/zvernennya-prezidenta-volodimira-zelenskogo-z-nagodi-dnya-ko-76093","J2_invasion_2022","2022"
"af96cd10d26f","Це за вашим благословенням в Україні оце роблять з храмами, з церквами, з Божим домом... вашій кліці мають бути в усьому світі запроваджено санкції.",TRUE,"both","state","Russia","sanction",2,"Poroshenko, visiting a destroyed village on the southern front, directly addresses Patriarch Kirill at a bombed-out church, repeating his April 2022 call for worldwide sanctions against 'your clique' for blessing the destruction. Largely reaffirms the substantively identical sanctions call already coded in doc e31b7c9725dc, delivered this time in an emotionally charged on-site setting.","coded_batch_53.json","2022-07-13","Це з вашого благословення руйнують церкви. Порошенко у зруйнованому храмі звернувся до Кирила","risu.ua","poroshenko_speech","https://risu.ua/ce-z-vashogo-blagoslovennya-rujnuyut-cerkvi-poroshenko-u-zrujnovanomu-hrami-zvernuvsya-do-kirila_n130811","J2_invasion_2022","2022"
"66c3b7ceb7d1","Дії та бездіяльність кожної посадової особи в секторі безпеки і в правоохоронних органах.",FALSE,"neither","other","none","none",2,"Zelensky address on security-sector accountability (17 July 2022). No UOC-MP-specific content.","coded_batch_53.json","2022-07-17","Дії та бездіяльність кожної посадової особи в секторі безпеки і в правоохоронних органах будуть оцінені – звернення Президента України","president.gov.ua","speech","https://www.president.gov.ua/news/diyi-ta-bezdiyalnist-kozhnoyi-posadovoyi-osobi-v-sektori-bez-76529","J2_invasion_2022","2022"
"94e07bdbfc7e","Важливо продовжити процес переходів громад до Православної Церкви України від Церкви країни-окупанта... Ми маємо зупинити спроби перешкоджати переходам парафій в лоно нашої Церкви від росіян... включення в санкційний список генерала Гундяєва.",TRUE,"both","state","UOC-MP","sanction",3,"Poroshenko explicitly labels UOC-MP 'the church of the occupying country' (Церква країни-окупанта) -- among the most direct enemy-institution framings of UOC-MP in the corpus -- and calls for stopping obstruction of parish transfers 'from the Russians' and adding 'General Gundyaev' (a mocking military title for Patriarch Kirill) to sanctions lists, reaffirming the sanctions demand from docs e31b7c9725dc and af96cd10d26f.","coded_batch_53.json","2022-07-28","""Важливо продовжити процес переходів громад ПЦУ від Церкви-окупанта"", - Порошенко","risu.ua","poroshenko_speech","https://risu.ua/vazhlivo-prodovzhiti-proces-perehodiv-gromad-pcu-vid-cerkvi-okupanta---poroshenko_n131181","J2_invasion_2022","2022"
"f16517dae2d7","Немає й не може бути жодної умови, за якої будь-який російський удар по Україні буде виправданим.",FALSE,"neither","other","none","none",2,"Zelensky wartime address (4 Aug 2022). No UOC-MP-specific content.","coded_batch_53.json","2022-08-04","Немає й не може бути жодної умови, за якої будь-який російський удар по Україні стає виправданим – звернення Президента Володимира Зеленського","president.gov.ua","speech","https://www.president.gov.ua/news/nemaye-j-ne-mozhe-buti-zhodnoyi-umovi-za-yakoyi-bud-yakij-ro-76889","J2_invasion_2022","2022"
"e9f8e1ee76b7","Ми підготували номінаційне досьє Одеси для включення до списку Всесвітньої спадщини ЮНЕСКО.",FALSE,"neither","other","none","none",2,"Zelensky address on Odesa's UNESCO heritage nomination (11 Oct 2022). No UOC-MP-related content.","coded_batch_53.json","2022-10-11","Ми підготували номінаційне досьє Одеси для включення до списку Всесвітньої спадщини – звернення Президента України до учасників 215-ї сесії Виконавчої ради ЮНЕСКО","president.gov.ua","speech","https://www.president.gov.ua/news/mi-pidgotuvali-nominacijne-dosye-odesi-dlya-vklyuchennya-do-78421","J2_invasion_2022","2022"
"48650e6cdb63","Звернення Президента Володимира Зеленського з нагоди Дня захисників і захисниць України.",FALSE,"neither","other","none","none",2,"Zelensky's Defenders' Day address (14 Oct 2022). No UOC-MP-specific content.","coded_batch_53.json","2022-10-14","Звернення Президента Володимира Зеленського з нагоди Дня захисників і захисниць України","president.gov.ua","speech","https://www.president.gov.ua/news/zvernennya-prezidenta-volodimira-zelenskogo-z-nagodi-dnya-za-78485","J2_invasion_2022","2022"
"059af37e0463","Повернення українського прапора в Крим означатиме відродження справжнього миру.",FALSE,"neither","other","none","none",2,"Zelensky wartime address on Crimea's eventual liberation (25 Oct 2022). No UOC-MP-specific content.","coded_batch_53.json","2022-10-25","Повернення українського прапора в Крим означатиме відродження справжнього миру – виступ Президента на першому парламентському саміті Кримської платформи","president.gov.ua","speech","https://www.president.gov.ua/news/povernennya-ukrayinskogo-prapora-v-krim-oznachatime-vidrodzh-78697","J2_invasion_2022","2022"
"72c6ae74b540","Сьогодні відбулося засідання РНБО... розглянули численні факти зв'язків окремих релігійних кіл в Україні з державою-агресором... РНБО доручила уряду внести на розгляд Верховної Ради законопроект щодо унеможливлення діяльності в Україні афілійованих із центрами впливу в Російській Федерації релігійних організацій... застосувати персональні санкції.",TRUE,"both","state","UOC-MP","ban",3,"PIVOTAL DOCUMENT: Zelensky's address announcing the National Security and Defence Council's (RNBO) formal decisions launching the state campaign against UOC-MP. Explicitly frames this as guaranteeing Ukraine's 'spiritual independence'. Orders: (1) legislation to ban religious organisations affiliated with Russian influence centres, (2) canonical-legal review of UOC-MP's charter for structural ties to the Moscow Patriarchate, (3) property-rights verification for organisations using the Kyiv-Pechersk Lavra, (4) personal sanctions against individuals (names to be published), (5) strengthening the state religious-affairs regulator. This is the definitive, comprehensive extraordinary-measure package -- combining ban legislation, canonical review, property seizure groundwork, and personal sanctions -- announced by the president via the nation's top security body, representing the culmination of the entire securitisation campaign tracked throughout this corpus.","coded_batch_54.json","2022-12-01","Ми гарантуємо Україні духовну незалежність – звернення Президента Володимира Зеленського","president.gov.ua","speech","https://www.president.gov.ua/news/mi-garantuyemo-ukrayini-duhovnu-nezalezhnist-zvernennya-prez-79577","J2_invasion_2022","2022"
"4c66cd619096","Московська церква не має маскуватись під українську, церкві окупанта не місце в Україні!",TRUE,"both","state","UOC-MP","other",3,"Poroshenko welcomes the Constitutional Court's ruling upholding the 2018 naming law (bill 5309) after a three-year delay, repeating his 'occupier's church' framing and demanding the executive 'finish the work started in 2018'.","coded_batch_54.json","2022-12-27","«Церкві окупанта не місце в Україні», - Порошенко закликав владу завершити розпочату у 2018 році роботу","risu.ua","poroshenko_speech","https://risu.ua/okupanti-planuyut-zachistiti-zahopleni-teritoriyi-vid-nepidkontrolnih-kremlyu-cerkov--cns_n135219","J2_invasion_2022","2022"
"c368baf18256","Це не церква. Це КДБістський притон, який схвалює і благословляє вбивство українців... Ось цим зараз має займатися СБУ — виявити і притягти до відповідальності, бо вони працюють на агресора, коять кримінальний злочин і зраджують державу.",TRUE,"both","state","UOC-MP","other",3,"Poroshenko calls UOC-MP/ROC a 'KGB den' and 'not a church', explicitly calls on the SBU (Security Service) to 'identify and prosecute' clergy connected to collaboration, weapons, or pro-Russian propaganda, and explicitly reframes the entire campaign as 'not an attack on the church' but 'an attack on Russia' -- among the most extreme and explicit calls for security-service action against clergy in the corpus.","coded_batch_54.json","2022-12-29","«Московська Церква — це КДБістський притон, який благословляє вбивства українців», - Петро Порошенко","risu.ua","poroshenko_speech","https://risu.ua/moskovska-cerkva--ce-kdbistskij-priton-yakij-blagoslovlyaye-vbivstva-ukrayinciv---petro-poroshenko_n135282","J2_invasion_2022","2022"
"20bedfffdbac","Лавра — це наша національна святиня, яка має бути духовним центром Української Церкви, а не провінційним осередком псевдорелігійної структури країни-агресора.",TRUE,"ontological","identity","UOC-MP","seizure",2,"Poroshenko celebrates PCU's first Christmas service at the Kyiv-Pechersk Lavra, framing continued UOC-MP presence there as illegitimate 'occupation' by a 'pseudo-religious structure of the aggressor country' -- part of the property-transfer process ordered in the RNBO decision (doc 72c6ae74b540).","coded_batch_54.json","2023-01-05","Лавра має бути духовним центром Української Церкви — Порошенко","risu.ua","poroshenko_speech","https://risu.ua/lavra-maye-buti-duhovnim-centrom-ukrayinskoyi-cerkvi--poroshenko_n135493","J2_invasion_2022","2023"
"68e5fe347a9e","Дуже важливо, що у лаврі сьогодні прозвучала і ще звучатиме щира молитва за Україну. І що ніхто більше не буде робити українське чужим у лаврі.",TRUE,"ontological","identity","UOC-MP","seizure",2,"Zelensky celebrates PCU's first service at the Lavra as historically significant for 'spiritual independence', framing prior UOC-MP use of the site as having made 'Ukrainian things foreign' there. Also confirms a new RNBO sanctions list against Russia-linked individuals (not UOC-MP-specific in this passage).","coded_batch_54.json","2023-01-07","Дуже важливо, що у Києво-Печерській лаврі сьогодні прозвучала і ще звучатиме щира молитва за Україну – звернення Президента Володимира Зеленського","president.gov.ua","speech","https://www.president.gov.ua/news/duzhe-vazhlivo-sho-u-kiyevo-pecherskij-lavri-sogodni-prozvuc-80277","J2_invasion_2022","2023"
"ac110e8e1ad9","Український європейський спосіб життя Росія намагається знищити.",FALSE,"neither","other","none","none",2,"Zelensky wartime address (9 Feb 2023). General appeal regarding Russian aggression; no UOC-MP-specific content identified.","coded_batch_54.json","2023-02-09","Український європейський спосіб життя Росія намагається знищити; ми цього не дозволимо – виступ Президента на спеціальному пленарному засіданні Європарламенту","president.gov.ua","speech","https://www.president.gov.ua/news/ukrayinskij-yevropejskij-sposib-zhittya-rosiya-namagayetsya-80881","J2_invasion_2022","2023"
"395761e4743d","Допомога Україні зараз – це інвестиція у глобальний мир.",FALSE,"neither","other","none","none",2,"Zelensky wartime address (10 Mar 2023). No UOC-MP-specific content.","coded_batch_54.json","2023-03-10","Допомога Україні зараз – це інвестиція у глобальний мир, у реальну архітектуру безпеки – звернення Президента до учасників American Enterprise Institute World Forum","president.gov.ua","speech","https://www.president.gov.ua/news/dopomoga-ukrayini-zaraz-ce-investiciya-u-globalnij-mir-u-rea-81565","J2_invasion_2022","2023"
"bbe72d41a03f","Зараз час, коли всі історичні складнощі для України можуть бути подолані.",FALSE,"neither","other","none","none",2,"Zelensky wartime address (12 Mar 2023). No UOC-MP-specific content.","coded_batch_54.json","2023-03-12","Зараз час, коли всі історичні складнощі для України можемо перемогти, якщо будемо берегти нашу єдність – звернення Президента України","president.gov.ua","speech","https://www.president.gov.ua/news/zaraz-chas-koli-vsi-istorichni-skladnoshi-dlya-ukrayini-mozh-81581","J2_invasion_2022","2023"
"dbc0cec4a560","Ворог свободи має програти.",FALSE,"neither","other","none","none",2,"Zelensky wartime address (4 Apr 2023). No UOC-MP-specific content.","coded_batch_54.json","2023-04-04","Ворог свободи має програти, ось чому ми звертаємося по підтримку до Сполучених Штатів – виступ Президента України на зустрічі з членами Національної асоціації губернаторів США","president.gov.ua","speech","https://www.president.gov.ua/news/vorog-svobodi-maye-prograti-os-chomu-mi-zvertayemosya-po-pid-82085","J2_invasion_2022","2023"
"fa3a972f8496","Мир має стати безальтернативним.",FALSE,"neither","other","none","none",2,"Zelensky wartime address (21 Apr 2023). No UOC-MP-specific content.","coded_batch_54.json","2023-04-21","Мир має стати безальтернативним, саме тому зло має програти – виступ Президента України перед Генеральним конгресом Мексики","president.gov.ua","speech","https://www.president.gov.ua/news/mir-maye-stati-bezalternativnim-same-tomu-zlo-maye-prograti-82401","J2_invasion_2022","2023"
"a8e1f6245df9","Кожен прояв російського терору – це додаткові аргументи для посилення санкцій.",FALSE,"neither","other","none","none",2,"Zelensky wartime address (25 Apr 2023). No UOC-MP-specific content.","coded_batch_54.json","2023-04-25","Кожен прояв російського терору – це додаткові аргументи, що все має завершитись у трибуналі – звернення Президента України","president.gov.ua","speech","https://www.president.gov.ua/news/kozhen-proyav-rosijskogo-teroru-ce-dodatkovi-argumenti-sho-v-82481","J2_invasion_2022","2023"
"69628732bc90","Безпека – перший пріоритет.",FALSE,"neither","other","none","none",2,"Zelensky wartime address (23 June 2023). No UOC-MP-specific content.","coded_batch_54.json","2023-06-23","Безпека – перший пріоритет – звернення Президента України за підсумками засідання РНБО","president.gov.ua","speech","https://www.president.gov.ua/news/bezpeka-pershij-prioritet-zvernennya-prezidenta-ukrayini-za-83769","J2_invasion_2022","2023"
"efbad3182c3d","Цінуємо кожне життя, пам'ятаємо історію і разом захищаємо майбутнє.",FALSE,"neither","other","none","none",2,"Zelensky address (9 July 2023). No UOC-MP-specific content.","coded_batch_54.json","2023-07-09","Цінуємо кожне життя, пам’ятаємо історію і разом захищаємо свободу – звернення Президента України","president.gov.ua","speech","https://www.president.gov.ua/news/cinuyemo-kozhne-zhittya-pamyatayemo-istoriyu-i-razom-zahisha-84229","J2_invasion_2022","2023"
"3f565fb749e7","Україна має реалізувати свій історичний шанс на розвиток.",FALSE,"neither","other","none","none",2,"Zelensky address (10 Aug 2023). No UOC-MP-specific content.","coded_batch_54.json","2023-08-10","Україна має реалізувати свій історичний шанс на розвиток, здобутий сміливістю наших людей – звернення Президента Володимира Зеленського","president.gov.ua","speech","https://www.president.gov.ua/news/ukrayina-maye-realizuvati-svij-istorichnij-shans-na-rozvitok-84817","J2_invasion_2022","2023"
"b55c83c77254","Крок за кроком наближаємося до того, щоб шведські літаки допомагали Україні.",FALSE,"neither","other","none","none",2,"Zelensky address on air defence procurement (20 Aug 2023). No UOC-MP-specific content.","coded_batch_54.json","2023-08-20","Крок за кроком наближаємося до того, щоб шведські літаки «Гріпен» з’явилися в нашому небі – звернення Президента України","president.gov.ua","speech","https://www.president.gov.ua/news/krok-za-krokom-nablizhayemosya-do-togo-shob-shvedski-litaki-84981","J2_invasion_2022","2023"
"d137d9236df2","Виступ Президента й першої леді України перед представниками.",FALSE,"neither","other","none","none",2,"Zelensky/First Lady address (19 Sept 2023). No UOC-MP-specific content.","coded_batch_54.json","2023-09-19","Виступ Президента й першої леді України перед представниками урядових і ділових кіл США, пресою та українською громадою","president.gov.ua","speech","https://www.president.gov.ua/news/vistup-prezidenta-j-pershoyi-ledi-ukrayini-pered-predstavnik-85817","J2_invasion_2022","2023"
"8e7177336953","Звернення Президента Володимира Зеленського з нагоди Дня захисників.",FALSE,"neither","other","none","none",2,"Zelensky Defenders' Day address (1 Oct 2023). No UOC-MP-specific content.","coded_batch_54.json","2023-10-01","Звернення Президента Володимира Зеленського з нагоди Дня захисників і захисниць України","president.gov.ua","speech","https://www.president.gov.ua/news/zvernennya-prezidenta-volodimira-zelenskogo-z-nagodi-dnya-za-85993","J2_invasion_2022","2023"
"4bdce51d4932","Якщо можемо позбутися «сірих» геополітичних зон, ми повинні це зробити.",FALSE,"neither","other","none","none",2,"Zelensky address (24 Oct 2023) on geopolitical alignment. No UOC-MP-specific content.","coded_batch_54.json","2023-10-24","Якщо можемо позбутися «сірих» геополітичних зон, ми повинні зробити це – виступ Президента Володимира Зеленського на засіданні колегії Європейської комісії","president.gov.ua","speech","https://www.president.gov.ua/news/yaksho-mozhemo-pozbutisya-sirih-geopolitichnih-zon-mi-povinn-86549","J2_invasion_2022","2023"
"21be3bbc40b1","Наша фракція вимагає поставити на голосування закон про Церкву країни-агресора... Верховна Рада 19 жовтня ухвалила в першому читанні урядовий законопроект щодо заборони діяльності в Україні релігійних організацій, пов'язаних з країною-агресором.",TRUE,"both","state","UOC-MP","ban",3,"Confirms the Rada passed the government's ban bill (targeting UOC-MP) in its first reading on 19 October 2023; Poroshenko demands the presidium bring it to a full vote. Also notes a court upheld the 2019 religious-expertise ruling establishing UOC-MP's structural subordination to ROC. Direct documentation of the ban legislation's progress through parliament.","coded_batch_54.json","2023-12-10","Порошенко закликав ВРУ заборонити в Україні Московський Патріархат","risu.ua","poroshenko_speech","https://risu.ua/poroshenko-zaklikav-vru-zaboroniti-upc-mp_n144612","J2_invasion_2022","2023"
"889d490f1d4a","Привітання Президента України Володимира Зеленського з нагоди свята.",FALSE,"neither","other","none","none",2,"Zelensky holiday greeting (24 Dec 2023). No UOC-MP-specific content identified.","coded_batch_54.json","2023-12-24","Привітання Президента України Володимира Зеленського з Різдвом Христовим","president.gov.ua","speech","https://www.president.gov.ua/news/privitannya-prezidenta-ukrayini-volodimira-zelenskogo-z-rizd-87981","J2_invasion_2022","2023"
"6378e6bfc201","Ще у 2015 році наша команда розпочала діалог зі Вселенським Престолом.",FALSE,"neither","other","none","none",2,"Poroshenko's 5th-anniversary Tomos retrospective. Celebratory, repeats established narrative without new securitising claims.","coded_batch_54.json","2024-01-05","Порошенко в річницю підписання Томоса: тепер навіть скептики зрозуміли, для чого це було","risu.ua","poroshenko_speech","https://risu.ua/poroshenko-v-richnicyu-pidpisannya-tomosa-teper-navit-skeptiki-zrozumili-dlya-chogo-ce-bulo_n145249","J3_law_2024","2024"
"c9e3dfcc81ab","Через 5 років після отримання Томосу у нас все ще існує лобі Російської Православної Церкви, в тому числі в цьому залі, яке перешкоджає... ліквідацію цієї ФСБ-шної структури.",TRUE,"both","state","UOC-MP","ban",3,"Poroshenko explicitly alleges an 'ROC lobby... in this hall [parliament]' is blocking the ban bill's second reading, again calling UOC-MP an 'FSB structure' requiring 'liquidation'. Directly names parliamentary obstruction as evidence of institutional capture, extending the batch 52/53 capture allegations into the legislative arena itself.","coded_batch_54.json","2024-02-07","Порошенко закликав включити в порядок денний Ради закони про заборону Російської Церкви","risu.ua","poroshenko_speech","https://risu.ua/poroshenko-zaklikav-vklyuchiti-v-poryadok-dennij-radi-zakoni-pro-zaboronu-rosijskoyi-cerkvi_n146024","J3_law_2024","2024"
"1092f016762c","Більше систем ППО та засобів ураження російської авіації.",FALSE,"neither","other","none","none",2,"Zelensky address on air-defence procurement (10 Mar 2024). No UOC-MP-specific content.","coded_batch_54.json","2024-03-10","Більше систем ППО та засобів ураження російської авіації означає ближчий мир – звернення Президента України","president.gov.ua","speech","https://www.president.gov.ua/news/bilshe-sistem-ppo-ta-zasobiv-urazhennya-rosijskoyi-aviaciyi-89621","J3_law_2024","2024"
"67f531b56cda","Системи ППО, які є у світі, не можуть просто припадати пилом.",FALSE,"neither","other","none","none",2,"Zelensky address (2 Apr 2024) on air defence. No UOC-MP-specific content.","coded_batch_54.json","2024-04-02","Системи ППО, які є у світі, не можуть просто припадати пилом десь на базах, коли вони можуть урятувати тисячі життів від російського терору – звернення Президента","president.gov.ua","speech","https://www.president.gov.ua/news/sistemi-ppo-yaki-ye-u-sviti-ne-mozhut-prosto-pripadati-pilom-90005","J3_law_2024","2024"
"8bfe407bc821","Прохання до вас як до журналістів... оприлюднений список, хто підписав. І щоб у вас були питання до тих, хто не підписує – які справжні причини. Чи вказівки опзж, чи вказівки Банкової?",TRUE,"both","state","UOC-MP","ban",3,"Poroshenko announces the Coordination Council approved bringing the UOC-MP ban bill to a second-reading vote, but reports part of the ruling majority was instructed not to sign the required petition of 226 signatures. He publicly asks journalists to publish the names of MPs who refuse to sign and demand answers -- alleging instructions from either the pro-Russian opposition or 'Bankova' (the Presidential Office itself) are blocking the vote, again alleging capture at the highest level of government.","coded_batch_54.json","2024-05-22","Порошенко закликав журналістів оприлюднити прізвища депутатів, які підтримують Московський Патріархат в Україні","risu.ua","poroshenko_speech","https://risu.ua/poroshenko-zaklikav-zhurnalistiv-oprilyudniti-prizvishcha-deputativ-pidtrimuyut-moskovskij-patriarhat-v-ukrayini_n148488","J3_law_2024","2024"
"5a2af7ed8186","Звернення Президента України до учасників Національного форуму.",FALSE,"neither","other","none","none",2,"Zelensky address (29 June 2024). No UOC-MP-specific content.","coded_batch_54.json","2024-06-29","Звернення Президента України до учасників Національного молитовного сніданку","president.gov.ua","speech","https://www.president.gov.ua/news/zvernennya-prezidenta-ukrayini-do-uchasnikiv-nacionalnogo-mo-91873","J3_law_2024","2024"
"762362c7a4a1","Готуємо нові рішення заради нашої сили й заради захисту.",FALSE,"neither","other","none","none",2,"Zelensky address (29 June 2024). No UOC-MP-specific content.","coded_batch_54.json","2024-06-29","Готуємо нові рішення заради нашої сили й заради захисту наших людей – звернення Президента","president.gov.ua","speech","https://www.president.gov.ua/news/gotuyemo-novi-rishennya-zaradi-nashoyi-sili-j-zaradi-zahistu-91885","J3_law_2024","2024"
"7f5650a081e0","Питання про ухвалення закону про заборону російської псевдоцерковної ефесбешної структури, яка маскується під вивіскою упц мп... Цього тижня вступимо в бій з цієї нечистою силою, яка проти віри, а отже і проти армії, і проти мови, і проти України.",TRUE,"both","state","UOC-MP","ban",3,"Poroshenko announces the ban bill (No. 8371) will finally reach a second-reading vote, again citing 'numerous lobbyists in organs of power' blocking it for months, and reframes the vote in the established Army/Language/Faith trinity terms -- opposing UOC-MP is now explicitly equated with opposing 'the army, the language, and Ukraine' itself.","coded_batch_54.json","2024-07-16","Порошенко анонсував ухвалення законопректу про ""заборону"" УПЦ МП","risu.ua","poroshenko_speech","https://risu.ua/poroshenko-anonsuvav-uhvalennya-zakonoprektu-pro-zaboronu-upc-mp_n149621","J3_law_2024","2024"
"8f4ddba4f970","Це закон (№8371) про заборону Російської Православної Церкви – «п'ятої колони» в Україні... Наголошую – жодній українській Церкві нічого не загрожує. Ми говоримо про адекватні дії, які пов'язані з питаннями національної безпеки лише щодо РПЦ.",TRUE,"both","state","UOC-MP","ban",3,"Poroshenko calls delaying the ban bill 'a criminal act', explicitly labels the targeted structure 'the fifth column' and cites specific court convictions of UOC-MP-linked individuals for espionage against Ukrainian special forces and directing missile strikes on civilians as justification. Explicitly frames the measure as a 'national security' matter, not an attack on religious freedom broadly, and confirms consultations with the Council of Europe/Venice Commission on compliance.","coded_batch_54.json","2024-08-09","Відтермінування рішення про заборону Московської Церкви в Україні є злочином, – Порошенко","risu.ua","poroshenko_speech","https://risu.ua/vidterminuvannya-rishennya-pro-zaboronu-moskovskoyi-cerkvi-v-ukrayini-ye-zlochinom--poroshenko_n150122","J3_law_2024","2024"
"a477fa2d0ffd","Наша мета – припинити діяльність п'ятої колони рф, негідників, які здають позиції наших військ, передають росії патріотів... Хотів би наголосити, що ми будемо вимагати і неухильного дотримання закону від 2019 року про назву церков.",TRUE,"both","state","UOC-MP","ban",3,"Poroshenko confirms the Coordination Council scheduled the ban bill (No. 8371) as the first agenda item for the 19 August 2024 session, reiterates the 'fifth column' framing, explicitly clarifies the bill's aim is not to close houses of worship to believers but to 'stop the activity of the RF's fifth column', and separately demands strict enforcement of the still-unenforced 2019 naming law with judicial/Justice Ministry consequences for non-compliance.","coded_batch_54.json","2024-08-15","Порошенко анонсував розгляд законопроекту про заборону УПЦ МП на найближчому засіданні ВР","risu.ua","poroshenko_speech","https://risu.ua/poroshenko-anonsuvav-rozglyad-zakonoproektu-pro-zaboronu-upc-mp-na-najblizhchomu-zasidanni-vr_n150237","J3_law_2024","2024"
"92c1898797ce","Маємо максимально завдавати ураження всім російським позиціям.",FALSE,"neither","other","none","none",2,"Zelensky address (16 Aug 2024) on military strategy. No UOC-MP-specific content.","coded_batch_54.json","2024-08-16","Маємо максимально завдавати ураження всім російським позиціям і робимо це – звернення Президента","president.gov.ua","speech","https://www.president.gov.ua/news/mayemo-maksimalno-zavdavati-urazhennya-vsim-rosijskim-pozici-92637","J3_law_2024","2024"
"4aaca8be34af","Обговорили з партнерами роботу щодо ППО.",FALSE,"neither","other","none","none",2,"Zelensky address (20 Aug 2024). No UOC-MP-specific content.","coded_batch_54.json","2024-08-20","Обговорили з партнерами роботу щодо ППО – нових систем для України; готуємо посилення – звернення Президента","president.gov.ua","speech","https://www.president.gov.ua/news/obgovorili-z-partnerami-robotu-shodo-ppo-novih-sistem-dlya-u-92713","J3_law_2024","2024"
"49293ef4ff5e","За цей тиждень ми додали Україні нових домовленостей.",FALSE,"neither","other","none","none",2,"Zelensky address (12 Oct 2024). No UOC-MP-specific content.","coded_batch_54.json","2024-10-12","За цей тиждень ми додали Україні нових домовленостей щодо зброї – звернення Президента","president.gov.ua","speech","https://www.president.gov.ua/news/za-cej-tizhden-mi-dodali-ukrayini-novih-domovlenostej-shodo-93817","J3_law_2024","2024"
"1cab7f32ecd4","Ми маємо не допустити, щоб хтось у світі засумнівався у підтримці України.",FALSE,"neither","other","none","none",2,"Zelensky address (19 Nov 2024). No UOC-MP-specific content.","coded_batch_54.json","2024-11-19","Ми маємо не допустити, щоб хтось у світі засумнівався у стійкості всієї України – Щорічне Послання Президента до Верховної Ради","president.gov.ua","speech","https://www.president.gov.ua/news/mi-mayemo-ne-dopustiti-shob-htos-u-sviti-zasumnivavsya-u-sti-94497","J3_law_2024","2024"
"d737ea63f60a","Ми повинні зробити все, щоб 25-й рік став для України роком миру.",FALSE,"neither","other","none","none",2,"Zelensky year-end address (22 Dec 2024). No UOC-MP-specific content.","coded_batch_54.json","2024-12-22","Ми повинні зробити все, щоб 25-й рік став для України роком миру – виступ Президента з нагоди Дня дипломата","president.gov.ua","speech","https://www.president.gov.ua/news/mi-povinni-zrobiti-vse-shob-25-j-rik-stav-dlya-ukrayini-roko-95169","J3_law_2024","2024"
"c3d07dcf5107","Патріарх Варфоломій: Автокефалія Української Церкви.",FALSE,"neither","other","none","none",2,"Patriarch Bartholomew statement (31 Jan 2025) on PCU's autocephaly, likely reflective/diplomatic in nature; no specific securitising claims identified from the available excerpt.","coded_batch_54.json","2025-01-31","Патріарх Варфоломій: Автокефалія Української Церкви - незмінний факт","risu.ua","poroshenko_speech","https://risu.ua/patriarh-varfolomij-avtokefaliya-ukrayinskoyi-cerkvi---nezminnij-fakt_n153904","J4_enforcement_2025","2025"
"9a781542268c","Європі потрібна швидкість в ухваленні рішень і чіткі інструменти.",FALSE,"neither","other","none","none",2,"Zelensky address (20 Mar 2025). No UOC-MP-specific content.","coded_batch_54.json","2025-03-20","Європі потрібна швидкість в ухваленні рішень і чіткі інструменти для захисту від непотрібних блокувань – виступ Президента на засіданні Євроради","president.gov.ua","speech","https://www.president.gov.ua/news/yevropi-potribna-shvidkist-v-uhvalenni-rishen-i-chitki-instr-96761","J4_enforcement_2025","2025"
"2f635d36632e","Запропоную Верховній Раді України законопроєкт.",FALSE,"neither","other","none","none",1,"Zelensky address (23 July 2025) announcing an unspecified legislative proposal; no clear UOC-MP-specific content in the available excerpt.","coded_batch_54.json","2025-07-23","Запропоную Верховній Раді України законопроєкт, який буде відповіддю; усі норми для незалежності антикорупційних інституцій будуть – звернення Президента","president.gov.ua","speech","https://www.president.gov.ua/news/zaproponuyu-verhovnij-radi-ukrayini-zakonoproyekt-yakij-bude-99125","J4_enforcement_2025","2025"
"f02520647cf9","УПЦ Московського Патріархату має бути визнана тим, чим вона є насправді: структурою Російської Православної Церкви, яка діє в інтересах країни-агресорки. Сьогодні держава офіційно заявила: УПЦ МП афілійована з РПЦ, діяльність якої заборонена в Україні.",TRUE,"both","state","UOC-MP","ban",3,"FINAL RESOLUTION: Poroshenko confirms the State Service for Ethnopolitics and Freedom of Conscience officially declared UOC-MP's Kyiv Metropolia 'affiliated' with the now-banned Russian Orthodox Church -- the culminating official state determination of the multi-year securitisation and ban campaign tracked throughout this corpus, five years after the initial 2020 demands. Poroshenko cites specific prior convictions of UOC-MP priests for leaking military coordinates and pro-Kremlin propaganda as justification.","coded_batch_54.json","2025-08-30","""Рішення запізніле, але правильне"", - Порошенко про визнання УПЦ МП афілійованою з РПЦ","risu.ua","poroshenko_speech","https://risu.ua/poroshenko-nazvav-zapiznilim-ale-pravilnim-rishennya-viznati-upc-mp-afilijovanoyu-z-rpc_n158448","J4_enforcement_2025","2025"
"01ba75ec5b89","СБУ засудило заочно архімандрита УПЦ (МП), який благословив «приєднання» Херсона до складу рф... 15 років тюрми за держзраду.",TRUE,"material","state","UOC-MP","other",3,"SBU announcement: an in-absentia conviction (15 years) of a UOC-MP archimandrite in Kherson for treason -- he collaborated with the Russian-installed 'governor' Saldo, blessed the sham annexation referendum, and personally petitioned Patriarch Kirill to incorporate the local cathedral into ROC, receiving seized property as reward. One of a recurring series of official SBU announcements of concrete criminal prosecutions against UOC-MP clergy for collaboration/treason.","coded_batch_54.json",NA,"Новини","ssu.gov.ua","sbu_press_release","https://ssu.gov.ua/novyny/za-materialamy-sbu-zaochno-zasudzheno-arkhimandryta-upts-mp-yakyi-blahoslovyv-pryiednannia-khersona-do-skladu-rf","unknown",NA
"01e97b1f24f9","СБУ затримала настоятеля храму УПЦ (МП), який збирав для фсб розвіддані про оборону Сумщини.",TRUE,"material","state","UOC-MP","other",3,"SBU announcement (3 Mar 2023): detention of a UOC-MP parish priest in Sumy Oblast for gathering intelligence on Ukrainian defence positions for the FSB, including reconnaissance of command posts and artillery depots.","coded_batch_54.json",NA,"Новини","ssu.gov.ua","sbu_press_release","https://ssu.gov.ua/novyny/sbu-zatrymala-nastoiatelia-khramu-upts-mp-yakyi-zbyrav-dlia-fsb-rozviddani-pro-oboronu-sumshchyny","unknown",NA
"05d67ecc5662","До 12 років ув'язнення засуджено священника УПЦ (МП), який «зливав» позиції ЗСУ в Сєвєродонецьку.",TRUE,"material","state","UOC-MP","other",3,"SBU announcement (7 Dec 2022): a UOC-MP priest in Lysychansk sentenced to 12 years for passing Ukrainian troop positions and personnel/equipment data to Russian forces in the Luhansk direction.","coded_batch_54.json",NA,"Новини","ssu.gov.ua","sbu_press_release","https://ssu.gov.ua/novyny/za-materialamy-sbu-do-12-rokiv-uviaznennia-zasudzheno-sviashchennyka-upts-mp-yakyi-zlyvav-pozytsii-zsu-v-sievierodonetsku","unknown",NA
"07adcb8de689","Агенти фсб, які «під прикриттям» УПЦ (МП) проводили інформдиверсії проти України.",TRUE,"material","state","UOC-MP","other",3,"SBU announcement (25 Oct 2024): a UOC-MP parish head in Kyiv identified as part of an FSB agent network coordinating 'political experts' who spread Kremlin narratives justifying the war and inciting interconfessional hatred.","coded_batch_54.json",NA,"Новини","ssu.gov.ua","sbu_press_release","https://ssu.gov.ua/novyny/za-materialamy-sbu-pered-sudom-postanut-ahenty-fsb-yaki-pid-prykryttiam-upts-mp-provodyly-informdyversii-proty-ukrainy","unknown",NA
"09b074511740","СБУ проводить безпекові заходи у Києво-Печерській Лаврі... недопущення використання Лаври як осередку «русского міра»; перевірки даних про використання приміщень УПЦ для переховування диверсійно-розвідувальних груп.",TRUE,"material","state","UOC-MP","other",3,"SBU announcement (22 Nov 2022) of counter-intelligence/security operations at the Kyiv-Pechersk Lavra, explicitly citing risk of the site being used as a 'russkiy mir' hub or hideout for Russian sabotage-reconnaissance groups -- among the earliest concrete security operations preceding the formal RNBO decision weeks later.","coded_batch_54.json",NA,"Новини","ssu.gov.ua","sbu_press_release","https://ssu.gov.ua/novyny/sbu-provodyt-bezpekovi-zakhody-u-kyievopecherskii-lavri","unknown",NA
"0e9d0effdc23","СБУ затримала церковну хористку УПЦ (МП), яка «наводила» ворожі ракети на позиції ЗСУ поблизу Запоріжжя.",TRUE,"material","state","UOC-MP","other",3,"SBU announcement: detention of a UOC-MP church choir member near Zaporizhzhia for directing Russian missile strikes onto Ukrainian military positions.","coded_batch_54.json",NA,"Новини","ssu.gov.ua","sbu_press_release","https://ssu.gov.ua/novyny/sbu-zatrymala-tserkovnu-khorystku-upts-mp-yaka-navodyla-vorozhi-rakety-na-pozytsii-zsu-poblyzu-zaporizhzhia","unknown",NA
"10969b09b962","СБУ повідомила про підозру митрополиту і секретарю УПЦ (МП) з Житомирщини, які провокували релігійну ворожнечу.",TRUE,"material","state","UOC-MP","other",3,"SBU announcement: a UOC-MP metropolitan and secretary in Zhytomyr Oblast notified of suspicion for allegedly provoking religious hostility.","coded_batch_54.json",NA,"Новини","ssu.gov.ua","sbu_press_release","https://ssu.gov.ua/novyny/sbu-povidomyla-pro-pidozru-mytropolytu-i-sekretariu-upts-mp-z-zhytomyrshchyny-yaki-provokuvaly-relihiinu-vorozhnechu","unknown",NA
"117efa86b2be","СБУ повідомила про підозру послушнику УПЦ (МП), який виправдовував російську агресію.",TRUE,"material","state","UOC-MP","other",3,"SBU announcement: a UOC-MP novice notified of suspicion for publicly justifying Russian aggression.","coded_batch_54.json",NA,"Новини","ssu.gov.ua","sbu_press_release","https://ssu.gov.ua/novyny/sbu-povidomyla-pro-pidozru-poslushnyku-upts-mp-yakyi-vypravdovuvav-rosiisku-ahresiiu","unknown",NA
"11e5f70d9a12","СБУ затримала на Донеччині агентку фсб, яка працювала на рашистів через «зв'язкового» з УПЦ (МП).",TRUE,"material","state","UOC-MP","other",3,"SBU announcement: detention of an FSB agent in Donetsk Oblast who operated through a UOC-MP-linked intermediary.","coded_batch_54.json",NA,"Новини","ssu.gov.ua","sbu_press_release","https://ssu.gov.ua/novyny/sbu-zatrymala-na-donechchyni-ahentku-fsb-yaka-pratsiuvala-na-rashystiv-cherez-zviazkovoho-z-upts-mp","unknown",NA
"1422fa02cf1b","СБУ виявила в єпархіях УПЦ (МП) російські паспорти, склади пропагандистської літератури та перепустки окупантів.",TRUE,"material","state","UOC-MP","other",3,"SBU announcement: searches of UOC-MP diocesan premises uncovered Russian passports, stockpiles of propaganda literature, and occupation-authority passes -- material evidence supporting the broader securitisation narrative about UOC-MP institutional ties to Russian occupation infrastructure.","coded_batch_54.json",NA,"Новини","ssu.gov.ua","sbu_press_release","https://ssu.gov.ua/novyny/sbu-vyiavyla-v-yeparkhiiakh-upts-mp-rosiiski-pasporty-sklady-propahandystskoi-literatury-ta-perepustky-okupantiv","unknown",NA
"16a3423478ef","СБУ проводить безпекові заходи на об'єктах УПЦ (МП) у трьох областях України.",TRUE,"material","state","UOC-MP","other",3,"SBU announcement of coordinated security operations at UOC-MP facilities across three oblasts, part of the systematic post-RNBO-decision security campaign.","coded_batch_54.json",NA,"Новини","ssu.gov.ua","sbu_press_release","https://ssu.gov.ua/novyny/sbu-provodyt-bezpekovi-zakhody-na-obiektakh-upts-mp-u-trokh-oblastiakh-ukrainy","unknown",NA
"175ee5b4a423","За матеріалами СБУ в Україні вперше винесли вирок митрополиту УПЦ (МП): він визнав, що винен у злочинах.",TRUE,"material","state","UOC-MP","other",3,"SBU announcement of the first-ever criminal conviction of a UOC-MP metropolitan in Ukraine, who pleaded guilty -- a landmark prosecutorial milestone in the campaign.","coded_batch_54.json",NA,"Новини","ssu.gov.ua","sbu_press_release","https://ssu.gov.ua/novyny/za-materialamy-sbu-v-ukraini-vpershe-vynesly-vyrok-mytropolytu-upts-mp-vin-vyznav-shcho-vynen-u-zlochynakh","unknown",NA
"17fd72ceb863","СБУ повідомила про підозру одному із очільників УПЦ (МП), який закликав помолитися за рашистів у війні проти України.",TRUE,"material","state","UOC-MP","other",3,"SBU announcement: a senior UOC-MP figure notified of suspicion for publicly calling on congregants to pray for Russian forces in the war against Ukraine.","coded_batch_54.json",NA,"Новини","ssu.gov.ua","sbu_press_release","https://ssu.gov.ua/novyny/sbu-povidomyla-pro-pidozru-odnomu-iz-ochilnykiv-upts-mp-yakyi-zaklykav-pomolytysia-za-rashystiv-u-viini-proty-ukrainy","unknown",NA
"1909812ab26e","За матеріалами СБУ підозру отримав настоятель храму УПЦ (МП) на Закарпатті.",TRUE,"material","state","UOC-MP","other",3,"SBU announcement: a UOC-MP parish priest in Zakarpattia Oblast notified of suspicion (specific allegation not detailed in available excerpt).","coded_batch_54.json",NA,"Новини","ssu.gov.ua","sbu_press_release","https://ssu.gov.ua/novyny/za-materialamy-sbu-pidozru-otrymav-nastoiatel-khramu-upts-mp-na-zakarpatti","unknown",NA
"197f5a056576","СБУ затримала диякона УПЦ (МП) та психотерапевта, які на замовлення фсб шпигували за оборонцями Харкова.",TRUE,"material","state","UOC-MP","other",3,"SBU announcement: detention of a UOC-MP deacon and a psychotherapist for espionage against Kharkiv's defenders on FSB orders.","coded_batch_54.json",NA,"Новини","ssu.gov.ua","sbu_press_release","https://ssu.gov.ua/novyny/sbu-zatrymala-dyiakona-upts-mp-ta-psykhoterapevta-yaki-na-zamovlennia-fsb-shpyhuvaly-za-oborontsiamy-kharkova","unknown",NA
"1a1e882232b1","СБУ викрила РПЦ на створенні «православних ПВК» для війни в Україні.",TRUE,"material","state","Russia","other",3,"SBU announcement alleging ROC's involvement in organising 'Orthodox private military companies' to support Russia's war effort -- a distinct and serious allegation of direct ROC paramilitary involvement, threat actor coded Russia given the claim concerns ROC/Russia's own organisational structures rather than UOC-MP specifically.","coded_batch_54.json",NA,"Новини","ssu.gov.ua","sbu_press_release","https://ssu.gov.ua/novyny/sbu-vykryla-rpts-na-stvorenni-pravoslavnykh-pvk-dlia-viiny-v-ukraini","unknown",NA
"1cc4a374b6da","СБУ викрила на земельних оборудках настоятельку храму УПЦ (МП) на Черкащині.",TRUE,"material","state","UOC-MP","other",2,"SBU announcement of a UOC-MP abbess in Cherkasy Oblast exposed in land-related fraud schemes -- concerns financial/administrative wrongdoing rather than treason/collaboration specifically, so coded with somewhat lower confidence relative to the espionage-related entries.","coded_batch_54.json",NA,"Новини","ssu.gov.ua","sbu_press_release","https://ssu.gov.ua/novyny/sbu-vykryla-na-zemelnykh-oborudkakh-nastoiatelku-khramu-upts-mp-na-cherkashchyni","unknown",NA
"1e3b94a75a29","СБУ повідомила про підозру клірику УПЦ (МП), який разом із Сальдо закликав до «приєднання» Херсонщини до рф.",TRUE,"material","state","UOC-MP","other",3,"SBU announcement: a UOC-MP cleric notified of suspicion for jointly calling, alongside Russian-installed official Saldo, for Kherson Oblast's annexation to Russia.","coded_batch_54.json",NA,"Новини","ssu.gov.ua","sbu_press_release","https://ssu.gov.ua/novyny/sbu-povidomyla-pro-pidozru-kliryku-upts-mp-yakyi-razom-iz-saldo-zaklykav-do-pryiednannia-khersonshchyny-do-rf","unknown",NA
"20eac12acea6","З початку повномасштабного вторгнення військова контррозвідка СБУ викрила 68 агентів рф у Силах оборони.",FALSE,"neither","other","none","none",1,"General SBU counter-intelligence summary (18 Dec 2025) on agents uncovered within the Defence Forces broadly (e.g. an Air Force officer convicted for directing strikes). Not specifically about UOC-MP; outside this codebook's scope despite being part of the same broader counter-espionage campaign.","coded_batch_54.json",NA,"Новини","ssu.gov.ua","sbu_press_release","https://ssu.gov.ua/novyny/z-pochatku-povnomasshtabnoho-vtorhnennia-viiskova-kontrrozvidka-sbu-vykryla-68-ahentiv-rf-u-sylakh-oborony","unknown",NA
"256fbaf74197","СБУ повідомила про підозру ще 3-м проросійським агітаторам, серед яких блогер РПЦ та шкільна вчителька з Києва",TRUE,"material","state","UOC-MP","other",3,"Official SBU announcement of a criminal investigation, prosecution, conviction, or security operation targeting a UOC-MP cleric or facility for treason, collaboration, espionage, propaganda, or related offences amid the full-scale war -- part of the extensive, ongoing wave of SBU actions implementing the securitisation campaign against UOC-MP documented throughout this corpus (see batch 54's pivotal RNBO decision, 72c6ae74b540). Specific allegation per headline: СБУ повідомила про підозру ще 3-м проросійським агітаторам, серед яких блогер РПЦ та шкільна вчителька з Києва","coded_batch_55.json",NA,"Новини","ssu.gov.ua","sbu_press_release","https://ssu.gov.ua/novyny/sbu-povidomyla-pro-pidozru-shche-3m-prorosiiskym-ahitatoram-sered-yakykh-bloher-rpts-ta-shkilna-vchytelka-z-kyieva","unknown",NA
"29e1b2defe0f","СБУ викрила ворожого поплічника в рясі, який працював на гауляйтера Харківщини",TRUE,"material","state","UOC-MP","other",3,"Official SBU announcement of a criminal investigation, prosecution, conviction, or security operation targeting a UOC-MP cleric or facility for treason, collaboration, espionage, propaganda, or related offences amid the full-scale war -- part of the extensive, ongoing wave of SBU actions implementing the securitisation campaign against UOC-MP documented throughout this corpus (see batch 54's pivotal RNBO decision, 72c6ae74b540). Specific allegation per headline: СБУ викрила ворожого поплічника в рясі, який працював на гауляйтера Харківщини","coded_batch_55.json",NA,"Новини","ssu.gov.ua","sbu_press_release","https://ssu.gov.ua/novyny/sbu-vykryla-vorozhoho-poplichnyka-v-riasi-yakyi-pratsiuvav-na-hauliaitera-kharkivshchyny","unknown",NA
"29ff7ea3a669","СБУ виявила на території Харківської єпархії УПЦ (МП) сотні тисяч готівки, прокремлівську літературу та сухпайки окупантів",TRUE,"material","state","UOC-MP","other",3,"Official SBU announcement of a criminal investigation, prosecution, conviction, or security operation targeting a UOC-MP cleric or facility for treason, collaboration, espionage, propaganda, or related offences amid the full-scale war -- part of the extensive, ongoing wave of SBU actions implementing the securitisation campaign against UOC-MP documented throughout this corpus (see batch 54's pivotal RNBO decision, 72c6ae74b540). Specific allegation per headline: СБУ виявила на території Харківської єпархії УПЦ (МП) сотні тисяч готівки, прокремлівську літературу та сухпайки окупантів","coded_batch_55.json",NA,"Новини","ssu.gov.ua","sbu_press_release","https://ssu.gov.ua/novyny/sbu-vyiavyla-na-terytorii-kharkivskoi-yeparkhii-upts-mp-sotni-tysiach-hotivky-prokremlivsku-literaturu-ta-sukhpaiky-okupantiv","unknown",NA
"2a288a56ed5e","СБУ викрила диякона УПЦ (МП), який агітував за «приєднання» Запоріжжя до рф",TRUE,"material","state","UOC-MP","other",3,"Official SBU announcement of a criminal investigation, prosecution, conviction, or security operation targeting a UOC-MP cleric or facility for treason, collaboration, espionage, propaganda, or related offences amid the full-scale war -- part of the extensive, ongoing wave of SBU actions implementing the securitisation campaign against UOC-MP documented throughout this corpus (see batch 54's pivotal RNBO decision, 72c6ae74b540). Specific allegation per headline: СБУ викрила диякона УПЦ (МП), який агітував за «приєднання» Запоріжжя до рф","coded_batch_55.json",NA,"Новини","ssu.gov.ua","sbu_press_release","https://ssu.gov.ua/novyny/sbu-vykryla-dyiakona-upts-mp-yakyi-ahituvav-za-pryiednannia-zaporizhzhia-do-rf","unknown",NA
"2f907b0ee1cc","СБУ повідомила про підозру архімандриту УПЦ (МП) з Мелітополя, який закликав людей «голосувати» на псевдореферендумі",TRUE,"material","state","UOC-MP","other",3,"Official SBU announcement of a criminal investigation, prosecution, conviction, or security operation targeting a UOC-MP cleric or facility for treason, collaboration, espionage, propaganda, or related offences amid the full-scale war -- part of the extensive, ongoing wave of SBU actions implementing the securitisation campaign against UOC-MP documented throughout this corpus (see batch 54's pivotal RNBO decision, 72c6ae74b540). Specific allegation per headline: СБУ повідомила про підозру архімандриту УПЦ (МП) з Мелітополя, який закликав людей «голосувати» на псевдореферендумі","coded_batch_55.json",NA,"Новини","ssu.gov.ua","sbu_press_release","https://ssu.gov.ua/novyny/sbu-povidomyla-pro-pidozru-arkhimandrytu-upts-mp-z-melitopolia-yakyi-zaklykav-liudei-holosuvaty-na-psevdoreferendumi","unknown",NA
"2fc6365161e5","СБУ знешкодила масштабну агентурну мережу фсб, яка «під прикриттям» УПЦ (МП) намагалася дестабілізувати ситуацію в Україні (відео)",TRUE,"material","state","UOC-MP","other",3,"Official SBU announcement of a criminal investigation, prosecution, conviction, or security operation targeting a UOC-MP cleric or facility for treason, collaboration, espionage, propaganda, or related offences amid the full-scale war -- part of the extensive, ongoing wave of SBU actions implementing the securitisation campaign against UOC-MP documented throughout this corpus (see batch 54's pivotal RNBO decision, 72c6ae74b540). Specific allegation per headline: СБУ знешкодила масштабну агентурну мережу фсб, яка «під прикриттям» УПЦ (МП) намагалася дестабілізувати ситуацію в Україні (відео)","coded_batch_55.json",NA,"Новини","ssu.gov.ua","sbu_press_release","https://ssu.gov.ua/novyny/sbu-zneshkodyla-masshtabnu-ahenturnu-merezhu-fsb-yaka-pid-prykryttiam-upts-mp-namahalasia-destabilizuvaty-sytuatsiiu-v-ukraini-video","unknown",NA
"30773fd69f77","За матеріалами СБУ підозру отримав експослушник УПЦ (МП), який виправдовував тимчасову окупацію Донецька та Луганська",TRUE,"material","state","UOC-MP","other",3,"Official SBU announcement of a criminal investigation, prosecution, conviction, or security operation targeting a UOC-MP cleric or facility for treason, collaboration, espionage, propaganda, or related offences amid the full-scale war -- part of the extensive, ongoing wave of SBU actions implementing the securitisation campaign against UOC-MP documented throughout this corpus (see batch 54's pivotal RNBO decision, 72c6ae74b540). Specific allegation per headline: За матеріалами СБУ підозру отримав експослушник УПЦ (МП), який виправдовував тимчасову окупацію Донецька та Луганська","coded_batch_55.json",NA,"Новини","ssu.gov.ua","sbu_press_release","https://ssu.gov.ua/novyny/za-materialamy-sbu-pidozru-otrymav-eksposlushnyk-upts-mp-yakyi-vypravdovuvav-tymchasovu-okupatsiiu-donetska-ta-luhanska","unknown",NA
"314a5ff8e135","СБУ викрила ще трьох проросійських інтернет-агітаторів: один з них закликав ударити «Орєшніком» по Києву",FALSE,"neither","other","none","none",1,"SBU announcement concerning general pro-Russian collaboration/agitation/counter-espionage activity with no UOC-MP connection identified in the available text. Outside this codebook's UOC-MP-specific scope, though part of the same broader wartime counter-espionage campaign.","coded_batch_55.json",NA,"Новини","ssu.gov.ua","sbu_press_release","https://ssu.gov.ua/novyny/sbu-vykryla-shche-trokh-prorosiiskykh-internetahitatoriv-odyn-z-nykh-zaklykav-udaryty-orieshnikom-po-kyievu","unknown",NA
"3387d9da8e50","СБУ виявила антиукраїнську літературу в мережі церковних лавок УПЦ (МП)",TRUE,"material","state","UOC-MP","other",3,"Official SBU announcement of a criminal investigation, prosecution, conviction, or security operation targeting a UOC-MP cleric or facility for treason, collaboration, espionage, propaganda, or related offences amid the full-scale war -- part of the extensive, ongoing wave of SBU actions implementing the securitisation campaign against UOC-MP documented throughout this corpus (see batch 54's pivotal RNBO decision, 72c6ae74b540). Specific allegation per headline: СБУ виявила антиукраїнську літературу в мережі церковних лавок УПЦ (МП)","coded_batch_55.json",NA,"Новини","ssu.gov.ua","sbu_press_release","https://ssu.gov.ua/novyny/sbu-vyiavyla-antyukrainsku-literaturu-v-merezhi-tserkovnykh-lavok-upts-mp","unknown",NA
"3612136da855","СБУ виявила в єпархіях УПЦ (МП) російські паспорти, «перепустки федеральних радників рф» та прапор «новоросії»",TRUE,"material","state","UOC-MP","other",3,"Official SBU announcement of a criminal investigation, prosecution, conviction, or security operation targeting a UOC-MP cleric or facility for treason, collaboration, espionage, propaganda, or related offences amid the full-scale war -- part of the extensive, ongoing wave of SBU actions implementing the securitisation campaign against UOC-MP documented throughout this corpus (see batch 54's pivotal RNBO decision, 72c6ae74b540). Specific allegation per headline: СБУ виявила в єпархіях УПЦ (МП) російські паспорти, «перепустки федеральних радників рф» та прапор «новоросії»","coded_batch_55.json",NA,"Новини","ssu.gov.ua","sbu_press_release","https://ssu.gov.ua/novyny/sbu-vyiavyla-v-yeparkhiiakh-upts-mp-rosiiski-pasporty-perepustky-federalnykh-radnykiv-rf-ta-prapor-novorosii","unknown",NA
"3a1bf8699977","СБУ та Нацполіція викрили настоятеля храму УПЦ (МП), який «приватизував» церкву на Київщині",TRUE,"material","state","UOC-MP","other",3,"Official SBU announcement of a criminal investigation, prosecution, conviction, or security operation targeting a UOC-MP cleric or facility for treason, collaboration, espionage, propaganda, or related offences amid the full-scale war -- part of the extensive, ongoing wave of SBU actions implementing the securitisation campaign against UOC-MP documented throughout this corpus (see batch 54's pivotal RNBO decision, 72c6ae74b540). Specific allegation per headline: СБУ та Нацполіція викрили настоятеля храму УПЦ (МП), який «приватизував» церкву на Київщині","coded_batch_55.json",NA,"Новини","ssu.gov.ua","sbu_press_release","https://ssu.gov.ua/novyny/sbu-ta-natspolitsiia-vykryly-nastoiatelia-khramu-upts-mp-yakyi-pryvatyzuvav-tserkvu-na-kyivshchyni","unknown",NA
"3b6e2065753a","СБУ викрила у Запоріжжі агентурну мережу воєнної розвідки рф, яку координував священник УПЦ (МП)",TRUE,"material","state","UOC-MP","other",3,"Official SBU announcement of a criminal investigation, prosecution, conviction, or security operation targeting a UOC-MP cleric or facility for treason, collaboration, espionage, propaganda, or related offences amid the full-scale war -- part of the extensive, ongoing wave of SBU actions implementing the securitisation campaign against UOC-MP documented throughout this corpus (see batch 54's pivotal RNBO decision, 72c6ae74b540). Specific allegation per headline: СБУ викрила у Запоріжжі агентурну мережу воєнної розвідки рф, яку координував священник УПЦ (МП)","coded_batch_55.json",NA,"Новини","ssu.gov.ua","sbu_press_release","https://ssu.gov.ua/novyny/sbu-vykryla-u-zaporizhzhi-ahenturnu-merezhu-voiennoi-rozvidky-rf-yaku-koordynuvav-sviashchennyk-upts-mp","unknown",NA
"3d61eb675d70","СБУ повідомила про підозру митрополиту-втікачу УПЦ (МП) на Сумщині, який благословляв російських окупантів",TRUE,"material","state","UOC-MP","other",3,"Official SBU announcement of a criminal investigation, prosecution, conviction, or security operation targeting a UOC-MP cleric or facility for treason, collaboration, espionage, propaganda, or related offences amid the full-scale war -- part of the extensive, ongoing wave of SBU actions implementing the securitisation campaign against UOC-MP documented throughout this corpus (see batch 54's pivotal RNBO decision, 72c6ae74b540). Specific allegation per headline: СБУ повідомила про підозру митрополиту-втікачу УПЦ (МП) на Сумщині, який благословляв російських окупантів","coded_batch_55.json",NA,"Новини","ssu.gov.ua","sbu_press_release","https://ssu.gov.ua/novyny/sbu-povidomyla-pro-pidozru-mytropolytuvtikachu-upts-mp-na-sumshchyni-yakyi-blahoslovliav-rosiiskykh-okupantiv","unknown",NA
"3e620b8ad703","СБУ викрила ще трьох ворожих агітаторів: один із них закликав підняти російський прапор над Хортицею",FALSE,"neither","other","none","none",1,"SBU announcement concerning general pro-Russian collaboration/agitation/counter-espionage activity with no UOC-MP connection identified in the available text. Outside this codebook's UOC-MP-specific scope, though part of the same broader wartime counter-espionage campaign.","coded_batch_55.json",NA,"Новини","ssu.gov.ua","sbu_press_release","https://ssu.gov.ua/novyny/sbu-vykryla-shche-trokh-vorozhykh-ahitatoriv-odyn-iz-nykh-zaklykav-pidniaty-rosiiskyi-prapor-nad-khortytseiu","unknown",NA
"3eb385a41ec3","СБУ виявила в єпархіях УПЦ (МП) агітаційні листівки об’єднання Медведчука, російські «триколори» та колишні склади окупантів",TRUE,"material","state","UOC-MP","other",3,"Official SBU announcement of a criminal investigation, prosecution, conviction, or security operation targeting a UOC-MP cleric or facility for treason, collaboration, espionage, propaganda, or related offences amid the full-scale war -- part of the extensive, ongoing wave of SBU actions implementing the securitisation campaign against UOC-MP documented throughout this corpus (see batch 54's pivotal RNBO decision, 72c6ae74b540). Specific allegation per headline: СБУ виявила в єпархіях УПЦ (МП) агітаційні листівки об’єднання Медведчука, російські «триколори» та колишні склади окупантів","coded_batch_55.json",NA,"Новини","ssu.gov.ua","sbu_press_release","https://ssu.gov.ua/novyny/sbu-vyiavyla-v-yeparkhiiakh-upts-mp-ahitatsiini-lystivky-obiednannia-medvedchuka-rosiiski-trykolory-ta-kolyshni-sklady-okupantiv","unknown",NA
"41b626bcdfac","За матеріалами СБУ тюремний строк отримав настоятель храму УПЦ (МП), який вихваляв терористів Захарченка, Гіві та Моторолу",TRUE,"material","state","UOC-MP","other",3,"Official SBU announcement of a criminal investigation, prosecution, conviction, or security operation targeting a UOC-MP cleric or facility for treason, collaboration, espionage, propaganda, or related offences amid the full-scale war -- part of the extensive, ongoing wave of SBU actions implementing the securitisation campaign against UOC-MP documented throughout this corpus (see batch 54's pivotal RNBO decision, 72c6ae74b540). Specific allegation per headline: За матеріалами СБУ тюремний строк отримав настоятель храму УПЦ (МП), який вихваляв терористів Захарченка, Гіві та Моторолу","coded_batch_55.json",NA,"Новини","ssu.gov.ua","sbu_press_release","https://ssu.gov.ua/novyny/za-materialamy-sbu-tiuremnyi-strok-otrymav-nastoiatel-khramu-upts-mp-yakyi-vykhvaliav-terorystiv-zakharchenka-hivi-ta-motorolu","unknown",NA
"462dacabaed1","СБУ повідомила про підозру клірику УПЦ (МП) на Черкащині, який героїзував рашистів",TRUE,"material","state","UOC-MP","other",3,"Official SBU announcement of a criminal investigation, prosecution, conviction, or security operation targeting a UOC-MP cleric or facility for treason, collaboration, espionage, propaganda, or related offences amid the full-scale war -- part of the extensive, ongoing wave of SBU actions implementing the securitisation campaign against UOC-MP documented throughout this corpus (see batch 54's pivotal RNBO decision, 72c6ae74b540). Specific allegation per headline: СБУ повідомила про підозру клірику УПЦ (МП) на Черкащині, який героїзував рашистів","coded_batch_55.json",NA,"Новини","ssu.gov.ua","sbu_press_release","https://ssu.gov.ua/novyny/sbu-povidomyla-pro-pidozru-kliryku-upts-mp-na-cherkashchyni-yakyi-heroizuvav-rashystiv","unknown",NA
"47075247449e","За матеріалами СБУ перед судом постане митрополит однієї із Вінницьких єпархій УПЦ (МП)",TRUE,"material","state","UOC-MP","other",3,"Official SBU announcement of a criminal investigation, prosecution, conviction, or security operation targeting a UOC-MP cleric or facility for treason, collaboration, espionage, propaganda, or related offences amid the full-scale war -- part of the extensive, ongoing wave of SBU actions implementing the securitisation campaign against UOC-MP documented throughout this corpus (see batch 54's pivotal RNBO decision, 72c6ae74b540). Specific allegation per headline: За матеріалами СБУ перед судом постане митрополит однієї із Вінницьких єпархій УПЦ (МП)","coded_batch_55.json",NA,"Новини","ssu.gov.ua","sbu_press_release","https://ssu.gov.ua/novyny/za-materialamy-sbu-pered-sudom-postane-mytropolyt-vinnytskoi-yeparkhii-upts-mp","unknown",NA
"482e680ce03f","СБУ викрила колишнього настоятеля храму УПЦ (МП), який благословляв російських військових під час окупації Харківщини",TRUE,"material","state","UOC-MP","other",3,"Official SBU announcement of a criminal investigation, prosecution, conviction, or security operation targeting a UOC-MP cleric or facility for treason, collaboration, espionage, propaganda, or related offences amid the full-scale war -- part of the extensive, ongoing wave of SBU actions implementing the securitisation campaign against UOC-MP documented throughout this corpus (see batch 54's pivotal RNBO decision, 72c6ae74b540). Specific allegation per headline: СБУ викрила колишнього настоятеля храму УПЦ (МП), який благословляв російських військових під час окупації Харківщини","coded_batch_55.json",NA,"Новини","ssu.gov.ua","sbu_press_release","https://ssu.gov.ua/novyny/sbu-vykryla-kolyshnoho-nastoiatelia-khramu-upts-mp-yakyi-blahoslovliav-rosiiskykh-viiskovykh-pid-chas-okupatsii-kharkivshchyny","unknown",NA
"48c01e4624bd","СБУ повідомила про підозру митрополиту УПЦ (МП) на Донеччині, який поширював фейки про оборонців України",TRUE,"material","state","UOC-MP","other",3,"Official SBU announcement of a criminal investigation, prosecution, conviction, or security operation targeting a UOC-MP cleric or facility for treason, collaboration, espionage, propaganda, or related offences amid the full-scale war -- part of the extensive, ongoing wave of SBU actions implementing the securitisation campaign against UOC-MP documented throughout this corpus (see batch 54's pivotal RNBO decision, 72c6ae74b540). Specific allegation per headline: СБУ повідомила про підозру митрополиту УПЦ (МП) на Донеччині, який поширював фейки про оборонців України","coded_batch_55.json",NA,"Новини","ssu.gov.ua","sbu_press_release","https://ssu.gov.ua/novyny/sbu-povidomyla-pro-pidozru-mytropolytu-upts-mp-na-donechchyni-yakyi-poshyriuvav-feiky-pro-oborontsiv-ukrainy","unknown",NA
"49fc458ef846","СБУ знайшла в об’єктах УПЦ (МП) на Тернопільщині та Прикарпатті пропагандистські матеріали, що заперечують існування України",TRUE,"material","state","UOC-MP","other",3,"Official SBU announcement of a criminal investigation, prosecution, conviction, or security operation targeting a UOC-MP cleric or facility for treason, collaboration, espionage, propaganda, or related offences amid the full-scale war -- part of the extensive, ongoing wave of SBU actions implementing the securitisation campaign against UOC-MP documented throughout this corpus (see batch 54's pivotal RNBO decision, 72c6ae74b540). Specific allegation per headline: СБУ знайшла в об’єктах УПЦ (МП) на Тернопільщині та Прикарпатті пропагандистські матеріали, що заперечують існування України","coded_batch_55.json",NA,"Новини","ssu.gov.ua","sbu_press_release","https://ssu.gov.ua/novyny/sbu-znaishla-v-obiektakh-upts-mp-na-ternopilshchyni-ta-prykarpatti-propahandystski-materialy-shcho-zaperechuiut-isnuvannia-ukrainy","unknown",NA
"4e11317d9706","СБУ затримала у Херсоні священника УПЦ (МП), який торгував російською зброєю та боєприпасами (відео)",TRUE,"material","state","UOC-MP","other",3,"Official SBU announcement of a criminal investigation, prosecution, conviction, or security operation targeting a UOC-MP cleric or facility for treason, collaboration, espionage, propaganda, or related offences amid the full-scale war -- part of the extensive, ongoing wave of SBU actions implementing the securitisation campaign against UOC-MP documented throughout this corpus (see batch 54's pivotal RNBO decision, 72c6ae74b540). Specific allegation per headline: СБУ затримала у Херсоні священника УПЦ (МП), який торгував російською зброєю та боєприпасами (відео)","coded_batch_55.json",NA,"Новини","ssu.gov.ua","sbu_press_release","https://ssu.gov.ua/novyny/sbu-zatrymala-u-khersoni-sviashchennyka-upts-mp-yakyi-torhuvav-rosiiskoiu-zbroieiu-ta-boieprypasamy-video","unknown",NA
"4f0e0ac49bbf","СБУ викрила на Хмельниччині настоятеля храму УПЦ (МП), який вихваляв путіна перед вірянами",TRUE,"material","state","UOC-MP","other",3,"Official SBU announcement of a criminal investigation, prosecution, conviction, or security operation targeting a UOC-MP cleric or facility for treason, collaboration, espionage, propaganda, or related offences amid the full-scale war -- part of the extensive, ongoing wave of SBU actions implementing the securitisation campaign against UOC-MP documented throughout this corpus (see batch 54's pivotal RNBO decision, 72c6ae74b540). Specific allegation per headline: СБУ викрила на Хмельниччині настоятеля храму УПЦ (МП), який вихваляв путіна перед вірянами","coded_batch_55.json",NA,"Новини","ssu.gov.ua","sbu_press_release","https://ssu.gov.ua/novyny/sbu-vykryla-na-khmelnychchyni-nastoiatelia-khramu-upts-mp-yakyi-vykhvaliav-putina-pered-virianamy","unknown",NA
"50b3543f82ca","За матеріалами СБУ тюремний строк отримав клірик УПЦ (МП) на Дніпропетровщині, який закликав вірян допомагати рашистам",TRUE,"material","state","UOC-MP","other",3,"Official SBU announcement of a criminal investigation, prosecution, conviction, or security operation targeting a UOC-MP cleric or facility for treason, collaboration, espionage, propaganda, or related offences amid the full-scale war -- part of the extensive, ongoing wave of SBU actions implementing the securitisation campaign against UOC-MP documented throughout this corpus (see batch 54's pivotal RNBO decision, 72c6ae74b540). Specific allegation per headline: За матеріалами СБУ тюремний строк отримав клірик УПЦ (МП) на Дніпропетровщині, який закликав вірян допомагати рашистам","coded_batch_55.json",NA,"Новини","ssu.gov.ua","sbu_press_release","https://ssu.gov.ua/novyny/za-materialamy-sbu-tiuremnyi-strok-otrymav-kliryk-upts-mp-na-dnipropetrovshchyni-yakyi-zaklykav-virian-dopomahaty-rashystam","unknown",NA
"523f6466eaca","СБУ повідомила про підозру клірику київського монастиря УПЦ (МП), який виправдовував війну рф проти України",TRUE,"material","state","UOC-MP","other",3,"Official SBU announcement of a criminal investigation, prosecution, conviction, or security operation targeting a UOC-MP cleric or facility for treason, collaboration, espionage, propaganda, or related offences amid the full-scale war -- part of the extensive, ongoing wave of SBU actions implementing the securitisation campaign against UOC-MP documented throughout this corpus (see batch 54's pivotal RNBO decision, 72c6ae74b540). Specific allegation per headline: СБУ повідомила про підозру клірику київського монастиря УПЦ (МП), який виправдовував війну рф проти України","coded_batch_55.json",NA,"Новини","ssu.gov.ua","sbu_press_release","https://ssu.gov.ua/novyny/sbu-povidomyla-pro-pidozru-kliryku-kyivskoho-monastyria-upts-mp-yakyi-vypravdovuvav-viinu-rf-proty-ukrainy","unknown",NA
"54c494d86780","СБУ затримала охоронця дитсадка на Запоріжжі, який наводив російські ракети на будинки мирних українців (відео)",FALSE,"neither","other","none","none",1,"SBU announcement concerning general pro-Russian collaboration/agitation/counter-espionage activity with no UOC-MP connection identified in the available text. Outside this codebook's UOC-MP-specific scope, though part of the same broader wartime counter-espionage campaign.","coded_batch_55.json",NA,"Новини","ssu.gov.ua","sbu_press_release","https://ssu.gov.ua/novyny/sbu-zatrymala-okhorontsia-dytsadka-na-zaporizhzhi-yakyi-navodyv-rosiiski-rakety-na-budynky-myrnykh-ukraintsiv-video","unknown",NA
"5641e23f5983","СБУ затримала священника УПЦ (МП), який був агентом російського гру і готував удар по ешелонах ЗСУ на Харківщині (відео)",TRUE,"material","state","UOC-MP","other",3,"Official SBU announcement of a criminal investigation, prosecution, conviction, or security operation targeting a UOC-MP cleric or facility for treason, collaboration, espionage, propaganda, or related offences amid the full-scale war -- part of the extensive, ongoing wave of SBU actions implementing the securitisation campaign against UOC-MP documented throughout this corpus (see batch 54's pivotal RNBO decision, 72c6ae74b540). Specific allegation per headline: СБУ затримала священника УПЦ (МП), який був агентом російського гру і готував удар по ешелонах ЗСУ на Харківщині (відео)","coded_batch_55.json",NA,"Новини","ssu.gov.ua","sbu_press_release","https://ssu.gov.ua/novyny/sbu-zatrymala-sviashchennyka-upts-mp-yakyi-buv-ahentom-rosiiskoho-hru-i-hotuvav-udar-po-eshelonakh-zsu-na-kharkivshchyni-video","unknown",NA
"570eb0019e03","СБУ повідомила про підозру колаборанту, який був особистим радником терориста Стрєлкова",FALSE,"neither","other","none","none",1,"SBU announcement concerning general pro-Russian collaboration/agitation/counter-espionage activity with no UOC-MP connection identified in the available text. Outside this codebook's UOC-MP-specific scope, though part of the same broader wartime counter-espionage campaign.","coded_batch_55.json",NA,"Новини","ssu.gov.ua","sbu_press_release","https://ssu.gov.ua/novyny/sbu-povidomyla-pro-pidozru-kolaborantu-yakyi-buv-osobystym-radnykom-terorysta-strielkova","unknown",NA
"58bf7be14b1c","СБУ перевірила приміщення УПЦ (МП) на Буковині: знайшли методички з москви, російське громадянство та посвідчення окупантів",TRUE,"material","state","UOC-MP","other",3,"Official SBU announcement of a criminal investigation, prosecution, conviction, or security operation targeting a UOC-MP cleric or facility for treason, collaboration, espionage, propaganda, or related offences amid the full-scale war -- part of the extensive, ongoing wave of SBU actions implementing the securitisation campaign against UOC-MP documented throughout this corpus (see batch 54's pivotal RNBO decision, 72c6ae74b540). Specific allegation per headline: СБУ перевірила приміщення УПЦ (МП) на Буковині: знайшли методички з москви, російське громадянство та посвідчення окупантів","coded_batch_55.json",NA,"Новини","ssu.gov.ua","sbu_press_release","https://ssu.gov.ua/novyny/sbu-pereviryla-prymishchennia-upts-mp-na-bukovyni-znaishly-metodychky-z-moskvy-rosiiske-hromadianstvo-ta-posvidchennia-okupantiv","unknown",NA
"5a7aceccf26b","З початку повномасштабного вторгнення за матеріалами СБУ розпочато понад 200 кримінальних проваджень щодо кліриків УПЦ (МП)",TRUE,"material","state","UOC-MP","other",3,"Official SBU summary statistic on the scale of criminal proceedings against UOC-MP clergy since the full-scale invasion (over 200 proceedings / over 60 clerics respectively) -- direct quantitative evidence of the scale of the state's ongoing prosecutorial campaign against UOC-MP-linked individuals.","coded_batch_55.json",NA,"Новини","ssu.gov.ua","sbu_press_release","https://ssu.gov.ua/novyny/z-pochatku-povnomasshtabnoho-vtorhnennia-za-materialamy-sbu-rozpochato-ponad-200-kryminalnykh-provadzhen-shchodo-klirykiv-upts-mp","unknown",NA
"5fafa045bc74","За матеріалами СБУ 5 років тюрми отримав настоятель храму УПЦ (МП), який вихваляв путіна та очікував на захоплення Вінниччини",TRUE,"material","state","UOC-MP","other",3,"Official SBU announcement of a criminal investigation, prosecution, conviction, or security operation targeting a UOC-MP cleric or facility for treason, collaboration, espionage, propaganda, or related offences amid the full-scale war -- part of the extensive, ongoing wave of SBU actions implementing the securitisation campaign against UOC-MP documented throughout this corpus (see batch 54's pivotal RNBO decision, 72c6ae74b540). Specific allegation per headline: За матеріалами СБУ 5 років тюрми отримав настоятель храму УПЦ (МП), який вихваляв путіна та очікував на захоплення Вінниччини","coded_batch_55.json",NA,"Новини","ssu.gov.ua","sbu_press_release","https://ssu.gov.ua/novyny/za-materialamy-sbu-5-rokiv-tiurmy-otrymav-nastoiatel-khramu-upts-mp-yakyi-vykhvaliav-putina-ta-ochikuvav-na-zakhoplennia-vinnychchyny","unknown",NA
"601e6ec85fc8","СБУ повідомила про підозру клірику УПЦ (МП) із Харківщини, який прославляв рашистів на Телеграм-каналі партії «єдина росія»",TRUE,"material","state","UOC-MP","other",3,"Official SBU announcement of a criminal investigation, prosecution, conviction, or security operation targeting a UOC-MP cleric or facility for treason, collaboration, espionage, propaganda, or related offences amid the full-scale war -- part of the extensive, ongoing wave of SBU actions implementing the securitisation campaign against UOC-MP documented throughout this corpus (see batch 54's pivotal RNBO decision, 72c6ae74b540). Specific allegation per headline: СБУ повідомила про підозру клірику УПЦ (МП) із Харківщини, який прославляв рашистів на Телеграм-каналі партії «єдина росія»","coded_batch_55.json",NA,"Новини","ssu.gov.ua","sbu_press_release","https://ssu.gov.ua/novyny/sbu-povidomyla-pro-pidozru-kliryku-upts-mp-iz-kharkivshchyny-yakyi-proslavliav-rashystiv-na-telehramkanali-partii-iedyna-rosiia","unknown",NA
"60e715b8f97e","СБУ викрила двох настоятелів храмів УПЦ (МП), які вихваляли путіна та поширювали антисемітські заклики",TRUE,"material","state","UOC-MP","other",3,"Official SBU announcement of a criminal investigation, prosecution, conviction, or security operation targeting a UOC-MP cleric or facility for treason, collaboration, espionage, propaganda, or related offences amid the full-scale war -- part of the extensive, ongoing wave of SBU actions implementing the securitisation campaign against UOC-MP documented throughout this corpus (see batch 54's pivotal RNBO decision, 72c6ae74b540). Specific allegation per headline: СБУ викрила двох настоятелів храмів УПЦ (МП), які вихваляли путіна та поширювали антисемітські заклики","coded_batch_55.json",NA,"Новини","ssu.gov.ua","sbu_press_release","https://ssu.gov.ua/novyny/sbu-vykryla-dvokh-nastoiateliv-khramiv-upts-mp-yaki-vykhvalialy-putina-ta-poshyriuvaly-antysemitski-zaklyky","unknown",NA
"637f50728880","СБУ заочно повідомила про підозру головному військовому «капелану» рф, який благословив рашистів на війну проти України",TRUE,"material","state","UOC-MP","other",3,"Official SBU announcement of a criminal investigation, prosecution, conviction, or security operation targeting a UOC-MP cleric or facility for treason, collaboration, espionage, propaganda, or related offences amid the full-scale war -- part of the extensive, ongoing wave of SBU actions implementing the securitisation campaign against UOC-MP documented throughout this corpus (see batch 54's pivotal RNBO decision, 72c6ae74b540). Specific allegation per headline: СБУ заочно повідомила про підозру головному військовому «капелану» рф, який благословив рашистів на війну проти України","coded_batch_55.json",NA,"Новини","ssu.gov.ua","sbu_press_release","https://ssu.gov.ua/novyny/sbu-zaochno-povidomyla-pro-pidozru-holovnomu-viiskovomu-kapelanu-rf-yakyi-blahoslovyv-rashystiv-na-viinu-proty-ukrainy","unknown",NA
"64b6c3d53ecf","СБУ викрила митрополита УПЦ (МП) Павла на нових фактах підривної діяльності проти України (відео)",TRUE,"material","state","UOC-MP","other",3,"Official SBU announcement of a criminal investigation, prosecution, conviction, or security operation targeting a UOC-MP cleric or facility for treason, collaboration, espionage, propaganda, or related offences amid the full-scale war -- part of the extensive, ongoing wave of SBU actions implementing the securitisation campaign against UOC-MP documented throughout this corpus (see batch 54's pivotal RNBO decision, 72c6ae74b540). Specific allegation per headline: СБУ викрила митрополита УПЦ (МП) Павла на нових фактах підривної діяльності проти України (відео)","coded_batch_55.json",NA,"Новини","ssu.gov.ua","sbu_press_release","https://ssu.gov.ua/novyny/sbu-vykryla-mytropolyta-upts-mp-pavla-na-novykh-faktakh-pidryvnoi-diialnosti-proty-ukrainy-video","unknown",NA
"64e3d771d07d","За матеріалами СБУ 11 років тюрми заочно отримав митрополит УПЦ (МП), який благословив війну рф проти України",TRUE,"material","state","UOC-MP","other",3,"Official SBU announcement of a criminal investigation, prosecution, conviction, or security operation targeting a UOC-MP cleric or facility for treason, collaboration, espionage, propaganda, or related offences amid the full-scale war -- part of the extensive, ongoing wave of SBU actions implementing the securitisation campaign against UOC-MP documented throughout this corpus (see batch 54's pivotal RNBO decision, 72c6ae74b540). Specific allegation per headline: За матеріалами СБУ 11 років тюрми заочно отримав митрополит УПЦ (МП), який благословив війну рф проти України","coded_batch_55.json",NA,"Новини","ssu.gov.ua","sbu_press_release","https://ssu.gov.ua/novyny/za-materialamy-sbu-11-rokiv-tiurmy-zaochno-otrymav-mytropolyt-upts-mp-yakyi-blahoslovyv-viinu-rf-proty-ukrainy","unknown",NA
"65c575e5e0ad","За матеріалами СБУ по 15 років тюрми отримали троє агентів фсб, які допомагали рашистам прориватися до Покровська",FALSE,"neither","other","none","none",1,"SBU announcement concerning general pro-Russian collaboration/agitation/counter-espionage activity with no UOC-MP connection identified in the available text. Outside this codebook's UOC-MP-specific scope, though part of the same broader wartime counter-espionage campaign.","coded_batch_55.json",NA,"Новини","ssu.gov.ua","sbu_press_release","https://ssu.gov.ua/novyny/za-materialamy-sbu-po-15-rokiv-tiurmy-otrymaly-troie-ahentiv-fsb-yaki-dopomahaly-rashystam-proryvatysia-do-pokrovska","unknown",NA
"6648a9e45216","СБУ викрила в Одесі кліриків УПЦ (МП), які вихваляли рашизм і виправдовували воєнні злочини рф",TRUE,"material","state","UOC-MP","other",3,"Official SBU announcement of a criminal investigation, prosecution, conviction, or security operation targeting a UOC-MP cleric or facility for treason, collaboration, espionage, propaganda, or related offences amid the full-scale war -- part of the extensive, ongoing wave of SBU actions implementing the securitisation campaign against UOC-MP documented throughout this corpus (see batch 54's pivotal RNBO decision, 72c6ae74b540). Specific allegation per headline: СБУ викрила в Одесі кліриків УПЦ (МП), які вихваляли рашизм і виправдовували воєнні злочини рф","coded_batch_55.json",NA,"Новини","ssu.gov.ua","sbu_press_release","https://ssu.gov.ua/novyny/sbu-vykryla-v-odesi-klirykiv-upts-mp-yaki-vykhvalialy-rashyzm-i-vypravdovuvaly-voienni-zlochyny-rf","unknown",NA
"6670af37ec12","СБУ повідомила про підозру клірику УПЦ (МП), який організовував провокації у Києво-Печерській лаврі",TRUE,"material","state","UOC-MP","other",3,"Official SBU announcement of a criminal investigation, prosecution, conviction, or security operation targeting a UOC-MP cleric or facility for treason, collaboration, espionage, propaganda, or related offences amid the full-scale war -- part of the extensive, ongoing wave of SBU actions implementing the securitisation campaign against UOC-MP documented throughout this corpus (see batch 54's pivotal RNBO decision, 72c6ae74b540). Specific allegation per headline: СБУ повідомила про підозру клірику УПЦ (МП), який організовував провокації у Києво-Печерській лаврі","coded_batch_55.json",NA,"Новини","ssu.gov.ua","sbu_press_release","https://ssu.gov.ua/novyny/sbu-povidomyla-pro-pidozru-kliryku-upts-mp-yakyi-orhanizovuvav-provokatsii-u-kyievopecherskii-lavri","unknown",NA
"686619460f66","СБУ повідомила про підозру митрополиту Святогірської лаври, який «підказав» рашистам позиції ЗСУ на Донеччині",TRUE,"material","state","UOC-MP","other",3,"Official SBU announcement of a criminal investigation, prosecution, conviction, or security operation targeting a UOC-MP cleric or facility for treason, collaboration, espionage, propaganda, or related offences amid the full-scale war -- part of the extensive, ongoing wave of SBU actions implementing the securitisation campaign against UOC-MP documented throughout this corpus (see batch 54's pivotal RNBO decision, 72c6ae74b540). Specific allegation per headline: СБУ повідомила про підозру митрополиту Святогірської лаври, який «підказав» рашистам позиції ЗСУ на Донеччині","coded_batch_55.json",NA,"Новини","ssu.gov.ua","sbu_press_release","https://ssu.gov.ua/novyny/sbu-povidomyla-pro-pidozru-mytropolytu-sviatohirskoi-lavry-yakyi-pidkazav-rashystam-pozytsii-zsu-na-donechchyni","unknown",NA
"6dea661bc9dc","СБУ затримала клірика УПЦ (МП), який був інформатором рф і шпигував за оборонцями Харкова",TRUE,"material","state","UOC-MP","other",3,"Official SBU announcement of a criminal investigation, prosecution, conviction, or security operation targeting a UOC-MP cleric or facility for treason, collaboration, espionage, propaganda, or related offences amid the full-scale war -- part of the extensive, ongoing wave of SBU actions implementing the securitisation campaign against UOC-MP documented throughout this corpus (see batch 54's pivotal RNBO decision, 72c6ae74b540). Specific allegation per headline: СБУ затримала клірика УПЦ (МП), який був інформатором рф і шпигував за оборонцями Харкова","coded_batch_55.json",NA,"Новини","ssu.gov.ua","sbu_press_release","https://ssu.gov.ua/novyny/sbu-zatrymala-kliryka-upts-mp-yakyi-buv-informatorom-rf-i-shpyhuvav-za-oborontsiamy-kharkova","unknown",NA
"736c94ff41fd","СБУ викрила митрополита однієї з єпархій УПЦ МП на роботі в інтересах рф",TRUE,"material","state","UOC-MP","other",3,"Official SBU announcement of a criminal investigation, prosecution, conviction, or security operation targeting a UOC-MP cleric or facility for treason, collaboration, espionage, propaganda, or related offences amid the full-scale war -- part of the extensive, ongoing wave of SBU actions implementing the securitisation campaign against UOC-MP documented throughout this corpus (see batch 54's pivotal RNBO decision, 72c6ae74b540). Specific allegation per headline: СБУ викрила митрополита однієї з єпархій УПЦ МП на роботі в інтересах рф","coded_batch_55.json",NA,"Новини","ssu.gov.ua","sbu_press_release","https://ssu.gov.ua/novyny/sbu-vykryla-mytropolyta-odniiei-z-yeparkhii-upts-mp-na-roboti-v-interesakh-rf","unknown",NA
"77f08479a03a","За матеріалами СБУ 15 років тюрми отримав клірик УПЦ (МП), який коригував обстріли Донеччини",TRUE,"material","state","UOC-MP","other",3,"Official SBU announcement of a criminal investigation, prosecution, conviction, or security operation targeting a UOC-MP cleric or facility for treason, collaboration, espionage, propaganda, or related offences amid the full-scale war -- part of the extensive, ongoing wave of SBU actions implementing the securitisation campaign against UOC-MP documented throughout this corpus (see batch 54's pivotal RNBO decision, 72c6ae74b540). Specific allegation per headline: За матеріалами СБУ 15 років тюрми отримав клірик УПЦ (МП), який коригував обстріли Донеччини","coded_batch_55.json",NA,"Новини","ssu.gov.ua","sbu_press_release","https://ssu.gov.ua/novyny/za-materialamy-sbu-15-rokiv-tiurmy-otrymav-kliryk-upts-mp-yakyi-koryhuvav-obstrily-donechchyny","unknown",NA
"7ccca242a075","СБУ затримала інформаторок російської воєнної розвідки, які коригували ворожий вогонь по Покровську",FALSE,"neither","other","none","none",1,"SBU announcement concerning general pro-Russian collaboration/agitation/counter-espionage activity with no UOC-MP connection identified in the available text. Outside this codebook's UOC-MP-specific scope, though part of the same broader wartime counter-espionage campaign.","coded_batch_55.json",NA,"Новини","ssu.gov.ua","sbu_press_release","https://ssu.gov.ua/novyny/sbu-zatrymala-informatorok-rosiiskoi-voiennoi-rozvidky-yaki-koryhuvaly-vorozhyi-vohon-po-pokrovsku","unknown",NA
"7d1573b75f4f","З початку повномасштабної війни СБУ викрила понад 60 кліриків УПЦ (МП), які працювали на рф, продавали зброю і дитячу порнографію",TRUE,"material","state","UOC-MP","other",3,"Official SBU summary statistic on the scale of criminal proceedings against UOC-MP clergy since the full-scale invasion (over 200 proceedings / over 60 clerics respectively) -- direct quantitative evidence of the scale of the state's ongoing prosecutorial campaign against UOC-MP-linked individuals.","coded_batch_55.json",NA,"Новини","ssu.gov.ua","sbu_press_release","https://ssu.gov.ua/novyny/z-pochatku-povnomasshtabnoi-viiny-sbu-vykryla-ponad-60-klirykiv-upts-mp-yaki-pratsiuvaly-na-rf-prodavaly-zbroiu-i-dytiachu-pornohrafiiu","unknown",NA
"7dbfca093b5c","СБУ опублікувала перелік осіб, які потрапили у «церковний список» санкцій РНБО",TRUE,"both","state","UOC-MP","sanction",3,"SBU publishes the official list of individuals subject to the RNBO's 'church sanctions' package (ordered in the pivotal December 2022 RNBO decision, batch 54 doc 72c6ae74b540) -- the direct, concrete implementation of personal sanctions specifically targeting religious figures connected to UOC-MP/ROC.","coded_batch_55.json",NA,"Новини","ssu.gov.ua","sbu_press_release","https://ssu.gov.ua/novyny/sbu-opublikuvala-perelik-osib-yaki-potrapyly-u-tserkovnyi-spysok-sanktsii-rnbo","unknown",NA
"7f91c2a08d22","За матеріалами СБУ повідомлено про нову підозру митрополиту Черкаської єпархії УПЦ (МП), який під час домашнього арешту розпалював релігійну ворожнечу",TRUE,"material","state","UOC-MP","other",3,"Official SBU announcement of a criminal investigation, prosecution, conviction, or security operation targeting a UOC-MP cleric or facility for treason, collaboration, espionage, propaganda, or related offences amid the full-scale war -- part of the extensive, ongoing wave of SBU actions implementing the securitisation campaign against UOC-MP documented throughout this corpus (see batch 54's pivotal RNBO decision, 72c6ae74b540). Specific allegation per headline: За матеріалами СБУ повідомлено про нову підозру митрополиту Черкаської єпархії УПЦ (МП), який під час домашнього арешту розпалював релігійну ворожнечу","coded_batch_55.json",NA,"Новини","ssu.gov.ua","sbu_press_release","https://ssu.gov.ua/novyny/za-materialamy-sbu-povidomleno-pro-novu-pidozru-mytropolytu-cherkaskoi-yeparkhii-upts-mp-yakyi-pid-chas-domashnoho-areshtu-rozpaliuvav-relihiinu-vorozhnechu","unknown",NA
"830bd6aec77e","СБУ та Нацполіція ліквідували ще 4 «схеми для ухилянтів» на Київщині та Буковині",FALSE,"neither","other","none","none",1,"SBU announcement concerning general pro-Russian collaboration/agitation/counter-espionage activity with no UOC-MP connection identified in the available text. Outside this codebook's UOC-MP-specific scope, though part of the same broader wartime counter-espionage campaign.","coded_batch_55.json",NA,"Новини","ssu.gov.ua","sbu_press_release","https://ssu.gov.ua/novyny/sbu-ta-natspolitsiia-likviduvaly-shche-4-skhemy-dlia-ukhyliantiv-na-kyivshchyni-ta-bukovyni","unknown",NA
"8506ca476ef0","СБУ повідомила про підозру настоятелю храму УПЦ (МП) на Вінниччині, який вихваляв терористів Захарченка, Гіві та Моторолу",TRUE,"material","state","UOC-MP","other",3,"Official SBU announcement of a criminal investigation, prosecution, conviction, or security operation targeting a UOC-MP cleric or facility for treason, collaboration, espionage, propaganda, or related offences amid the full-scale war -- part of the extensive, ongoing wave of SBU actions implementing the securitisation campaign against UOC-MP documented throughout this corpus (see batch 54's pivotal RNBO decision, 72c6ae74b540). Specific allegation per headline: СБУ повідомила про підозру настоятелю храму УПЦ (МП) на Вінниччині, який вихваляв терористів Захарченка, Гіві та Моторолу","coded_batch_55.json",NA,"Новини","ssu.gov.ua","sbu_press_release","https://ssu.gov.ua/novyny/sbu-povidomyla-pro-pidozru-nastoiateliu-khramu-upts-mp-na-vinnychchyni-yakyi-vykhvaliav-terorystiv-zakharchenka-hivi-ta-motorolu","unknown",NA
"85584ac197f8","СБУ проводить безпекові заходи на об’єктах УПЦ (МП) у Полтавській області",TRUE,"material","state","UOC-MP","other",3,"Official SBU announcement of a criminal investigation, prosecution, conviction, or security operation targeting a UOC-MP cleric or facility for treason, collaboration, espionage, propaganda, or related offences amid the full-scale war -- part of the extensive, ongoing wave of SBU actions implementing the securitisation campaign against UOC-MP documented throughout this corpus (see batch 54's pivotal RNBO decision, 72c6ae74b540). Specific allegation per headline: СБУ проводить безпекові заходи на об’єктах УПЦ (МП) у Полтавській області","coded_batch_55.json",NA,"Новини","ssu.gov.ua","sbu_press_release","https://ssu.gov.ua/novyny/sbu-provodyt-bezpekovi-zakhody-na-obiektakh-upts-mp-u-poltavskii-oblasti","unknown",NA
"8586d6c1ddcd","СБУ повідомила про підозру протоієрею РПЦ із Криму, який займається постачанням ударних дронів окупантам",TRUE,"material","state","UOC-MP","other",3,"Official SBU announcement of a criminal investigation, prosecution, conviction, or security operation targeting a UOC-MP cleric or facility for treason, collaboration, espionage, propaganda, or related offences amid the full-scale war -- part of the extensive, ongoing wave of SBU actions implementing the securitisation campaign against UOC-MP documented throughout this corpus (see batch 54's pivotal RNBO decision, 72c6ae74b540). Specific allegation per headline: СБУ повідомила про підозру протоієрею РПЦ із Криму, який займається постачанням ударних дронів окупантам","coded_batch_55.json",NA,"Новини","ssu.gov.ua","sbu_press_release","https://ssu.gov.ua/novyny/sbu-povidomyla-pro-pidozru-protoiiereiu-rpts-iz-krymu-yakyi-zaimaietsia-postachanniam-udarnykh-droniv-okupantam","unknown",NA
"8737d13a69f5","Одне з першочергових завдань СБУ – викриття держзрадників та самоочищення Служби, - Василь Малюк",FALSE,"neither","other","none","none",1,"SBU announcement concerning general pro-Russian collaboration/agitation/counter-espionage activity with no UOC-MP connection identified in the available text. Outside this codebook's UOC-MP-specific scope, though part of the same broader wartime counter-espionage campaign.","coded_batch_55.json",NA,"Новини","ssu.gov.ua","sbu_press_release","https://ssu.gov.ua/novyny/odne-z-pershocherhovykh-zavdan-sbu-vykryttia-derzhzradnykiv-ta-samoochyshchennia-sluzhby-vasyl-maliuk","unknown",NA
"876651522c96","СБУ проводить безпекові заходи на об’єктах УПЦ (МП) у дев’яти областях України",TRUE,"material","state","UOC-MP","other",3,"Official SBU announcement of a criminal investigation, prosecution, conviction, or security operation targeting a UOC-MP cleric or facility for treason, collaboration, espionage, propaganda, or related offences amid the full-scale war -- part of the extensive, ongoing wave of SBU actions implementing the securitisation campaign against UOC-MP documented throughout this corpus (see batch 54's pivotal RNBO decision, 72c6ae74b540). Specific allegation per headline: СБУ проводить безпекові заходи на об’єктах УПЦ (МП) у дев’яти областях України","coded_batch_55.json",NA,"Новини","ssu.gov.ua","sbu_press_release","https://ssu.gov.ua/novyny/sbu-provodyt-bezpekovi-zakhody-na-obiektakh-upts-mp-u-deviaty-oblastiakh-ukrainy","unknown",NA
"8a836c4aa480","СБУ проводить обшуки у Почаївській лаврі УПЦ (МП)",TRUE,"material","state","UOC-MP","other",3,"Official SBU announcement of a criminal investigation, prosecution, conviction, or security operation targeting a UOC-MP cleric or facility for treason, collaboration, espionage, propaganda, or related offences amid the full-scale war -- part of the extensive, ongoing wave of SBU actions implementing the securitisation campaign against UOC-MP documented throughout this corpus (see batch 54's pivotal RNBO decision, 72c6ae74b540). Specific allegation per headline: СБУ проводить обшуки у Почаївській лаврі УПЦ (МП)","coded_batch_55.json",NA,"Новини","ssu.gov.ua","sbu_press_release","https://ssu.gov.ua/novyny/sbu-provodyt-obshuky-u-pochaivskii-lavri-upts-mp","unknown",NA
"8d10eca4746e","СБУ викрила ще трьох проросійських інтернет-агітаторів, які вихваляли збройну агресію рф та закликали українців «скласти зброю»",FALSE,"neither","other","none","none",1,"SBU announcement concerning general pro-Russian collaboration/agitation/counter-espionage activity with no UOC-MP connection identified in the available text. Outside this codebook's UOC-MP-specific scope, though part of the same broader wartime counter-espionage campaign.","coded_batch_55.json",NA,"Новини","ssu.gov.ua","sbu_press_release","https://ssu.gov.ua/novyny/sbu-vykryla-shche-trokh-prorosiiskykh-internetahitatoriv-yaki-vykhvalialy-zbroinu-ahresiiu-rf-ta-zaklykaly-ukraintsiv-sklasty-zbroiu","unknown",NA
"8ec7f1285a03","СБУ затримала інтернет-провокатора з Черкас, який вихваляв рашистів і 2,5 року переховувався в монастирях УПЦ (МП)",TRUE,"material","state","UOC-MP","other",3,"Official SBU announcement of a criminal investigation, prosecution, conviction, or security operation targeting a UOC-MP cleric or facility for treason, collaboration, espionage, propaganda, or related offences amid the full-scale war -- part of the extensive, ongoing wave of SBU actions implementing the securitisation campaign against UOC-MP documented throughout this corpus (see batch 54's pivotal RNBO decision, 72c6ae74b540). Specific allegation per headline: СБУ затримала інтернет-провокатора з Черкас, який вихваляв рашистів і 2,5 року переховувався в монастирях УПЦ (МП)","coded_batch_55.json",NA,"Новини","ssu.gov.ua","sbu_press_release","https://ssu.gov.ua/novyny/sbu-zatrymala-internetprovokatora-z-cherkas-yakyi-vykhvaliav-rashystiv-i-25-roku-perekhovuvavsia-v-monastyriakh-upts-mp","unknown",NA
"90c62b3cb133","За матеріалами СБУ підозру отримав священнослужитель УПЦ (МП) на Буковині, який допомагав ухилянтам утікати від мобілізації",TRUE,"material","state","UOC-MP","other",3,"Official SBU announcement of a criminal investigation, prosecution, conviction, or security operation targeting a UOC-MP cleric or facility for treason, collaboration, espionage, propaganda, or related offences amid the full-scale war -- part of the extensive, ongoing wave of SBU actions implementing the securitisation campaign against UOC-MP documented throughout this corpus (see batch 54's pivotal RNBO decision, 72c6ae74b540). Specific allegation per headline: За матеріалами СБУ підозру отримав священнослужитель УПЦ (МП) на Буковині, який допомагав ухилянтам утікати від мобілізації","coded_batch_55.json",NA,"Новини","ssu.gov.ua","sbu_press_release","https://ssu.gov.ua/novyny/za-materialamy-sbu-pidozru-otrymav-sviashchennosluzhytel-upts-mp-na-bukovyni-yakyi-dopomahav-ukhyliantam-utikaty-vid-mobilizatsii","unknown",NA
"927edd20f265","За матеріалами СБУ підозру отримав митрополит УПЦ (МП) з Буковини",TRUE,"material","state","UOC-MP","other",3,"Official SBU announcement of a criminal investigation, prosecution, conviction, or security operation targeting a UOC-MP cleric or facility for treason, collaboration, espionage, propaganda, or related offences amid the full-scale war -- part of the extensive, ongoing wave of SBU actions implementing the securitisation campaign against UOC-MP documented throughout this corpus (see batch 54's pivotal RNBO decision, 72c6ae74b540). Specific allegation per headline: За матеріалами СБУ підозру отримав митрополит УПЦ (МП) з Буковини","coded_batch_55.json",NA,"Новини","ssu.gov.ua","sbu_press_release","https://ssu.gov.ua/novyny/za-materialamy-sbu-pidozru-otrymav-mytropolyt-upts-mp-z-bukovyny","unknown",NA
"92b2493920b8","СБУ викрила настоятеля храму УПЦ (МП), який вихваляв окупантів і очікував їх приходу на Вінниччину",TRUE,"material","state","UOC-MP","other",3,"Official SBU announcement of a criminal investigation, prosecution, conviction, or security operation targeting a UOC-MP cleric or facility for treason, collaboration, espionage, propaganda, or related offences amid the full-scale war -- part of the extensive, ongoing wave of SBU actions implementing the securitisation campaign against UOC-MP documented throughout this corpus (see batch 54's pivotal RNBO decision, 72c6ae74b540). Specific allegation per headline: СБУ викрила настоятеля храму УПЦ (МП), який вихваляв окупантів і очікував їх приходу на Вінниччину","coded_batch_55.json",NA,"Новини","ssu.gov.ua","sbu_press_release","https://ssu.gov.ua/novyny/sbu-vykryla-nastoiatelia-khramu-upts-mp-yakyi-vykhvaliav-okupantiv-i-ochikuvav-yikh-prykhodu-na-vinnychchynu","unknown",NA
"949032e87576","СБУ повідомила про нові підозри митрополиту на Вінниччині, який виправдовував російську агресію",TRUE,"material","state","UOC-MP","other",3,"Official SBU announcement of a criminal investigation, prosecution, conviction, or security operation targeting a UOC-MP cleric or facility for treason, collaboration, espionage, propaganda, or related offences amid the full-scale war -- part of the extensive, ongoing wave of SBU actions implementing the securitisation campaign against UOC-MP documented throughout this corpus (see batch 54's pivotal RNBO decision, 72c6ae74b540). Specific allegation per headline: СБУ повідомила про нові підозри митрополиту на Вінниччині, який виправдовував російську агресію","coded_batch_55.json",NA,"Новини","ssu.gov.ua","sbu_press_release","https://ssu.gov.ua/novyny/sbu-povidomyla-pro-novi-pidozry-mytropolytu-na-vinnychchyni-yakyi-vypravdovuvav-rosiisku-ahresiiu","unknown",NA
"949be9bca38b","СБУ знайшла проросійську літературу, мільйони готівки у різній валюті та «сумнівних» громадян рф під час безпекових заходів у приміщеннях УПЦ (МП) (відео)",TRUE,"material","state","UOC-MP","other",3,"Official SBU announcement of a criminal investigation, prosecution, conviction, or security operation targeting a UOC-MP cleric or facility for treason, collaboration, espionage, propaganda, or related offences amid the full-scale war -- part of the extensive, ongoing wave of SBU actions implementing the securitisation campaign against UOC-MP documented throughout this corpus (see batch 54's pivotal RNBO decision, 72c6ae74b540). Specific allegation per headline: СБУ знайшла проросійську літературу, мільйони готівки у різній валюті та «сумнівних» громадян рф під час безпекових заходів у приміщеннях УПЦ (МП) (відео)","coded_batch_55.json",NA,"Новини","ssu.gov.ua","sbu_press_release","https://ssu.gov.ua/novyny/sbu-znaishla-prorosiisku-literaturu-miliony-hotivky-u-riznii-valiuti-ta-sumnivnykh-hromadian-rf-pid-chas-bezpekovykh-zakhodiv-u-prymishchenniakh-upts-mp-video","unknown",NA
"954554991070","За матеріалами СБУ підозру отримав керівник Сумської єпархії УПЦ (МП), який закликав вірян до релігійної ненависті",TRUE,"material","state","UOC-MP","other",3,"Official SBU announcement of a criminal investigation, prosecution, conviction, or security operation targeting a UOC-MP cleric or facility for treason, collaboration, espionage, propaganda, or related offences amid the full-scale war -- part of the extensive, ongoing wave of SBU actions implementing the securitisation campaign against UOC-MP documented throughout this corpus (see batch 54's pivotal RNBO decision, 72c6ae74b540). Specific allegation per headline: За матеріалами СБУ підозру отримав керівник Сумської єпархії УПЦ (МП), який закликав вірян до релігійної ненависті","coded_batch_55.json",NA,"Новини","ssu.gov.ua","sbu_press_release","https://ssu.gov.ua/novyny/za-materialamy-sbu-pidozru-otrymav-kerivnyk-sumskoi-yeparkhii-upts-mp-yakyi-zaklykav-virian-do-relihiinoi-nenavysti","unknown",NA
"95698f881259","СБУ повідомила про підозру російському священнику-блогеру РПЦ, який закликав російських військових вбивати українців",TRUE,"material","state","UOC-MP","other",3,"Official SBU announcement of a criminal investigation, prosecution, conviction, or security operation targeting a UOC-MP cleric or facility for treason, collaboration, espionage, propaganda, or related offences amid the full-scale war -- part of the extensive, ongoing wave of SBU actions implementing the securitisation campaign against UOC-MP documented throughout this corpus (see batch 54's pivotal RNBO decision, 72c6ae74b540). Specific allegation per headline: СБУ повідомила про підозру російському священнику-блогеру РПЦ, який закликав російських військових вбивати українців","coded_batch_55.json",NA,"Новини","ssu.gov.ua","sbu_press_release","https://ssu.gov.ua/novyny/sbu-povidomyla-pro-pidozru-rosiiskomu-sviashchennykubloheru-rpts-yakyi-zaklykav-rosiiskykh-viiskovykh-vbyvaty-ukraintsiv","unknown",NA
"962fe8be5c2c","СБУ затримала ексдиякона УПЦ (МП), який відправляв ухилянтів за кордон під виглядом «церковних місіонерів»",TRUE,"material","state","UOC-MP","other",3,"Official SBU announcement of a criminal investigation, prosecution, conviction, or security operation targeting a UOC-MP cleric or facility for treason, collaboration, espionage, propaganda, or related offences amid the full-scale war -- part of the extensive, ongoing wave of SBU actions implementing the securitisation campaign against UOC-MP documented throughout this corpus (see batch 54's pivotal RNBO decision, 72c6ae74b540). Specific allegation per headline: СБУ затримала ексдиякона УПЦ (МП), який відправляв ухилянтів за кордон під виглядом «церковних місіонерів»","coded_batch_55.json",NA,"Новини","ssu.gov.ua","sbu_press_release","https://ssu.gov.ua/novyny/sbu-zatrymala-eksdyiakona-upts-mp-yakyi-vidpravliav-ukhyliantiv-za-kordon-pid-vyhliadom-tserkovnykh-misioneriv","unknown",NA
"98adb9f7c22c","За ініціативи СБУ Литовському дипломату повернули колекцію ікон, які рашисти викрали з його резиденції у Херсоні",FALSE,"neither","other","none","none",1,"SBU announcement concerning general pro-Russian collaboration/agitation/counter-espionage activity with no UOC-MP connection identified in the available text. Outside this codebook's UOC-MP-specific scope, though part of the same broader wartime counter-espionage campaign.","coded_batch_55.json",NA,"Новини","ssu.gov.ua","sbu_press_release","https://ssu.gov.ua/novyny/za-initsiatyvy-sbu-lytovskomu-dyplomatu-povernuly-kolektsiiu-ikon-yaki-rashysty-vykraly-z-yoho-rezydentsii-u-khersoni","unknown",NA
"9dc3e4cdb01c","СБУ викрила ще 11 інтернет-агітаторів, які поширювали кремлівську пропаганду в Україні",FALSE,"neither","other","none","none",1,"SBU announcement concerning general pro-Russian collaboration/agitation/counter-espionage activity with no UOC-MP connection identified in the available text. Outside this codebook's UOC-MP-specific scope, though part of the same broader wartime counter-espionage campaign.","coded_batch_55.json",NA,"Новини","ssu.gov.ua","sbu_press_release","https://ssu.gov.ua/novyny/sbu-vykryla-shche-11-internetahitatoriv-yaki-poshyriuvaly-kremlivsku-propahandu-v-ukraini","unknown",NA
"9dd2a56bd1d5","СБУ повідомила про підозру митрополиту УПЦ (МП) Павлу (відео)",TRUE,"material","state","UOC-MP","other",3,"Official SBU announcement of a criminal investigation, prosecution, conviction, or security operation targeting a UOC-MP cleric or facility for treason, collaboration, espionage, propaganda, or related offences amid the full-scale war -- part of the extensive, ongoing wave of SBU actions implementing the securitisation campaign against UOC-MP documented throughout this corpus (see batch 54's pivotal RNBO decision, 72c6ae74b540). Specific allegation per headline: СБУ повідомила про підозру митрополиту УПЦ (МП) Павлу (відео)","coded_batch_55.json",NA,"Новини","ssu.gov.ua","sbu_press_release","https://ssu.gov.ua/novyny/sbu-povidomyla-pro-pidozru-mytropolytu-upts-mp-pavlu-video","unknown",NA
"9f1d4cac448c","СБУ викрила прислужника монастиря УПЦ (МП) на закликах до захоплення Києва",TRUE,"material","state","UOC-MP","other",3,"Official SBU announcement of a criminal investigation, prosecution, conviction, or security operation targeting a UOC-MP cleric or facility for treason, collaboration, espionage, propaganda, or related offences amid the full-scale war -- part of the extensive, ongoing wave of SBU actions implementing the securitisation campaign against UOC-MP documented throughout this corpus (see batch 54's pivotal RNBO decision, 72c6ae74b540). Specific allegation per headline: СБУ викрила прислужника монастиря УПЦ (МП) на закликах до захоплення Києва","coded_batch_55.json",NA,"Новини","ssu.gov.ua","sbu_press_release","https://ssu.gov.ua/novyny/sbu-vykryla-prysluzhnyka-monastyria-upts-mp-na-zaklykakh-do-zakhoplennia-kyieva","unknown",NA
"a0a916197e88","СБУ та правоохоронці Іспанії затримали контрабандистів, які у Мадриді хотіли продати «Скіфське золото» з України на понад 60 млн євро (відео)",FALSE,"neither","other","none","none",1,"SBU announcement concerning general pro-Russian collaboration/agitation/counter-espionage activity with no UOC-MP connection identified in the available text. Outside this codebook's UOC-MP-specific scope, though part of the same broader wartime counter-espionage campaign.","coded_batch_55.json",NA,"Новини","ssu.gov.ua","sbu_press_release","https://ssu.gov.ua/novyny/sbu-ta-pravookhorontsi-ispanii-zatrymaly-kontrabandystiv-yaki-u-madrydi-khotily-prodaty-skifske-zoloto-z-ukrainy-na-ponad-60-mln-yevro-video","unknown",NA
"a30842d0b121","СБУ проводить безпекові заходи в Мукачівській єпархії УПЦ (МП)",TRUE,"material","state","UOC-MP","other",3,"Official SBU announcement of a criminal investigation, prosecution, conviction, or security operation targeting a UOC-MP cleric or facility for treason, collaboration, espionage, propaganda, or related offences amid the full-scale war -- part of the extensive, ongoing wave of SBU actions implementing the securitisation campaign against UOC-MP documented throughout this corpus (see batch 54's pivotal RNBO decision, 72c6ae74b540). Specific allegation per headline: СБУ проводить безпекові заходи в Мукачівській єпархії УПЦ (МП)","coded_batch_55.json",NA,"Новини","ssu.gov.ua","sbu_press_release","https://ssu.gov.ua/novyny/sbu-provodyt-bezpekovi-zakhody-v-mukachivskii-yeparkhii-upts-mp","unknown",NA
"a544e49efa67","СБУ повідомила про підозру клірику УПЦ (МП) з Черкащини, який закликав рф захопити всю Україну",TRUE,"material","state","UOC-MP","other",3,"Official SBU announcement of a criminal investigation, prosecution, conviction, or security operation targeting a UOC-MP cleric or facility for treason, collaboration, espionage, propaganda, or related offences amid the full-scale war -- part of the extensive, ongoing wave of SBU actions implementing the securitisation campaign against UOC-MP documented throughout this corpus (see batch 54's pivotal RNBO decision, 72c6ae74b540). Specific allegation per headline: СБУ повідомила про підозру клірику УПЦ (МП) з Черкащини, який закликав рф захопити всю Україну","coded_batch_55.json",NA,"Новини","ssu.gov.ua","sbu_press_release","https://ssu.gov.ua/novyny/sbu-povidomyla-pro-pidozru-kliryku-upts-mp-z-cherkashchyny-yakyi-zaklykav-rf-zakhopyty-vsiu-ukrainu","unknown",NA
"a7e4d267da32","СБУ викрила клірика УПЦ (МП), який освячував російських військових під час окупації Ізюма",TRUE,"material","state","UOC-MP","other",3,"Official SBU announcement of a criminal investigation, prosecution, conviction, or security operation targeting a UOC-MP cleric or facility for treason, collaboration, espionage, propaganda, or related offences amid the full-scale war -- part of the extensive, ongoing wave of SBU actions implementing the securitisation campaign against UOC-MP documented throughout this corpus (see batch 54's pivotal RNBO decision, 72c6ae74b540). Specific allegation per headline: СБУ викрила клірика УПЦ (МП), який освячував російських військових під час окупації Ізюма","coded_batch_55.json",NA,"Новини","ssu.gov.ua","sbu_press_release","https://ssu.gov.ua/novyny/sbu-vykryla-kliryka-upts-mp-yakyi-osviachuvav-rosiiskykh-viiskovykh-pid-chas-okupatsii-iziuma","unknown",NA
"a87610713424","СБУ повідомила про підозру клірику УПЦ (МП), який агітував за приєднання Херсонщини до рф і розфарбував в’їзну стелу в «триколор»",TRUE,"material","state","UOC-MP","other",3,"Official SBU announcement of a criminal investigation, prosecution, conviction, or security operation targeting a UOC-MP cleric or facility for treason, collaboration, espionage, propaganda, or related offences amid the full-scale war -- part of the extensive, ongoing wave of SBU actions implementing the securitisation campaign against UOC-MP documented throughout this corpus (see batch 54's pivotal RNBO decision, 72c6ae74b540). Specific allegation per headline: СБУ повідомила про підозру клірику УПЦ (МП), який агітував за приєднання Херсонщини до рф і розфарбував в’їзну стелу в «триколор»","coded_batch_55.json",NA,"Новини","ssu.gov.ua","sbu_press_release","https://ssu.gov.ua/novyny/sbu-povidomyla-pro-pidozru-kliryku-upts-mp-yakyi-ahituvav-za-pryiednannia-khersonshchyny-do-rf-i-rozfarbuvav-viznu-stelu-v-trykolor","unknown",NA
"aac079bbc32b","За матеріалами СБУ 15 років тюрми отримав клірик УПЦ (МП), який «зливав» до фсб інформацію про оборону Сумщини",TRUE,"material","state","UOC-MP","other",3,"Official SBU announcement of a criminal investigation, prosecution, conviction, or security operation targeting a UOC-MP cleric or facility for treason, collaboration, espionage, propaganda, or related offences amid the full-scale war -- part of the extensive, ongoing wave of SBU actions implementing the securitisation campaign against UOC-MP documented throughout this corpus (see batch 54's pivotal RNBO decision, 72c6ae74b540). Specific allegation per headline: За матеріалами СБУ 15 років тюрми отримав клірик УПЦ (МП), який «зливав» до фсб інформацію про оборону Сумщини","coded_batch_55.json",NA,"Новини","ssu.gov.ua","sbu_press_release","https://ssu.gov.ua/novyny/za-materialamy-sbu-15-rokiv-tiurmy-otrymav-kliryk-upts-mp-yakyi-zlyvav-do-fsb-informatsiiu-pro-oboronu-sumshchyny","unknown",NA
"b17ce3677466","За матеріалами СБУ та Нацполіції заочну підозру отримав митрополит УПЦ (МП), який благословив окупантів на захоплення Ізюма",TRUE,"material","state","UOC-MP","other",3,"Official SBU announcement of a criminal investigation, prosecution, conviction, or security operation targeting a UOC-MP cleric or facility for treason, collaboration, espionage, propaganda, or related offences amid the full-scale war -- part of the extensive, ongoing wave of SBU actions implementing the securitisation campaign against UOC-MP documented throughout this corpus (see batch 54's pivotal RNBO decision, 72c6ae74b540). Specific allegation per headline: За матеріалами СБУ та Нацполіції заочну підозру отримав митрополит УПЦ (МП), який благословив окупантів на захоплення Ізюма","coded_batch_55.json",NA,"Новини","ssu.gov.ua","sbu_press_release","https://ssu.gov.ua/novyny/za-materialamy-sbu-ta-natspolitsii-zaochnu-pidozru-otrymav-mytropolyt-upts-mp-yakyi-blahoslovyv-okupantiv-na-zakhoplennia-iziuma","unknown",NA
"b1ae0ee5c36d","СБУ затримала у Києві прокремлівського блогера, який переховувався від правосуддя в монастирі УПЦ (МП)",TRUE,"material","state","UOC-MP","other",3,"Official SBU announcement of a criminal investigation, prosecution, conviction, or security operation targeting a UOC-MP cleric or facility for treason, collaboration, espionage, propaganda, or related offences amid the full-scale war -- part of the extensive, ongoing wave of SBU actions implementing the securitisation campaign against UOC-MP documented throughout this corpus (see batch 54's pivotal RNBO decision, 72c6ae74b540). Specific allegation per headline: СБУ затримала у Києві прокремлівського блогера, який переховувався від правосуддя в монастирі УПЦ (МП)","coded_batch_55.json",NA,"Новини","ssu.gov.ua","sbu_press_release","https://ssu.gov.ua/novyny/sbu-zatrymala-u-kyievi-prokremlivskoho-blohera-yakyi-perekhovuvavsia-vid-pravosuddia-v-monastyri-upts-mp","unknown",NA
"b23fd369fd77","СБУ повідомила про підозру клірику УПЦ (МП) на Житомирщині, який виправдовував війну рф проти України",TRUE,"material","state","UOC-MP","other",3,"Official SBU announcement of a criminal investigation, prosecution, conviction, or security operation targeting a UOC-MP cleric or facility for treason, collaboration, espionage, propaganda, or related offences amid the full-scale war -- part of the extensive, ongoing wave of SBU actions implementing the securitisation campaign against UOC-MP documented throughout this corpus (see batch 54's pivotal RNBO decision, 72c6ae74b540). Specific allegation per headline: СБУ повідомила про підозру клірику УПЦ (МП) на Житомирщині, який виправдовував війну рф проти України","coded_batch_55.json",NA,"Новини","ssu.gov.ua","sbu_press_release","https://ssu.gov.ua/novyny/sbu-povidomyla-pro-pidozru-kliryku-upts-mp-na-zhytomyrshchyni-yakyi-vypravdovuvav-viinu-rf-proty-ukrainy","unknown",NA
"b2b003d2f9db","СБУ повідомила про підозру митрополиту однієї з єпархій УПЦ МП",TRUE,"material","state","UOC-MP","other",3,"Official SBU announcement of a criminal investigation, prosecution, conviction, or security operation targeting a UOC-MP cleric or facility for treason, collaboration, espionage, propaganda, or related offences amid the full-scale war -- part of the extensive, ongoing wave of SBU actions implementing the securitisation campaign against UOC-MP documented throughout this corpus (see batch 54's pivotal RNBO decision, 72c6ae74b540). Specific allegation per headline: СБУ повідомила про підозру митрополиту однієї з єпархій УПЦ МП","coded_batch_55.json",NA,"Новини","ssu.gov.ua","sbu_press_release","https://ssu.gov.ua/novyny/sbu-povidomyla-pro-pidozru-mytropolytu-odniiei-z-yeparkhii-upts-mp","unknown",NA
"b6b4d0792153","На Запоріжжі до 7 років ув’язнення засуджено агента терористів «ДНР», який хотів підпалити храм УПЦ",TRUE,"material","other","other","none",2,"SBU announcement of a conviction for a 'DNR' terrorist agent who attempted to set fire to a UOC church in Zaporizhzhia -- a reverse-direction case where the church (UOC, unspecified branch in title) is the target of Russian-linked terrorism rather than a security concern in itself.","coded_batch_55.json",NA,"Новини","ssu.gov.ua","sbu_press_release","https://ssu.gov.ua/novyny/na-zaporizhzhi-do-7-rokiv-uviaznennia-zasudzheno-ahenta-terorystiv-dnr-yakyi-khotiv-pidpalyty-khram-upts","unknown",NA
"b8f948530a20","СБУ повідомила про підозру митрополиту Черкаської єпархії УПЦ (МП) (відео)",TRUE,"material","state","UOC-MP","other",3,"Official SBU announcement of a criminal investigation, prosecution, conviction, or security operation targeting a UOC-MP cleric or facility for treason, collaboration, espionage, propaganda, or related offences amid the full-scale war -- part of the extensive, ongoing wave of SBU actions implementing the securitisation campaign against UOC-MP documented throughout this corpus (see batch 54's pivotal RNBO decision, 72c6ae74b540). Specific allegation per headline: СБУ повідомила про підозру митрополиту Черкаської єпархії УПЦ (МП) (відео)","coded_batch_55.json",NA,"Новини","ssu.gov.ua","sbu_press_release","https://ssu.gov.ua/novyny/sbu-povidomyla-pro-pidozru-mytropolytu-cherkaskoi-yeparkhii-upts-mp-video","unknown",NA
"bb7440a8720b","СБУ повідомила про підозру керівнику Черкаської єпархії УПЦ (МП)",TRUE,"material","state","UOC-MP","other",3,"Official SBU announcement of a criminal investigation, prosecution, conviction, or security operation targeting a UOC-MP cleric or facility for treason, collaboration, espionage, propaganda, or related offences amid the full-scale war -- part of the extensive, ongoing wave of SBU actions implementing the securitisation campaign against UOC-MP documented throughout this corpus (see batch 54's pivotal RNBO decision, 72c6ae74b540). Specific allegation per headline: СБУ повідомила про підозру керівнику Черкаської єпархії УПЦ (МП)","coded_batch_55.json",NA,"Новини","ssu.gov.ua","sbu_press_release","https://ssu.gov.ua/novyny/sbu-povidomyla-pro-pidozru-kerivnyku-cherkaskoi-yeparkhii-upts-mp","unknown",NA
"bccf6cf71c96","За матеріалами СБУ повідомлено про підозру клірику УПЦ (МП) на Житомирщині, який роздавав вірянам кремлівські «агітки»",TRUE,"material","state","UOC-MP","other",3,"Official SBU announcement of a criminal investigation, prosecution, conviction, or security operation targeting a UOC-MP cleric or facility for treason, collaboration, espionage, propaganda, or related offences amid the full-scale war -- part of the extensive, ongoing wave of SBU actions implementing the securitisation campaign against UOC-MP documented throughout this corpus (see batch 54's pivotal RNBO decision, 72c6ae74b540). Specific allegation per headline: За матеріалами СБУ повідомлено про підозру клірику УПЦ (МП) на Житомирщині, який роздавав вірянам кремлівські «агітки»","coded_batch_55.json",NA,"Новини","ssu.gov.ua","sbu_press_release","https://ssu.gov.ua/novyny/za-materialamy-sbu-povidomleno-pro-pidozru-kliryku-upts-mp-na-zhytomyrshchyni-yakyi-rozdavav-virianam-kremlivski-ahitky","unknown",NA
"bd21dbc96cac","СБУ повідомила про підозру архімандриту УПЦ (МП), який благословив Сальдо на фейковий референдум рф",TRUE,"material","state","UOC-MP","other",3,"Official SBU announcement of a criminal investigation, prosecution, conviction, or security operation targeting a UOC-MP cleric or facility for treason, collaboration, espionage, propaganda, or related offences amid the full-scale war -- part of the extensive, ongoing wave of SBU actions implementing the securitisation campaign against UOC-MP documented throughout this corpus (see batch 54's pivotal RNBO decision, 72c6ae74b540). Specific allegation per headline: СБУ повідомила про підозру архімандриту УПЦ (МП), який благословив Сальдо на фейковий референдум рф","coded_batch_55.json",NA,"Новини","ssu.gov.ua","sbu_press_release","https://ssu.gov.ua/novyny/sbu-povidomyla-pro-pidozru-arkhimandrytu-upts-mp-yakyi-blahoslovyv-saldo-na-feikovyi-referendum-rf","unknown",NA
"bd250f974928","За матеріалами СБУ послушник УПЦ (МП), який вихваляв рашистів, проведе 5 років за ґратами",TRUE,"material","state","UOC-MP","other",3,"Official SBU announcement of a criminal investigation, prosecution, conviction, or security operation targeting a UOC-MP cleric or facility for treason, collaboration, espionage, propaganda, or related offences amid the full-scale war -- part of the extensive, ongoing wave of SBU actions implementing the securitisation campaign against UOC-MP documented throughout this corpus (see batch 54's pivotal RNBO decision, 72c6ae74b540). Specific allegation per headline: За матеріалами СБУ послушник УПЦ (МП), який вихваляв рашистів, проведе 5 років за ґратами","coded_batch_55.json",NA,"Новини","ssu.gov.ua","sbu_press_release","https://ssu.gov.ua/novyny/za-materialamy-sbu-poslushnyk-upts-mp-yakyi-vykhvaliav-rashystiv-provede-5-rokiv-za-gratamy","unknown",NA
"bdffb0c33c85","СБУ та Нацполіція затримали ще 5 агітаторів рашизму в різних регіонах нашої держави",FALSE,"neither","other","none","none",1,"SBU announcement concerning general pro-Russian collaboration/agitation/counter-espionage activity with no UOC-MP connection identified in the available text. Outside this codebook's UOC-MP-specific scope, though part of the same broader wartime counter-espionage campaign.","coded_batch_55.json",NA,"Новини","ssu.gov.ua","sbu_press_release","https://ssu.gov.ua/novyny/sbu-ta-natspolitsiia-zatrymaly-shche-5-ahitatoriv-rashyzmu-v-riznykh-rehionakh-nashoi-derzhavy","unknown",NA
"c26f4a3b3843","За матеріалами СБУ митрополит Черкаської єпархії УПЦ (МП) отримав уже четверту підозру",TRUE,"material","state","UOC-MP","other",3,"Official SBU announcement of a criminal investigation, prosecution, conviction, or security operation targeting a UOC-MP cleric or facility for treason, collaboration, espionage, propaganda, or related offences amid the full-scale war -- part of the extensive, ongoing wave of SBU actions implementing the securitisation campaign against UOC-MP documented throughout this corpus (see batch 54's pivotal RNBO decision, 72c6ae74b540). Specific allegation per headline: За матеріалами СБУ митрополит Черкаської єпархії УПЦ (МП) отримав уже четверту підозру","coded_batch_55.json",NA,"Новини","ssu.gov.ua","sbu_press_release","https://ssu.gov.ua/novyny/za-materialamy-sbu-mytropolyt-cherkaskoi-yeparkhii-upts-mp-otrymav-uzhe-chetvertu-pidozru","unknown",NA
"c2e777ad2f69","За матеріалами СБУ припинено громадянство України Ореста Березовського (так званого митрополита УПЦ (МП) Онуфрія)",TRUE,"both","state","UOC-MP","other",3,"SBU announces the revocation of Ukrainian citizenship of UOC-MP Metropolitan Onufriy (referred to by his secular name Orest Berezovsky) -- a significant individual extraordinary measure against UOC-MP's own primate, the most senior figure targeted by name in this entire dataset.","coded_batch_55.json",NA,"Новини","ssu.gov.ua","sbu_press_release","https://ssu.gov.ua/novyny/za-materialamy-sbu-prypyneno-hromadianstvo-ukrainy-oresta-berezovskoho-tak-zvanoho-mytropolyta-upts-mp-onufriia","unknown",NA
"c6d032df7d85","За матеріалами СБУ 7 років за ґратами проведе священик УПЦ (МП), який закликав мешканців Донеччини підтримати рф на псевдореферендумі",TRUE,"material","state","UOC-MP","other",3,"Official SBU announcement of a criminal investigation, prosecution, conviction, or security operation targeting a UOC-MP cleric or facility for treason, collaboration, espionage, propaganda, or related offences amid the full-scale war -- part of the extensive, ongoing wave of SBU actions implementing the securitisation campaign against UOC-MP documented throughout this corpus (see batch 54's pivotal RNBO decision, 72c6ae74b540). Specific allegation per headline: За матеріалами СБУ 7 років за ґратами проведе священик УПЦ (МП), який закликав мешканців Донеччини підтримати рф на псевдореферендумі","coded_batch_55.json",NA,"Новини","ssu.gov.ua","sbu_press_release","https://ssu.gov.ua/novyny/za-materialamy-sbu-7-rokiv-za-gratamy-provede-sviashchenyk-upts-mp-yakyi-zaklykav-meshkantsiv-donechchyny-pidtrymaty-rf-na-psevdoreferendumi","unknown",NA
"c8785b80da11","СБУ викрила на Черкащині настоятеля храму УПЦ (МП), який виправдовував воєнні злочини рашистів",TRUE,"material","state","UOC-MP","other",3,"Official SBU announcement of a criminal investigation, prosecution, conviction, or security operation targeting a UOC-MP cleric or facility for treason, collaboration, espionage, propaganda, or related offences amid the full-scale war -- part of the extensive, ongoing wave of SBU actions implementing the securitisation campaign against UOC-MP documented throughout this corpus (see batch 54's pivotal RNBO decision, 72c6ae74b540). Specific allegation per headline: СБУ викрила на Черкащині настоятеля храму УПЦ (МП), який виправдовував воєнні злочини рашистів","coded_batch_55.json",NA,"Новини","ssu.gov.ua","sbu_press_release","https://ssu.gov.ua/novyny/sbu-vykryla-na-cherkashchyni-nastoiatelia-khramu-upts-mp-yakyi-vypravdovuvav-voienni-zlochyny-rashystiv","unknown",NA
"caa594da65a0","СБУ викрила ще 4-х проросійських агітаторів: один із них закликав катувати українських полонених, а інший – вдарити «Орєшніком» по Києву",FALSE,"neither","other","none","none",1,"SBU announcement concerning general pro-Russian collaboration/agitation/counter-espionage activity with no UOC-MP connection identified in the available text. Outside this codebook's UOC-MP-specific scope, though part of the same broader wartime counter-espionage campaign.","coded_batch_55.json",NA,"Новини","ssu.gov.ua","sbu_press_release","https://ssu.gov.ua/novyny/sbu-vykryla-shche-4kh-prorosiiskykh-ahitatoriv-odyn-iz-nykh-zaklykav-katuvaty-ukrainskykh-polonenykh-a-inshyi-vdaryty-orieshnikom-po-kyievu","unknown",NA
"caad47971747","СБУ та Нацполіція заблокували 9 нових схем ухилення від мобілізації у різних регіонах України",FALSE,"neither","other","none","none",1,"SBU announcement concerning general pro-Russian collaboration/agitation/counter-espionage activity with no UOC-MP connection identified in the available text. Outside this codebook's UOC-MP-specific scope, though part of the same broader wartime counter-espionage campaign.","coded_batch_55.json",NA,"Новини","ssu.gov.ua","sbu_press_release","https://ssu.gov.ua/novyny/sbu-ta-natspolitsiia-zablokuvaly-9-novykh-skhem-ukhylennia-vid-mobilizatsii-u-riznykh-rehionakh-ukrainy","unknown",NA
"cb7b2a83869a","З початку повномасштабної війни СБУ викрила 52 військовослужбовців Сил оборони, які були російськими агентами",FALSE,"neither","other","none","none",1,"SBU announcement concerning general pro-Russian collaboration/agitation/counter-espionage activity with no UOC-MP connection identified in the available text. Outside this codebook's UOC-MP-specific scope, though part of the same broader wartime counter-espionage campaign.","coded_batch_55.json",NA,"Новини","ssu.gov.ua","sbu_press_release","https://ssu.gov.ua/novyny/z-pochatku-povnomasshtabnoi-viiny-sbu-vykryla-52-viiskovosluzhbovtsiv-syl-oborony-yaki-buly-rosiiskymy-ahentamy","unknown",NA
"cc0db9f8e753","За матеріалами СБУ підозру отримали два клірики-комуністи УПЦ (МП) на Закарпатті",TRUE,"material","state","UOC-MP","other",3,"Official SBU announcement of a criminal investigation, prosecution, conviction, or security operation targeting a UOC-MP cleric or facility for treason, collaboration, espionage, propaganda, or related offences amid the full-scale war -- part of the extensive, ongoing wave of SBU actions implementing the securitisation campaign against UOC-MP documented throughout this corpus (see batch 54's pivotal RNBO decision, 72c6ae74b540). Specific allegation per headline: За матеріалами СБУ підозру отримали два клірики-комуністи УПЦ (МП) на Закарпатті","coded_batch_55.json",NA,"Новини","ssu.gov.ua","sbu_press_release","https://ssu.gov.ua/novyny/za-materialamy-sbu-pidozru-otrymaly-dva-klirykykomunisty-upts-mp-na-zakarpatti","unknown",NA
"cde6bfb9d8b9","СБУ ліквідувала ще 4 «схеми для ухилянтів»: однією з них скористався клірик УПЦ (МП)",TRUE,"material","state","UOC-MP","other",3,"Official SBU announcement of a criminal investigation, prosecution, conviction, or security operation targeting a UOC-MP cleric or facility for treason, collaboration, espionage, propaganda, or related offences amid the full-scale war -- part of the extensive, ongoing wave of SBU actions implementing the securitisation campaign against UOC-MP documented throughout this corpus (see batch 54's pivotal RNBO decision, 72c6ae74b540). Specific allegation per headline: СБУ ліквідувала ще 4 «схеми для ухилянтів»: однією з них скористався клірик УПЦ (МП)","coded_batch_55.json",NA,"Новини","ssu.gov.ua","sbu_press_release","https://ssu.gov.ua/novyny/sbu-likviduvala-shche-4-skhemy-dlia-ukhyliantiv-odniieiu-z-nykh-skorystavsia-kliryk-upts-mp","unknown",NA
"cdf1da01d600","За матеріалами СБУ 15 років тюрми отримав агент гру рф, який шпигував для ворога на Запоріжжі",FALSE,"neither","other","none","none",1,"SBU announcement concerning general pro-Russian collaboration/agitation/counter-espionage activity with no UOC-MP connection identified in the available text. Outside this codebook's UOC-MP-specific scope, though part of the same broader wartime counter-espionage campaign.","coded_batch_55.json",NA,"Новини","ssu.gov.ua","sbu_press_release","https://ssu.gov.ua/novyny/za-materialamy-sbu-15-rokiv-tiurmy-otrymav-ahent-hru-rf-yakyi-shpyhuvav-dlia-voroha-na-zaporizhzhi","unknown",NA
"cf76f738b400","СБУ викрила на Закарпатті клірика-антисеміта УПЦ (МП), який поширював фейки про війну в Україні",TRUE,"material","state","UOC-MP","other",3,"Official SBU announcement of a criminal investigation, prosecution, conviction, or security operation targeting a UOC-MP cleric or facility for treason, collaboration, espionage, propaganda, or related offences amid the full-scale war -- part of the extensive, ongoing wave of SBU actions implementing the securitisation campaign against UOC-MP documented throughout this corpus (see batch 54's pivotal RNBO decision, 72c6ae74b540). Specific allegation per headline: СБУ викрила на Закарпатті клірика-антисеміта УПЦ (МП), який поширював фейки про війну в Україні","coded_batch_55.json",NA,"Новини","ssu.gov.ua","sbu_press_release","https://ssu.gov.ua/novyny/sbu-vykryla-na-zakarpatti-klirykaantysemita-upts-mp-yakyi-poshyriuvav-feiky-pro-viinu-v-ukraini","unknown",NA
"cf8438cf092d","СБУ повідомила про заочну підозру митрополиту УПЦ (МП), який благословив «приєднання» Луганська до рф",TRUE,"material","state","UOC-MP","other",3,"Official SBU announcement of a criminal investigation, prosecution, conviction, or security operation targeting a UOC-MP cleric or facility for treason, collaboration, espionage, propaganda, or related offences amid the full-scale war -- part of the extensive ongoing wave of SBU actions implementing the securitisation campaign against UOC-MP documented throughout this corpus. Specific allegation per headline: СБУ повідомила про заочну підозру митрополиту УПЦ (МП), який благословив «приєднання» Луганська до рф","coded_batch_56.json",NA,"Новини","ssu.gov.ua","sbu_press_release","https://ssu.gov.ua/novyny/sbu-povidomyla-pro-zaochnu-pidozru-mytropolytu-upts-mp-yakyi-blahoslovyv-pryiednannia-luhanska-do-rf","unknown",NA
"d1c96bc29f4b","СБУ затримала протоієрея УПЦ (МП), який на замовлення воєнної розвідки рф коригував удари рашистів по Сумщині",TRUE,"material","state","UOC-MP","other",3,"Official SBU announcement of a criminal investigation, prosecution, conviction, or security operation targeting a UOC-MP cleric or facility for treason, collaboration, espionage, propaganda, or related offences amid the full-scale war -- part of the extensive ongoing wave of SBU actions implementing the securitisation campaign against UOC-MP documented throughout this corpus. Specific allegation per headline: СБУ затримала протоієрея УПЦ (МП), який на замовлення воєнної розвідки рф коригував удари рашистів по Сумщині","coded_batch_56.json",NA,"Новини","ssu.gov.ua","sbu_press_release","https://ssu.gov.ua/novyny/sbu-zatrymala-protoiiereia-upts-mp-yakyi-na-zamovlennia-voiennoi-rozvidky-rf-koryhuvav-udary-rashystiv-po-sumshchyni","unknown",NA
"d3f6bb75b581","За матеріалами СБУ під нові «церковні санкції» РНБО потрапили ще 7 кліриків УПЦ (МП)",TRUE,"both","state","UOC-MP","sanction",3,"SBU announces 7 more UOC-MP clerics added to the RNBO's ongoing 'church sanctions' list (expansion of the list first published in batch 55, doc 7dbfca093b5c) -- continued concrete implementation of the December 2022 RNBO decision.","coded_batch_56.json",NA,"Новини","ssu.gov.ua","sbu_press_release","https://ssu.gov.ua/novyny/za-materialamy-sbu-pid-novi-tserkovni-sanktsii-rnbo-potrapyly-shche-7-klirykiv-upts-mp","unknown",NA
"d4c50e87fe77","Коментар пресслужби СБУ щодо запобіжного заходу митрополиту Павлу (Лебідю)",TRUE,"material","state","UOC-MP","other",3,"SBU press service comment on the preventive measure (pre-trial restriction) imposed on Metropolitan Pavlo (Lebid), the prominent former Kyiv-Pechersk Lavra abbot -- one of the highest-profile individual UOC-MP prosecutions, connected to the ongoing case referenced again in doc e0ac042bcb98 of the same batch.","coded_batch_56.json",NA,"Новини","ssu.gov.ua","sbu_press_release","https://ssu.gov.ua/novyny/komentar-pressluzhby-sbu-shchodo-zapobizhnoho-zakhodu-mytropolytu-pavlu-lebidiu","unknown",NA
"d4f88c6e5179","СБУ затримала клірика УПЦ (МП), який навів «Іскандери» по Одесі у березні 2024 року",TRUE,"material","state","UOC-MP","other",3,"Official SBU announcement of a criminal investigation, prosecution, conviction, or security operation targeting a UOC-MP cleric or facility for treason, collaboration, espionage, propaganda, or related offences amid the full-scale war -- part of the extensive ongoing wave of SBU actions implementing the securitisation campaign against UOC-MP documented throughout this corpus. Specific allegation per headline: СБУ затримала клірика УПЦ (МП), який навів «Іскандери» по Одесі у березні 2024 року","coded_batch_56.json",NA,"Новини","ssu.gov.ua","sbu_press_release","https://ssu.gov.ua/novyny/sbu-zatrymala-kliryka-upts-mp-yakyi-naviv-iskandery-po-odesi-u-berezni-2024-roku","unknown",NA
"d4fe67fbf81a","СБУ проводить безпекові заходи на об’єктах УПЦ (МП) у трьох областях України",TRUE,"material","state","UOC-MP","other",3,"Official SBU announcement of a criminal investigation, prosecution, conviction, or security operation targeting a UOC-MP cleric or facility for treason, collaboration, espionage, propaganda, or related offences amid the full-scale war -- part of the extensive ongoing wave of SBU actions implementing the securitisation campaign against UOC-MP documented throughout this corpus. Specific allegation per headline: СБУ проводить безпекові заходи на об’єктах УПЦ (МП) у трьох областях України","coded_batch_56.json",NA,"Новини","ssu.gov.ua","sbu_press_release","https://ssu.gov.ua/novyny/sbu-provodyt-bezpekovi-zakhody-na-obiektakh-upts-mp-u-trokh-oblastiakh-ukrainy-2","unknown",NA
"d646a4685d55","СБУ викрила ще 3-х ворожих агітаторів: серед них – провокатор УПЦ (МП), який сподівався отримати від путіна російський паспорт",TRUE,"material","state","UOC-MP","other",3,"Official SBU announcement of a criminal investigation, prosecution, conviction, or security operation targeting a UOC-MP cleric or facility for treason, collaboration, espionage, propaganda, or related offences amid the full-scale war -- part of the extensive ongoing wave of SBU actions implementing the securitisation campaign against UOC-MP documented throughout this corpus. Specific allegation per headline: СБУ викрила ще 3-х ворожих агітаторів: серед них – провокатор УПЦ (МП), який сподівався отримати від путіна російський паспорт","coded_batch_56.json",NA,"Новини","ssu.gov.ua","sbu_press_release","https://ssu.gov.ua/novyny/sbu-vykryla-shche-3kh-vorozhykh-ahitatoriv-sered-nykh-provokator-upts-mp-yakyi-spodivavsia-otrymaty-vid-putina-rosiiskyi-pasport","unknown",NA
"d75b83b73ba7","СБУ викрила настоятеля одного із храмів УПЦ (МП) в Одесі, який вихваляв путіна та героїзував російських окупантів",TRUE,"material","state","UOC-MP","other",3,"Official SBU announcement of a criminal investigation, prosecution, conviction, or security operation targeting a UOC-MP cleric or facility for treason, collaboration, espionage, propaganda, or related offences amid the full-scale war -- part of the extensive ongoing wave of SBU actions implementing the securitisation campaign against UOC-MP documented throughout this corpus. Specific allegation per headline: СБУ викрила настоятеля одного із храмів УПЦ (МП) в Одесі, який вихваляв путіна та героїзував російських окупантів","coded_batch_56.json",NA,"Новини","ssu.gov.ua","sbu_press_release","https://ssu.gov.ua/novyny/sbu-vykryla-nastoiatelia-odnoho-iz-khramiv-upts-mp-v-odesi-yakyi-vykhvaliav-putina-ta-heroizuvav-rosiiskykh-okupantiv","unknown",NA
"d7d239fff130","СБУ викрила трьох кліриків УПЦ (МП), які героїзували рашистів і чекали на захоплення Київської та Черкаської областей",TRUE,"material","state","UOC-MP","other",3,"Official SBU announcement of a criminal investigation, prosecution, conviction, or security operation targeting a UOC-MP cleric or facility for treason, collaboration, espionage, propaganda, or related offences amid the full-scale war -- part of the extensive ongoing wave of SBU actions implementing the securitisation campaign against UOC-MP documented throughout this corpus. Specific allegation per headline: СБУ викрила трьох кліриків УПЦ (МП), які героїзували рашистів і чекали на захоплення Київської та Черкаської областей","coded_batch_56.json",NA,"Новини","ssu.gov.ua","sbu_press_release","https://ssu.gov.ua/novyny/sbu-vykryla-trokh-klirykiv-upts-mp-yaki-heroizuvaly-rashystiv-i-chekaly-na-zakhoplennia-kyivskoi-ta-cherkaskoi-oblastei","unknown",NA
"dd29743005be","СБУ відкрила кримінальне провадження щодо настоятеля храму УПЦ (МП), який допомагав рашистам під час окупації Київщини",TRUE,"material","state","UOC-MP","other",3,"Official SBU announcement of a criminal investigation, prosecution, conviction, or security operation targeting a UOC-MP cleric or facility for treason, collaboration, espionage, propaganda, or related offences amid the full-scale war -- part of the extensive ongoing wave of SBU actions implementing the securitisation campaign against UOC-MP documented throughout this corpus. Specific allegation per headline: СБУ відкрила кримінальне провадження щодо настоятеля храму УПЦ (МП), який допомагав рашистам під час окупації Київщини","coded_batch_56.json",NA,"Новини","ssu.gov.ua","sbu_press_release","https://ssu.gov.ua/novyny/sbu-vidkryla-kryminalne-provadzhennia-shchodo-nastoiatelia-khramu-upts-mp-yakyi-dopomahav-rashystam-pid-chas-okupatsii-kyivshchyny","unknown",NA
"dd44919a44f4","За матеріалами СБУ до 5 років тюрми засуджено митрополита однієї з Вінницьких єпархій УПЦ (МП), який виправдовував повномасштабне вторгнення рф",TRUE,"material","state","UOC-MP","other",3,"Official SBU announcement of a criminal investigation, prosecution, conviction, or security operation targeting a UOC-MP cleric or facility for treason, collaboration, espionage, propaganda, or related offences amid the full-scale war -- part of the extensive ongoing wave of SBU actions implementing the securitisation campaign against UOC-MP documented throughout this corpus. Specific allegation per headline: За матеріалами СБУ до 5 років тюрми засуджено митрополита однієї з Вінницьких єпархій УПЦ (МП), який виправдовував повномасштабне вторгнення рф","coded_batch_56.json",NA,"Новини","ssu.gov.ua","sbu_press_release","https://ssu.gov.ua/novyny/za-materialamy-sbu-do-5-rokiv-tiurmy-zasudzheno-mytropolyta-odniiei-z-vinnytskykh-yeparkhii-upts-mp-yakyi-vypravdovuvav-povnomasshtabne-vtorhnennia-rf","unknown",NA
"de6369ff9dd2","СБУ затримала 6 інтернет-агентів рф: один з них закликав до геноциду українців та ударів ракетами «Сатана» по західних країнах",FALSE,"neither","other","none","none",1,"SBU announcement concerning general pro-Russian collaboration/agitation/counter-espionage activity with no UOC-MP connection identified in the available text. Outside this codebook's UOC-MP-specific scope.","coded_batch_56.json",NA,"Новини","ssu.gov.ua","sbu_press_release","https://ssu.gov.ua/novyny/sbu-zatrymala-6-internetahentiv-rf-odyn-z-nykh-zaklykav-do-henotsydu-ukraintsiv-ta-udariv-raketamy-satana-po-zakhidnykh-krainakh","unknown",NA
"e02fa85ad41a","СБУ перевірила монастир УПЦ (МП) на Закарпатті, де черниці закликали до «пробуждения матушки-Руси»",TRUE,"material","state","UOC-MP","other",3,"Official SBU announcement of a criminal investigation, prosecution, conviction, or security operation targeting a UOC-MP cleric or facility for treason, collaboration, espionage, propaganda, or related offences amid the full-scale war -- part of the extensive ongoing wave of SBU actions implementing the securitisation campaign against UOC-MP documented throughout this corpus. Specific allegation per headline: СБУ перевірила монастир УПЦ (МП) на Закарпатті, де черниці закликали до «пробуждения матушки-Руси»","coded_batch_56.json",NA,"Новини","ssu.gov.ua","sbu_press_release","https://ssu.gov.ua/novyny/sbu-pereviryla-monastyr-upts-mp-na-zakarpatti-de-chernytsi-zaklykaly-do-probuzhdenyia-matushkyrusy","unknown",NA
"e0ac042bcb98","СБУ завершила розслідування і передала до суду справу митрополита УПЦ (МП) Павла",TRUE,"material","state","UOC-MP","other",3,"SBU completes its investigation and refers Metropolitan Pavlo (Lebid)'s case to court -- the prosecutorial conclusion of one of the highest-profile individual UOC-MP cases in the corpus (see also doc d4c50e87fe77 in this same batch).","coded_batch_56.json",NA,"Новини","ssu.gov.ua","sbu_press_release","https://ssu.gov.ua/novyny/sbu-zavershyla-rozsliduvannia-i-peredala-do-sudu-spravu-mytropolyta-upts-mp-pavla","unknown",NA
"e3190ef16c43","СБУ затримала клірика УПЦ (МП), який погодився шпигувати для фсб на Донеччині в обмін на «евакуацію» його сім’ї до росії",TRUE,"material","state","UOC-MP","other",3,"Official SBU announcement of a criminal investigation, prosecution, conviction, or security operation targeting a UOC-MP cleric or facility for treason, collaboration, espionage, propaganda, or related offences amid the full-scale war -- part of the extensive ongoing wave of SBU actions implementing the securitisation campaign against UOC-MP documented throughout this corpus. Specific allegation per headline: СБУ затримала клірика УПЦ (МП), який погодився шпигувати для фсб на Донеччині в обмін на «евакуацію» його сім’ї до росії","coded_batch_56.json",NA,"Новини","ssu.gov.ua","sbu_press_release","https://ssu.gov.ua/novyny/sbu-zatrymala-kliryka-upts-mp-yakyi-pohodyvsia-shpyhuvaty-dlia-fsb-na-donechchyni-v-obmin-na-evakuatsiiu-yoho-simi-do-rosii","unknown",NA
"e829634b6bb5","СБУ повідомила про заочну підозру клірику-ювеліру УПЦ (МП) із Луганщини, який продає золоті вироби до росії",TRUE,"material","state","UOC-MP","other",3,"Official SBU announcement of a criminal investigation, prosecution, conviction, or security operation targeting a UOC-MP cleric or facility for treason, collaboration, espionage, propaganda, or related offences amid the full-scale war -- part of the extensive ongoing wave of SBU actions implementing the securitisation campaign against UOC-MP documented throughout this corpus. Specific allegation per headline: СБУ повідомила про заочну підозру клірику-ювеліру УПЦ (МП) із Луганщини, який продає золоті вироби до росії","coded_batch_56.json",NA,"Новини","ssu.gov.ua","sbu_press_release","https://ssu.gov.ua/novyny/sbu-povidomyla-pro-zaochnu-pidozru-klirykuiuveliru-upts-mp-iz-luhanshchyny-yakyi-prodaie-zoloti-vyroby-do-rosii","unknown",NA
"eec1b5ab4f26","СБУ виявила в єпархіях УПЦ (МП) пропагандистські «методички» кремля, «вчення про сатанізм» і нацистську символіку",TRUE,"material","state","UOC-MP","other",3,"Official SBU announcement of a criminal investigation, prosecution, conviction, or security operation targeting a UOC-MP cleric or facility for treason, collaboration, espionage, propaganda, or related offences amid the full-scale war -- part of the extensive ongoing wave of SBU actions implementing the securitisation campaign against UOC-MP documented throughout this corpus. Specific allegation per headline: СБУ виявила в єпархіях УПЦ (МП) пропагандистські «методички» кремля, «вчення про сатанізм» і нацистську символіку","coded_batch_56.json",NA,"Новини","ssu.gov.ua","sbu_press_release","https://ssu.gov.ua/novyny/sbu-vyiavyla-v-yeparkhiiakh-upts-mp-propahandystski-metodychky-kremlia-vchennia-pro-satanizm-i-natsystsku-symvoliku","unknown",NA
"ef8b66c4b5ce","СБУ викрила у Харкові та на Черкащині ще 2 інтернет-агітаторів рашизму",FALSE,"neither","other","none","none",1,"SBU announcement concerning general pro-Russian collaboration/agitation/counter-espionage activity with no UOC-MP connection identified in the available text. Outside this codebook's UOC-MP-specific scope.","coded_batch_56.json",NA,"Новини","ssu.gov.ua","sbu_press_release","https://ssu.gov.ua/novyny/sbu-vykryla-u-kharkovi-ta-na-cherkashchyni-shche-2-internetahitatoriv-rashyzmu","unknown",NA
"f046ac667c25","СБУ виявила підозрілих осіб, незареєстровану зброю і російські агітки на об'єктах УПЦ (МП)",TRUE,"material","state","UOC-MP","other",3,"Official SBU announcement of a criminal investigation, prosecution, conviction, or security operation targeting a UOC-MP cleric or facility for treason, collaboration, espionage, propaganda, or related offences amid the full-scale war -- part of the extensive ongoing wave of SBU actions implementing the securitisation campaign against UOC-MP documented throughout this corpus. Specific allegation per headline: СБУ виявила підозрілих осіб, незареєстровану зброю і російські агітки на об'єктах УПЦ (МП)","coded_batch_56.json",NA,"Новини","ssu.gov.ua","sbu_press_release","https://ssu.gov.ua/novyny/sbu-vyiavyla-pidozrilykh-osib-nezareiestrovanu-zbroiu-i-rosiiski-ahitky-na-obiektakh-upts-mp","unknown",NA
"f1f1c28852ef","За матеріалами СБУ 15 років тюрми отримав агент російської воєнної розвідки, який коригував удари по Запоріжжю",FALSE,"neither","other","none","none",1,"SBU announcement concerning general pro-Russian collaboration/agitation/counter-espionage activity with no UOC-MP connection identified in the available text. Outside this codebook's UOC-MP-specific scope.","coded_batch_56.json",NA,"Новини","ssu.gov.ua","sbu_press_release","https://ssu.gov.ua/novyny/za-materialamy-sbu-15-rokiv-tiurmy-otrymav-ahent-rosiiskoi-voiennoi-rozvidky-yakyi-koryhuvav-udary-po-zaporizhzhiu","unknown",NA
"f2a7f613c839","СБУ повідомила про підозру ректору Почаївської духовної семінарії УПЦ (МП), який здійснював антиукраїнську діяльність",TRUE,"material","state","UOC-MP","other",3,"Official SBU announcement of a criminal investigation, prosecution, conviction, or security operation targeting a UOC-MP cleric or facility for treason, collaboration, espionage, propaganda, or related offences amid the full-scale war -- part of the extensive ongoing wave of SBU actions implementing the securitisation campaign against UOC-MP documented throughout this corpus. Specific allegation per headline: СБУ повідомила про підозру ректору Почаївської духовної семінарії УПЦ (МП), який здійснював антиукраїнську діяльність","coded_batch_56.json",NA,"Новини","ssu.gov.ua","sbu_press_release","https://ssu.gov.ua/novyny/sbu-povidomyla-pro-pidozru-rektoru-pochaivskoi-dukhovnoi-seminarii-upts-mp-yakyi-zdiisniuvav-antyukrainsku-diialnist","unknown",NA
"f5a863d683d7","СБУ повідомила про підозру митрополиту Кіровоградської єпархії УПЦ (МП), який виправдовував захоплення Криму",TRUE,"material","state","UOC-MP","other",3,"Official SBU announcement of a criminal investigation, prosecution, conviction, or security operation targeting a UOC-MP cleric or facility for treason, collaboration, espionage, propaganda, or related offences amid the full-scale war -- part of the extensive ongoing wave of SBU actions implementing the securitisation campaign against UOC-MP documented throughout this corpus. Specific allegation per headline: СБУ повідомила про підозру митрополиту Кіровоградської єпархії УПЦ (МП), який виправдовував захоплення Криму","coded_batch_56.json",NA,"Новини","ssu.gov.ua","sbu_press_release","https://ssu.gov.ua/novyny/sbu-povidomyla-pro-pidozru-mytropolytu-kirovohradskoi-yeparkhii-upts-mp-yakyi-vypravdovuvav-zakhoplennia-krymu","unknown",NA
"f676c3243342","СБУ затримала ще 5 проросійських агітаторів, які виправдовували агресію рф та закликали до захоплення Києва",FALSE,"neither","other","none","none",1,"SBU announcement concerning general pro-Russian collaboration/agitation/counter-espionage activity with no UOC-MP connection identified in the available text. Outside this codebook's UOC-MP-specific scope.","coded_batch_56.json",NA,"Новини","ssu.gov.ua","sbu_press_release","https://ssu.gov.ua/novyny/sbu-zatrymala-shche-5-prorosiiskykh-ahitatoriv-yaki-vypravdovuvaly-ahresiiu-rf-ta-zaklykaly-do-zakhoplennia-kyieva","unknown",NA
"f947461685da","З початку повномасштабного вторгнення СБУ провела понад 3,6 тис. спецоперацій зі знищення російських окупантів",FALSE,"neither","other","none","none",1,"SBU announcement concerning general pro-Russian collaboration/agitation/counter-espionage activity with no UOC-MP connection identified in the available text. Outside this codebook's UOC-MP-specific scope.","coded_batch_56.json",NA,"Новини","ssu.gov.ua","sbu_press_release","https://ssu.gov.ua/novyny/z-pochatku-povnomasshtabnoho-vtorhnennia-sbu-provela-ponad-36-tys-spetsoperatsii-zi-znyshchennia-rosiiskykh-okupantiv","unknown",NA
"f972e4074728","СБУ провела обшуки у керівництва УПЦ МП у Кіровоградській області",TRUE,"material","state","UOC-MP","other",3,"Official SBU announcement of a criminal investigation, prosecution, conviction, or security operation targeting a UOC-MP cleric or facility for treason, collaboration, espionage, propaganda, or related offences amid the full-scale war -- part of the extensive ongoing wave of SBU actions implementing the securitisation campaign against UOC-MP documented throughout this corpus. Specific allegation per headline: СБУ провела обшуки у керівництва УПЦ МП у Кіровоградській області","coded_batch_56.json",NA,"Новини","ssu.gov.ua","sbu_press_release","https://ssu.gov.ua/novyny/sbu-provela-obshuky-u-kerivnytstva-upts-mp-u-kirovohradskii-oblasti","unknown",NA
"fcebad9861ac","СБУ повідомила про підозру патріарху РПЦ Кирилу, який благословив рашистів на вбивства українців",TRUE,"both","state","Russia","other",3,"SBU formally notifies Patriarch Kirill of the Russian Orthodox Church himself of suspicion, alleging he blessed Russian forces to kill Ukrainians -- the single most senior figure targeted by Ukrainian law enforcement in this entire corpus, extending the campaign from UOC-MP's Ukrainian clergy to ROC's supreme leadership directly.","coded_batch_56.json",NA,"Новини","ssu.gov.ua","sbu_press_release","https://ssu.gov.ua/novyny/sbu-povidomyla-pro-pidozru-patriarkhu-rpts-kyrylu-yakyi-blahoslovyv-rashystiv-na-vbyvstva-ukraintsiv","unknown",NA
"fd32810322fe","СБУ повідомила про підозру підсанкційному митрополиту УПЦ (МП) із Запоріжжя, який провокував релігійну ненависть",TRUE,"material","state","UOC-MP","other",3,"Official SBU announcement of a criminal investigation, prosecution, conviction, or security operation targeting a UOC-MP cleric or facility for treason, collaboration, espionage, propaganda, or related offences amid the full-scale war -- part of the extensive ongoing wave of SBU actions implementing the securitisation campaign against UOC-MP documented throughout this corpus. Specific allegation per headline: СБУ повідомила про підозру підсанкційному митрополиту УПЦ (МП) із Запоріжжя, який провокував релігійну ненависть","coded_batch_56.json",NA,"Новини","ssu.gov.ua","sbu_press_release","https://ssu.gov.ua/novyny/sbu-povidomyla-pro-pidozru-pidsanktsiinomu-mytropolytu-upts-mp-iz-zaporizhzhia-yakyi-provokuvav-relihiinu-nenavyst","unknown",NA
"fa3a972f8496","Мир має стати безальтернативним, саме тому зло має програти – виступ Президента України перед Генеральним конгресом Мексики ===",FALSE,"neither","other","none","none",2,"General wartime reporting on Russian shelling destroying churches broadly (256 churches cited), not UOC-MP-specific.","coded_batch_57.json","2023-04-21","Мир має стати безальтернативним, саме тому зло має програти – виступ Президента України перед Генеральним конгресом Мексики","president.gov.ua","speech","https://www.president.gov.ua/news/mir-maye-stati-bezalternativnim-same-tomu-zlo-maye-prograti-82401","J2_invasion_2022","2023"
"a8e1f6245df9","Кожен прояв російського терору – це додаткові аргументи, що все має завершитись у трибуналі – звернення Президента України ===",FALSE,"neither","other","none","none",2,"Reports a church destroyed by Russian guided bomb in Kherson Oblast; general wartime destruction reporting, not UOC-MP-specific.","coded_batch_57.json","2023-04-25","Кожен прояв російського терору – це додаткові аргументи, що все має завершитись у трибуналі – звернення Президента України","president.gov.ua","speech","https://www.president.gov.ua/news/kozhen-proyav-rosijskogo-teroru-ce-dodatkovi-argumenti-sho-v-82481","J2_invasion_2022","2023"
"1c3a4f3260a8","Перший же український F-16 стане одним із найсильніших сигналів від світу, що Росія лише втрачатиме – звернення Президента України ===",FALSE,"neither","other","none","none",2,"Address to Iranian audience listing churches among general civilian infrastructure targeted by Russia; not UOC-MP-specific.","coded_batch_57.json","2023-05-24","Перший же український F-16 стане одним із найсильніших сигналів від світу, що Росія лише втрачатиме – звернення Президента України","president.gov.ua","speech","https://www.president.gov.ua/news/pershij-zhe-ukrayinskij-f-16-stane-odnim-iz-najsilnishih-sig-83129","J2_invasion_2022","2023"
"502053d833af","Усі 462 доби ми б’ємося за наше майбутнє, а значить – за наших дітей, за їхню волю та їхню долю – виступ Президента України на конференції «UA: Війна. Недоспівана колискова» з нагоди Міжнародного дня захисту дітей ===",FALSE,"neither","other","none","none",2,"General Zelensky wartime address/speech on diplomatic, military, or reconstruction topics. No UOC-MP-related content identified.","coded_batch_57.json","2023-05-31","Усі 462 доби ми б’ємося за наше майбутнє, а значить – за наших дітей, за їхню волю та їхню долю – виступ Президента України на конференції «UA: Війна. Недоспівана колискова» з нагоди Міжнародного дня захисту дітей","president.gov.ua","speech","https://www.president.gov.ua/news/usi-462-dobi-mi-byemosya-za-nashe-majbutnye-znachit-za-nashi-83269","J2_invasion_2022","2023"
"828f01ebc168","Цьогоріч у Вільнюсі нарешті варто визначити, що Україна буде членом НАТО – звернення Президента України до учасників саміту «Бухарестської дев’ятки» ===",FALSE,"neither","other","none","none",2,"General Zelensky wartime address/speech on diplomatic, military, or reconstruction topics. No UOC-MP-related content identified.","coded_batch_57.json","2023-06-06","Цьогоріч у Вільнюсі нарешті варто визначити, що Україна буде членом НАТО – звернення Президента України до учасників саміту «Бухарестської дев’ятки»","president.gov.ua","speech","https://www.president.gov.ua/news/cogorich-u-vilnyusi-nareshti-varto-viznachiti-sho-ukrayina-b-83421","J2_invasion_2022","2023"
"05730003c394","Черговий «Рамштайн» відбувся доволі результативно, ще міцнішаємо – звернення Президента України ===",FALSE,"neither","other","none","none",2,"General Zelensky wartime address/speech on diplomatic, military, or reconstruction topics. No UOC-MP-related content identified.","coded_batch_57.json","2023-06-15","Черговий «Рамштайн» відбувся доволі результативно, ще міцнішаємо – звернення Президента України","president.gov.ua","speech","https://www.president.gov.ua/news/chergovij-ramshtajn-vidbuvsya-dovoli-rezultativno-she-micnis-83633","J2_invasion_2022","2023"
"0a24f51a8267","Підтримуючи Україну, світ підтримує захист від війни, бо джерело агресії – поза нашими кордонами – звернення Володимира Зеленського до Федеральних зборів та народу Швейцарської Конфедерації ===",FALSE,"neither","other","none","none",2,"General wartime shelling report mentioning churches among civilian infrastructure destroyed; not UOC-MP-specific.","coded_batch_57.json","2023-06-15","Підтримуючи Україну, світ підтримує захист від війни, бо джерело агресії – поза нашими кордонами – звернення Володимира Зеленського до Федеральних зборів та народу Швейцарської Конфедерації","president.gov.ua","speech","https://www.president.gov.ua/news/pidtrimuyuchi-ukrayinu-svit-pidtrimuye-zahist-vid-vijni-bo-d-83613","J2_invasion_2022","2023"
"b3a56648c8df","Коли ми збудуємо Україну, ми збудуємо свободу – онлайн-виступ Президента Володимира Зеленського на Конференції з питань відновлення України, яка відбувається в Лондоні ===",FALSE,"neither","other","none","none",2,"General Zelensky wartime address/speech on diplomatic, military, or reconstruction topics. No UOC-MP-related content identified.","coded_batch_57.json","2023-06-21","Коли ми збудуємо Україну, ми збудуємо свободу – онлайн-виступ Президента Володимира Зеленського на Конференції з питань відновлення України, яка відбувається в Лондоні","president.gov.ua","speech","https://www.president.gov.ua/news/koli-mi-zbuduyemo-ukrayinu-mi-zbuduyemo-svobodu-onlajn-vistu-83705","J2_invasion_2022","2023"
"69628732bc90","Безпека – перший пріоритет – звернення Президента України за підсумками засідання РНБО ===",FALSE,"neither","other","none","none",2,"Passing mention of 'Біла Церква' as a city name in a shelter-infrastructure discussion; unrelated to the religious institution.","coded_batch_57.json","2023-06-23","Безпека – перший пріоритет – звернення Президента України за підсумками засідання РНБО","president.gov.ua","speech","https://www.president.gov.ua/news/bezpeka-pershij-prioritet-zvernennya-prezidenta-ukrayini-za-83769","J2_invasion_2022","2023"
"56700b18d930","Україна перемоги буде країною, гідною своїх героїв – виступ Президента на пленарному засіданні Верховної Ради з нагоди 27-ї річниці ухвалення Конституції ===",FALSE,"neither","other","none","none",2,"General Zelensky wartime address/speech on diplomatic, military, or reconstruction topics. No UOC-MP-related content identified.","coded_batch_57.json","2023-06-28","Україна перемоги буде країною, гідною своїх героїв – виступ Президента на пленарному засіданні Верховної Ради з нагоди 27-ї річниці ухвалення Конституції","president.gov.ua","speech","https://www.president.gov.ua/news/ukrayina-peremogi-bude-krayinoyu-gidnoyu-svoyih-geroyiv-vist-83869","J2_invasion_2022","2023"
"efbad3182c3d","Цінуємо кожне життя, пам’ятаємо історію і разом захищаємо свободу – звернення Президента України ===",FALSE,"neither","other","none","none",2,"General Zelensky wartime address/speech on diplomatic, military, or reconstruction topics. No UOC-MP-related content identified.","coded_batch_57.json","2023-07-09","Цінуємо кожне життя, пам’ятаємо історію і разом захищаємо свободу – звернення Президента України","president.gov.ua","speech","https://www.president.gov.ua/news/cinuyemo-kozhne-zhittya-pamyatayemo-istoriyu-i-razom-zahisha-84229","J2_invasion_2022","2023"
"9161232dd76f","Ми не можемо залишити жодного міста й села в російській окупації, яка несе насильство й приниження людей – звернення Президента України ===",FALSE,"neither","other","none","none",2,"General Zelensky wartime address/speech on diplomatic, military, or reconstruction topics. No UOC-MP-related content identified.","coded_batch_57.json","2023-07-15","Ми не можемо залишити жодного міста й села в російській окупації, яка несе насильство й приниження людей – звернення Президента України","president.gov.ua","speech","https://www.president.gov.ua/news/mi-ne-mozhemo-zalishiti-zhodnogo-mista-j-sela-v-rosijskij-ok-84357","J2_invasion_2022","2023"
"8459a7bbdd89","Покарати Росію за терор – це історичне завдання сучасного покоління лідерів світу – звернення  Президента України ===",FALSE,"neither","other","none","none",2,"General Zelensky wartime address/speech on diplomatic, military, or reconstruction topics. No UOC-MP-related content identified.","coded_batch_57.json","2023-07-18","Покарати Росію за терор – це історичне завдання сучасного покоління лідерів світу – звернення  Президента України","president.gov.ua","speech","https://www.president.gov.ua/news/pokarati-rosiyu-za-teror-ce-istorichne-zavdannya-suchasnogo-84409","J2_invasion_2022","2023"
"c4e76c8cb02f","Мав честь привітати лікарів і медичних сестричок, фронтових медиків із професійним святом; вдячний кожному й кожній, на кому тримається життя України – звернення Президента Володимира Зеленського ===",FALSE,"neither","other","none","none",2,"General Zelensky wartime address/speech on diplomatic, military, or reconstruction topics. No UOC-MP-related content identified.","coded_batch_57.json","2023-07-27","Мав честь привітати лікарів і медичних сестричок, фронтових медиків із професійним святом; вдячний кожному й кожній, на кому тримається життя України – звернення Президента Володимира Зеленського","president.gov.ua","speech","https://www.president.gov.ua/news/mav-chest-privitati-likariv-i-medichnih-sestrichok-frontovih-84561","J2_invasion_2022","2023"
"4dac2b8b3658","Поступово війна повертається на територію Росії, і це неминучий, природний та справедливий процес – звернення Президента України ===",FALSE,"neither","other","none","none",2,"Praises churches' (cross-confessional) role in social support for displaced people in Ivano-Frankivsk region; cooperative, not securitising, not UOC-MP-specific.","coded_batch_57.json","2023-07-30","Поступово війна повертається на територію Росії, і це неминучий, природний та справедливий процес – звернення Президента України","president.gov.ua","speech","https://www.president.gov.ua/news/postupovo-vijna-povertayetsya-na-teritoriyu-rosiyi-i-ce-nemi-84621","J2_invasion_2022","2023"
"e789488d85c4","Закарпаття буде одним із драйверів розвитку для всієї України – звернення Президента Володимира Зеленського ===",FALSE,"neither","other","none","none",2,"General Zelensky wartime address/speech on diplomatic, military, or reconstruction topics. No UOC-MP-related content identified.","coded_batch_57.json","2023-08-02","Закарпаття буде одним із драйверів розвитку для всієї України – звернення Президента Володимира Зеленського","president.gov.ua","speech","https://www.president.gov.ua/news/zakarpattya-bude-odnim-iz-drajveriv-rozvitku-dlya-vsiyeyi-uk-84693","J2_invasion_2022","2023"
"54cfad66561e","Завдання у всіх в Україні – збільшувати потенціал наших можливостей на фронті та послаблювати окупантів – звернення Президента Володимира Зеленського ===",FALSE,"neither","other","none","none",2,"Reports a church damaged in a Russian strike on Zaporizhzhia; general wartime destruction reporting, not UOC-MP-specific.","coded_batch_57.json","2023-08-09","Завдання у всіх в Україні – збільшувати потенціал наших можливостей на фронті та послаблювати окупантів – звернення Президента Володимира Зеленського","president.gov.ua","speech","https://www.president.gov.ua/news/zavdannya-u-vsih-v-ukrayini-zbilshuvati-potencial-nashih-moz-84805","J2_invasion_2022","2023"
"3f565fb749e7","Україна має реалізувати свій історичний шанс на розвиток, здобутий сміливістю наших людей – звернення Президента Володимира Зеленського ===",FALSE,"neither","other","none","none",2,"References the All-Ukrainian Council of Churches and religious pluralism as a hallmark of Ukraine's democratic model; cooperative, not securitising.","coded_batch_57.json","2023-08-10","Україна має реалізувати свій історичний шанс на розвиток, здобутий сміливістю наших людей – звернення Президента Володимира Зеленського","president.gov.ua","speech","https://www.president.gov.ua/news/ukrayina-maye-realizuvati-svij-istorichnij-shans-na-rozvitok-84817","J2_invasion_2022","2023"
"b55c83c77254","Крок за кроком наближаємося до того, щоб шведські літаки «Гріпен» з’явилися в нашому небі – звернення Президента України ===",FALSE,"neither","other","none","none",2,"General Zelensky wartime address/speech on diplomatic, military, or reconstruction topics. No UOC-MP-related content identified.","coded_batch_57.json","2023-08-20","Крок за кроком наближаємося до того, щоб шведські літаки «Гріпен» з’явилися в нашому небі – звернення Президента України","president.gov.ua","speech","https://www.president.gov.ua/news/krok-za-krokom-nablizhayemosya-do-togo-shob-shvedski-litaki-84981","J2_invasion_2022","2023"
"47f1a1940719","Росія спричинила ізоляцію Криму, ми повернемо для Криму весь світ – виступ Президента на третьому саміті Кримської платформи ===",FALSE,"neither","other","none","none",2,"General Zelensky wartime address/speech on diplomatic, military, or reconstruction topics. No UOC-MP-related content identified.","coded_batch_57.json","2023-08-23","Росія спричинила ізоляцію Криму, ми повернемо для Криму весь світ – виступ Президента на третьому саміті Кримської платформи","president.gov.ua","speech","https://www.president.gov.ua/news/rosiya-sprichinila-izolyaciyu-krimu-mi-povernemo-dlya-krimu-85121","J2_invasion_2022","2023"
"01d9188eda16","Потрібна потужна система правозахисту воїнів у самому секторі оборони – звернення Президента України ===",FALSE,"neither","other","none","none",2,"General Zelensky wartime address/speech on diplomatic, military, or reconstruction topics. No UOC-MP-related content identified.","coded_batch_57.json","2023-09-14","Потрібна потужна система правозахисту воїнів у самому секторі оборони – звернення Президента України","president.gov.ua","speech","https://www.president.gov.ua/news/potribna-potuzhna-sistema-pravozahistu-voyiniv-u-samomu-sekt-85621","J2_invasion_2022","2023"
"96efc454f23c","Європа виграє завжди, коли договори працюють, а обіцянки виконуються – звернення Президента України ===",FALSE,"neither","other","none","none",2,"General Zelensky wartime address/speech on diplomatic, military, or reconstruction topics. No UOC-MP-related content identified.","coded_batch_57.json","2023-09-15","Європа виграє завжди, коли договори працюють, а обіцянки виконуються – звернення Президента України","president.gov.ua","speech","https://www.president.gov.ua/news/yevropa-vigraye-zavzhdi-koli-dogovori-pracyuyut-obicyanki-vi-85637","J2_invasion_2022","2023"
"d137d9236df2","Виступ Президента й першої леді України перед представниками урядових і ділових кіл США, пресою та українською громадою ===",FALSE,"neither","other","none","none",2,"Mentions a US Air Force chaplain and church figures among diaspora community leaders at a Seattle event; not UOC-MP-related.","coded_batch_57.json","2023-09-19","Виступ Президента й першої леді України перед представниками урядових і ділових кіл США, пресою та українською громадою","president.gov.ua","speech","https://www.president.gov.ua/news/vistup-prezidenta-j-pershoyi-ledi-ukrayini-pered-predstavnik-85817","J2_invasion_2022","2023"
"2d1407fff0cb","Разом працюватимемо, щоб спільно з Америкою Україна виробляла необхідну зброю – звернення Президента Володимира Зеленського ===",FALSE,"neither","other","none","none",2,"General Zelensky wartime address/speech on diplomatic, military, or reconstruction topics. No UOC-MP-related content identified.","coded_batch_57.json","2023-09-22","Разом працюватимемо, щоб спільно з Америкою Україна виробляла необхідну зброю – звернення Президента Володимира Зеленського","president.gov.ua","speech","https://www.president.gov.ua/news/razom-pracyuvatimemo-shob-spilno-z-amerikoyu-ukrayina-virobl-85805","J2_invasion_2022","2023"
"8e7177336953","Звернення Президента Володимира Зеленського з нагоди Дня захисників і захисниць України ===",FALSE,"neither","other","none","none",2,"Historical/architectural reference to a church atop the Golden Gate in Kyiv in a Defenders' Day address; not UOC-MP-specific.","coded_batch_57.json","2023-10-01","Звернення Президента Володимира Зеленського з нагоди Дня захисників і захисниць України","president.gov.ua","speech","https://www.president.gov.ua/news/zvernennya-prezidenta-volodimira-zelenskogo-z-nagodi-dnya-za-85993","J2_invasion_2022","2023"
"9c784594e39a","Щоб у майбутньому у Європі не було війни, наша єдність має спрацювати на повну силу – виступ Президента України на інавгураційній пленарній сесії ІІІ саміту Європейської політичної спільноти ===",FALSE,"neither","other","none","none",2,"Lists churches among general civilian infrastructure destroyed by Russian missiles in Kharkiv; not UOC-MP-specific.","coded_batch_57.json","2023-10-05","Щоб у майбутньому у Європі не було війни, наша єдність має спрацювати на повну силу – виступ Президента України на інавгураційній пленарній сесії ІІІ саміту Європейської політичної спільноти","president.gov.ua","speech","https://www.president.gov.ua/news/shob-u-majbutnomu-u-yevropi-ne-bulo-vijni-nasha-yednist-maye-86117","J2_invasion_2022","2023"
"fa8cefe60072","Треба вибити із рук Росії інструмент терору – виступ Президента на засіданні Контактної групи з питань оборони України у форматі «Рамштайн» ===",FALSE,"neither","other","none","none",2,"General Zelensky wartime address/speech on diplomatic, military, or reconstruction topics. No UOC-MP-related content identified.","coded_batch_57.json","2023-10-11","Треба вибити із рук Росії інструмент терору – виступ Президента на засіданні Контактної групи з питань оборони України у форматі «Рамштайн»","president.gov.ua","speech","https://www.president.gov.ua/news/treba-vibiti-iz-ruk-rosiyi-instrument-teroru-vistup-preziden-86245","J2_invasion_2022","2023"
"4bdce51d4932","Якщо можемо позбутися «сірих» геополітичних зон, ми повинні зробити це – виступ Президента Володимира Зеленського на засіданні колегії Європейської комісії ===",FALSE,"neither","other","none","none",2,"General Zelensky wartime address/speech on diplomatic, military, or reconstruction topics. No UOC-MP-related content identified.","coded_batch_58.json","2023-10-24","Якщо можемо позбутися «сірих» геополітичних зон, ми повинні зробити це – виступ Президента Володимира Зеленського на засіданні колегії Європейської комісії","president.gov.ua","speech","https://www.president.gov.ua/news/yaksho-mozhemo-pozbutisya-sirih-geopolitichnih-zon-mi-povinn-86549","J2_invasion_2022","2023"
"92226544150c","Нарощуємо наші можливості та чіткіше бачимо завершення війни українською перемогою – звернення Президента Володимира Зеленського ===",FALSE,"neither","other","none","none",2,"General Zelensky wartime address/speech on diplomatic, military, or reconstruction topics. No UOC-MP-related content identified.","coded_batch_58.json","2023-10-26","Нарощуємо наші можливості та чіткіше бачимо завершення війни українською перемогою – звернення Президента Володимира Зеленського","president.gov.ua","speech","https://www.president.gov.ua/news/naroshuyemo-nashi-mozhlivosti-ta-chitkishe-bachimo-zavershen-86617","J2_invasion_2022","2023"
"a386a336c863","Наші спільні зусилля закладають нову світову традицію єднання, яке допомагає навчитися завершувати всі війни – виступ Президента України на третій зустрічі радників щодо реалізації Формули миру на Мальті ===",FALSE,"neither","other","none","none",2,"General Zelensky wartime address/speech on diplomatic, military, or reconstruction topics. No UOC-MP-related content identified.","coded_batch_58.json","2023-10-28","Наші спільні зусилля закладають нову світову традицію єднання, яке допомагає навчитися завершувати всі війни – виступ Президента України на третій зустрічі радників щодо реалізації Формули миру на Мальті","president.gov.ua","speech","https://www.president.gov.ua/news/nashi-spilni-zusillya-zakladayut-novu-svitovu-tradiciyu-yedn-86657","J2_invasion_2022","2023"
"f17064cffbe7","Україна може робити великі речі, коли працює обʼєднано, в інтересах своєї незалежності та всіх українців – звернення Президента Володимира Зеленського ===",FALSE,"neither","other","none","none",2,"General Zelensky wartime address/speech on diplomatic, military, or reconstruction topics. No UOC-MP-related content identified.","coded_batch_58.json","2023-11-04","Україна може робити великі речі, коли працює обʼєднано, в інтересах своєї незалежності та всіх українців – звернення Президента Володимира Зеленського","president.gov.ua","speech","https://www.president.gov.ua/news/ukrayina-mozhe-robiti-veliki-rechi-koli-pracyuye-obyednano-v-86797","J2_invasion_2022","2023"
"f609a6419f1e","Вільному світу життєво необхідно зберегти свою консолідованість, взаємодію та підтримку того, чию свободу намагаються знищити – звернення Президента України до учасників онлайн-саміту лідерів G7 ===",FALSE,"neither","other","none","none",2,"General Zelensky wartime address/speech on diplomatic, military, or reconstruction topics. No UOC-MP-related content identified.","coded_batch_58.json","2023-12-06","Вільному світу життєво необхідно зберегти свою консолідованість, взаємодію та підтримку того, чию свободу намагаються знищити – звернення Президента України до учасників онлайн-саміту лідерів G7","president.gov.ua","speech","https://www.president.gov.ua/news/vilnomu-svitu-zhittyevo-neobhidno-zberegti-svoyu-konsolidova-87525","J2_invasion_2022","2023"
"a4a303f263a5","Максимально активно працюємо з партнерами заради посилення української ППО – звернення Президента України ===",FALSE,"neither","other","none","none",2,"General Zelensky wartime address/speech on diplomatic, military, or reconstruction topics. No UOC-MP-related content identified.","coded_batch_58.json","2023-12-08","Максимально активно працюємо з партнерами заради посилення української ППО – звернення Президента України","president.gov.ua","speech","https://www.president.gov.ua/news/maksimalno-aktivno-pracyuyemo-z-partnerami-zaradi-posilennya-87597","J2_invasion_2022","2023"
"889d490f1d4a","Привітання Президента України Володимира Зеленського з Різдвом Христовим ===",FALSE,"neither","other","none","none",2,"Christmas greeting mentioning the church calendar generally; not UOC-MP-specific.","coded_batch_58.json","2023-12-24","Привітання Президента України Володимира Зеленського з Різдвом Христовим","president.gov.ua","speech","https://www.president.gov.ua/news/privitannya-prezidenta-ukrayini-volodimira-zelenskogo-z-rizd-87981","J2_invasion_2022","2023"
"391f78081801","Буде правильно, щоб військові разом із депутатами визначилися з тим, як має бути забезпечений наступний рік для наших Сил оборони – звернення Президента України ===",FALSE,"neither","other","none","none",2,"General wartime address mentioning churches among destroyed civilian infrastructure (Russian strikes); not UOC-MP-specific.","coded_batch_58.json","2023-12-26","Буде правильно, щоб військові разом із депутатами визначилися з тим, як має бути забезпечений наступний рік для наших Сил оборони – звернення Президента України","president.gov.ua","speech","https://www.president.gov.ua/news/bude-pravilno-shob-vijskovi-razom-iz-deputatami-viznachilisy-87993","J2_invasion_2022","2023"
"9411e1b166a6","Продовжимо посилювати нашу ППО і працювати над тим, щоб повернути війну назад у Росію – звернення Президента України ===",FALSE,"neither","other","none","none",2,"General Zelensky wartime address/speech on diplomatic, military, or reconstruction topics. No UOC-MP-related content identified.","coded_batch_58.json","2023-12-29","Продовжимо посилювати нашу ППО і працювати над тим, щоб повернути війну назад у Росію – звернення Президента України","president.gov.ua","speech","https://www.president.gov.ua/news/prodovzhimo-posilyuvati-nashu-ppo-i-pracyuvati-nad-tim-shob-88025","J2_invasion_2022","2023"
"656f6b0288d1","Не питайте Україну, коли закінчиться війна, питайте в себе, чому Путін досі здатний її продовжувати – виступ Президента Володимира Зеленського на Мюнхенській конференції з питань безпеки ===",FALSE,"neither","other","none","none",2,"General Zelensky wartime address/speech on diplomatic, military, or reconstruction topics. No UOC-MP-related content identified.","coded_batch_58.json","2024-02-17","Не питайте Україну, коли закінчиться війна, питайте в себе, чому Путін досі здатний її продовжувати – виступ Президента Володимира Зеленського на Мюнхенській конференції з питань безпеки","president.gov.ua","speech","https://www.president.gov.ua/news/ne-pitajte-ukrayinu-koli-zakinchitsya-vijna-pitajte-v-sebe-c-89021","J3_law_2024","2024"
"1092f016762c","Більше систем ППО та засобів ураження російської авіації означає ближчий мир – звернення Президента України ===",FALSE,"neither","other","none","none",2,"General wartime address mentioning churches destroyed among civilian infrastructure; not UOC-MP-specific.","coded_batch_58.json","2024-03-10","Більше систем ППО та засобів ураження російської авіації означає ближчий мир – звернення Президента України","president.gov.ua","speech","https://www.president.gov.ua/news/bilshe-sistem-ppo-ta-zasobiv-urazhennya-rosijskoyi-aviaciyi-89621","J3_law_2024","2024"
"67f531b56cda","Системи ППО, які є у світі, не можуть просто припадати пилом десь на базах, коли вони можуть урятувати тисячі життів від російського терору – звернення Президента ===",FALSE,"neither","other","none","none",2,"General wartime address mentioning burned/damaged churches among civilian infrastructure; not UOC-MP-specific.","coded_batch_58.json","2024-04-02","Системи ППО, які є у світі, не можуть просто припадати пилом десь на базах, коли вони можуть урятувати тисячі життів від російського терору – звернення Президента","president.gov.ua","speech","https://www.president.gov.ua/news/sistemi-ppo-yaki-ye-u-sviti-ne-mozhut-prosto-pripadati-pilom-90005","J3_law_2024","2024"
"232be754e0c7","Привітання Президента України з Великоднем ===",FALSE,"neither","other","none","none",2,"General Zelensky wartime address/speech on diplomatic, military, or reconstruction topics. No UOC-MP-related content identified.","coded_batch_58.json","2024-05-05","Привітання Президента України з Великоднем","president.gov.ua","speech","https://www.president.gov.ua/news/privitannya-prezidenta-ukrayini-z-velikodnem-90709","J3_law_2024","2024"
"9f2753439476","Додаємо наших сил на харківські напрямки, усе необхідне для захисту позицій забезпечуємо – звернення Президента ===",FALSE,"neither","other","none","none",2,"Meeting with Protestant and Catholic church representatives for Easter; cooperative, cross-confessional, not UOC-MP-specific.","coded_batch_58.json","2024-05-10","Додаємо наших сил на харківські напрямки, усе необхідне для захисту позицій забезпечуємо – звернення Президента","president.gov.ua","speech","https://www.president.gov.ua/news/dodayemo-nashih-sil-na-harkivski-napryamki-use-neobhidne-dly-90833","J3_law_2024","2024"
"412c228275a0","Сьогодні день, коли світ починає наближати справедливий мир – виступ Президента України на першому пленарному засіданні Глобального саміту миру ===",FALSE,"neither","other","none","none",2,"General Zelensky wartime address/speech on diplomatic, military, or reconstruction topics. No UOC-MP-related content identified.","coded_batch_58.json","2024-06-15","Сьогодні день, коли світ починає наближати справедливий мир – виступ Президента України на першому пленарному засіданні Глобального саміту миру","president.gov.ua","speech","https://www.president.gov.ua/news/sogodni-den-koli-svit-pochinaye-nablizhati-spravedlivij-mir-91561","J3_law_2024","2024"
"c04e99805873","Ми бачимо, як рішучість світу відкриває нові перспективи для відновлення нашої безпеки – звернення Президента ===",FALSE,"neither","other","none","none",2,"General Zelensky wartime address/speech on diplomatic, military, or reconstruction topics. No UOC-MP-related content identified.","coded_batch_58.json","2024-06-18","Ми бачимо, як рішучість світу відкриває нові перспективи для відновлення нашої безпеки – звернення Президента","president.gov.ua","speech","https://www.president.gov.ua/news/mi-bachimo-yak-rishuchist-svitu-vidkrivaye-novi-perspektivi-91641","J3_law_2024","2024"
"5a2af7ed8186","Звернення Президента України до учасників Національного молитовного сніданку ===",FALSE,"neither","other","none","none",2,"Zelensky's address to the National Prayer Breakfast mentions the release of two UGCC priests held captive by Russia since 2022, thanking Vatican mediation. Concerns UGCC, not UOC-MP; cooperative, not securitising.","coded_batch_58.json","2024-06-29","Звернення Президента України до учасників Національного молитовного сніданку","president.gov.ua","speech","https://www.president.gov.ua/news/zvernennya-prezidenta-ukrayini-do-uchasnikiv-nacionalnogo-mo-91873","J3_law_2024","2024"
"762362c7a4a1","Готуємо нові рішення заради нашої сили й заради захисту наших людей – звернення Президента ===",FALSE,"neither","other","none","none",2,"References the release of two UGCC priests from Russian captivity among broader prisoner exchanges. Concerns UGCC, not UOC-MP.","coded_batch_58.json","2024-06-29","Готуємо нові рішення заради нашої сили й заради захисту наших людей – звернення Президента","president.gov.ua","speech","https://www.president.gov.ua/news/gotuyemo-novi-rishennya-zaradi-nashoyi-sili-j-zaradi-zahistu-91885","J3_law_2024","2024"
"d16210c4d3a2","Запрошую вас будувати зв'язки між людьми, які триватимуть завжди – виступ Президента України під час зустрічі Національної асоціації губернаторів США ===",FALSE,"neither","other","none","none",2,"References freed UGCC priests and civilians from Russian captivity; concerns UGCC, not UOC-MP.","coded_batch_58.json","2024-07-09","Запрошую вас будувати зв'язки між людьми, які триватимуть завжди – виступ Президента України під час зустрічі Національної асоціації губернаторів США","president.gov.ua","speech","https://www.president.gov.ua/news/zaproshuyu-vas-buduvati-zvyazki-mizh-lyudmi-yaki-trivatimut-92153","J3_law_2024","2024"
"2bee6bb5ee16","Готуємо угоди та домовленості, які будуть у цьому серпні – звернення Президента ===",TRUE,"both","state","UOC-MP","ban",3,"Zelensky announces a bill has been submitted to the Verkhovna Rada 'that can genuinely guarantee there will be no manipulations from Moscow of the Ukrainian church', thanking the Council of Churches for supporting Ukraine's 'course toward spiritual independence' -- direct presidential confirmation of the ban legislation (No. 8371) moving forward, dated 16 Aug 2024, shortly before Poroshenko's own announcements of the same process in batch 54.","coded_batch_58.json","2024-08-01","Готуємо угоди та домовленості, які будуть у цьому серпні – звернення Президента","president.gov.ua","speech","https://www.president.gov.ua/news/gotuyemo-ugodi-ta-domovlenosti-yaki-budut-u-comu-serpni-zver-92465","J3_law_2024","2024"
"92c1898797ce","Маємо максимально завдавати ураження всім російським позиціям і робимо це – звернення Президента ===",FALSE,"neither","other","none","none",2,"General Zelensky wartime address/speech on diplomatic, military, or reconstruction topics. No UOC-MP-related content identified.","coded_batch_58.json","2024-08-16","Маємо максимально завдавати ураження всім російським позиціям і робимо це – звернення Президента","president.gov.ua","speech","https://www.president.gov.ua/news/mayemo-maksimalno-zavdavati-urazhennya-vsim-rosijskim-pozici-92637","J3_law_2024","2024"
"6bfa627ecdab","Від нашої спільної роботи залежить, яка зброя в руках у наших воїнів – виступ Президента на нараді керівників закордонних дипломатичних установ України «Воєнна дипломатія: стійкість, зброя, перемога» ===",TRUE,"both","nation","Russia","other",3,"Zelensky proposes creating a new state institution -- effectively 'a ministry of Ukrainian unity and countering Russian influence on Ukrainians' -- explicitly justified in part by the observation that 'Russia uses its own church structures for agent work and sowing discord', particularly targeting diaspora communities abroad. A concrete new institutional extraordinary measure proposed specifically in response to alleged church-based Russian influence operations.","coded_batch_58.json","2024-08-19","Від нашої спільної роботи залежить, яка зброя в руках у наших воїнів – виступ Президента на нараді керівників закордонних дипломатичних установ України «Воєнна дипломатія: стійкість, зброя, перемога»","president.gov.ua","speech","https://www.president.gov.ua/news/vid-nashoyi-spilnoyi-roboti-zalezhit-yaka-zbroya-v-rukah-u-n-92669","J3_law_2024","2024"
"4aaca8be34af","Обговорили з партнерами роботу щодо ППО – нових систем для України; готуємо посилення – звернення Президента ===",TRUE,"both","state","UOC-MP","ban",3,"Zelensky confirms: 'The Verkhovna Rada has adopted the law on our spiritual independence' -- the presidential confirmation of the ban bill's (No. 8371) passage on 20 August 2024, directly connected to prior discussions with the Council of Churches and plans to speak with Patriarch Bartholomew's representatives. This is the definitive presidential-level confirmation of the ban law's enactment.","coded_batch_58.json","2024-08-20","Обговорили з партнерами роботу щодо ППО – нових систем для України; готуємо посилення – звернення Президента","president.gov.ua","speech","https://www.president.gov.ua/news/obgovorili-z-partnerami-robotu-shodo-ppo-novih-sistem-dlya-u-92713","J3_law_2024","2024"
"450b39452fe6","Потрібно, щоб кошти від активів агресора працювали на реальну допомогу захисту від агресора – звернення Президента ===",FALSE,"neither","other","none","none",2,"Passing mention of churches among general categories of civilian and cultural infrastructure destroyed; not UOC-MP-specific.","coded_batch_58.json","2024-08-21","Потрібно, щоб кошти від активів агресора працювали на реальну допомогу захисту від агресора – звернення Президента","president.gov.ua","speech","https://www.president.gov.ua/news/potribno-shob-koshti-vid-aktiviv-agresora-pracyuvali-na-real-92733","J3_law_2024","2024"
"9b47a4d5dc7e","Кожен такий удар знову й знову повертає всіх нас до завдання далекобійності – звернення Президента ===",FALSE,"neither","other","none","none",2,"Reports a church damaged among Kropyvnytskyi Oblast Russian strike; general wartime destruction reporting, not UOC-MP-specific.","coded_batch_58.json","2024-08-26","Кожен такий удар знову й знову повертає всіх нас до завдання далекобійності – звернення Президента","president.gov.ua","speech","https://www.president.gov.ua/news/kozhen-takij-udar-znovu-j-znovu-povertaye-vsih-nas-do-zavdan-92845","J3_law_2024","2024"
"0af098fc9064","Працюємо з партнерами щодо постачання для фронту не лише зброї, не лише снарядів, а й сили нашої єдності – звернення Президента ===",FALSE,"neither","other","none","none",2,"General Zelensky wartime address/speech on diplomatic, military, or reconstruction topics. No UOC-MP-related content identified.","coded_batch_58.json","2024-08-28","Працюємо з партнерами щодо постачання для фронту не лише зброї, не лише снарядів, а й сили нашої єдності – звернення Президента","president.gov.ua","speech","https://www.president.gov.ua/news/pracyuyemo-z-partnerami-shodo-postachannya-dlya-frontu-ne-li-92893","J3_law_2024","2024"
"c9a1b2271cfe","Україна може й буде створювати найкращі зразки зброї – виступ Президента на другому Міжнародному форумі оборонних індустрій ===",FALSE,"neither","other","none","none",2,"General Zelensky wartime address/speech on diplomatic, military, or reconstruction topics. No UOC-MP-related content identified.","coded_batch_58.json","2024-10-01","Україна може й буде створювати найкращі зразки зброї – виступ Президента на другому Міжнародному форумі оборонних індустрій","president.gov.ua","speech","https://www.president.gov.ua/news/ukrayina-mozhe-j-bude-stvoryuvati-najkrashi-zrazki-zbroyi-vi-93613","J3_law_2024","2024"
"49293ef4ff5e","За цей тиждень ми додали Україні нових домовленостей щодо зброї – звернення Президента ===",FALSE,"neither","other","none","none",2,"General mention of churches among partners/diplomacy discussion; not UOC-MP-specific.","coded_batch_58.json","2024-10-12","За цей тиждень ми додали Україні нових домовленостей щодо зброї – звернення Президента","president.gov.ua","speech","https://www.president.gov.ua/news/za-cej-tizhden-mi-dodali-ukrayini-novih-domovlenostej-shodo-93817","J3_law_2024","2024"
"1cab7f32ecd4","Ми маємо не допустити, щоб хтось у світі засумнівався у стійкості всієї України – Щорічне Послання Президента до Верховної Ради ===",FALSE,"neither","other","none","none",2,"Notes work with churches and religious communities as part of broader diplomatic/cultural engagement; cooperative, not UOC-MP-specific.","coded_batch_58.json","2024-11-19","Ми маємо не допустити, щоб хтось у світі засумнівався у стійкості всієї України – Щорічне Послання Президента до Верховної Ради","president.gov.ua","speech","https://www.president.gov.ua/news/mi-mayemo-ne-dopustiti-shob-htos-u-sviti-zasumnivavsya-u-sti-94497","J3_law_2024","2024"
"e1e118649ab3","Ми всі бачимо, зокрема, як мало світ реагує на те, що в Росії роблять з українськими полоненими – звернення Президента до правозахисної спільноти ===",FALSE,"neither","other","none","none",2,"General Zelensky wartime address/speech on diplomatic, military, or reconstruction topics. No UOC-MP-related content identified.","coded_batch_58.json","2024-12-05","Ми всі бачимо, зокрема, як мало світ реагує на те, що в Росії роблять з українськими полоненими – звернення Президента до правозахисної спільноти","president.gov.ua","speech","https://www.president.gov.ua/news/mi-vsi-bachimo-zokrema-yak-malo-svit-reaguye-na-te-sho-v-ros-94817","J3_law_2024","2024"
"d737ea63f60a","Ми повинні зробити все, щоб 25-й рік став для України роком миру – виступ Президента з нагоди Дня дипломата ===",FALSE,"neither","other","none","none",2,"Passing mention of churches among cross-sector partnership discussion; not UOC-MP-specific.","coded_batch_58.json","2024-12-22","Ми повинні зробити все, щоб 25-й рік став для України роком миру – виступ Президента з нагоди Дня дипломата","president.gov.ua","speech","https://www.president.gov.ua/news/mi-povinni-zrobiti-vse-shob-25-j-rik-stav-dlya-ukrayini-roko-95169","J3_law_2024","2024"
"79292eb28dcd","ППО й достатня кількість протиракет – це обов’язкова умова наближення миру – звернення Президента ===",FALSE,"neither","other","none","none",2,"General Zelensky wartime address/speech on diplomatic, military, or reconstruction topics. No UOC-MP-related content identified.","coded_batch_58.json","2025-02-02","ППО й достатня кількість протиракет – це обов’язкова умова наближення миру – звернення Президента","president.gov.ua","speech","https://www.president.gov.ua/news/ppo-j-dostatnya-kilkist-protiraket-ce-obovyazkova-umova-nabl-95833","J4_enforcement_2025","2025"
"b9c67325cd9a","Продовжуємо нашу роботу заради об’єднання абсолютно всіх, хто може реально допомогти, хто може зміцнити дипломатію та наблизити мир – звернення Президента ===",FALSE,"neither","other","none","none",2,"General Zelensky wartime address/speech on diplomatic, military, or reconstruction topics. No UOC-MP-related content identified.","coded_batch_58.json","2025-03-14","Продовжуємо нашу роботу заради об’єднання абсолютно всіх, хто може реально допомогти, хто може зміцнити дипломатію та наблизити мир – звернення Президента","president.gov.ua","speech","https://www.president.gov.ua/news/prodovzhuyemo-nashu-robotu-zaradi-obyednannya-absolyutno-vsi-96609","J4_enforcement_2025","2025"
"9a781542268c","Європі потрібна швидкість в ухваленні рішень і чіткі інструменти для захисту від непотрібних блокувань – виступ Президента на засіданні Євроради ===",FALSE,"neither","other","none","none",2,"Reports a Russian strike damaging an Orthodox church and school in Kropyvnytskyi among general civilian-infrastructure destruction; not UOC-MP-specific.","coded_batch_58.json","2025-03-20","Європі потрібна швидкість в ухваленні рішень і чіткі інструменти для захисту від непотрібних блокувань – виступ Президента на засіданні Євроради","president.gov.ua","speech","https://www.president.gov.ua/news/yevropi-potribna-shvidkist-v-uhvalenni-rishen-i-chitki-instr-96761","J4_enforcement_2025","2025"
"cdd59d665b91","Привітання Президента України з Великоднем ===",FALSE,"neither","other","none","none",2,"General Zelensky wartime address/speech on diplomatic, military, or reconstruction topics. No UOC-MP-related content identified.","coded_batch_58.json","2025-04-20","Привітання Президента України з Великоднем","president.gov.ua","speech","https://www.president.gov.ua/news/privitannya-prezidenta-ukrayini-z-velikodnem-97285","J4_enforcement_2025","2025"
"5f7e3a889636","Немає жодних ознак того, що Путін хоче зупинити цю війну – звернення Президента до учасників Форуму оборонних індустрій ===",FALSE,"neither","other","none","none",2,"General Zelensky wartime address/speech on diplomatic, military, or reconstruction topics. No UOC-MP-related content identified.","coded_batch_58.json","2025-06-24","Немає жодних ознак того, що Путін хоче зупинити цю війну – звернення Президента до учасників Форуму оборонних індустрій","president.gov.ua","speech","https://www.president.gov.ua/news/nemaye-zhodnih-oznak-togo-sho-putin-hoche-zupiniti-cyu-vijnu-98609","J4_enforcement_2025","2025"
"d5aaff47ddcc","Звернення Президента до учасників гала-вечері з нагоди початку данського головування в Раді ЄС ===",FALSE,"neither","other","none","none",2,"General Zelensky wartime address/speech on diplomatic, military, or reconstruction topics. No UOC-MP-related content identified.","coded_batch_58.json","2025-07-03","Звернення Президента до учасників гала-вечері з нагоди початку данського головування в Раді ЄС","president.gov.ua","speech","https://www.president.gov.ua/news/zvernennya-prezidenta-do-uchasnikiv-gala-vecheri-z-nagodi-po-98833","J4_enforcement_2025","2025"
"f1529b86b4a5","Запроваджуємо мораторій – заборону – на перевірки бізнесів і взагалі будь-яке втручання правоохоронних органів, контролюючих, різних державних структур у діяльність бізнесу – звернення Президента ===",FALSE,"neither","other","none","none",2,"General address on business regulation moratorium (21 July 2025). No UOC-MP-related content.","coded_batch_59.json","2025-07-21","Запроваджуємо мораторій – заборону – на перевірки бізнесів і взагалі будь-яке втручання правоохоронних органів, контролюючих, різних державних структур у діяльність бізнесу – звернення Президента","president.gov.ua","speech","https://www.president.gov.ua/news/zaprovadzhuyemo-moratorij-zaboronu-na-perevirki-biznesiv-i-v-99105","J4_enforcement_2025","2025"
"2ca4038de310","Антикорупційна інфраструктура працюватиме, тільки без російських впливів – від цього треба очистити – звернення Президента ===",FALSE,"neither","other","none","none",2,"Address on anti-corruption infrastructure independence from Russian influence (23 July 2025) -- concerns NABU/SAP institutional independence, not the church. No UOC-MP-related content.","coded_batch_59.json","2025-07-23","Антикорупційна інфраструктура працюватиме, тільки без російських впливів – від цього треба очистити – звернення Президента","president.gov.ua","speech","https://www.president.gov.ua/news/antikorupcijna-infrastruktura-pracyuvatime-tilki-bez-rosijsk-99117","J4_enforcement_2025","2025"
"2f635d36632e","Запропоную Верховній Раді України законопроєкт.",FALSE,"neither","other","none","none",1,"[Duplicate of entry already coded in batch 54/55.] Zelensky address (23 July 2025) announcing an unspecified legislative proposal; no clear UOC-MP-specific content in the available excerpt.","coded_batch_59.json","2025-07-23","Запропоную Верховній Раді України законопроєкт, який буде відповіддю; усі норми для незалежності антикорупційних інституцій будуть – звернення Президента","president.gov.ua","speech","https://www.president.gov.ua/news/zaproponuyu-verhovnij-radi-ukrayini-zakonoproyekt-yakij-bude-99125","J4_enforcement_2025","2025"
"a76a9638cb9e","Доручив урядовцям представити законопроєкт всім нашим партнерам і залучити всі необхідні експертні можливості – звернення Президента ===",FALSE,"neither","other","none","none",2,"Address instructing officials to present the anti-corruption bill to partners (24 July 2025). No UOC-MP-related content.","coded_batch_59.json","2025-07-24","Доручив урядовцям представити законопроєкт всім нашим партнерам і залучити всі необхідні експертні можливості – звернення Президента","president.gov.ua","speech","https://www.president.gov.ua/news/doruchiv-uryadovcyam-predstaviti-zakonoproyekt-vsim-nashim-p-99149","J4_enforcement_2025","2025"
"3ae10b1b350e","Росія абсолютно не звертає уваги на всіх у світі, хто прагне закінчити цю війну – звернення Президента ===",FALSE,"neither","other","none","none",2,"General wartime address on Russia's negotiating posture (29 July 2025). No UOC-MP-related content.","coded_batch_59.json","2025-07-29","Росія абсолютно не звертає уваги на всіх у світі, хто прагне закінчити цю війну – звернення Президента","president.gov.ua","speech","https://www.president.gov.ua/news/rosiya-absolyutno-ne-zvertaye-uvagi-na-vsih-u-sviti-hto-prag-99237","J4_enforcement_2025","2025"
"33ee8e7511cc","Хочу подякувати всім парламентарям за ухвалення мого законопроєкту – тепер уже закону; щойно підписав документ – звернення Президента ===",FALSE,"neither","other","none","none",2,"Address thanking parliament for passing 'my bill' -- concerns the anti-corruption independence law signed 31 July 2025, not church legislation. No UOC-MP-related content.","coded_batch_59.json","2025-07-31","Хочу подякувати всім парламентарям за ухвалення мого законопроєкту – тепер уже закону; щойно підписав документ – звернення Президента","president.gov.ua","speech","https://www.president.gov.ua/news/hochu-podyakuvati-vsim-parlamentaryam-za-uhvalennya-mogo-zak-99257","J4_enforcement_2025","2025"
"7c06f223cf00","Виступ Президента України на конференції з нагоди 50-річчя Гельсінського заключного акта ОБСЄ ===",FALSE,"neither","other","none","none",2,"Speech at the OSCE Helsinki Final Act 50th anniversary conference (31 July 2025). No UOC-MP-related content.","coded_batch_59.json","2025-07-31","Виступ Президента України на конференції з нагоди 50-річчя Гельсінського заключного акта ОБСЄ","president.gov.ua","speech","https://www.president.gov.ua/news/vistup-prezidenta-ukrayini-na-konferenciyi-z-nagodi-50-richc-99245","J4_enforcement_2025","2025"
"8bc13aefdd7d","Українські підрозділи захищають позиції і кожну російську спробу просуватися на Донеччині, Сумщині, Харківщині зрештою відбивають – звернення Президента ===",FALSE,"neither","other","none","none",2,"General frontline update address (31 July 2025). No UOC-MP-related content.","coded_batch_59.json","2025-07-31","Українські підрозділи захищають позиції і кожну російську спробу просуватися на Донеччині, Сумщині, Харківщині зрештою відбивають – звернення Президента","president.gov.ua","speech","https://www.president.gov.ua/news/ukrayinski-pidrozdili-zahishayut-poziciyi-i-kozhnu-rosijsku-99265","J4_enforcement_2025","2025"
"a829ceb6af91","Росія затягує війну, отже, буде отримувати справедливі відповіді – звернення Президента ===",FALSE,"neither","other","none","none",2,"General wartime address on Russia's negotiating delays (2 Aug 2025). No UOC-MP-related content.","coded_batch_59.json","2025-08-02","Росія затягує війну, отже, буде отримувати справедливі відповіді – звернення Президента","president.gov.ua","speech","https://www.president.gov.ua/news/rosiya-zatyaguye-vijnu-otzhe-bude-otrimuvati-spravedlivi-vid-99281","J4_enforcement_2025","2025"
"3c7a3e5c1cd9","Виступ Президента під час церемонії нагородження відзнакою «Національна легенда України» ===",FALSE,"neither","other","none","none",2,"Speech at the 'National Legend of Ukraine' award ceremony (20 Aug 2025). No UOC-MP-related content.","coded_batch_59.json","2025-08-20","Виступ Президента під час церемонії нагородження відзнакою «Національна легенда України»","president.gov.ua","speech","https://www.president.gov.ua/news/vistup-prezidenta-pid-chas-ceremoniyi-nagorodzhennya-vidznak-99741","J4_enforcement_2025","2025"
"7fa17a24c64c","Звернення Президента до учасників саміту Міжнародної коаліції за повернення українських дітей на рівні лідерів ===",TRUE,"both","nation","Russia","sanction",3,"Zelensky's address to the International Coalition for the Return of Ukrainian Children summit explicitly names 'structures of the Russian state church, which are used to destroy Ukrainian children's identity' among the institutions complicit in the child-abduction/re-education programme, calling for sanctions against everyone in Russia involved in the abduction, 're-education', and abuse of children. A serious securitising claim directly implicating ROC/its structures in one of Russia's most serious alleged war crimes, with an explicit call for sanctions.","coded_batch_59.json","2025-09-23","Звернення Президента до учасників саміту Міжнародної коаліції за повернення українських дітей на рівні лідерів","president.gov.ua","speech","https://www.president.gov.ua/news/zvernennya-prezidenta-do-uchasnikiv-samitu-mizhnarodnoyi-koa-100285","J4_enforcement_2025","2025"
"542d6584e8ca","Ми готуємо угоди з кількома європейськими країнами, в тому числі на посилення нашого захисту неба й нашої енергетики – звернення Президента ===",FALSE,"neither","other","none","none",2,"Address on security agreements with European partners (10 Nov 2025). No UOC-MP-related content.","coded_batch_59.json","2025-11-10","Ми готуємо угоди з кількома європейськими країнами, в тому числі на посилення нашого захисту неба й нашої енергетики – звернення Президента","president.gov.ua","speech","https://www.president.gov.ua/news/mi-gotuyemo-ugodi-z-kilkoma-yevropejskimi-krayinami-v-tomu-c-101273","J4_enforcement_2025","2025"
"35af7672a10f","Повинна бути максимальна чистота в енергетиці, всіх процесів абсолютно – звернення Президента ===",FALSE,"neither","other","none","none",2,"Address on energy-sector integrity (12 Nov 2025). No UOC-MP-related content.","coded_batch_59.json","2025-11-12","Повинна бути максимальна чистота в енергетиці, всіх процесів абсолютно – звернення Президента","president.gov.ua","speech","https://www.president.gov.ua/news/povinna-buti-maksimalna-chistota-v-energetici-vsih-procesiv-101297","J4_enforcement_2025","2025"
"34bf084c92be","Україна має робити все, щоб жоден російський удар не залишався безкарним – звернення Президента ===",FALSE,"neither","other","none","none",2,"General wartime address on accountability for Russian strikes (14 Nov 2025). No UOC-MP-related content.","coded_batch_59.json","2025-11-14","Україна має робити все, щоб жоден російський удар не залишався безкарним – звернення Президента","president.gov.ua","speech","https://www.president.gov.ua/news/ukrayina-maye-robiti-vse-shob-zhoden-rosijskij-udar-ne-zalis-101357","J4_enforcement_2025","2025"
"98d3802ff4c7","Заява Президента України під час спільного з Президентом Туреччини спілкування з журналістами ===",FALSE,"neither","other","none","none",2,"Joint press statement with the President of Turkey (19 Nov 2025). No UOC-MP-related content.","coded_batch_59.json","2025-11-19","Заява Президента України під час спільного з Президентом Туреччини спілкування з журналістами","president.gov.ua","speech","https://www.president.gov.ua/news/zayava-prezidenta-ukrayini-pid-chas-spilnogo-z-prezidentom-t-101465","J4_enforcement_2025","2025"
"493dd1f3432c","Наші представники знають, як захищати українські національні інтереси й що саме потрібно, щоб Росія не здійснила третє вторгнення – звернення Президента ===",FALSE,"neither","other","none","none",2,"Address on diplomatic negotiations (22 Nov 2025). No UOC-MP-related content.","coded_batch_59.json","2025-11-22","Наші представники знають, як захищати українські національні інтереси й що саме потрібно, щоб Росія не здійснила третє вторгнення – звернення Президента","president.gov.ua","speech","https://www.president.gov.ua/news/nashi-predstavniki-znayut-yak-zahishati-ukrayinski-nacionaln-101521","J4_enforcement_2025","2025"
"cbf37bb2cb1b","Є деякі наші нові ідеї, як наблизити реальний мир, і це стосується форматів, зустрічей, таймінгу – звернення Президента ===",FALSE,"neither","other","none","none",2,"Address on peace negotiation formats (25 Dec 2025). No UOC-MP-related content.","coded_batch_59.json","2025-12-25","Є деякі наші нові ідеї, як наблизити реальний мир, і це стосується форматів, зустрічей, таймінгу – звернення Президента","president.gov.ua","speech","https://www.president.gov.ua/news/ye-deyaki-nashi-novi-ideyi-yak-nabliziti-realnij-mir-i-ce-st-102201","J4_enforcement_2025","2025"
"01ba75ec5b89","СБУ засудило заочно архімандрита УПЦ (МП), який благословив «приєднання» Херсона до складу рф... 15 років тюрми за держзраду.",TRUE,"material","state","UOC-MP","other",3,"[Duplicate of entry already coded in batch 54/55.] SBU announcement: an in-absentia conviction (15 years) of a UOC-MP archimandrite in Kherson for treason -- he collaborated with the Russian-installed 'governor' Saldo, blessed the sham annexation referendum, and personally petitioned Patriarch Kirill to incorporate the local cathedral into ROC, receiving seized property as reward. One of a recurring series of official SBU announcements of concrete criminal prosecutions against UOC-MP clergy for collaboration/treason.","coded_batch_59.json",NA,"Новини","ssu.gov.ua","sbu_press_release","https://ssu.gov.ua/novyny/za-materialamy-sbu-zaochno-zasudzheno-arkhimandryta-upts-mp-yakyi-blahoslovyv-pryiednannia-khersona-do-skladu-rf","unknown",NA
"01e97b1f24f9","СБУ затримала настоятеля храму УПЦ (МП), який збирав для фсб розвіддані про оборону Сумщини.",TRUE,"material","state","UOC-MP","other",3,"[Duplicate of entry already coded in batch 54/55.] SBU announcement (3 Mar 2023): detention of a UOC-MP parish priest in Sumy Oblast for gathering intelligence on Ukrainian defence positions for the FSB, including reconnaissance of command posts and artillery depots.","coded_batch_59.json",NA,"Новини","ssu.gov.ua","sbu_press_release","https://ssu.gov.ua/novyny/sbu-zatrymala-nastoiatelia-khramu-upts-mp-yakyi-zbyrav-dlia-fsb-rozviddani-pro-oboronu-sumshchyny","unknown",NA
"05d67ecc5662","До 12 років ув'язнення засуджено священника УПЦ (МП), який «зливав» позиції ЗСУ в Сєвєродонецьку.",TRUE,"material","state","UOC-MP","other",3,"[Duplicate of entry already coded in batch 54/55.] SBU announcement (7 Dec 2022): a UOC-MP priest in Lysychansk sentenced to 12 years for passing Ukrainian troop positions and personnel/equipment data to Russian forces in the Luhansk direction.","coded_batch_59.json",NA,"Новини","ssu.gov.ua","sbu_press_release","https://ssu.gov.ua/novyny/za-materialamy-sbu-do-12-rokiv-uviaznennia-zasudzheno-sviashchennyka-upts-mp-yakyi-zlyvav-pozytsii-zsu-v-sievierodonetsku","unknown",NA
"07adcb8de689","Агенти фсб, які «під прикриттям» УПЦ (МП) проводили інформдиверсії проти України.",TRUE,"material","state","UOC-MP","other",3,"[Duplicate of entry already coded in batch 54/55.] SBU announcement (25 Oct 2024): a UOC-MP parish head in Kyiv identified as part of an FSB agent network coordinating 'political experts' who spread Kremlin narratives justifying the war and inciting interconfessional hatred.","coded_batch_59.json",NA,"Новини","ssu.gov.ua","sbu_press_release","https://ssu.gov.ua/novyny/za-materialamy-sbu-pered-sudom-postanut-ahenty-fsb-yaki-pid-prykryttiam-upts-mp-provodyly-informdyversii-proty-ukrainy","unknown",NA
"09b074511740","СБУ проводить безпекові заходи у Києво-Печерській Лаврі... недопущення використання Лаври як осередку «русского міра»; перевірки даних про використання приміщень УПЦ для переховування диверсійно-розвідувальних груп.",TRUE,"material","state","UOC-MP","other",3,"[Duplicate of entry already coded in batch 54/55.] SBU announcement (22 Nov 2022) of counter-intelligence/security operations at the Kyiv-Pechersk Lavra, explicitly citing risk of the site being used as a 'russkiy mir' hub or hideout for Russian sabotage-reconnaissance groups -- among the earliest concrete security operations preceding the formal RNBO decision weeks later.","coded_batch_59.json",NA,"Новини","ssu.gov.ua","sbu_press_release","https://ssu.gov.ua/novyny/sbu-provodyt-bezpekovi-zakhody-u-kyievopecherskii-lavri","unknown",NA
"0e9d0effdc23","СБУ затримала церковну хористку УПЦ (МП), яка «наводила» ворожі ракети на позиції ЗСУ поблизу Запоріжжя.",TRUE,"material","state","UOC-MP","other",3,"[Duplicate of entry already coded in batch 54/55.] SBU announcement: detention of a UOC-MP church choir member near Zaporizhzhia for directing Russian missile strikes onto Ukrainian military positions.","coded_batch_59.json",NA,"Новини","ssu.gov.ua","sbu_press_release","https://ssu.gov.ua/novyny/sbu-zatrymala-tserkovnu-khorystku-upts-mp-yaka-navodyla-vorozhi-rakety-na-pozytsii-zsu-poblyzu-zaporizhzhia","unknown",NA
"10969b09b962","СБУ повідомила про підозру митрополиту і секретарю УПЦ (МП) з Житомирщини, які провокували релігійну ворожнечу.",TRUE,"material","state","UOC-MP","other",3,"[Duplicate of entry already coded in batch 54/55.] SBU announcement: a UOC-MP metropolitan and secretary in Zhytomyr Oblast notified of suspicion for allegedly provoking religious hostility.","coded_batch_59.json",NA,"Новини","ssu.gov.ua","sbu_press_release","https://ssu.gov.ua/novyny/sbu-povidomyla-pro-pidozru-mytropolytu-i-sekretariu-upts-mp-z-zhytomyrshchyny-yaki-provokuvaly-relihiinu-vorozhnechu","unknown",NA
"117efa86b2be","СБУ повідомила про підозру послушнику УПЦ (МП), який виправдовував російську агресію.",TRUE,"material","state","UOC-MP","other",3,"[Duplicate of entry already coded in batch 54/55.] SBU announcement: a UOC-MP novice notified of suspicion for publicly justifying Russian aggression.","coded_batch_59.json",NA,"Новини","ssu.gov.ua","sbu_press_release","https://ssu.gov.ua/novyny/sbu-povidomyla-pro-pidozru-poslushnyku-upts-mp-yakyi-vypravdovuvav-rosiisku-ahresiiu","unknown",NA
"11e5f70d9a12","СБУ затримала на Донеччині агентку фсб, яка працювала на рашистів через «зв'язкового» з УПЦ (МП).",TRUE,"material","state","UOC-MP","other",3,"[Duplicate of entry already coded in batch 54/55.] SBU announcement: detention of an FSB agent in Donetsk Oblast who operated through a UOC-MP-linked intermediary.","coded_batch_59.json",NA,"Новини","ssu.gov.ua","sbu_press_release","https://ssu.gov.ua/novyny/sbu-zatrymala-na-donechchyni-ahentku-fsb-yaka-pratsiuvala-na-rashystiv-cherez-zviazkovoho-z-upts-mp","unknown",NA
"1422fa02cf1b","СБУ виявила в єпархіях УПЦ (МП) російські паспорти, склади пропагандистської літератури та перепустки окупантів.",TRUE,"material","state","UOC-MP","other",3,"[Duplicate of entry already coded in batch 54/55.] SBU announcement: searches of UOC-MP diocesan premises uncovered Russian passports, stockpiles of propaganda literature, and occupation-authority passes -- material evidence supporting the broader securitisation narrative about UOC-MP institutional ties to Russian occupation infrastructure.","coded_batch_59.json",NA,"Новини","ssu.gov.ua","sbu_press_release","https://ssu.gov.ua/novyny/sbu-vyiavyla-v-yeparkhiiakh-upts-mp-rosiiski-pasporty-sklady-propahandystskoi-literatury-ta-perepustky-okupantiv","unknown",NA
"16a3423478ef","СБУ проводить безпекові заходи на об'єктах УПЦ (МП) у трьох областях України.",TRUE,"material","state","UOC-MP","other",3,"[Duplicate of entry already coded in batch 54/55.] SBU announcement of coordinated security operations at UOC-MP facilities across three oblasts, part of the systematic post-RNBO-decision security campaign.","coded_batch_59.json",NA,"Новини","ssu.gov.ua","sbu_press_release","https://ssu.gov.ua/novyny/sbu-provodyt-bezpekovi-zakhody-na-obiektakh-upts-mp-u-trokh-oblastiakh-ukrainy","unknown",NA
"175ee5b4a423","За матеріалами СБУ в Україні вперше винесли вирок митрополиту УПЦ (МП): він визнав, що винен у злочинах.",TRUE,"material","state","UOC-MP","other",3,"[Duplicate of entry already coded in batch 54/55.] SBU announcement of the first-ever criminal conviction of a UOC-MP metropolitan in Ukraine, who pleaded guilty -- a landmark prosecutorial milestone in the campaign.","coded_batch_59.json",NA,"Новини","ssu.gov.ua","sbu_press_release","https://ssu.gov.ua/novyny/za-materialamy-sbu-v-ukraini-vpershe-vynesly-vyrok-mytropolytu-upts-mp-vin-vyznav-shcho-vynen-u-zlochynakh","unknown",NA
"17fd72ceb863","СБУ повідомила про підозру одному із очільників УПЦ (МП), який закликав помолитися за рашистів у війні проти України.",TRUE,"material","state","UOC-MP","other",3,"[Duplicate of entry already coded in batch 54/55.] SBU announcement: a senior UOC-MP figure notified of suspicion for publicly calling on congregants to pray for Russian forces in the war against Ukraine.","coded_batch_59.json",NA,"Новини","ssu.gov.ua","sbu_press_release","https://ssu.gov.ua/novyny/sbu-povidomyla-pro-pidozru-odnomu-iz-ochilnykiv-upts-mp-yakyi-zaklykav-pomolytysia-za-rashystiv-u-viini-proty-ukrainy","unknown",NA
"1909812ab26e","За матеріалами СБУ підозру отримав настоятель храму УПЦ (МП) на Закарпатті.",TRUE,"material","state","UOC-MP","other",3,"[Duplicate of entry already coded in batch 54/55.] SBU announcement: a UOC-MP parish priest in Zakarpattia Oblast notified of suspicion (specific allegation not detailed in available excerpt).","coded_batch_59.json",NA,"Новини","ssu.gov.ua","sbu_press_release","https://ssu.gov.ua/novyny/za-materialamy-sbu-pidozru-otrymav-nastoiatel-khramu-upts-mp-na-zakarpatti","unknown",NA
"197f5a056576","СБУ затримала диякона УПЦ (МП) та психотерапевта, які на замовлення фсб шпигували за оборонцями Харкова.",TRUE,"material","state","UOC-MP","other",3,"[Duplicate of entry already coded in batch 54/55.] SBU announcement: detention of a UOC-MP deacon and a psychotherapist for espionage against Kharkiv's defenders on FSB orders.","coded_batch_59.json",NA,"Новини","ssu.gov.ua","sbu_press_release","https://ssu.gov.ua/novyny/sbu-zatrymala-dyiakona-upts-mp-ta-psykhoterapevta-yaki-na-zamovlennia-fsb-shpyhuvaly-za-oborontsiamy-kharkova","unknown",NA
"1a1e882232b1","СБУ викрила РПЦ на створенні «православних ПВК» для війни в Україні.",TRUE,"material","state","Russia","other",3,"[Duplicate of entry already coded in batch 54/55.] SBU announcement alleging ROC's involvement in organising 'Orthodox private military companies' to support Russia's war effort -- a distinct and serious allegation of direct ROC paramilitary involvement, threat actor coded Russia given the claim concerns ROC/Russia's own organisational structures rather than UOC-MP specifically.","coded_batch_59.json",NA,"Новини","ssu.gov.ua","sbu_press_release","https://ssu.gov.ua/novyny/sbu-vykryla-rpts-na-stvorenni-pravoslavnykh-pvk-dlia-viiny-v-ukraini","unknown",NA
"1cc4a374b6da","СБУ викрила на земельних оборудках настоятельку храму УПЦ (МП) на Черкащині.",TRUE,"material","state","UOC-MP","other",2,"[Duplicate of entry already coded in batch 54/55.] SBU announcement of a UOC-MP abbess in Cherkasy Oblast exposed in land-related fraud schemes -- concerns financial/administrative wrongdoing rather than treason/collaboration specifically, so coded with somewhat lower confidence relative to the espionage-related entries.","coded_batch_59.json",NA,"Новини","ssu.gov.ua","sbu_press_release","https://ssu.gov.ua/novyny/sbu-vykryla-na-zemelnykh-oborudkakh-nastoiatelku-khramu-upts-mp-na-cherkashchyni","unknown",NA
"1e3b94a75a29","СБУ повідомила про підозру клірику УПЦ (МП), який разом із Сальдо закликав до «приєднання» Херсонщини до рф.",TRUE,"material","state","UOC-MP","other",3,"[Duplicate of entry already coded in batch 54/55.] SBU announcement: a UOC-MP cleric notified of suspicion for jointly calling, alongside Russian-installed official Saldo, for Kherson Oblast's annexation to Russia.","coded_batch_59.json",NA,"Новини","ssu.gov.ua","sbu_press_release","https://ssu.gov.ua/novyny/sbu-povidomyla-pro-pidozru-kliryku-upts-mp-yakyi-razom-iz-saldo-zaklykav-do-pryiednannia-khersonshchyny-do-rf","unknown",NA
"20eac12acea6","З початку повномасштабного вторгнення військова контррозвідка СБУ викрила 68 агентів рф у Силах оборони.",FALSE,"neither","other","none","none",1,"[Duplicate of entry already coded in batch 54/55.] General SBU counter-intelligence summary (18 Dec 2025) on agents uncovered within the Defence Forces broadly (e.g. an Air Force officer convicted for directing strikes). Not specifically about UOC-MP; outside this codebook's scope despite being part of the same broader counter-espionage campaign.","coded_batch_59.json",NA,"Новини","ssu.gov.ua","sbu_press_release","https://ssu.gov.ua/novyny/z-pochatku-povnomasshtabnoho-vtorhnennia-viiskova-kontrrozvidka-sbu-vykryla-68-ahentiv-rf-u-sylakh-oborony","unknown",NA
"256fbaf74197","СБУ повідомила про підозру ще 3-м проросійським агітаторам, серед яких блогер РПЦ та шкільна вчителька з Києва",TRUE,"material","state","UOC-MP","other",3,"[Duplicate of entry already coded in batch 54/55.] Official SBU announcement of a criminal investigation, prosecution, conviction, or security operation targeting a UOC-MP cleric or facility for treason, collaboration, espionage, propaganda, or related offences amid the full-scale war -- part of the extensive, ongoing wave of SBU actions implementing the securitisation campaign against UOC-MP documented throughout this corpus (see batch 54's pivotal RNBO decision, 72c6ae74b540). Specific allegation per headline: СБУ повідомила про підозру ще 3-м проросійським агітаторам, серед яких блогер РПЦ та шкільна вчителька з Києва","coded_batch_59.json",NA,"Новини","ssu.gov.ua","sbu_press_release","https://ssu.gov.ua/novyny/sbu-povidomyla-pro-pidozru-shche-3m-prorosiiskym-ahitatoram-sered-yakykh-bloher-rpts-ta-shkilna-vchytelka-z-kyieva","unknown",NA
"29e1b2defe0f","СБУ викрила ворожого поплічника в рясі, який працював на гауляйтера Харківщини",TRUE,"material","state","UOC-MP","other",3,"[Duplicate of entry already coded in batch 54/55.] Official SBU announcement of a criminal investigation, prosecution, conviction, or security operation targeting a UOC-MP cleric or facility for treason, collaboration, espionage, propaganda, or related offences amid the full-scale war -- part of the extensive, ongoing wave of SBU actions implementing the securitisation campaign against UOC-MP documented throughout this corpus (see batch 54's pivotal RNBO decision, 72c6ae74b540). Specific allegation per headline: СБУ викрила ворожого поплічника в рясі, який працював на гауляйтера Харківщини","coded_batch_59.json",NA,"Новини","ssu.gov.ua","sbu_press_release","https://ssu.gov.ua/novyny/sbu-vykryla-vorozhoho-poplichnyka-v-riasi-yakyi-pratsiuvav-na-hauliaitera-kharkivshchyny","unknown",NA
"29ff7ea3a669","СБУ виявила на території Харківської єпархії УПЦ (МП) сотні тисяч готівки, прокремлівську літературу та сухпайки окупантів",TRUE,"material","state","UOC-MP","other",3,"[Duplicate of entry already coded in batch 54/55.] Official SBU announcement of a criminal investigation, prosecution, conviction, or security operation targeting a UOC-MP cleric or facility for treason, collaboration, espionage, propaganda, or related offences amid the full-scale war -- part of the extensive, ongoing wave of SBU actions implementing the securitisation campaign against UOC-MP documented throughout this corpus (see batch 54's pivotal RNBO decision, 72c6ae74b540). Specific allegation per headline: СБУ виявила на території Харківської єпархії УПЦ (МП) сотні тисяч готівки, прокремлівську літературу та сухпайки окупантів","coded_batch_59.json",NA,"Новини","ssu.gov.ua","sbu_press_release","https://ssu.gov.ua/novyny/sbu-vyiavyla-na-terytorii-kharkivskoi-yeparkhii-upts-mp-sotni-tysiach-hotivky-prokremlivsku-literaturu-ta-sukhpaiky-okupantiv","unknown",NA
"2a288a56ed5e","СБУ викрила диякона УПЦ (МП), який агітував за «приєднання» Запоріжжя до рф",TRUE,"material","state","UOC-MP","other",3,"[Duplicate of entry already coded in batch 54/55.] Official SBU announcement of a criminal investigation, prosecution, conviction, or security operation targeting a UOC-MP cleric or facility for treason, collaboration, espionage, propaganda, or related offences amid the full-scale war -- part of the extensive, ongoing wave of SBU actions implementing the securitisation campaign against UOC-MP documented throughout this corpus (see batch 54's pivotal RNBO decision, 72c6ae74b540). Specific allegation per headline: СБУ викрила диякона УПЦ (МП), який агітував за «приєднання» Запоріжжя до рф","coded_batch_59.json",NA,"Новини","ssu.gov.ua","sbu_press_release","https://ssu.gov.ua/novyny/sbu-vykryla-dyiakona-upts-mp-yakyi-ahituvav-za-pryiednannia-zaporizhzhia-do-rf","unknown",NA
"2f907b0ee1cc","СБУ повідомила про підозру архімандриту УПЦ (МП) з Мелітополя, який закликав людей «голосувати» на псевдореферендумі",TRUE,"material","state","UOC-MP","other",3,"[Duplicate of entry already coded in batch 54/55.] Official SBU announcement of a criminal investigation, prosecution, conviction, or security operation targeting a UOC-MP cleric or facility for treason, collaboration, espionage, propaganda, or related offences amid the full-scale war -- part of the extensive, ongoing wave of SBU actions implementing the securitisation campaign against UOC-MP documented throughout this corpus (see batch 54's pivotal RNBO decision, 72c6ae74b540). Specific allegation per headline: СБУ повідомила про підозру архімандриту УПЦ (МП) з Мелітополя, який закликав людей «голосувати» на псевдореферендумі","coded_batch_59.json",NA,"Новини","ssu.gov.ua","sbu_press_release","https://ssu.gov.ua/novyny/sbu-povidomyla-pro-pidozru-arkhimandrytu-upts-mp-z-melitopolia-yakyi-zaklykav-liudei-holosuvaty-na-psevdoreferendumi","unknown",NA
"2fc6365161e5","СБУ знешкодила масштабну агентурну мережу фсб, яка «під прикриттям» УПЦ (МП) намагалася дестабілізувати ситуацію в Україні (відео)",TRUE,"material","state","UOC-MP","other",3,"[Duplicate of entry already coded in batch 54/55.] Official SBU announcement of a criminal investigation, prosecution, conviction, or security operation targeting a UOC-MP cleric or facility for treason, collaboration, espionage, propaganda, or related offences amid the full-scale war -- part of the extensive, ongoing wave of SBU actions implementing the securitisation campaign against UOC-MP documented throughout this corpus (see batch 54's pivotal RNBO decision, 72c6ae74b540). Specific allegation per headline: СБУ знешкодила масштабну агентурну мережу фсб, яка «під прикриттям» УПЦ (МП) намагалася дестабілізувати ситуацію в Україні (відео)","coded_batch_59.json",NA,"Новини","ssu.gov.ua","sbu_press_release","https://ssu.gov.ua/novyny/sbu-zneshkodyla-masshtabnu-ahenturnu-merezhu-fsb-yaka-pid-prykryttiam-upts-mp-namahalasia-destabilizuvaty-sytuatsiiu-v-ukraini-video","unknown",NA
"30773fd69f77","За матеріалами СБУ підозру отримав експослушник УПЦ (МП), який виправдовував тимчасову окупацію Донецька та Луганська",TRUE,"material","state","UOC-MP","other",3,"[Duplicate of entry already coded in batch 54/55.] Official SBU announcement of a criminal investigation, prosecution, conviction, or security operation targeting a UOC-MP cleric or facility for treason, collaboration, espionage, propaganda, or related offences amid the full-scale war -- part of the extensive, ongoing wave of SBU actions implementing the securitisation campaign against UOC-MP documented throughout this corpus (see batch 54's pivotal RNBO decision, 72c6ae74b540). Specific allegation per headline: За матеріалами СБУ підозру отримав експослушник УПЦ (МП), який виправдовував тимчасову окупацію Донецька та Луганська","coded_batch_59.json",NA,"Новини","ssu.gov.ua","sbu_press_release","https://ssu.gov.ua/novyny/za-materialamy-sbu-pidozru-otrymav-eksposlushnyk-upts-mp-yakyi-vypravdovuvav-tymchasovu-okupatsiiu-donetska-ta-luhanska","unknown",NA
"314a5ff8e135","СБУ викрила ще трьох проросійських інтернет-агітаторів: один з них закликав ударити «Орєшніком» по Києву",FALSE,"neither","other","none","none",1,"[Duplicate of entry already coded in batch 54/55.] SBU announcement concerning general pro-Russian collaboration/agitation/counter-espionage activity with no UOC-MP connection identified in the available text. Outside this codebook's UOC-MP-specific scope, though part of the same broader wartime counter-espionage campaign.","coded_batch_59.json",NA,"Новини","ssu.gov.ua","sbu_press_release","https://ssu.gov.ua/novyny/sbu-vykryla-shche-trokh-prorosiiskykh-internetahitatoriv-odyn-z-nykh-zaklykav-udaryty-orieshnikom-po-kyievu","unknown",NA
"3387d9da8e50","СБУ виявила антиукраїнську літературу в мережі церковних лавок УПЦ (МП)",TRUE,"material","state","UOC-MP","other",3,"[Duplicate of entry already coded in batch 54/55.] Official SBU announcement of a criminal investigation, prosecution, conviction, or security operation targeting a UOC-MP cleric or facility for treason, collaboration, espionage, propaganda, or related offences amid the full-scale war -- part of the extensive, ongoing wave of SBU actions implementing the securitisation campaign against UOC-MP documented throughout this corpus (see batch 54's pivotal RNBO decision, 72c6ae74b540). Specific allegation per headline: СБУ виявила антиукраїнську літературу в мережі церковних лавок УПЦ (МП)","coded_batch_59.json",NA,"Новини","ssu.gov.ua","sbu_press_release","https://ssu.gov.ua/novyny/sbu-vyiavyla-antyukrainsku-literaturu-v-merezhi-tserkovnykh-lavok-upts-mp","unknown",NA
"3612136da855","СБУ виявила в єпархіях УПЦ (МП) російські паспорти, «перепустки федеральних радників рф» та прапор «новоросії»",TRUE,"material","state","UOC-MP","other",3,"[Duplicate of entry already coded in batch 54/55.] Official SBU announcement of a criminal investigation, prosecution, conviction, or security operation targeting a UOC-MP cleric or facility for treason, collaboration, espionage, propaganda, or related offences amid the full-scale war -- part of the extensive, ongoing wave of SBU actions implementing the securitisation campaign against UOC-MP documented throughout this corpus (see batch 54's pivotal RNBO decision, 72c6ae74b540). Specific allegation per headline: СБУ виявила в єпархіях УПЦ (МП) російські паспорти, «перепустки федеральних радників рф» та прапор «новоросії»","coded_batch_59.json",NA,"Новини","ssu.gov.ua","sbu_press_release","https://ssu.gov.ua/novyny/sbu-vyiavyla-v-yeparkhiiakh-upts-mp-rosiiski-pasporty-perepustky-federalnykh-radnykiv-rf-ta-prapor-novorosii","unknown",NA
"3a1bf8699977","СБУ та Нацполіція викрили настоятеля храму УПЦ (МП), який «приватизував» церкву на Київщині",TRUE,"material","state","UOC-MP","other",3,"[Duplicate of entry already coded in batch 54/55.] Official SBU announcement of a criminal investigation, prosecution, conviction, or security operation targeting a UOC-MP cleric or facility for treason, collaboration, espionage, propaganda, or related offences amid the full-scale war -- part of the extensive, ongoing wave of SBU actions implementing the securitisation campaign against UOC-MP documented throughout this corpus (see batch 54's pivotal RNBO decision, 72c6ae74b540). Specific allegation per headline: СБУ та Нацполіція викрили настоятеля храму УПЦ (МП), який «приватизував» церкву на Київщині","coded_batch_59.json",NA,"Новини","ssu.gov.ua","sbu_press_release","https://ssu.gov.ua/novyny/sbu-ta-natspolitsiia-vykryly-nastoiatelia-khramu-upts-mp-yakyi-pryvatyzuvav-tserkvu-na-kyivshchyni","unknown",NA
"3b6e2065753a","СБУ викрила у Запоріжжі агентурну мережу воєнної розвідки рф, яку координував священник УПЦ (МП)",TRUE,"material","state","UOC-MP","other",3,"[Duplicate of entry already coded in batch 54/55.] Official SBU announcement of a criminal investigation, prosecution, conviction, or security operation targeting a UOC-MP cleric or facility for treason, collaboration, espionage, propaganda, or related offences amid the full-scale war -- part of the extensive, ongoing wave of SBU actions implementing the securitisation campaign against UOC-MP documented throughout this corpus (see batch 54's pivotal RNBO decision, 72c6ae74b540). Specific allegation per headline: СБУ викрила у Запоріжжі агентурну мережу воєнної розвідки рф, яку координував священник УПЦ (МП)","coded_batch_59.json",NA,"Новини","ssu.gov.ua","sbu_press_release","https://ssu.gov.ua/novyny/sbu-vykryla-u-zaporizhzhi-ahenturnu-merezhu-voiennoi-rozvidky-rf-yaku-koordynuvav-sviashchennyk-upts-mp","unknown",NA
"3d61eb675d70","СБУ повідомила про підозру митрополиту-втікачу УПЦ (МП) на Сумщині, який благословляв російських окупантів",TRUE,"material","state","UOC-MP","other",3,"[Duplicate of entry already coded in batch 54/55.] Official SBU announcement of a criminal investigation, prosecution, conviction, or security operation targeting a UOC-MP cleric or facility for treason, collaboration, espionage, propaganda, or related offences amid the full-scale war -- part of the extensive, ongoing wave of SBU actions implementing the securitisation campaign against UOC-MP documented throughout this corpus (see batch 54's pivotal RNBO decision, 72c6ae74b540). Specific allegation per headline: СБУ повідомила про підозру митрополиту-втікачу УПЦ (МП) на Сумщині, який благословляв російських окупантів","coded_batch_59.json",NA,"Новини","ssu.gov.ua","sbu_press_release","https://ssu.gov.ua/novyny/sbu-povidomyla-pro-pidozru-mytropolytuvtikachu-upts-mp-na-sumshchyni-yakyi-blahoslovliav-rosiiskykh-okupantiv","unknown",NA
"3e620b8ad703","СБУ викрила ще трьох ворожих агітаторів: один із них закликав підняти російський прапор над Хортицею",FALSE,"neither","other","none","none",1,"[Duplicate of entry already coded in batch 54/55.] SBU announcement concerning general pro-Russian collaboration/agitation/counter-espionage activity with no UOC-MP connection identified in the available text. Outside this codebook's UOC-MP-specific scope, though part of the same broader wartime counter-espionage campaign.","coded_batch_59.json",NA,"Новини","ssu.gov.ua","sbu_press_release","https://ssu.gov.ua/novyny/sbu-vykryla-shche-trokh-vorozhykh-ahitatoriv-odyn-iz-nykh-zaklykav-pidniaty-rosiiskyi-prapor-nad-khortytseiu","unknown",NA
"3eb385a41ec3","СБУ виявила в єпархіях УПЦ (МП) агітаційні листівки об’єднання Медведчука, російські «триколори» та колишні склади окупантів",TRUE,"material","state","UOC-MP","other",3,"[Duplicate of entry already coded in batch 54/55.] Official SBU announcement of a criminal investigation, prosecution, conviction, or security operation targeting a UOC-MP cleric or facility for treason, collaboration, espionage, propaganda, or related offences amid the full-scale war -- part of the extensive, ongoing wave of SBU actions implementing the securitisation campaign against UOC-MP documented throughout this corpus (see batch 54's pivotal RNBO decision, 72c6ae74b540). Specific allegation per headline: СБУ виявила в єпархіях УПЦ (МП) агітаційні листівки об’єднання Медведчука, російські «триколори» та колишні склади окупантів","coded_batch_59.json",NA,"Новини","ssu.gov.ua","sbu_press_release","https://ssu.gov.ua/novyny/sbu-vyiavyla-v-yeparkhiiakh-upts-mp-ahitatsiini-lystivky-obiednannia-medvedchuka-rosiiski-trykolory-ta-kolyshni-sklady-okupantiv","unknown",NA
"41b626bcdfac","За матеріалами СБУ тюремний строк отримав настоятель храму УПЦ (МП), який вихваляв терористів Захарченка, Гіві та Моторолу",TRUE,"material","state","UOC-MP","other",3,"[Duplicate of entry already coded in batch 54/55.] Official SBU announcement of a criminal investigation, prosecution, conviction, or security operation targeting a UOC-MP cleric or facility for treason, collaboration, espionage, propaganda, or related offences amid the full-scale war -- part of the extensive, ongoing wave of SBU actions implementing the securitisation campaign against UOC-MP documented throughout this corpus (see batch 54's pivotal RNBO decision, 72c6ae74b540). Specific allegation per headline: За матеріалами СБУ тюремний строк отримав настоятель храму УПЦ (МП), який вихваляв терористів Захарченка, Гіві та Моторолу","coded_batch_59.json",NA,"Новини","ssu.gov.ua","sbu_press_release","https://ssu.gov.ua/novyny/za-materialamy-sbu-tiuremnyi-strok-otrymav-nastoiatel-khramu-upts-mp-yakyi-vykhvaliav-terorystiv-zakharchenka-hivi-ta-motorolu","unknown",NA
"462dacabaed1","СБУ повідомила про підозру клірику УПЦ (МП) на Черкащині, який героїзував рашистів",TRUE,"material","state","UOC-MP","other",3,"[Duplicate of entry already coded in batch 54/55.] Official SBU announcement of a criminal investigation, prosecution, conviction, or security operation targeting a UOC-MP cleric or facility for treason, collaboration, espionage, propaganda, or related offences amid the full-scale war -- part of the extensive, ongoing wave of SBU actions implementing the securitisation campaign against UOC-MP documented throughout this corpus (see batch 54's pivotal RNBO decision, 72c6ae74b540). Specific allegation per headline: СБУ повідомила про підозру клірику УПЦ (МП) на Черкащині, який героїзував рашистів","coded_batch_59.json",NA,"Новини","ssu.gov.ua","sbu_press_release","https://ssu.gov.ua/novyny/sbu-povidomyla-pro-pidozru-kliryku-upts-mp-na-cherkashchyni-yakyi-heroizuvav-rashystiv","unknown",NA
"47075247449e","За матеріалами СБУ перед судом постане митрополит однієї із Вінницьких єпархій УПЦ (МП)",TRUE,"material","state","UOC-MP","other",3,"[Duplicate of entry already coded in batch 54/55.] Official SBU announcement of a criminal investigation, prosecution, conviction, or security operation targeting a UOC-MP cleric or facility for treason, collaboration, espionage, propaganda, or related offences amid the full-scale war -- part of the extensive, ongoing wave of SBU actions implementing the securitisation campaign against UOC-MP documented throughout this corpus (see batch 54's pivotal RNBO decision, 72c6ae74b540). Specific allegation per headline: За матеріалами СБУ перед судом постане митрополит однієї із Вінницьких єпархій УПЦ (МП)","coded_batch_59.json",NA,"Новини","ssu.gov.ua","sbu_press_release","https://ssu.gov.ua/novyny/za-materialamy-sbu-pered-sudom-postane-mytropolyt-vinnytskoi-yeparkhii-upts-mp","unknown",NA
"482e680ce03f","СБУ викрила колишнього настоятеля храму УПЦ (МП), який благословляв російських військових під час окупації Харківщини",TRUE,"material","state","UOC-MP","other",3,"[Duplicate of entry already coded in batch 54/55.] Official SBU announcement of a criminal investigation, prosecution, conviction, or security operation targeting a UOC-MP cleric or facility for treason, collaboration, espionage, propaganda, or related offences amid the full-scale war -- part of the extensive, ongoing wave of SBU actions implementing the securitisation campaign against UOC-MP documented throughout this corpus (see batch 54's pivotal RNBO decision, 72c6ae74b540). Specific allegation per headline: СБУ викрила колишнього настоятеля храму УПЦ (МП), який благословляв російських військових під час окупації Харківщини","coded_batch_59.json",NA,"Новини","ssu.gov.ua","sbu_press_release","https://ssu.gov.ua/novyny/sbu-vykryla-kolyshnoho-nastoiatelia-khramu-upts-mp-yakyi-blahoslovliav-rosiiskykh-viiskovykh-pid-chas-okupatsii-kharkivshchyny","unknown",NA
"48c01e4624bd","СБУ повідомила про підозру митрополиту УПЦ (МП) на Донеччині, який поширював фейки про оборонців України",TRUE,"material","state","UOC-MP","other",3,"[Duplicate of entry already coded in batch 54/55.] Official SBU announcement of a criminal investigation, prosecution, conviction, or security operation targeting a UOC-MP cleric or facility for treason, collaboration, espionage, propaganda, or related offences amid the full-scale war -- part of the extensive, ongoing wave of SBU actions implementing the securitisation campaign against UOC-MP documented throughout this corpus (see batch 54's pivotal RNBO decision, 72c6ae74b540). Specific allegation per headline: СБУ повідомила про підозру митрополиту УПЦ (МП) на Донеччині, який поширював фейки про оборонців України","coded_batch_59.json",NA,"Новини","ssu.gov.ua","sbu_press_release","https://ssu.gov.ua/novyny/sbu-povidomyla-pro-pidozru-mytropolytu-upts-mp-na-donechchyni-yakyi-poshyriuvav-feiky-pro-oborontsiv-ukrainy","unknown",NA
"49fc458ef846","СБУ знайшла в об’єктах УПЦ (МП) на Тернопільщині та Прикарпатті пропагандистські матеріали, що заперечують існування України",TRUE,"material","state","UOC-MP","other",3,"[Duplicate of entry already coded in batch 54/55.] Official SBU announcement of a criminal investigation, prosecution, conviction, or security operation targeting a UOC-MP cleric or facility for treason, collaboration, espionage, propaganda, or related offences amid the full-scale war -- part of the extensive, ongoing wave of SBU actions implementing the securitisation campaign against UOC-MP documented throughout this corpus (see batch 54's pivotal RNBO decision, 72c6ae74b540). Specific allegation per headline: СБУ знайшла в об’єктах УПЦ (МП) на Тернопільщині та Прикарпатті пропагандистські матеріали, що заперечують існування України","coded_batch_59.json",NA,"Новини","ssu.gov.ua","sbu_press_release","https://ssu.gov.ua/novyny/sbu-znaishla-v-obiektakh-upts-mp-na-ternopilshchyni-ta-prykarpatti-propahandystski-materialy-shcho-zaperechuiut-isnuvannia-ukrainy","unknown",NA
"4e11317d9706","СБУ затримала у Херсоні священника УПЦ (МП), який торгував російською зброєю та боєприпасами (відео)",TRUE,"material","state","UOC-MP","other",3,"[Duplicate of entry already coded in batch 54/55.] Official SBU announcement of a criminal investigation, prosecution, conviction, or security operation targeting a UOC-MP cleric or facility for treason, collaboration, espionage, propaganda, or related offences amid the full-scale war -- part of the extensive, ongoing wave of SBU actions implementing the securitisation campaign against UOC-MP documented throughout this corpus (see batch 54's pivotal RNBO decision, 72c6ae74b540). Specific allegation per headline: СБУ затримала у Херсоні священника УПЦ (МП), який торгував російською зброєю та боєприпасами (відео)","coded_batch_59.json",NA,"Новини","ssu.gov.ua","sbu_press_release","https://ssu.gov.ua/novyny/sbu-zatrymala-u-khersoni-sviashchennyka-upts-mp-yakyi-torhuvav-rosiiskoiu-zbroieiu-ta-boieprypasamy-video","unknown",NA
"4f0e0ac49bbf","СБУ викрила на Хмельниччині настоятеля храму УПЦ (МП), який вихваляв путіна перед вірянами",TRUE,"material","state","UOC-MP","other",3,"[Duplicate of entry already coded in batch 54/55.] Official SBU announcement of a criminal investigation, prosecution, conviction, or security operation targeting a UOC-MP cleric or facility for treason, collaboration, espionage, propaganda, or related offences amid the full-scale war -- part of the extensive, ongoing wave of SBU actions implementing the securitisation campaign against UOC-MP documented throughout this corpus (see batch 54's pivotal RNBO decision, 72c6ae74b540). Specific allegation per headline: СБУ викрила на Хмельниччині настоятеля храму УПЦ (МП), який вихваляв путіна перед вірянами","coded_batch_59.json",NA,"Новини","ssu.gov.ua","sbu_press_release","https://ssu.gov.ua/novyny/sbu-vykryla-na-khmelnychchyni-nastoiatelia-khramu-upts-mp-yakyi-vykhvaliav-putina-pered-virianamy","unknown",NA
"50b3543f82ca","За матеріалами СБУ тюремний строк отримав клірик УПЦ (МП) на Дніпропетровщині, який закликав вірян допомагати рашистам",TRUE,"material","state","UOC-MP","other",3,"[Duplicate of entry already coded in batch 54/55.] Official SBU announcement of a criminal investigation, prosecution, conviction, or security operation targeting a UOC-MP cleric or facility for treason, collaboration, espionage, propaganda, or related offences amid the full-scale war -- part of the extensive, ongoing wave of SBU actions implementing the securitisation campaign against UOC-MP documented throughout this corpus (see batch 54's pivotal RNBO decision, 72c6ae74b540). Specific allegation per headline: За матеріалами СБУ тюремний строк отримав клірик УПЦ (МП) на Дніпропетровщині, який закликав вірян допомагати рашистам","coded_batch_59.json",NA,"Новини","ssu.gov.ua","sbu_press_release","https://ssu.gov.ua/novyny/za-materialamy-sbu-tiuremnyi-strok-otrymav-kliryk-upts-mp-na-dnipropetrovshchyni-yakyi-zaklykav-virian-dopomahaty-rashystam","unknown",NA
"523f6466eaca","СБУ повідомила про підозру клірику київського монастиря УПЦ (МП), який виправдовував війну рф проти України",TRUE,"material","state","UOC-MP","other",3,"[Duplicate of entry already coded in batch 54/55.] Official SBU announcement of a criminal investigation, prosecution, conviction, or security operation targeting a UOC-MP cleric or facility for treason, collaboration, espionage, propaganda, or related offences amid the full-scale war -- part of the extensive, ongoing wave of SBU actions implementing the securitisation campaign against UOC-MP documented throughout this corpus (see batch 54's pivotal RNBO decision, 72c6ae74b540). Specific allegation per headline: СБУ повідомила про підозру клірику київського монастиря УПЦ (МП), який виправдовував війну рф проти України","coded_batch_59.json",NA,"Новини","ssu.gov.ua","sbu_press_release","https://ssu.gov.ua/novyny/sbu-povidomyla-pro-pidozru-kliryku-kyivskoho-monastyria-upts-mp-yakyi-vypravdovuvav-viinu-rf-proty-ukrainy","unknown",NA
"54c494d86780","СБУ затримала охоронця дитсадка на Запоріжжі, який наводив російські ракети на будинки мирних українців (відео)",FALSE,"neither","other","none","none",1,"[Duplicate of entry already coded in batch 54/55.] SBU announcement concerning general pro-Russian collaboration/agitation/counter-espionage activity with no UOC-MP connection identified in the available text. Outside this codebook's UOC-MP-specific scope, though part of the same broader wartime counter-espionage campaign.","coded_batch_59.json",NA,"Новини","ssu.gov.ua","sbu_press_release","https://ssu.gov.ua/novyny/sbu-zatrymala-okhorontsia-dytsadka-na-zaporizhzhi-yakyi-navodyv-rosiiski-rakety-na-budynky-myrnykh-ukraintsiv-video","unknown",NA
"5641e23f5983","СБУ затримала священника УПЦ (МП), який був агентом російського гру і готував удар по ешелонах ЗСУ на Харківщині (відео)",TRUE,"material","state","UOC-MP","other",3,"[Duplicate of entry already coded in batch 54/55.] Official SBU announcement of a criminal investigation, prosecution, conviction, or security operation targeting a UOC-MP cleric or facility for treason, collaboration, espionage, propaganda, or related offences amid the full-scale war -- part of the extensive, ongoing wave of SBU actions implementing the securitisation campaign against UOC-MP documented throughout this corpus (see batch 54's pivotal RNBO decision, 72c6ae74b540). Specific allegation per headline: СБУ затримала священника УПЦ (МП), який був агентом російського гру і готував удар по ешелонах ЗСУ на Харківщині (відео)","coded_batch_59.json",NA,"Новини","ssu.gov.ua","sbu_press_release","https://ssu.gov.ua/novyny/sbu-zatrymala-sviashchennyka-upts-mp-yakyi-buv-ahentom-rosiiskoho-hru-i-hotuvav-udar-po-eshelonakh-zsu-na-kharkivshchyni-video","unknown",NA
"570eb0019e03","СБУ повідомила про підозру колаборанту, який був особистим радником терориста Стрєлкова",FALSE,"neither","other","none","none",1,"[Duplicate of entry already coded in batch 54/55.] SBU announcement concerning general pro-Russian collaboration/agitation/counter-espionage activity with no UOC-MP connection identified in the available text. Outside this codebook's UOC-MP-specific scope, though part of the same broader wartime counter-espionage campaign.","coded_batch_59.json",NA,"Новини","ssu.gov.ua","sbu_press_release","https://ssu.gov.ua/novyny/sbu-povidomyla-pro-pidozru-kolaborantu-yakyi-buv-osobystym-radnykom-terorysta-strielkova","unknown",NA
"58bf7be14b1c","СБУ перевірила приміщення УПЦ (МП) на Буковині: знайшли методички з москви, російське громадянство та посвідчення окупантів",TRUE,"material","state","UOC-MP","other",3,"[Duplicate of entry already coded in batch 54/55.] Official SBU announcement of a criminal investigation, prosecution, conviction, or security operation targeting a UOC-MP cleric or facility for treason, collaboration, espionage, propaganda, or related offences amid the full-scale war -- part of the extensive, ongoing wave of SBU actions implementing the securitisation campaign against UOC-MP documented throughout this corpus (see batch 54's pivotal RNBO decision, 72c6ae74b540). Specific allegation per headline: СБУ перевірила приміщення УПЦ (МП) на Буковині: знайшли методички з москви, російське громадянство та посвідчення окупантів","coded_batch_59.json",NA,"Новини","ssu.gov.ua","sbu_press_release","https://ssu.gov.ua/novyny/sbu-pereviryla-prymishchennia-upts-mp-na-bukovyni-znaishly-metodychky-z-moskvy-rosiiske-hromadianstvo-ta-posvidchennia-okupantiv","unknown",NA
"5a7aceccf26b","З початку повномасштабного вторгнення за матеріалами СБУ розпочато понад 200 кримінальних проваджень щодо кліриків УПЦ (МП)",TRUE,"material","state","UOC-MP","other",3,"[Duplicate of entry already coded in batch 54/55.] Official SBU summary statistic on the scale of criminal proceedings against UOC-MP clergy since the full-scale invasion (over 200 proceedings / over 60 clerics respectively) -- direct quantitative evidence of the scale of the state's ongoing prosecutorial campaign against UOC-MP-linked individuals.","coded_batch_59.json",NA,"Новини","ssu.gov.ua","sbu_press_release","https://ssu.gov.ua/novyny/z-pochatku-povnomasshtabnoho-vtorhnennia-za-materialamy-sbu-rozpochato-ponad-200-kryminalnykh-provadzhen-shchodo-klirykiv-upts-mp","unknown",NA
"5fafa045bc74","За матеріалами СБУ 5 років тюрми отримав настоятель храму УПЦ (МП), який вихваляв путіна та очікував на захоплення Вінниччини",TRUE,"material","state","UOC-MP","other",3,"[Duplicate of entry already coded in batch 54/55.] Official SBU announcement of a criminal investigation, prosecution, conviction, or security operation targeting a UOC-MP cleric or facility for treason, collaboration, espionage, propaganda, or related offences amid the full-scale war -- part of the extensive, ongoing wave of SBU actions implementing the securitisation campaign against UOC-MP documented throughout this corpus (see batch 54's pivotal RNBO decision, 72c6ae74b540). Specific allegation per headline: За матеріалами СБУ 5 років тюрми отримав настоятель храму УПЦ (МП), який вихваляв путіна та очікував на захоплення Вінниччини","coded_batch_59.json",NA,"Новини","ssu.gov.ua","sbu_press_release","https://ssu.gov.ua/novyny/za-materialamy-sbu-5-rokiv-tiurmy-otrymav-nastoiatel-khramu-upts-mp-yakyi-vykhvaliav-putina-ta-ochikuvav-na-zakhoplennia-vinnychchyny","unknown",NA
"601e6ec85fc8","СБУ повідомила про підозру клірику УПЦ (МП) із Харківщини, який прославляв рашистів на Телеграм-каналі партії «єдина росія»",TRUE,"material","state","UOC-MP","other",3,"[Duplicate of entry already coded in batch 54/55.] Official SBU announcement of a criminal investigation, prosecution, conviction, or security operation targeting a UOC-MP cleric or facility for treason, collaboration, espionage, propaganda, or related offences amid the full-scale war -- part of the extensive, ongoing wave of SBU actions implementing the securitisation campaign against UOC-MP documented throughout this corpus (see batch 54's pivotal RNBO decision, 72c6ae74b540). Specific allegation per headline: СБУ повідомила про підозру клірику УПЦ (МП) із Харківщини, який прославляв рашистів на Телеграм-каналі партії «єдина росія»","coded_batch_59.json",NA,"Новини","ssu.gov.ua","sbu_press_release","https://ssu.gov.ua/novyny/sbu-povidomyla-pro-pidozru-kliryku-upts-mp-iz-kharkivshchyny-yakyi-proslavliav-rashystiv-na-telehramkanali-partii-iedyna-rosiia","unknown",NA
"60e715b8f97e","СБУ викрила двох настоятелів храмів УПЦ (МП), які вихваляли путіна та поширювали антисемітські заклики",TRUE,"material","state","UOC-MP","other",3,"[Duplicate of entry already coded in batch 54/55.] Official SBU announcement of a criminal investigation, prosecution, conviction, or security operation targeting a UOC-MP cleric or facility for treason, collaboration, espionage, propaganda, or related offences amid the full-scale war -- part of the extensive, ongoing wave of SBU actions implementing the securitisation campaign against UOC-MP documented throughout this corpus (see batch 54's pivotal RNBO decision, 72c6ae74b540). Specific allegation per headline: СБУ викрила двох настоятелів храмів УПЦ (МП), які вихваляли путіна та поширювали антисемітські заклики","coded_batch_59.json",NA,"Новини","ssu.gov.ua","sbu_press_release","https://ssu.gov.ua/novyny/sbu-vykryla-dvokh-nastoiateliv-khramiv-upts-mp-yaki-vykhvalialy-putina-ta-poshyriuvaly-antysemitski-zaklyky","unknown",NA
"637f50728880","СБУ заочно повідомила про підозру головному військовому «капелану» рф, який благословив рашистів на війну проти України",TRUE,"material","state","UOC-MP","other",3,"[Duplicate of entry already coded in batch 54/55.] Official SBU announcement of a criminal investigation, prosecution, conviction, or security operation targeting a UOC-MP cleric or facility for treason, collaboration, espionage, propaganda, or related offences amid the full-scale war -- part of the extensive, ongoing wave of SBU actions implementing the securitisation campaign against UOC-MP documented throughout this corpus (see batch 54's pivotal RNBO decision, 72c6ae74b540). Specific allegation per headline: СБУ заочно повідомила про підозру головному військовому «капелану» рф, який благословив рашистів на війну проти України","coded_batch_59.json",NA,"Новини","ssu.gov.ua","sbu_press_release","https://ssu.gov.ua/novyny/sbu-zaochno-povidomyla-pro-pidozru-holovnomu-viiskovomu-kapelanu-rf-yakyi-blahoslovyv-rashystiv-na-viinu-proty-ukrainy","unknown",NA
"64b6c3d53ecf","СБУ викрила митрополита УПЦ (МП) Павла на нових фактах підривної діяльності проти України (відео)",TRUE,"material","state","UOC-MP","other",3,"[Duplicate of entry already coded in batch 54/55.] Official SBU announcement of a criminal investigation, prosecution, conviction, or security operation targeting a UOC-MP cleric or facility for treason, collaboration, espionage, propaganda, or related offences amid the full-scale war -- part of the extensive, ongoing wave of SBU actions implementing the securitisation campaign against UOC-MP documented throughout this corpus (see batch 54's pivotal RNBO decision, 72c6ae74b540). Specific allegation per headline: СБУ викрила митрополита УПЦ (МП) Павла на нових фактах підривної діяльності проти України (відео)","coded_batch_59.json",NA,"Новини","ssu.gov.ua","sbu_press_release","https://ssu.gov.ua/novyny/sbu-vykryla-mytropolyta-upts-mp-pavla-na-novykh-faktakh-pidryvnoi-diialnosti-proty-ukrainy-video","unknown",NA
"64e3d771d07d","За матеріалами СБУ 11 років тюрми заочно отримав митрополит УПЦ (МП), який благословив війну рф проти України",TRUE,"material","state","UOC-MP","other",3,"[Duplicate of entry already coded in batch 54/55.] Official SBU announcement of a criminal investigation, prosecution, conviction, or security operation targeting a UOC-MP cleric or facility for treason, collaboration, espionage, propaganda, or related offences amid the full-scale war -- part of the extensive, ongoing wave of SBU actions implementing the securitisation campaign against UOC-MP documented throughout this corpus (see batch 54's pivotal RNBO decision, 72c6ae74b540). Specific allegation per headline: За матеріалами СБУ 11 років тюрми заочно отримав митрополит УПЦ (МП), який благословив війну рф проти України","coded_batch_59.json",NA,"Новини","ssu.gov.ua","sbu_press_release","https://ssu.gov.ua/novyny/za-materialamy-sbu-11-rokiv-tiurmy-zaochno-otrymav-mytropolyt-upts-mp-yakyi-blahoslovyv-viinu-rf-proty-ukrainy","unknown",NA
"65c575e5e0ad","За матеріалами СБУ по 15 років тюрми отримали троє агентів фсб, які допомагали рашистам прориватися до Покровська",FALSE,"neither","other","none","none",1,"[Duplicate of entry already coded in batch 54/55.] SBU announcement concerning general pro-Russian collaboration/agitation/counter-espionage activity with no UOC-MP connection identified in the available text. Outside this codebook's UOC-MP-specific scope, though part of the same broader wartime counter-espionage campaign.","coded_batch_59.json",NA,"Новини","ssu.gov.ua","sbu_press_release","https://ssu.gov.ua/novyny/za-materialamy-sbu-po-15-rokiv-tiurmy-otrymaly-troie-ahentiv-fsb-yaki-dopomahaly-rashystam-proryvatysia-do-pokrovska","unknown",NA
"6648a9e45216","СБУ викрила в Одесі кліриків УПЦ (МП), які вихваляли рашизм і виправдовували воєнні злочини рф",TRUE,"material","state","UOC-MP","other",3,"[Duplicate of entry already coded in batch 55/56.] Official SBU announcement of a criminal investigation, prosecution, conviction, or security operation targeting a UOC-MP cleric or facility for treason, collaboration, espionage, propaganda, or related offences amid the full-scale war -- part of the extensive, ongoing wave of SBU actions implementing the securitisation campaign against UOC-MP documented throughout this corpus (see batch 54's pivotal RNBO decision, 72c6ae74b540). Specific allegation per headline: СБУ викрила в Одесі кліриків УПЦ (МП), які вихваляли рашизм і виправдовували воєнні злочини рф","coded_batch_60.json",NA,"Новини","ssu.gov.ua","sbu_press_release","https://ssu.gov.ua/novyny/sbu-vykryla-v-odesi-klirykiv-upts-mp-yaki-vykhvalialy-rashyzm-i-vypravdovuvaly-voienni-zlochyny-rf","unknown",NA
"6670af37ec12","СБУ повідомила про підозру клірику УПЦ (МП), який організовував провокації у Києво-Печерській лаврі",TRUE,"material","state","UOC-MP","other",3,"[Duplicate of entry already coded in batch 55/56.] Official SBU announcement of a criminal investigation, prosecution, conviction, or security operation targeting a UOC-MP cleric or facility for treason, collaboration, espionage, propaganda, or related offences amid the full-scale war -- part of the extensive, ongoing wave of SBU actions implementing the securitisation campaign against UOC-MP documented throughout this corpus (see batch 54's pivotal RNBO decision, 72c6ae74b540). Specific allegation per headline: СБУ повідомила про підозру клірику УПЦ (МП), який організовував провокації у Києво-Печерській лаврі","coded_batch_60.json",NA,"Новини","ssu.gov.ua","sbu_press_release","https://ssu.gov.ua/novyny/sbu-povidomyla-pro-pidozru-kliryku-upts-mp-yakyi-orhanizovuvav-provokatsii-u-kyievopecherskii-lavri","unknown",NA
"686619460f66","СБУ повідомила про підозру митрополиту Святогірської лаври, який «підказав» рашистам позиції ЗСУ на Донеччині",TRUE,"material","state","UOC-MP","other",3,"[Duplicate of entry already coded in batch 55/56.] Official SBU announcement of a criminal investigation, prosecution, conviction, or security operation targeting a UOC-MP cleric or facility for treason, collaboration, espionage, propaganda, or related offences amid the full-scale war -- part of the extensive, ongoing wave of SBU actions implementing the securitisation campaign against UOC-MP documented throughout this corpus (see batch 54's pivotal RNBO decision, 72c6ae74b540). Specific allegation per headline: СБУ повідомила про підозру митрополиту Святогірської лаври, який «підказав» рашистам позиції ЗСУ на Донеччині","coded_batch_60.json",NA,"Новини","ssu.gov.ua","sbu_press_release","https://ssu.gov.ua/novyny/sbu-povidomyla-pro-pidozru-mytropolytu-sviatohirskoi-lavry-yakyi-pidkazav-rashystam-pozytsii-zsu-na-donechchyni","unknown",NA
"6dea661bc9dc","СБУ затримала клірика УПЦ (МП), який був інформатором рф і шпигував за оборонцями Харкова",TRUE,"material","state","UOC-MP","other",3,"[Duplicate of entry already coded in batch 55/56.] Official SBU announcement of a criminal investigation, prosecution, conviction, or security operation targeting a UOC-MP cleric or facility for treason, collaboration, espionage, propaganda, or related offences amid the full-scale war -- part of the extensive, ongoing wave of SBU actions implementing the securitisation campaign against UOC-MP documented throughout this corpus (see batch 54's pivotal RNBO decision, 72c6ae74b540). Specific allegation per headline: СБУ затримала клірика УПЦ (МП), який був інформатором рф і шпигував за оборонцями Харкова","coded_batch_60.json",NA,"Новини","ssu.gov.ua","sbu_press_release","https://ssu.gov.ua/novyny/sbu-zatrymala-kliryka-upts-mp-yakyi-buv-informatorom-rf-i-shpyhuvav-za-oborontsiamy-kharkova","unknown",NA
"736c94ff41fd","СБУ викрила митрополита однієї з єпархій УПЦ МП на роботі в інтересах рф",TRUE,"material","state","UOC-MP","other",3,"[Duplicate of entry already coded in batch 55/56.] Official SBU announcement of a criminal investigation, prosecution, conviction, or security operation targeting a UOC-MP cleric or facility for treason, collaboration, espionage, propaganda, or related offences amid the full-scale war -- part of the extensive, ongoing wave of SBU actions implementing the securitisation campaign against UOC-MP documented throughout this corpus (see batch 54's pivotal RNBO decision, 72c6ae74b540). Specific allegation per headline: СБУ викрила митрополита однієї з єпархій УПЦ МП на роботі в інтересах рф","coded_batch_60.json",NA,"Новини","ssu.gov.ua","sbu_press_release","https://ssu.gov.ua/novyny/sbu-vykryla-mytropolyta-odniiei-z-yeparkhii-upts-mp-na-roboti-v-interesakh-rf","unknown",NA
"77f08479a03a","За матеріалами СБУ 15 років тюрми отримав клірик УПЦ (МП), який коригував обстріли Донеччини",TRUE,"material","state","UOC-MP","other",3,"[Duplicate of entry already coded in batch 55/56.] Official SBU announcement of a criminal investigation, prosecution, conviction, or security operation targeting a UOC-MP cleric or facility for treason, collaboration, espionage, propaganda, or related offences amid the full-scale war -- part of the extensive, ongoing wave of SBU actions implementing the securitisation campaign against UOC-MP documented throughout this corpus (see batch 54's pivotal RNBO decision, 72c6ae74b540). Specific allegation per headline: За матеріалами СБУ 15 років тюрми отримав клірик УПЦ (МП), який коригував обстріли Донеччини","coded_batch_60.json",NA,"Новини","ssu.gov.ua","sbu_press_release","https://ssu.gov.ua/novyny/za-materialamy-sbu-15-rokiv-tiurmy-otrymav-kliryk-upts-mp-yakyi-koryhuvav-obstrily-donechchyny","unknown",NA
"7ccca242a075","СБУ затримала інформаторок російської воєнної розвідки, які коригували ворожий вогонь по Покровську",FALSE,"neither","other","none","none",1,"[Duplicate of entry already coded in batch 55/56.] SBU announcement concerning general pro-Russian collaboration/agitation/counter-espionage activity with no UOC-MP connection identified in the available text. Outside this codebook's UOC-MP-specific scope, though part of the same broader wartime counter-espionage campaign.","coded_batch_60.json",NA,"Новини","ssu.gov.ua","sbu_press_release","https://ssu.gov.ua/novyny/sbu-zatrymala-informatorok-rosiiskoi-voiennoi-rozvidky-yaki-koryhuvaly-vorozhyi-vohon-po-pokrovsku","unknown",NA
"7d1573b75f4f","З початку повномасштабної війни СБУ викрила понад 60 кліриків УПЦ (МП), які працювали на рф, продавали зброю і дитячу порнографію",TRUE,"material","state","UOC-MP","other",3,"[Duplicate of entry already coded in batch 55/56.] Official SBU summary statistic on the scale of criminal proceedings against UOC-MP clergy since the full-scale invasion (over 200 proceedings / over 60 clerics respectively) -- direct quantitative evidence of the scale of the state's ongoing prosecutorial campaign against UOC-MP-linked individuals.","coded_batch_60.json",NA,"Новини","ssu.gov.ua","sbu_press_release","https://ssu.gov.ua/novyny/z-pochatku-povnomasshtabnoi-viiny-sbu-vykryla-ponad-60-klirykiv-upts-mp-yaki-pratsiuvaly-na-rf-prodavaly-zbroiu-i-dytiachu-pornohrafiiu","unknown",NA
"7dbfca093b5c","СБУ опублікувала перелік осіб, які потрапили у «церковний список» санкцій РНБО",TRUE,"both","state","UOC-MP","sanction",3,"[Duplicate of entry already coded in batch 55/56.] SBU publishes the official list of individuals subject to the RNBO's 'church sanctions' package (ordered in the pivotal December 2022 RNBO decision, batch 54 doc 72c6ae74b540) -- the direct, concrete implementation of personal sanctions specifically targeting religious figures connected to UOC-MP/ROC.","coded_batch_60.json",NA,"Новини","ssu.gov.ua","sbu_press_release","https://ssu.gov.ua/novyny/sbu-opublikuvala-perelik-osib-yaki-potrapyly-u-tserkovnyi-spysok-sanktsii-rnbo","unknown",NA
"7f91c2a08d22","За матеріалами СБУ повідомлено про нову підозру митрополиту Черкаської єпархії УПЦ (МП), який під час домашнього арешту розпалював релігійну ворожнечу",TRUE,"material","state","UOC-MP","other",3,"[Duplicate of entry already coded in batch 55/56.] Official SBU announcement of a criminal investigation, prosecution, conviction, or security operation targeting a UOC-MP cleric or facility for treason, collaboration, espionage, propaganda, or related offences amid the full-scale war -- part of the extensive, ongoing wave of SBU actions implementing the securitisation campaign against UOC-MP documented throughout this corpus (see batch 54's pivotal RNBO decision, 72c6ae74b540). Specific allegation per headline: За матеріалами СБУ повідомлено про нову підозру митрополиту Черкаської єпархії УПЦ (МП), який під час домашнього арешту розпалював релігійну ворожнечу","coded_batch_60.json",NA,"Новини","ssu.gov.ua","sbu_press_release","https://ssu.gov.ua/novyny/za-materialamy-sbu-povidomleno-pro-novu-pidozru-mytropolytu-cherkaskoi-yeparkhii-upts-mp-yakyi-pid-chas-domashnoho-areshtu-rozpaliuvav-relihiinu-vorozhnechu","unknown",NA
"830bd6aec77e","СБУ та Нацполіція ліквідували ще 4 «схеми для ухилянтів» на Київщині та Буковині",FALSE,"neither","other","none","none",1,"[Duplicate of entry already coded in batch 55/56.] SBU announcement concerning general pro-Russian collaboration/agitation/counter-espionage activity with no UOC-MP connection identified in the available text. Outside this codebook's UOC-MP-specific scope, though part of the same broader wartime counter-espionage campaign.","coded_batch_60.json",NA,"Новини","ssu.gov.ua","sbu_press_release","https://ssu.gov.ua/novyny/sbu-ta-natspolitsiia-likviduvaly-shche-4-skhemy-dlia-ukhyliantiv-na-kyivshchyni-ta-bukovyni","unknown",NA
"8506ca476ef0","СБУ повідомила про підозру настоятелю храму УПЦ (МП) на Вінниччині, який вихваляв терористів Захарченка, Гіві та Моторолу",TRUE,"material","state","UOC-MP","other",3,"[Duplicate of entry already coded in batch 55/56.] Official SBU announcement of a criminal investigation, prosecution, conviction, or security operation targeting a UOC-MP cleric or facility for treason, collaboration, espionage, propaganda, or related offences amid the full-scale war -- part of the extensive, ongoing wave of SBU actions implementing the securitisation campaign against UOC-MP documented throughout this corpus (see batch 54's pivotal RNBO decision, 72c6ae74b540). Specific allegation per headline: СБУ повідомила про підозру настоятелю храму УПЦ (МП) на Вінниччині, який вихваляв терористів Захарченка, Гіві та Моторолу","coded_batch_60.json",NA,"Новини","ssu.gov.ua","sbu_press_release","https://ssu.gov.ua/novyny/sbu-povidomyla-pro-pidozru-nastoiateliu-khramu-upts-mp-na-vinnychchyni-yakyi-vykhvaliav-terorystiv-zakharchenka-hivi-ta-motorolu","unknown",NA
"85584ac197f8","СБУ проводить безпекові заходи на об’єктах УПЦ (МП) у Полтавській області",TRUE,"material","state","UOC-MP","other",3,"[Duplicate of entry already coded in batch 55/56.] Official SBU announcement of a criminal investigation, prosecution, conviction, or security operation targeting a UOC-MP cleric or facility for treason, collaboration, espionage, propaganda, or related offences amid the full-scale war -- part of the extensive, ongoing wave of SBU actions implementing the securitisation campaign against UOC-MP documented throughout this corpus (see batch 54's pivotal RNBO decision, 72c6ae74b540). Specific allegation per headline: СБУ проводить безпекові заходи на об’єктах УПЦ (МП) у Полтавській області","coded_batch_60.json",NA,"Новини","ssu.gov.ua","sbu_press_release","https://ssu.gov.ua/novyny/sbu-provodyt-bezpekovi-zakhody-na-obiektakh-upts-mp-u-poltavskii-oblasti","unknown",NA
"8586d6c1ddcd","СБУ повідомила про підозру протоієрею РПЦ із Криму, який займається постачанням ударних дронів окупантам",TRUE,"material","state","UOC-MP","other",3,"[Duplicate of entry already coded in batch 55/56.] Official SBU announcement of a criminal investigation, prosecution, conviction, or security operation targeting a UOC-MP cleric or facility for treason, collaboration, espionage, propaganda, or related offences amid the full-scale war -- part of the extensive, ongoing wave of SBU actions implementing the securitisation campaign against UOC-MP documented throughout this corpus (see batch 54's pivotal RNBO decision, 72c6ae74b540). Specific allegation per headline: СБУ повідомила про підозру протоієрею РПЦ із Криму, який займається постачанням ударних дронів окупантам","coded_batch_60.json",NA,"Новини","ssu.gov.ua","sbu_press_release","https://ssu.gov.ua/novyny/sbu-povidomyla-pro-pidozru-protoiiereiu-rpts-iz-krymu-yakyi-zaimaietsia-postachanniam-udarnykh-droniv-okupantam","unknown",NA
"8737d13a69f5","Одне з першочергових завдань СБУ – викриття держзрадників та самоочищення Служби, - Василь Малюк",FALSE,"neither","other","none","none",1,"[Duplicate of entry already coded in batch 55/56.] SBU announcement concerning general pro-Russian collaboration/agitation/counter-espionage activity with no UOC-MP connection identified in the available text. Outside this codebook's UOC-MP-specific scope, though part of the same broader wartime counter-espionage campaign.","coded_batch_60.json",NA,"Новини","ssu.gov.ua","sbu_press_release","https://ssu.gov.ua/novyny/odne-z-pershocherhovykh-zavdan-sbu-vykryttia-derzhzradnykiv-ta-samoochyshchennia-sluzhby-vasyl-maliuk","unknown",NA
"876651522c96","СБУ проводить безпекові заходи на об’єктах УПЦ (МП) у дев’яти областях України",TRUE,"material","state","UOC-MP","other",3,"[Duplicate of entry already coded in batch 55/56.] Official SBU announcement of a criminal investigation, prosecution, conviction, or security operation targeting a UOC-MP cleric or facility for treason, collaboration, espionage, propaganda, or related offences amid the full-scale war -- part of the extensive, ongoing wave of SBU actions implementing the securitisation campaign against UOC-MP documented throughout this corpus (see batch 54's pivotal RNBO decision, 72c6ae74b540). Specific allegation per headline: СБУ проводить безпекові заходи на об’єктах УПЦ (МП) у дев’яти областях України","coded_batch_60.json",NA,"Новини","ssu.gov.ua","sbu_press_release","https://ssu.gov.ua/novyny/sbu-provodyt-bezpekovi-zakhody-na-obiektakh-upts-mp-u-deviaty-oblastiakh-ukrainy","unknown",NA
"8a836c4aa480","СБУ проводить обшуки у Почаївській лаврі УПЦ (МП)",TRUE,"material","state","UOC-MP","other",3,"[Duplicate of entry already coded in batch 55/56.] Official SBU announcement of a criminal investigation, prosecution, conviction, or security operation targeting a UOC-MP cleric or facility for treason, collaboration, espionage, propaganda, or related offences amid the full-scale war -- part of the extensive, ongoing wave of SBU actions implementing the securitisation campaign against UOC-MP documented throughout this corpus (see batch 54's pivotal RNBO decision, 72c6ae74b540). Specific allegation per headline: СБУ проводить обшуки у Почаївській лаврі УПЦ (МП)","coded_batch_60.json",NA,"Новини","ssu.gov.ua","sbu_press_release","https://ssu.gov.ua/novyny/sbu-provodyt-obshuky-u-pochaivskii-lavri-upts-mp","unknown",NA
"8d10eca4746e","СБУ викрила ще трьох проросійських інтернет-агітаторів, які вихваляли збройну агресію рф та закликали українців «скласти зброю»",FALSE,"neither","other","none","none",1,"[Duplicate of entry already coded in batch 55/56.] SBU announcement concerning general pro-Russian collaboration/agitation/counter-espionage activity with no UOC-MP connection identified in the available text. Outside this codebook's UOC-MP-specific scope, though part of the same broader wartime counter-espionage campaign.","coded_batch_60.json",NA,"Новини","ssu.gov.ua","sbu_press_release","https://ssu.gov.ua/novyny/sbu-vykryla-shche-trokh-prorosiiskykh-internetahitatoriv-yaki-vykhvalialy-zbroinu-ahresiiu-rf-ta-zaklykaly-ukraintsiv-sklasty-zbroiu","unknown",NA
"8ec7f1285a03","СБУ затримала інтернет-провокатора з Черкас, який вихваляв рашистів і 2,5 року переховувався в монастирях УПЦ (МП)",TRUE,"material","state","UOC-MP","other",3,"[Duplicate of entry already coded in batch 55/56.] Official SBU announcement of a criminal investigation, prosecution, conviction, or security operation targeting a UOC-MP cleric or facility for treason, collaboration, espionage, propaganda, or related offences amid the full-scale war -- part of the extensive, ongoing wave of SBU actions implementing the securitisation campaign against UOC-MP documented throughout this corpus (see batch 54's pivotal RNBO decision, 72c6ae74b540). Specific allegation per headline: СБУ затримала інтернет-провокатора з Черкас, який вихваляв рашистів і 2,5 року переховувався в монастирях УПЦ (МП)","coded_batch_60.json",NA,"Новини","ssu.gov.ua","sbu_press_release","https://ssu.gov.ua/novyny/sbu-zatrymala-internetprovokatora-z-cherkas-yakyi-vykhvaliav-rashystiv-i-25-roku-perekhovuvavsia-v-monastyriakh-upts-mp","unknown",NA
"90c62b3cb133","За матеріалами СБУ підозру отримав священнослужитель УПЦ (МП) на Буковині, який допомагав ухилянтам утікати від мобілізації",TRUE,"material","state","UOC-MP","other",3,"[Duplicate of entry already coded in batch 55/56.] Official SBU announcement of a criminal investigation, prosecution, conviction, or security operation targeting a UOC-MP cleric or facility for treason, collaboration, espionage, propaganda, or related offences amid the full-scale war -- part of the extensive, ongoing wave of SBU actions implementing the securitisation campaign against UOC-MP documented throughout this corpus (see batch 54's pivotal RNBO decision, 72c6ae74b540). Specific allegation per headline: За матеріалами СБУ підозру отримав священнослужитель УПЦ (МП) на Буковині, який допомагав ухилянтам утікати від мобілізації","coded_batch_60.json",NA,"Новини","ssu.gov.ua","sbu_press_release","https://ssu.gov.ua/novyny/za-materialamy-sbu-pidozru-otrymav-sviashchennosluzhytel-upts-mp-na-bukovyni-yakyi-dopomahav-ukhyliantam-utikaty-vid-mobilizatsii","unknown",NA
"927edd20f265","За матеріалами СБУ підозру отримав митрополит УПЦ (МП) з Буковини",TRUE,"material","state","UOC-MP","other",3,"[Duplicate of entry already coded in batch 55/56.] Official SBU announcement of a criminal investigation, prosecution, conviction, or security operation targeting a UOC-MP cleric or facility for treason, collaboration, espionage, propaganda, or related offences amid the full-scale war -- part of the extensive, ongoing wave of SBU actions implementing the securitisation campaign against UOC-MP documented throughout this corpus (see batch 54's pivotal RNBO decision, 72c6ae74b540). Specific allegation per headline: За матеріалами СБУ підозру отримав митрополит УПЦ (МП) з Буковини","coded_batch_60.json",NA,"Новини","ssu.gov.ua","sbu_press_release","https://ssu.gov.ua/novyny/za-materialamy-sbu-pidozru-otrymav-mytropolyt-upts-mp-z-bukovyny","unknown",NA
"92b2493920b8","СБУ викрила настоятеля храму УПЦ (МП), який вихваляв окупантів і очікував їх приходу на Вінниччину",TRUE,"material","state","UOC-MP","other",3,"[Duplicate of entry already coded in batch 55/56.] Official SBU announcement of a criminal investigation, prosecution, conviction, or security operation targeting a UOC-MP cleric or facility for treason, collaboration, espionage, propaganda, or related offences amid the full-scale war -- part of the extensive, ongoing wave of SBU actions implementing the securitisation campaign against UOC-MP documented throughout this corpus (see batch 54's pivotal RNBO decision, 72c6ae74b540). Specific allegation per headline: СБУ викрила настоятеля храму УПЦ (МП), який вихваляв окупантів і очікував їх приходу на Вінниччину","coded_batch_60.json",NA,"Новини","ssu.gov.ua","sbu_press_release","https://ssu.gov.ua/novyny/sbu-vykryla-nastoiatelia-khramu-upts-mp-yakyi-vykhvaliav-okupantiv-i-ochikuvav-yikh-prykhodu-na-vinnychchynu","unknown",NA
"949032e87576","СБУ повідомила про нові підозри митрополиту на Вінниччині, який виправдовував російську агресію",TRUE,"material","state","UOC-MP","other",3,"[Duplicate of entry already coded in batch 55/56.] Official SBU announcement of a criminal investigation, prosecution, conviction, or security operation targeting a UOC-MP cleric or facility for treason, collaboration, espionage, propaganda, or related offences amid the full-scale war -- part of the extensive, ongoing wave of SBU actions implementing the securitisation campaign against UOC-MP documented throughout this corpus (see batch 54's pivotal RNBO decision, 72c6ae74b540). Specific allegation per headline: СБУ повідомила про нові підозри митрополиту на Вінниччині, який виправдовував російську агресію","coded_batch_60.json",NA,"Новини","ssu.gov.ua","sbu_press_release","https://ssu.gov.ua/novyny/sbu-povidomyla-pro-novi-pidozry-mytropolytu-na-vinnychchyni-yakyi-vypravdovuvav-rosiisku-ahresiiu","unknown",NA
"949be9bca38b","СБУ знайшла проросійську літературу, мільйони готівки у різній валюті та «сумнівних» громадян рф під час безпекових заходів у приміщеннях УПЦ (МП) (відео)",TRUE,"material","state","UOC-MP","other",3,"[Duplicate of entry already coded in batch 55/56.] Official SBU announcement of a criminal investigation, prosecution, conviction, or security operation targeting a UOC-MP cleric or facility for treason, collaboration, espionage, propaganda, or related offences amid the full-scale war -- part of the extensive, ongoing wave of SBU actions implementing the securitisation campaign against UOC-MP documented throughout this corpus (see batch 54's pivotal RNBO decision, 72c6ae74b540). Specific allegation per headline: СБУ знайшла проросійську літературу, мільйони готівки у різній валюті та «сумнівних» громадян рф під час безпекових заходів у приміщеннях УПЦ (МП) (відео)","coded_batch_60.json",NA,"Новини","ssu.gov.ua","sbu_press_release","https://ssu.gov.ua/novyny/sbu-znaishla-prorosiisku-literaturu-miliony-hotivky-u-riznii-valiuti-ta-sumnivnykh-hromadian-rf-pid-chas-bezpekovykh-zakhodiv-u-prymishchenniakh-upts-mp-video","unknown",NA
"954554991070","За матеріалами СБУ підозру отримав керівник Сумської єпархії УПЦ (МП), який закликав вірян до релігійної ненависті",TRUE,"material","state","UOC-MP","other",3,"[Duplicate of entry already coded in batch 55/56.] Official SBU announcement of a criminal investigation, prosecution, conviction, or security operation targeting a UOC-MP cleric or facility for treason, collaboration, espionage, propaganda, or related offences amid the full-scale war -- part of the extensive, ongoing wave of SBU actions implementing the securitisation campaign against UOC-MP documented throughout this corpus (see batch 54's pivotal RNBO decision, 72c6ae74b540). Specific allegation per headline: За матеріалами СБУ підозру отримав керівник Сумської єпархії УПЦ (МП), який закликав вірян до релігійної ненависті","coded_batch_60.json",NA,"Новини","ssu.gov.ua","sbu_press_release","https://ssu.gov.ua/novyny/za-materialamy-sbu-pidozru-otrymav-kerivnyk-sumskoi-yeparkhii-upts-mp-yakyi-zaklykav-virian-do-relihiinoi-nenavysti","unknown",NA
"95698f881259","СБУ повідомила про підозру російському священнику-блогеру РПЦ, який закликав російських військових вбивати українців",TRUE,"material","state","UOC-MP","other",3,"[Duplicate of entry already coded in batch 55/56.] Official SBU announcement of a criminal investigation, prosecution, conviction, or security operation targeting a UOC-MP cleric or facility for treason, collaboration, espionage, propaganda, or related offences amid the full-scale war -- part of the extensive, ongoing wave of SBU actions implementing the securitisation campaign against UOC-MP documented throughout this corpus (see batch 54's pivotal RNBO decision, 72c6ae74b540). Specific allegation per headline: СБУ повідомила про підозру російському священнику-блогеру РПЦ, який закликав російських військових вбивати українців","coded_batch_60.json",NA,"Новини","ssu.gov.ua","sbu_press_release","https://ssu.gov.ua/novyny/sbu-povidomyla-pro-pidozru-rosiiskomu-sviashchennykubloheru-rpts-yakyi-zaklykav-rosiiskykh-viiskovykh-vbyvaty-ukraintsiv","unknown",NA
"962fe8be5c2c","СБУ затримала ексдиякона УПЦ (МП), який відправляв ухилянтів за кордон під виглядом «церковних місіонерів»",TRUE,"material","state","UOC-MP","other",3,"[Duplicate of entry already coded in batch 55/56.] Official SBU announcement of a criminal investigation, prosecution, conviction, or security operation targeting a UOC-MP cleric or facility for treason, collaboration, espionage, propaganda, or related offences amid the full-scale war -- part of the extensive, ongoing wave of SBU actions implementing the securitisation campaign against UOC-MP documented throughout this corpus (see batch 54's pivotal RNBO decision, 72c6ae74b540). Specific allegation per headline: СБУ затримала ексдиякона УПЦ (МП), який відправляв ухилянтів за кордон під виглядом «церковних місіонерів»","coded_batch_60.json",NA,"Новини","ssu.gov.ua","sbu_press_release","https://ssu.gov.ua/novyny/sbu-zatrymala-eksdyiakona-upts-mp-yakyi-vidpravliav-ukhyliantiv-za-kordon-pid-vyhliadom-tserkovnykh-misioneriv","unknown",NA
"98adb9f7c22c","За ініціативи СБУ Литовському дипломату повернули колекцію ікон, які рашисти викрали з його резиденції у Херсоні",FALSE,"neither","other","none","none",1,"[Duplicate of entry already coded in batch 55/56.] SBU announcement concerning general pro-Russian collaboration/agitation/counter-espionage activity with no UOC-MP connection identified in the available text. Outside this codebook's UOC-MP-specific scope, though part of the same broader wartime counter-espionage campaign.","coded_batch_60.json",NA,"Новини","ssu.gov.ua","sbu_press_release","https://ssu.gov.ua/novyny/za-initsiatyvy-sbu-lytovskomu-dyplomatu-povernuly-kolektsiiu-ikon-yaki-rashysty-vykraly-z-yoho-rezydentsii-u-khersoni","unknown",NA
"9dc3e4cdb01c","СБУ викрила ще 11 інтернет-агітаторів, які поширювали кремлівську пропаганду в Україні",FALSE,"neither","other","none","none",1,"[Duplicate of entry already coded in batch 55/56.] SBU announcement concerning general pro-Russian collaboration/agitation/counter-espionage activity with no UOC-MP connection identified in the available text. Outside this codebook's UOC-MP-specific scope, though part of the same broader wartime counter-espionage campaign.","coded_batch_60.json",NA,"Новини","ssu.gov.ua","sbu_press_release","https://ssu.gov.ua/novyny/sbu-vykryla-shche-11-internetahitatoriv-yaki-poshyriuvaly-kremlivsku-propahandu-v-ukraini","unknown",NA
"9dd2a56bd1d5","СБУ повідомила про підозру митрополиту УПЦ (МП) Павлу (відео)",TRUE,"material","state","UOC-MP","other",3,"[Duplicate of entry already coded in batch 55/56.] Official SBU announcement of a criminal investigation, prosecution, conviction, or security operation targeting a UOC-MP cleric or facility for treason, collaboration, espionage, propaganda, or related offences amid the full-scale war -- part of the extensive, ongoing wave of SBU actions implementing the securitisation campaign against UOC-MP documented throughout this corpus (see batch 54's pivotal RNBO decision, 72c6ae74b540). Specific allegation per headline: СБУ повідомила про підозру митрополиту УПЦ (МП) Павлу (відео)","coded_batch_60.json",NA,"Новини","ssu.gov.ua","sbu_press_release","https://ssu.gov.ua/novyny/sbu-povidomyla-pro-pidozru-mytropolytu-upts-mp-pavlu-video","unknown",NA
"9f1d4cac448c","СБУ викрила прислужника монастиря УПЦ (МП) на закликах до захоплення Києва",TRUE,"material","state","UOC-MP","other",3,"[Duplicate of entry already coded in batch 55/56.] Official SBU announcement of a criminal investigation, prosecution, conviction, or security operation targeting a UOC-MP cleric or facility for treason, collaboration, espionage, propaganda, or related offences amid the full-scale war -- part of the extensive, ongoing wave of SBU actions implementing the securitisation campaign against UOC-MP documented throughout this corpus (see batch 54's pivotal RNBO decision, 72c6ae74b540). Specific allegation per headline: СБУ викрила прислужника монастиря УПЦ (МП) на закликах до захоплення Києва","coded_batch_60.json",NA,"Новини","ssu.gov.ua","sbu_press_release","https://ssu.gov.ua/novyny/sbu-vykryla-prysluzhnyka-monastyria-upts-mp-na-zaklykakh-do-zakhoplennia-kyieva","unknown",NA
"a0a916197e88","СБУ та правоохоронці Іспанії затримали контрабандистів, які у Мадриді хотіли продати «Скіфське золото» з України на понад 60 млн євро (відео)",FALSE,"neither","other","none","none",1,"[Duplicate of entry already coded in batch 55/56.] SBU announcement concerning general pro-Russian collaboration/agitation/counter-espionage activity with no UOC-MP connection identified in the available text. Outside this codebook's UOC-MP-specific scope, though part of the same broader wartime counter-espionage campaign.","coded_batch_60.json",NA,"Новини","ssu.gov.ua","sbu_press_release","https://ssu.gov.ua/novyny/sbu-ta-pravookhorontsi-ispanii-zatrymaly-kontrabandystiv-yaki-u-madrydi-khotily-prodaty-skifske-zoloto-z-ukrainy-na-ponad-60-mln-yevro-video","unknown",NA
"a30842d0b121","СБУ проводить безпекові заходи в Мукачівській єпархії УПЦ (МП)",TRUE,"material","state","UOC-MP","other",3,"[Duplicate of entry already coded in batch 55/56.] Official SBU announcement of a criminal investigation, prosecution, conviction, or security operation targeting a UOC-MP cleric or facility for treason, collaboration, espionage, propaganda, or related offences amid the full-scale war -- part of the extensive, ongoing wave of SBU actions implementing the securitisation campaign against UOC-MP documented throughout this corpus (see batch 54's pivotal RNBO decision, 72c6ae74b540). Specific allegation per headline: СБУ проводить безпекові заходи в Мукачівській єпархії УПЦ (МП)","coded_batch_60.json",NA,"Новини","ssu.gov.ua","sbu_press_release","https://ssu.gov.ua/novyny/sbu-provodyt-bezpekovi-zakhody-v-mukachivskii-yeparkhii-upts-mp","unknown",NA
"a544e49efa67","СБУ повідомила про підозру клірику УПЦ (МП) з Черкащини, який закликав рф захопити всю Україну",TRUE,"material","state","UOC-MP","other",3,"[Duplicate of entry already coded in batch 55/56.] Official SBU announcement of a criminal investigation, prosecution, conviction, or security operation targeting a UOC-MP cleric or facility for treason, collaboration, espionage, propaganda, or related offences amid the full-scale war -- part of the extensive, ongoing wave of SBU actions implementing the securitisation campaign against UOC-MP documented throughout this corpus (see batch 54's pivotal RNBO decision, 72c6ae74b540). Specific allegation per headline: СБУ повідомила про підозру клірику УПЦ (МП) з Черкащини, який закликав рф захопити всю Україну","coded_batch_60.json",NA,"Новини","ssu.gov.ua","sbu_press_release","https://ssu.gov.ua/novyny/sbu-povidomyla-pro-pidozru-kliryku-upts-mp-z-cherkashchyny-yakyi-zaklykav-rf-zakhopyty-vsiu-ukrainu","unknown",NA
"a7e4d267da32","СБУ викрила клірика УПЦ (МП), який освячував російських військових під час окупації Ізюма",TRUE,"material","state","UOC-MP","other",3,"[Duplicate of entry already coded in batch 55/56.] Official SBU announcement of a criminal investigation, prosecution, conviction, or security operation targeting a UOC-MP cleric or facility for treason, collaboration, espionage, propaganda, or related offences amid the full-scale war -- part of the extensive, ongoing wave of SBU actions implementing the securitisation campaign against UOC-MP documented throughout this corpus (see batch 54's pivotal RNBO decision, 72c6ae74b540). Specific allegation per headline: СБУ викрила клірика УПЦ (МП), який освячував російських військових під час окупації Ізюма","coded_batch_60.json",NA,"Новини","ssu.gov.ua","sbu_press_release","https://ssu.gov.ua/novyny/sbu-vykryla-kliryka-upts-mp-yakyi-osviachuvav-rosiiskykh-viiskovykh-pid-chas-okupatsii-iziuma","unknown",NA
"a87610713424","СБУ повідомила про підозру клірику УПЦ (МП), який агітував за приєднання Херсонщини до рф і розфарбував в’їзну стелу в «триколор»",TRUE,"material","state","UOC-MP","other",3,"[Duplicate of entry already coded in batch 55/56.] Official SBU announcement of a criminal investigation, prosecution, conviction, or security operation targeting a UOC-MP cleric or facility for treason, collaboration, espionage, propaganda, or related offences amid the full-scale war -- part of the extensive, ongoing wave of SBU actions implementing the securitisation campaign against UOC-MP documented throughout this corpus (see batch 54's pivotal RNBO decision, 72c6ae74b540). Specific allegation per headline: СБУ повідомила про підозру клірику УПЦ (МП), який агітував за приєднання Херсонщини до рф і розфарбував в’їзну стелу в «триколор»","coded_batch_60.json",NA,"Новини","ssu.gov.ua","sbu_press_release","https://ssu.gov.ua/novyny/sbu-povidomyla-pro-pidozru-kliryku-upts-mp-yakyi-ahituvav-za-pryiednannia-khersonshchyny-do-rf-i-rozfarbuvav-viznu-stelu-v-trykolor","unknown",NA
"aac079bbc32b","За матеріалами СБУ 15 років тюрми отримав клірик УПЦ (МП), який «зливав» до фсб інформацію про оборону Сумщини",TRUE,"material","state","UOC-MP","other",3,"[Duplicate of entry already coded in batch 55/56.] Official SBU announcement of a criminal investigation, prosecution, conviction, or security operation targeting a UOC-MP cleric or facility for treason, collaboration, espionage, propaganda, or related offences amid the full-scale war -- part of the extensive, ongoing wave of SBU actions implementing the securitisation campaign against UOC-MP documented throughout this corpus (see batch 54's pivotal RNBO decision, 72c6ae74b540). Specific allegation per headline: За матеріалами СБУ 15 років тюрми отримав клірик УПЦ (МП), який «зливав» до фсб інформацію про оборону Сумщини","coded_batch_60.json",NA,"Новини","ssu.gov.ua","sbu_press_release","https://ssu.gov.ua/novyny/za-materialamy-sbu-15-rokiv-tiurmy-otrymav-kliryk-upts-mp-yakyi-zlyvav-do-fsb-informatsiiu-pro-oboronu-sumshchyny","unknown",NA
"b17ce3677466","За матеріалами СБУ та Нацполіції заочну підозру отримав митрополит УПЦ (МП), який благословив окупантів на захоплення Ізюма",TRUE,"material","state","UOC-MP","other",3,"[Duplicate of entry already coded in batch 55/56.] Official SBU announcement of a criminal investigation, prosecution, conviction, or security operation targeting a UOC-MP cleric or facility for treason, collaboration, espionage, propaganda, or related offences amid the full-scale war -- part of the extensive, ongoing wave of SBU actions implementing the securitisation campaign against UOC-MP documented throughout this corpus (see batch 54's pivotal RNBO decision, 72c6ae74b540). Specific allegation per headline: За матеріалами СБУ та Нацполіції заочну підозру отримав митрополит УПЦ (МП), який благословив окупантів на захоплення Ізюма","coded_batch_60.json",NA,"Новини","ssu.gov.ua","sbu_press_release","https://ssu.gov.ua/novyny/za-materialamy-sbu-ta-natspolitsii-zaochnu-pidozru-otrymav-mytropolyt-upts-mp-yakyi-blahoslovyv-okupantiv-na-zakhoplennia-iziuma","unknown",NA
"b1ae0ee5c36d","СБУ затримала у Києві прокремлівського блогера, який переховувався від правосуддя в монастирі УПЦ (МП)",TRUE,"material","state","UOC-MP","other",3,"[Duplicate of entry already coded in batch 55/56.] Official SBU announcement of a criminal investigation, prosecution, conviction, or security operation targeting a UOC-MP cleric or facility for treason, collaboration, espionage, propaganda, or related offences amid the full-scale war -- part of the extensive, ongoing wave of SBU actions implementing the securitisation campaign against UOC-MP documented throughout this corpus (see batch 54's pivotal RNBO decision, 72c6ae74b540). Specific allegation per headline: СБУ затримала у Києві прокремлівського блогера, який переховувався від правосуддя в монастирі УПЦ (МП)","coded_batch_60.json",NA,"Новини","ssu.gov.ua","sbu_press_release","https://ssu.gov.ua/novyny/sbu-zatrymala-u-kyievi-prokremlivskoho-blohera-yakyi-perekhovuvavsia-vid-pravosuddia-v-monastyri-upts-mp","unknown",NA
"b23fd369fd77","СБУ повідомила про підозру клірику УПЦ (МП) на Житомирщині, який виправдовував війну рф проти України",TRUE,"material","state","UOC-MP","other",3,"[Duplicate of entry already coded in batch 55/56.] Official SBU announcement of a criminal investigation, prosecution, conviction, or security operation targeting a UOC-MP cleric or facility for treason, collaboration, espionage, propaganda, or related offences amid the full-scale war -- part of the extensive, ongoing wave of SBU actions implementing the securitisation campaign against UOC-MP documented throughout this corpus (see batch 54's pivotal RNBO decision, 72c6ae74b540). Specific allegation per headline: СБУ повідомила про підозру клірику УПЦ (МП) на Житомирщині, який виправдовував війну рф проти України","coded_batch_60.json",NA,"Новини","ssu.gov.ua","sbu_press_release","https://ssu.gov.ua/novyny/sbu-povidomyla-pro-pidozru-kliryku-upts-mp-na-zhytomyrshchyni-yakyi-vypravdovuvav-viinu-rf-proty-ukrainy","unknown",NA
"b2b003d2f9db","СБУ повідомила про підозру митрополиту однієї з єпархій УПЦ МП",TRUE,"material","state","UOC-MP","other",3,"[Duplicate of entry already coded in batch 55/56.] Official SBU announcement of a criminal investigation, prosecution, conviction, or security operation targeting a UOC-MP cleric or facility for treason, collaboration, espionage, propaganda, or related offences amid the full-scale war -- part of the extensive, ongoing wave of SBU actions implementing the securitisation campaign against UOC-MP documented throughout this corpus (see batch 54's pivotal RNBO decision, 72c6ae74b540). Specific allegation per headline: СБУ повідомила про підозру митрополиту однієї з єпархій УПЦ МП","coded_batch_60.json",NA,"Новини","ssu.gov.ua","sbu_press_release","https://ssu.gov.ua/novyny/sbu-povidomyla-pro-pidozru-mytropolytu-odniiei-z-yeparkhii-upts-mp","unknown",NA
"b6b4d0792153","На Запоріжжі до 7 років ув’язнення засуджено агента терористів «ДНР», який хотів підпалити храм УПЦ",TRUE,"material","other","other","none",2,"[Duplicate of entry already coded in batch 55/56.] SBU announcement of a conviction for a 'DNR' terrorist agent who attempted to set fire to a UOC church in Zaporizhzhia -- a reverse-direction case where the church (UOC, unspecified branch in title) is the target of Russian-linked terrorism rather than a security concern in itself.","coded_batch_60.json",NA,"Новини","ssu.gov.ua","sbu_press_release","https://ssu.gov.ua/novyny/na-zaporizhzhi-do-7-rokiv-uviaznennia-zasudzheno-ahenta-terorystiv-dnr-yakyi-khotiv-pidpalyty-khram-upts","unknown",NA
"b8f948530a20","СБУ повідомила про підозру митрополиту Черкаської єпархії УПЦ (МП) (відео)",TRUE,"material","state","UOC-MP","other",3,"[Duplicate of entry already coded in batch 55/56.] Official SBU announcement of a criminal investigation, prosecution, conviction, or security operation targeting a UOC-MP cleric or facility for treason, collaboration, espionage, propaganda, or related offences amid the full-scale war -- part of the extensive, ongoing wave of SBU actions implementing the securitisation campaign against UOC-MP documented throughout this corpus (see batch 54's pivotal RNBO decision, 72c6ae74b540). Specific allegation per headline: СБУ повідомила про підозру митрополиту Черкаської єпархії УПЦ (МП) (відео)","coded_batch_60.json",NA,"Новини","ssu.gov.ua","sbu_press_release","https://ssu.gov.ua/novyny/sbu-povidomyla-pro-pidozru-mytropolytu-cherkaskoi-yeparkhii-upts-mp-video","unknown",NA
"bb7440a8720b","СБУ повідомила про підозру керівнику Черкаської єпархії УПЦ (МП)",TRUE,"material","state","UOC-MP","other",3,"[Duplicate of entry already coded in batch 55/56.] Official SBU announcement of a criminal investigation, prosecution, conviction, or security operation targeting a UOC-MP cleric or facility for treason, collaboration, espionage, propaganda, or related offences amid the full-scale war -- part of the extensive, ongoing wave of SBU actions implementing the securitisation campaign against UOC-MP documented throughout this corpus (see batch 54's pivotal RNBO decision, 72c6ae74b540). Specific allegation per headline: СБУ повідомила про підозру керівнику Черкаської єпархії УПЦ (МП)","coded_batch_60.json",NA,"Новини","ssu.gov.ua","sbu_press_release","https://ssu.gov.ua/novyny/sbu-povidomyla-pro-pidozru-kerivnyku-cherkaskoi-yeparkhii-upts-mp","unknown",NA
"bccf6cf71c96","За матеріалами СБУ повідомлено про підозру клірику УПЦ (МП) на Житомирщині, який роздавав вірянам кремлівські «агітки»",TRUE,"material","state","UOC-MP","other",3,"[Duplicate of entry already coded in batch 55/56.] Official SBU announcement of a criminal investigation, prosecution, conviction, or security operation targeting a UOC-MP cleric or facility for treason, collaboration, espionage, propaganda, or related offences amid the full-scale war -- part of the extensive, ongoing wave of SBU actions implementing the securitisation campaign against UOC-MP documented throughout this corpus (see batch 54's pivotal RNBO decision, 72c6ae74b540). Specific allegation per headline: За матеріалами СБУ повідомлено про підозру клірику УПЦ (МП) на Житомирщині, який роздавав вірянам кремлівські «агітки»","coded_batch_60.json",NA,"Новини","ssu.gov.ua","sbu_press_release","https://ssu.gov.ua/novyny/za-materialamy-sbu-povidomleno-pro-pidozru-kliryku-upts-mp-na-zhytomyrshchyni-yakyi-rozdavav-virianam-kremlivski-ahitky","unknown",NA
"bd21dbc96cac","СБУ повідомила про підозру архімандриту УПЦ (МП), який благословив Сальдо на фейковий референдум рф",TRUE,"material","state","UOC-MP","other",3,"[Duplicate of entry already coded in batch 55/56.] Official SBU announcement of a criminal investigation, prosecution, conviction, or security operation targeting a UOC-MP cleric or facility for treason, collaboration, espionage, propaganda, or related offences amid the full-scale war -- part of the extensive, ongoing wave of SBU actions implementing the securitisation campaign against UOC-MP documented throughout this corpus (see batch 54's pivotal RNBO decision, 72c6ae74b540). Specific allegation per headline: СБУ повідомила про підозру архімандриту УПЦ (МП), який благословив Сальдо на фейковий референдум рф","coded_batch_60.json",NA,"Новини","ssu.gov.ua","sbu_press_release","https://ssu.gov.ua/novyny/sbu-povidomyla-pro-pidozru-arkhimandrytu-upts-mp-yakyi-blahoslovyv-saldo-na-feikovyi-referendum-rf","unknown",NA
"bd250f974928","За матеріалами СБУ послушник УПЦ (МП), який вихваляв рашистів, проведе 5 років за ґратами",TRUE,"material","state","UOC-MP","other",3,"[Duplicate of entry already coded in batch 55/56.] Official SBU announcement of a criminal investigation, prosecution, conviction, or security operation targeting a UOC-MP cleric or facility for treason, collaboration, espionage, propaganda, or related offences amid the full-scale war -- part of the extensive, ongoing wave of SBU actions implementing the securitisation campaign against UOC-MP documented throughout this corpus (see batch 54's pivotal RNBO decision, 72c6ae74b540). Specific allegation per headline: За матеріалами СБУ послушник УПЦ (МП), який вихваляв рашистів, проведе 5 років за ґратами","coded_batch_60.json",NA,"Новини","ssu.gov.ua","sbu_press_release","https://ssu.gov.ua/novyny/za-materialamy-sbu-poslushnyk-upts-mp-yakyi-vykhvaliav-rashystiv-provede-5-rokiv-za-gratamy","unknown",NA
"bdffb0c33c85","СБУ та Нацполіція затримали ще 5 агітаторів рашизму в різних регіонах нашої держави",FALSE,"neither","other","none","none",1,"[Duplicate of entry already coded in batch 55/56.] SBU announcement concerning general pro-Russian collaboration/agitation/counter-espionage activity with no UOC-MP connection identified in the available text. Outside this codebook's UOC-MP-specific scope, though part of the same broader wartime counter-espionage campaign.","coded_batch_60.json",NA,"Новини","ssu.gov.ua","sbu_press_release","https://ssu.gov.ua/novyny/sbu-ta-natspolitsiia-zatrymaly-shche-5-ahitatoriv-rashyzmu-v-riznykh-rehionakh-nashoi-derzhavy","unknown",NA
"c26f4a3b3843","За матеріалами СБУ митрополит Черкаської єпархії УПЦ (МП) отримав уже четверту підозру",TRUE,"material","state","UOC-MP","other",3,"[Duplicate of entry already coded in batch 55/56.] Official SBU announcement of a criminal investigation, prosecution, conviction, or security operation targeting a UOC-MP cleric or facility for treason, collaboration, espionage, propaganda, or related offences amid the full-scale war -- part of the extensive, ongoing wave of SBU actions implementing the securitisation campaign against UOC-MP documented throughout this corpus (see batch 54's pivotal RNBO decision, 72c6ae74b540). Specific allegation per headline: За матеріалами СБУ митрополит Черкаської єпархії УПЦ (МП) отримав уже четверту підозру","coded_batch_60.json",NA,"Новини","ssu.gov.ua","sbu_press_release","https://ssu.gov.ua/novyny/za-materialamy-sbu-mytropolyt-cherkaskoi-yeparkhii-upts-mp-otrymav-uzhe-chetvertu-pidozru","unknown",NA
"c2e777ad2f69","За матеріалами СБУ припинено громадянство України Ореста Березовського (так званого митрополита УПЦ (МП) Онуфрія)",TRUE,"both","state","UOC-MP","other",3,"[Duplicate of entry already coded in batch 55/56.] SBU announces the revocation of Ukrainian citizenship of UOC-MP Metropolitan Onufriy (referred to by his secular name Orest Berezovsky) -- a significant individual extraordinary measure against UOC-MP's own primate, the most senior figure targeted by name in this entire dataset.","coded_batch_60.json",NA,"Новини","ssu.gov.ua","sbu_press_release","https://ssu.gov.ua/novyny/za-materialamy-sbu-prypyneno-hromadianstvo-ukrainy-oresta-berezovskoho-tak-zvanoho-mytropolyta-upts-mp-onufriia","unknown",NA
"c6d032df7d85","За матеріалами СБУ 7 років за ґратами проведе священик УПЦ (МП), який закликав мешканців Донеччини підтримати рф на псевдореферендумі",TRUE,"material","state","UOC-MP","other",3,"[Duplicate of entry already coded in batch 55/56.] Official SBU announcement of a criminal investigation, prosecution, conviction, or security operation targeting a UOC-MP cleric or facility for treason, collaboration, espionage, propaganda, or related offences amid the full-scale war -- part of the extensive, ongoing wave of SBU actions implementing the securitisation campaign against UOC-MP documented throughout this corpus (see batch 54's pivotal RNBO decision, 72c6ae74b540). Specific allegation per headline: За матеріалами СБУ 7 років за ґратами проведе священик УПЦ (МП), який закликав мешканців Донеччини підтримати рф на псевдореферендумі","coded_batch_60.json",NA,"Новини","ssu.gov.ua","sbu_press_release","https://ssu.gov.ua/novyny/za-materialamy-sbu-7-rokiv-za-gratamy-provede-sviashchenyk-upts-mp-yakyi-zaklykav-meshkantsiv-donechchyny-pidtrymaty-rf-na-psevdoreferendumi","unknown",NA
"c8785b80da11","СБУ викрила на Черкащині настоятеля храму УПЦ (МП), який виправдовував воєнні злочини рашистів",TRUE,"material","state","UOC-MP","other",3,"[Duplicate of entry already coded in batch 55/56.] Official SBU announcement of a criminal investigation, prosecution, conviction, or security operation targeting a UOC-MP cleric or facility for treason, collaboration, espionage, propaganda, or related offences amid the full-scale war -- part of the extensive, ongoing wave of SBU actions implementing the securitisation campaign against UOC-MP documented throughout this corpus (see batch 54's pivotal RNBO decision, 72c6ae74b540). Specific allegation per headline: СБУ викрила на Черкащині настоятеля храму УПЦ (МП), який виправдовував воєнні злочини рашистів","coded_batch_60.json",NA,"Новини","ssu.gov.ua","sbu_press_release","https://ssu.gov.ua/novyny/sbu-vykryla-na-cherkashchyni-nastoiatelia-khramu-upts-mp-yakyi-vypravdovuvav-voienni-zlochyny-rashystiv","unknown",NA
"caa594da65a0","СБУ викрила ще 4-х проросійських агітаторів: один із них закликав катувати українських полонених, а інший – вдарити «Орєшніком» по Києву",FALSE,"neither","other","none","none",1,"[Duplicate of entry already coded in batch 55/56.] SBU announcement concerning general pro-Russian collaboration/agitation/counter-espionage activity with no UOC-MP connection identified in the available text. Outside this codebook's UOC-MP-specific scope, though part of the same broader wartime counter-espionage campaign.","coded_batch_60.json",NA,"Новини","ssu.gov.ua","sbu_press_release","https://ssu.gov.ua/novyny/sbu-vykryla-shche-4kh-prorosiiskykh-ahitatoriv-odyn-iz-nykh-zaklykav-katuvaty-ukrainskykh-polonenykh-a-inshyi-vdaryty-orieshnikom-po-kyievu","unknown",NA
"caad47971747","СБУ та Нацполіція заблокували 9 нових схем ухилення від мобілізації у різних регіонах України",FALSE,"neither","other","none","none",1,"[Duplicate of entry already coded in batch 55/56.] SBU announcement concerning general pro-Russian collaboration/agitation/counter-espionage activity with no UOC-MP connection identified in the available text. Outside this codebook's UOC-MP-specific scope, though part of the same broader wartime counter-espionage campaign.","coded_batch_60.json",NA,"Новини","ssu.gov.ua","sbu_press_release","https://ssu.gov.ua/novyny/sbu-ta-natspolitsiia-zablokuvaly-9-novykh-skhem-ukhylennia-vid-mobilizatsii-u-riznykh-rehionakh-ukrainy","unknown",NA
"cb7b2a83869a","З початку повномасштабної війни СБУ викрила 52 військовослужбовців Сил оборони, які були російськими агентами",FALSE,"neither","other","none","none",1,"[Duplicate of entry already coded in batch 55/56.] SBU announcement concerning general pro-Russian collaboration/agitation/counter-espionage activity with no UOC-MP connection identified in the available text. Outside this codebook's UOC-MP-specific scope, though part of the same broader wartime counter-espionage campaign.","coded_batch_60.json",NA,"Новини","ssu.gov.ua","sbu_press_release","https://ssu.gov.ua/novyny/z-pochatku-povnomasshtabnoi-viiny-sbu-vykryla-52-viiskovosluzhbovtsiv-syl-oborony-yaki-buly-rosiiskymy-ahentamy","unknown",NA
"cc0db9f8e753","За матеріалами СБУ підозру отримали два клірики-комуністи УПЦ (МП) на Закарпатті",TRUE,"material","state","UOC-MP","other",3,"[Duplicate of entry already coded in batch 55/56.] Official SBU announcement of a criminal investigation, prosecution, conviction, or security operation targeting a UOC-MP cleric or facility for treason, collaboration, espionage, propaganda, or related offences amid the full-scale war -- part of the extensive, ongoing wave of SBU actions implementing the securitisation campaign against UOC-MP documented throughout this corpus (see batch 54's pivotal RNBO decision, 72c6ae74b540). Specific allegation per headline: За матеріалами СБУ підозру отримали два клірики-комуністи УПЦ (МП) на Закарпатті","coded_batch_60.json",NA,"Новини","ssu.gov.ua","sbu_press_release","https://ssu.gov.ua/novyny/za-materialamy-sbu-pidozru-otrymaly-dva-klirykykomunisty-upts-mp-na-zakarpatti","unknown",NA
"cde6bfb9d8b9","СБУ ліквідувала ще 4 «схеми для ухилянтів»: однією з них скористався клірик УПЦ (МП)",TRUE,"material","state","UOC-MP","other",3,"[Duplicate of entry already coded in batch 55/56.] Official SBU announcement of a criminal investigation, prosecution, conviction, or security operation targeting a UOC-MP cleric or facility for treason, collaboration, espionage, propaganda, or related offences amid the full-scale war -- part of the extensive, ongoing wave of SBU actions implementing the securitisation campaign against UOC-MP documented throughout this corpus (see batch 54's pivotal RNBO decision, 72c6ae74b540). Specific allegation per headline: СБУ ліквідувала ще 4 «схеми для ухилянтів»: однією з них скористався клірик УПЦ (МП)","coded_batch_60.json",NA,"Новини","ssu.gov.ua","sbu_press_release","https://ssu.gov.ua/novyny/sbu-likviduvala-shche-4-skhemy-dlia-ukhyliantiv-odniieiu-z-nykh-skorystavsia-kliryk-upts-mp","unknown",NA
"cdf1da01d600","За матеріалами СБУ 15 років тюрми отримав агент гру рф, який шпигував для ворога на Запоріжжі",FALSE,"neither","other","none","none",1,"[Duplicate of entry already coded in batch 55/56.] SBU announcement concerning general pro-Russian collaboration/agitation/counter-espionage activity with no UOC-MP connection identified in the available text. Outside this codebook's UOC-MP-specific scope, though part of the same broader wartime counter-espionage campaign.","coded_batch_60.json",NA,"Новини","ssu.gov.ua","sbu_press_release","https://ssu.gov.ua/novyny/za-materialamy-sbu-15-rokiv-tiurmy-otrymav-ahent-hru-rf-yakyi-shpyhuvav-dlia-voroha-na-zaporizhzhi","unknown",NA
"cf76f738b400","СБУ викрила на Закарпатті клірика-антисеміта УПЦ (МП), який поширював фейки про війну в Україні",TRUE,"material","state","UOC-MP","other",3,"[Duplicate of entry already coded in batch 55/56.] Official SBU announcement of a criminal investigation, prosecution, conviction, or security operation targeting a UOC-MP cleric or facility for treason, collaboration, espionage, propaganda, or related offences amid the full-scale war -- part of the extensive, ongoing wave of SBU actions implementing the securitisation campaign against UOC-MP documented throughout this corpus (see batch 54's pivotal RNBO decision, 72c6ae74b540). Specific allegation per headline: СБУ викрила на Закарпатті клірика-антисеміта УПЦ (МП), який поширював фейки про війну в Україні","coded_batch_60.json",NA,"Новини","ssu.gov.ua","sbu_press_release","https://ssu.gov.ua/novyny/sbu-vykryla-na-zakarpatti-klirykaantysemita-upts-mp-yakyi-poshyriuvav-feiky-pro-viinu-v-ukraini","unknown",NA
"cf8438cf092d","СБУ повідомила про заочну підозру митрополиту УПЦ (МП), який благословив «приєднання» Луганська до рф",TRUE,"material","state","UOC-MP","other",3,"[Duplicate of entry already coded in batch 55/56.] Official SBU announcement of a criminal investigation, prosecution, conviction, or security operation targeting a UOC-MP cleric or facility for treason, collaboration, espionage, propaganda, or related offences amid the full-scale war -- part of the extensive ongoing wave of SBU actions implementing the securitisation campaign against UOC-MP documented throughout this corpus. Specific allegation per headline: СБУ повідомила про заочну підозру митрополиту УПЦ (МП), який благословив «приєднання» Луганська до рф","coded_batch_60.json",NA,"Новини","ssu.gov.ua","sbu_press_release","https://ssu.gov.ua/novyny/sbu-povidomyla-pro-zaochnu-pidozru-mytropolytu-upts-mp-yakyi-blahoslovyv-pryiednannia-luhanska-do-rf","unknown",NA
"d1c96bc29f4b","СБУ затримала протоієрея УПЦ (МП), який на замовлення воєнної розвідки рф коригував удари рашистів по Сумщині",TRUE,"material","state","UOC-MP","other",3,"[Duplicate of entry already coded in batch 55/56.] Official SBU announcement of a criminal investigation, prosecution, conviction, or security operation targeting a UOC-MP cleric or facility for treason, collaboration, espionage, propaganda, or related offences amid the full-scale war -- part of the extensive ongoing wave of SBU actions implementing the securitisation campaign against UOC-MP documented throughout this corpus. Specific allegation per headline: СБУ затримала протоієрея УПЦ (МП), який на замовлення воєнної розвідки рф коригував удари рашистів по Сумщині","coded_batch_60.json",NA,"Новини","ssu.gov.ua","sbu_press_release","https://ssu.gov.ua/novyny/sbu-zatrymala-protoiiereia-upts-mp-yakyi-na-zamovlennia-voiennoi-rozvidky-rf-koryhuvav-udary-rashystiv-po-sumshchyni","unknown",NA
"d3f6bb75b581","За матеріалами СБУ під нові «церковні санкції» РНБО потрапили ще 7 кліриків УПЦ (МП)",TRUE,"both","state","UOC-MP","sanction",3,"[Duplicate of entry already coded in batch 55/56.] SBU announces 7 more UOC-MP clerics added to the RNBO's ongoing 'church sanctions' list (expansion of the list first published in batch 55, doc 7dbfca093b5c) -- continued concrete implementation of the December 2022 RNBO decision.","coded_batch_60.json",NA,"Новини","ssu.gov.ua","sbu_press_release","https://ssu.gov.ua/novyny/za-materialamy-sbu-pid-novi-tserkovni-sanktsii-rnbo-potrapyly-shche-7-klirykiv-upts-mp","unknown",NA
"d4c50e87fe77","Коментар пресслужби СБУ щодо запобіжного заходу митрополиту Павлу (Лебідю)",TRUE,"material","state","UOC-MP","other",3,"[Duplicate of entry already coded in batch 55/56.] SBU press service comment on the preventive measure (pre-trial restriction) imposed on Metropolitan Pavlo (Lebid), the prominent former Kyiv-Pechersk Lavra abbot -- one of the highest-profile individual UOC-MP prosecutions, connected to the ongoing case referenced again in doc e0ac042bcb98 of the same batch.","coded_batch_60.json",NA,"Новини","ssu.gov.ua","sbu_press_release","https://ssu.gov.ua/novyny/komentar-pressluzhby-sbu-shchodo-zapobizhnoho-zakhodu-mytropolytu-pavlu-lebidiu","unknown",NA
"d4f88c6e5179","СБУ затримала клірика УПЦ (МП), який навів «Іскандери» по Одесі у березні 2024 року",TRUE,"material","state","UOC-MP","other",3,"[Duplicate of entry already coded in batch 55/56.] Official SBU announcement of a criminal investigation, prosecution, conviction, or security operation targeting a UOC-MP cleric or facility for treason, collaboration, espionage, propaganda, or related offences amid the full-scale war -- part of the extensive ongoing wave of SBU actions implementing the securitisation campaign against UOC-MP documented throughout this corpus. Specific allegation per headline: СБУ затримала клірика УПЦ (МП), який навів «Іскандери» по Одесі у березні 2024 року","coded_batch_60.json",NA,"Новини","ssu.gov.ua","sbu_press_release","https://ssu.gov.ua/novyny/sbu-zatrymala-kliryka-upts-mp-yakyi-naviv-iskandery-po-odesi-u-berezni-2024-roku","unknown",NA
"d4fe67fbf81a","СБУ проводить безпекові заходи на об’єктах УПЦ (МП) у трьох областях України",TRUE,"material","state","UOC-MP","other",3,"[Duplicate of entry already coded in batch 55/56.] Official SBU announcement of a criminal investigation, prosecution, conviction, or security operation targeting a UOC-MP cleric or facility for treason, collaboration, espionage, propaganda, or related offences amid the full-scale war -- part of the extensive ongoing wave of SBU actions implementing the securitisation campaign against UOC-MP documented throughout this corpus. Specific allegation per headline: СБУ проводить безпекові заходи на об’єктах УПЦ (МП) у трьох областях України","coded_batch_60.json",NA,"Новини","ssu.gov.ua","sbu_press_release","https://ssu.gov.ua/novyny/sbu-provodyt-bezpekovi-zakhody-na-obiektakh-upts-mp-u-trokh-oblastiakh-ukrainy-2","unknown",NA
"d646a4685d55","СБУ викрила ще 3-х ворожих агітаторів: серед них – провокатор УПЦ (МП), який сподівався отримати від путіна російський паспорт",TRUE,"material","state","UOC-MP","other",3,"[Duplicate of entry already coded in batch 55/56.] Official SBU announcement of a criminal investigation, prosecution, conviction, or security operation targeting a UOC-MP cleric or facility for treason, collaboration, espionage, propaganda, or related offences amid the full-scale war -- part of the extensive ongoing wave of SBU actions implementing the securitisation campaign against UOC-MP documented throughout this corpus. Specific allegation per headline: СБУ викрила ще 3-х ворожих агітаторів: серед них – провокатор УПЦ (МП), який сподівався отримати від путіна російський паспорт","coded_batch_60.json",NA,"Новини","ssu.gov.ua","sbu_press_release","https://ssu.gov.ua/novyny/sbu-vykryla-shche-3kh-vorozhykh-ahitatoriv-sered-nykh-provokator-upts-mp-yakyi-spodivavsia-otrymaty-vid-putina-rosiiskyi-pasport","unknown",NA
"d75b83b73ba7","СБУ викрила настоятеля одного із храмів УПЦ (МП) в Одесі, який вихваляв путіна та героїзував російських окупантів",TRUE,"material","state","UOC-MP","other",3,"[Duplicate of entry already coded in batch 55/56.] Official SBU announcement of a criminal investigation, prosecution, conviction, or security operation targeting a UOC-MP cleric or facility for treason, collaboration, espionage, propaganda, or related offences amid the full-scale war -- part of the extensive ongoing wave of SBU actions implementing the securitisation campaign against UOC-MP documented throughout this corpus. Specific allegation per headline: СБУ викрила настоятеля одного із храмів УПЦ (МП) в Одесі, який вихваляв путіна та героїзував російських окупантів","coded_batch_60.json",NA,"Новини","ssu.gov.ua","sbu_press_release","https://ssu.gov.ua/novyny/sbu-vykryla-nastoiatelia-odnoho-iz-khramiv-upts-mp-v-odesi-yakyi-vykhvaliav-putina-ta-heroizuvav-rosiiskykh-okupantiv","unknown",NA
"d7d239fff130","СБУ викрила трьох кліриків УПЦ (МП), які героїзували рашистів і чекали на захоплення Київської та Черкаської областей",TRUE,"material","state","UOC-MP","other",3,"[Duplicate of entry already coded in batch 55/56.] Official SBU announcement of a criminal investigation, prosecution, conviction, or security operation targeting a UOC-MP cleric or facility for treason, collaboration, espionage, propaganda, or related offences amid the full-scale war -- part of the extensive ongoing wave of SBU actions implementing the securitisation campaign against UOC-MP documented throughout this corpus. Specific allegation per headline: СБУ викрила трьох кліриків УПЦ (МП), які героїзували рашистів і чекали на захоплення Київської та Черкаської областей","coded_batch_60.json",NA,"Новини","ssu.gov.ua","sbu_press_release","https://ssu.gov.ua/novyny/sbu-vykryla-trokh-klirykiv-upts-mp-yaki-heroizuvaly-rashystiv-i-chekaly-na-zakhoplennia-kyivskoi-ta-cherkaskoi-oblastei","unknown",NA
"dd29743005be","СБУ відкрила кримінальне провадження щодо настоятеля храму УПЦ (МП), який допомагав рашистам під час окупації Київщини",TRUE,"material","state","UOC-MP","other",3,"[Duplicate of entry already coded in batch 55/56.] Official SBU announcement of a criminal investigation, prosecution, conviction, or security operation targeting a UOC-MP cleric or facility for treason, collaboration, espionage, propaganda, or related offences amid the full-scale war -- part of the extensive ongoing wave of SBU actions implementing the securitisation campaign against UOC-MP documented throughout this corpus. Specific allegation per headline: СБУ відкрила кримінальне провадження щодо настоятеля храму УПЦ (МП), який допомагав рашистам під час окупації Київщини","coded_batch_60.json",NA,"Новини","ssu.gov.ua","sbu_press_release","https://ssu.gov.ua/novyny/sbu-vidkryla-kryminalne-provadzhennia-shchodo-nastoiatelia-khramu-upts-mp-yakyi-dopomahav-rashystam-pid-chas-okupatsii-kyivshchyny","unknown",NA
"dd44919a44f4","За матеріалами СБУ до 5 років тюрми засуджено митрополита однієї з Вінницьких єпархій УПЦ (МП), який виправдовував повномасштабне вторгнення рф",TRUE,"material","state","UOC-MP","other",3,"[Duplicate of entry already coded in batch 55/56.] Official SBU announcement of a criminal investigation, prosecution, conviction, or security operation targeting a UOC-MP cleric or facility for treason, collaboration, espionage, propaganda, or related offences amid the full-scale war -- part of the extensive ongoing wave of SBU actions implementing the securitisation campaign against UOC-MP documented throughout this corpus. Specific allegation per headline: За матеріалами СБУ до 5 років тюрми засуджено митрополита однієї з Вінницьких єпархій УПЦ (МП), який виправдовував повномасштабне вторгнення рф","coded_batch_60.json",NA,"Новини","ssu.gov.ua","sbu_press_release","https://ssu.gov.ua/novyny/za-materialamy-sbu-do-5-rokiv-tiurmy-zasudzheno-mytropolyta-odniiei-z-vinnytskykh-yeparkhii-upts-mp-yakyi-vypravdovuvav-povnomasshtabne-vtorhnennia-rf","unknown",NA
"de6369ff9dd2","СБУ затримала 6 інтернет-агентів рф: один з них закликав до геноциду українців та ударів ракетами «Сатана» по західних країнах",FALSE,"neither","other","none","none",1,"[Duplicate of entry already coded in batch 55/56.] SBU announcement concerning general pro-Russian collaboration/agitation/counter-espionage activity with no UOC-MP connection identified in the available text. Outside this codebook's UOC-MP-specific scope.","coded_batch_60.json",NA,"Новини","ssu.gov.ua","sbu_press_release","https://ssu.gov.ua/novyny/sbu-zatrymala-6-internetahentiv-rf-odyn-z-nykh-zaklykav-do-henotsydu-ukraintsiv-ta-udariv-raketamy-satana-po-zakhidnykh-krainakh","unknown",NA
"e02fa85ad41a","СБУ перевірила монастир УПЦ (МП) на Закарпатті, де черниці закликали до «пробуждения матушки-Руси»",TRUE,"material","state","UOC-MP","other",3,"[Duplicate of entry already coded in batch 55/56.] Official SBU announcement of a criminal investigation, prosecution, conviction, or security operation targeting a UOC-MP cleric or facility for treason, collaboration, espionage, propaganda, or related offences amid the full-scale war -- part of the extensive ongoing wave of SBU actions implementing the securitisation campaign against UOC-MP documented throughout this corpus. Specific allegation per headline: СБУ перевірила монастир УПЦ (МП) на Закарпатті, де черниці закликали до «пробуждения матушки-Руси»","coded_batch_60.json",NA,"Новини","ssu.gov.ua","sbu_press_release","https://ssu.gov.ua/novyny/sbu-pereviryla-monastyr-upts-mp-na-zakarpatti-de-chernytsi-zaklykaly-do-probuzhdenyia-matushkyrusy","unknown",NA
"e0ac042bcb98","СБУ завершила розслідування і передала до суду справу митрополита УПЦ (МП) Павла",TRUE,"material","state","UOC-MP","other",3,"[Duplicate of entry already coded in batch 55/56.] SBU completes its investigation and refers Metropolitan Pavlo (Lebid)'s case to court -- the prosecutorial conclusion of one of the highest-profile individual UOC-MP cases in the corpus (see also doc d4c50e87fe77 in this same batch).","coded_batch_60.json",NA,"Новини","ssu.gov.ua","sbu_press_release","https://ssu.gov.ua/novyny/sbu-zavershyla-rozsliduvannia-i-peredala-do-sudu-spravu-mytropolyta-upts-mp-pavla","unknown",NA
"e3190ef16c43","СБУ затримала клірика УПЦ (МП), який погодився шпигувати для фсб на Донеччині в обмін на «евакуацію» його сім’ї до росії",TRUE,"material","state","UOC-MP","other",3,"[Duplicate of entry already coded in batch 55/56.] Official SBU announcement of a criminal investigation, prosecution, conviction, or security operation targeting a UOC-MP cleric or facility for treason, collaboration, espionage, propaganda, or related offences amid the full-scale war -- part of the extensive ongoing wave of SBU actions implementing the securitisation campaign against UOC-MP documented throughout this corpus. Specific allegation per headline: СБУ затримала клірика УПЦ (МП), який погодився шпигувати для фсб на Донеччині в обмін на «евакуацію» його сім’ї до росії","coded_batch_60.json",NA,"Новини","ssu.gov.ua","sbu_press_release","https://ssu.gov.ua/novyny/sbu-zatrymala-kliryka-upts-mp-yakyi-pohodyvsia-shpyhuvaty-dlia-fsb-na-donechchyni-v-obmin-na-evakuatsiiu-yoho-simi-do-rosii","unknown",NA
"e829634b6bb5","СБУ повідомила про заочну підозру клірику-ювеліру УПЦ (МП) із Луганщини, який продає золоті вироби до росії",TRUE,"material","state","UOC-MP","other",3,"[Duplicate of entry already coded in batch 55/56.] Official SBU announcement of a criminal investigation, prosecution, conviction, or security operation targeting a UOC-MP cleric or facility for treason, collaboration, espionage, propaganda, or related offences amid the full-scale war -- part of the extensive ongoing wave of SBU actions implementing the securitisation campaign against UOC-MP documented throughout this corpus. Specific allegation per headline: СБУ повідомила про заочну підозру клірику-ювеліру УПЦ (МП) із Луганщини, який продає золоті вироби до росії","coded_batch_60.json",NA,"Новини","ssu.gov.ua","sbu_press_release","https://ssu.gov.ua/novyny/sbu-povidomyla-pro-zaochnu-pidozru-klirykuiuveliru-upts-mp-iz-luhanshchyny-yakyi-prodaie-zoloti-vyroby-do-rosii","unknown",NA
"eec1b5ab4f26","СБУ виявила в єпархіях УПЦ (МП) пропагандистські «методички» кремля, «вчення про сатанізм» і нацистську символіку",TRUE,"material","state","UOC-MP","other",3,"[Duplicate of entry already coded in batch 55/56.] Official SBU announcement of a criminal investigation, prosecution, conviction, or security operation targeting a UOC-MP cleric or facility for treason, collaboration, espionage, propaganda, or related offences amid the full-scale war -- part of the extensive ongoing wave of SBU actions implementing the securitisation campaign against UOC-MP documented throughout this corpus. Specific allegation per headline: СБУ виявила в єпархіях УПЦ (МП) пропагандистські «методички» кремля, «вчення про сатанізм» і нацистську символіку","coded_batch_60.json",NA,"Новини","ssu.gov.ua","sbu_press_release","https://ssu.gov.ua/novyny/sbu-vyiavyla-v-yeparkhiiakh-upts-mp-propahandystski-metodychky-kremlia-vchennia-pro-satanizm-i-natsystsku-symvoliku","unknown",NA
"ef8b66c4b5ce","СБУ викрила у Харкові та на Черкащині ще 2 інтернет-агітаторів рашизму",FALSE,"neither","other","none","none",1,"[Duplicate of entry already coded in batch 55/56.] SBU announcement concerning general pro-Russian collaboration/agitation/counter-espionage activity with no UOC-MP connection identified in the available text. Outside this codebook's UOC-MP-specific scope.","coded_batch_60.json",NA,"Новини","ssu.gov.ua","sbu_press_release","https://ssu.gov.ua/novyny/sbu-vykryla-u-kharkovi-ta-na-cherkashchyni-shche-2-internetahitatoriv-rashyzmu","unknown",NA
"f046ac667c25","СБУ виявила підозрілих осіб, незареєстровану зброю і російські агітки на об'єктах УПЦ (МП)",TRUE,"material","state","UOC-MP","other",3,"[Duplicate of entry already coded in batch 55/56.] Official SBU announcement of a criminal investigation, prosecution, conviction, or security operation targeting a UOC-MP cleric or facility for treason, collaboration, espionage, propaganda, or related offences amid the full-scale war -- part of the extensive ongoing wave of SBU actions implementing the securitisation campaign against UOC-MP documented throughout this corpus. Specific allegation per headline: СБУ виявила підозрілих осіб, незареєстровану зброю і російські агітки на об'єктах УПЦ (МП)","coded_batch_60.json",NA,"Новини","ssu.gov.ua","sbu_press_release","https://ssu.gov.ua/novyny/sbu-vyiavyla-pidozrilykh-osib-nezareiestrovanu-zbroiu-i-rosiiski-ahitky-na-obiektakh-upts-mp","unknown",NA
"f1f1c28852ef","За матеріалами СБУ 15 років тюрми отримав агент російської воєнної розвідки, який коригував удари по Запоріжжю",FALSE,"neither","other","none","none",1,"[Duplicate of entry already coded in batch 55/56.] SBU announcement concerning general pro-Russian collaboration/agitation/counter-espionage activity with no UOC-MP connection identified in the available text. Outside this codebook's UOC-MP-specific scope.","coded_batch_60.json",NA,"Новини","ssu.gov.ua","sbu_press_release","https://ssu.gov.ua/novyny/za-materialamy-sbu-15-rokiv-tiurmy-otrymav-ahent-rosiiskoi-voiennoi-rozvidky-yakyi-koryhuvav-udary-po-zaporizhzhiu","unknown",NA
"f2a7f613c839","СБУ повідомила про підозру ректору Почаївської духовної семінарії УПЦ (МП), який здійснював антиукраїнську діяльність",TRUE,"material","state","UOC-MP","other",3,"[Duplicate of entry already coded in batch 55/56.] Official SBU announcement of a criminal investigation, prosecution, conviction, or security operation targeting a UOC-MP cleric or facility for treason, collaboration, espionage, propaganda, or related offences amid the full-scale war -- part of the extensive ongoing wave of SBU actions implementing the securitisation campaign against UOC-MP documented throughout this corpus. Specific allegation per headline: СБУ повідомила про підозру ректору Почаївської духовної семінарії УПЦ (МП), який здійснював антиукраїнську діяльність","coded_batch_60.json",NA,"Новини","ssu.gov.ua","sbu_press_release","https://ssu.gov.ua/novyny/sbu-povidomyla-pro-pidozru-rektoru-pochaivskoi-dukhovnoi-seminarii-upts-mp-yakyi-zdiisniuvav-antyukrainsku-diialnist","unknown",NA
"f5a863d683d7","СБУ повідомила про підозру митрополиту Кіровоградської єпархії УПЦ (МП), який виправдовував захоплення Криму",TRUE,"material","state","UOC-MP","other",3,"[Duplicate of entry already coded in batch 55/56.] Official SBU announcement of a criminal investigation, prosecution, conviction, or security operation targeting a UOC-MP cleric or facility for treason, collaboration, espionage, propaganda, or related offences amid the full-scale war -- part of the extensive ongoing wave of SBU actions implementing the securitisation campaign against UOC-MP documented throughout this corpus. Specific allegation per headline: СБУ повідомила про підозру митрополиту Кіровоградської єпархії УПЦ (МП), який виправдовував захоплення Криму","coded_batch_60.json",NA,"Новини","ssu.gov.ua","sbu_press_release","https://ssu.gov.ua/novyny/sbu-povidomyla-pro-pidozru-mytropolytu-kirovohradskoi-yeparkhii-upts-mp-yakyi-vypravdovuvav-zakhoplennia-krymu","unknown",NA
"f676c3243342","СБУ затримала ще 5 проросійських агітаторів, які виправдовували агресію рф та закликали до захоплення Києва",FALSE,"neither","other","none","none",1,"[Duplicate of entry already coded in batch 55/56.] SBU announcement concerning general pro-Russian collaboration/agitation/counter-espionage activity with no UOC-MP connection identified in the available text. Outside this codebook's UOC-MP-specific scope.","coded_batch_60.json",NA,"Новини","ssu.gov.ua","sbu_press_release","https://ssu.gov.ua/novyny/sbu-zatrymala-shche-5-prorosiiskykh-ahitatoriv-yaki-vypravdovuvaly-ahresiiu-rf-ta-zaklykaly-do-zakhoplennia-kyieva","unknown",NA
"f947461685da","З початку повномасштабного вторгнення СБУ провела понад 3,6 тис. спецоперацій зі знищення російських окупантів",FALSE,"neither","other","none","none",1,"[Duplicate of entry already coded in batch 55/56.] SBU announcement concerning general pro-Russian collaboration/agitation/counter-espionage activity with no UOC-MP connection identified in the available text. Outside this codebook's UOC-MP-specific scope.","coded_batch_60.json",NA,"Новини","ssu.gov.ua","sbu_press_release","https://ssu.gov.ua/novyny/z-pochatku-povnomasshtabnoho-vtorhnennia-sbu-provela-ponad-36-tys-spetsoperatsii-zi-znyshchennia-rosiiskykh-okupantiv","unknown",NA
"f972e4074728","СБУ провела обшуки у керівництва УПЦ МП у Кіровоградській області",TRUE,"material","state","UOC-MP","other",3,"[Duplicate of entry already coded in batch 55/56.] Official SBU announcement of a criminal investigation, prosecution, conviction, or security operation targeting a UOC-MP cleric or facility for treason, collaboration, espionage, propaganda, or related offences amid the full-scale war -- part of the extensive ongoing wave of SBU actions implementing the securitisation campaign against UOC-MP documented throughout this corpus. Specific allegation per headline: СБУ провела обшуки у керівництва УПЦ МП у Кіровоградській області","coded_batch_60.json",NA,"Новини","ssu.gov.ua","sbu_press_release","https://ssu.gov.ua/novyny/sbu-provela-obshuky-u-kerivnytstva-upts-mp-u-kirovohradskii-oblasti","unknown",NA
"fcebad9861ac","СБУ повідомила про підозру патріарху РПЦ Кирилу, який благословив рашистів на вбивства українців",TRUE,"both","state","Russia","other",3,"[Duplicate of entry already coded in batch 55/56.] SBU formally notifies Patriarch Kirill of the Russian Orthodox Church himself of suspicion, alleging he blessed Russian forces to kill Ukrainians -- the single most senior figure targeted by Ukrainian law enforcement in this entire corpus, extending the campaign from UOC-MP's Ukrainian clergy to ROC's supreme leadership directly.","coded_batch_60.json",NA,"Новини","ssu.gov.ua","sbu_press_release","https://ssu.gov.ua/novyny/sbu-povidomyla-pro-pidozru-patriarkhu-rpts-kyrylu-yakyi-blahoslovyv-rashystiv-na-vbyvstva-ukraintsiv","unknown",NA
"fd32810322fe","СБУ повідомила про підозру підсанкційному митрополиту УПЦ (МП) із Запоріжжя, який провокував релігійну ненависть",TRUE,"material","state","UOC-MP","other",3,"[Duplicate of entry already coded in batch 55/56.] Official SBU announcement of a criminal investigation, prosecution, conviction, or security operation targeting a UOC-MP cleric or facility for treason, collaboration, espionage, propaganda, or related offences amid the full-scale war -- part of the extensive ongoing wave of SBU actions implementing the securitisation campaign against UOC-MP documented throughout this corpus. Specific allegation per headline: СБУ повідомила про підозру підсанкційному митрополиту УПЦ (МП) із Запоріжжя, який провокував релігійну ненависть","coded_batch_60.json",NA,"Новини","ssu.gov.ua","sbu_press_release","https://ssu.gov.ua/novyny/sbu-povidomyla-pro-pidozru-pidsanktsiinomu-mytropolytu-upts-mp-iz-zaporizhzhia-yakyi-provokuvav-relihiinu-nenavyst","unknown",NA
