url,title
"https://www.president.gov.ua/news/igor-zhovkva-ta-generalna-sekretarka-vsesvitnoyi-turistichno-105853","Ігор Жовква та генеральна секретарка Всесвітньої туристичної організації ООН обговорили відновлення України, безпеку туристів та залучення інвестицій"
"https://www.president.gov.ua/news/treba-zrobiti-znachno-bilshe-shob-v-istoriyi-ukrayinskih-svy-105849","Треба зробити значно більше, щоб в історії українських святинь було майбутнє – Президент на заходах із нагоди 975-річчя з моменту створення Києво-Печерської лаври"
"https://www.president.gov.ua/news/z-nagodi-975-richchya-z-momentu-stvorennya-kiyevo-pecherskoy-105841","З нагоди 975-річчя з моменту створення Києво-Печерської лаври Президент узяв участь у відкритті виставки, присвяченої історії Лаври, та зустрівся з гендиректором ЮНЕСКО"
"https://www.president.gov.ua/news/zvernennya-prezidenta-z-nagodi-vidznachennya-975-richchya-ki-105845","Звернення Президента з нагоди відзначення 975-річчя Києво-Печерської лаври"
"https://www.president.gov.ua/news/duzhe-starayemos-u-novomu-roci-vidnoviti-obmini-zvernennya-p-102273","Дуже стараємось у новому році відновити обміни – звернення Президента"
"https://www.president.gov.ua/news/novorichne-privitannya-prezidenta-ukrayini-volodimira-zelens-102261","Новорічне привітання Президента України Володимира Зеленського"
"https://www.president.gov.ua/news/ye-deyaki-nashi-novi-ideyi-yak-nabliziti-realnij-mir-i-ce-st-102201","Є деякі наші нові ідеї, як наблизити реальний мир, і це стосується форматів, зустрічей, таймінгу – звернення Президента"
"https://www.president.gov.ua/news/privitannya-prezidenta-ukrayini-z-rizdvom-hristovim-102185","Привітання Президента України з Різдвом Христовим"
"https://www.president.gov.ua/news/vidchuvayemo-sho-amerika-hoche-dosyagti-finalnoyi-ugodi-i-z-102181","Відчуваємо, що Америка хоче досягти фінальної угоди, і з нашого боку – повна співпраця – звернення Президента"
"https://www.president.gov.ua/news/sogodni-vzhe-povertayetsya-nasha-peregovorna-komanda-i-zrank-102165","Сьогодні вже повертається наша переговорна команда, і зранку очікую повну доповідь щодо підготовлених документів – звернення Президента"
"https://www.president.gov.ua/news/bez-usiyeyi-nashoyi-zovnishnopolitichnoyi-roboti-prosto-nemo-102157","Без усієї нашої зовнішньополітичної роботи просто неможливо було б вистояти в цій війні – виступ Президента з нагоди Дня працівників дипломатичної служби"
"https://www.president.gov.ua/news/pracyuyemo-tak-shob-kozhen-den-vikoristati-dlya-ukrayini-i-v-102145","Працюємо так, щоб кожен день використати для України, і в цьому році ще мають бути відповідні новини – звернення Президента"
"https://www.president.gov.ua/news/zayava-prezidenta-ukrayini-pid-chas-spilnogo-z-premyer-minis-102129","Заява Президента України під час спільного з Премʼєр-міністром Португалії спілкування із журналістами"
"https://www.president.gov.ua/news/zayava-prezidenta-ukrayini-pid-chas-spilnogo-z-prezidentom-p-102093","Заява Президента України під час спільного з Президентом Польщі спілкування з журналістами"
"https://www.president.gov.ua/news/aktivi-rosiyi-mayut-buti-vikoristani-dlya-zahistu-vid-rosijs-102073","Активи Росії мають бути використані для захисту від російської агресії та відбудови того, що було зруйноване російськими атаками – звернення Президента до учасників засідання Євроради"
"https://www.president.gov.ua/news/potriben-realnij-zahist-vid-rosijskoyi-istoriyi-bozhevillya-102061","Потрібен реальний захист від російської історії божевілля, і зараз ми продовжимо роботу з усіма партнерами, щоб такий захист дійсно був – звернення Президента"
"https://www.president.gov.ua/news/vistup-prezidenta-pered-palatoyu-predstavnikiv-ta-senatom-pa-102041","Виступ Президента перед Палатою представників та Сенатом парламенту Нідерландів"
"https://www.president.gov.ua/news/zayava-prezidenta-ukrayini-pid-chas-spilnogo-z-premyer-minis-102029","Заява Президента України під час спільного з Премʼєр-міністром Нідерландів спілкування з журналістами"
"https://www.president.gov.ua/news/cya-vijna-ta-vidpovidalnist-rosiyi-za-neyi-mayut-stati-chitk-102025","Ця війна та відповідальність Росії за неї мають стати чітким прикладом, щоб інші зрозуміли, що не варто обирати агресію – виступ Президента на дипломатичній конференції"
"https://www.president.gov.ua/news/zayava-prezidenta-ukrayini-pid-chas-spilnogo-z-federalnim-ka-102001","Заява Президента України під час спільного з Федеральним канцлером Німеччини спілкування з журналістами"
"https://www.president.gov.ua/news/vistup-prezidenta-na-zakritti-nimecko-ukrayinskogo-ekonomich-101997","Виступ Президента на закритті Німецько-українського економічного форуму"
"https://www.president.gov.ua/news/gotuyemos-do-zustrichej-z-amerikanskoyu-storonoyu-ta-nashimi-101973","Готуємось до зустрічей з американською стороною та нашими європейськими друзями найближчими днями — звернення Президента"
"https://www.president.gov.ua/news/sogodni-nadzvichajno-vazhlivo-dosyagati-rezultativ-na-fronti-101945","Сьогодні надзвичайно важливо досягати результатів на фронті, щоб Україна могла досягати результатів у дипломатії – звернення Президента"
"https://www.president.gov.ua/news/zvernennya-prezidenta-do-uchasnikiv-zasidannya-koaliciyi-oho-101917","Звернення Президента до учасників засідання Коаліції охочих"
"https://www.president.gov.ua/news/dvadcyat-punktiv-dlya-zakinchennya-vijni-ce-fundamentalnij-d-101909","Двадцять пунктів для закінчення війни – це фундаментальний документ, активно працюємо – звернення Президента"
"https://www.president.gov.ua/news/vzhe-zaraz-pochinayemo-novij-diplomatichnij-tizhden-budut-ko-101873","Вже зараз починаємо новий дипломатичний тиждень, будуть консультації з європейськими лідерами – звернення Президента"
"https://www.president.gov.ua/news/zvernennya-prezidenta-ukrayini-z-nagodi-dnya-zbrojnih-sil-uk-101825","Звернення Президента України з нагоди Дня Збройних Сил України"
"https://www.president.gov.ua/news/budemo-pracyuvati-maksimalno-konstruktivno-z-usima-partneram-101805","Будемо працювати максимально конструктивно з усіма партнерами, щоб мир все ж таки був і щоб це був достойний мир – звернення Президента"
"https://www.president.gov.ua/news/zayava-prezidenta-ukrayini-pid-chas-spilnogo-z-prezidentom-k-101793","Заява Президента України під час спільного з Президентом Кіпру спілкування з журналістами"
"https://www.president.gov.ua/news/lishe-z-urahuvannyam-interesiv-ukrayini-mozhlivij-dostojnij-101781","Лише з урахуванням інтересів України можливий достойний мир – звернення Президента"
"https://www.president.gov.ua/news/vistup-prezidenta-ukrayini-pered-chlenami-senatu-j-dojlu-par-101741","Виступ Президента України перед членами Сенату й Дойлу парламенту Ірландії"
"https://www.president.gov.ua/news/zayava-prezidenta-ukrayini-pid-chas-spilnogo-z-premyer-minis-101729","Заява Президента України під час спільного з Прем’єр-міністром Ірландії спілкування з журналістами"
"https://www.president.gov.ua/news/zayava-prezidenta-ukrayini-pid-chas-spilnogo-z-prezidentom-f-101693","Заява Президента України під час спільного з Президентом Франції спілкування з журналістами"
"https://www.president.gov.ua/news/rosiya-duzhe-hoche-shob-ukrayina-robila-pomilki-z-nashogo-bo-101653","Росія дуже хоче, щоб Україна робила помилки; з нашого боку помилок не буде – звернення Президента"
"https://www.president.gov.ua/news/zaraz-odnakovo-vazhlivi-nash-zahist-pozicij-nash-sprotiv-na-101645","Зараз однаково важливі наш захист позицій, наш спротив на фронті й спільна з партнерами робота заради кращих дипломатичних позицій – звернення Президента"
"https://www.president.gov.ua/news/shodennij-bojovij-rezultat-ukrayinskoyi-armiyi-nashih-specia-101621","Щоденний бойовий результат української армії, наших спеціальних служб, наших дипстрайків – це доказ, що Україна може захищати свої інтереси – звернення Президента"
"https://www.president.gov.ua/news/bagato-zalezhit-vid-ameriki-bo-same-na-amerikansku-silu-v-ro-101609","Багато залежить від Америки, бо саме на американську силу в Росії зважають найбільше – звернення Президента"
"https://www.president.gov.ua/news/zvernennya-prezidenta-do-uchasnikiv-zasidannya-koaliciyi-oho-101597","Звернення Президента до учасників засідання Коаліції охочих"
"https://www.president.gov.ua/news/ukrayina-nikoli-ne-bude-pereponoyu-dlya-miru-zvernennya-prez-101581","Україна ніколи не буде перепоною для миру – звернення Президента"
"https://www.president.gov.ua/news/zvernennya-prezidenta-do-uchasnikiv-parlamentskogo-samitu-mi-101561","Звернення Президента до учасників парламентського саміту міжнародної Кримської платформи"
"https://www.president.gov.ua/news/rozmova-z-amerikanskimi-predstavnikami-ye-i-ye-signali-sho-k-101553","Розмова з американськими представниками є, і є сигнали, що команда Президента Трампа чує нас – звернення Президента України"
"https://www.president.gov.ua/news/nashi-predstavniki-znayut-yak-zahishati-ukrayinski-nacionaln-101521","Наші представники знають, як захищати українські національні інтереси й що саме потрібно, щоб Росія не здійснила третє вторгнення – звернення Президента"
"https://www.president.gov.ua/news/yednist-potribna-nam-yak-nikoli-abi-v-nashomu-domi-buv-dosto-101493","Єдність потрібна нам як ніколи, аби в нашому домі був достойний мир – звернення Президента"
"https://www.president.gov.ua/news/americi-po-silah-zrobiti-tak-shob-rosijska-nalashtovanist-na-101481","Америці по силах зробити так, щоб російська налаштованість на закінчення війни нарешті стала серйозною – звернення Президента"
"https://www.president.gov.ua/news/zayava-prezidenta-ukrayini-pid-chas-spilnogo-z-prezidentom-t-101465","Заява Президента України під час спільного з Президентом Туреччини спілкування з журналістами"
"https://www.president.gov.ua/news/zayava-prezidenta-ukrayini-pid-chas-spilnogo-z-premyer-minis-101437","Заява Президента України під час спільного з Прем’єр-міністром Іспанії спілкування з журналістами"
"https://www.president.gov.ua/news/zayava-prezidenta-ukrayini-pid-chas-spilnogo-z-prezidentom-f-101401","Заява Президента України під час спільного з Президентом Франції спілкування з журналістами"
"https://www.president.gov.ua/news/zayava-prezidenta-ukrayini-pid-chas-spilnogo-z-premyer-minis-101385","Заява Президента України під час спільного з Премʼєр-міністром Греції спілкування з журналістами"
"https://www.president.gov.ua/news/zhodnogo-dnya-mi-ne-vtrachayemo-dlya-nashoyi-derzhavi-vzhe-n-101369","Жодного дня ми не втрачаємо для нашої держави, вже на сьогодні підготували домовленість із Грецією по газу для України – звернення Президента"
"https://www.president.gov.ua/news/sogodni-vzhe-startuvala-nasha-programa-zimovoyi-pidtrimki-i-101365","Сьогодні вже стартувала наша програма зимової підтримки, і за перші 2 години прийому заявок було вже пів мільйона заявок — звернення Президента"
"https://www.president.gov.ua/news/ukrayina-maye-robiti-vse-shob-zhoden-rosijskij-udar-ne-zalis-101357","Україна має робити все, щоб жоден російський удар не залишався безкарним – звернення Президента"
"https://www.president.gov.ua/news/zavtra-provedu-stavku-shodo-same-cogo-regionu-same-po-zahist-101329","Завтра проведу Ставку щодо саме цього регіону, саме по захисту Запоріжжя та по всіх піднятих питаннях – звернення Президента"
"https://www.president.gov.ua/news/povinna-buti-maksimalna-chistota-v-energetici-vsih-procesiv-101297","Повинна бути максимальна чистота в енергетиці, всіх процесів абсолютно – звернення Президента"
"https://www.president.gov.ua/news/viznachili-sho-treba-dati-hersonu-shob-bulo-bilshe-zahistu-z-101281","Визначили, що треба дати Херсону, щоб було більше захисту – звернення Президента"
"https://www.president.gov.ua/news/mi-gotuyemo-ugodi-z-kilkoma-yevropejskimi-krayinami-v-tomu-c-101273","Ми готуємо угоди з кількома європейськими країнами, в тому числі на посилення нашого захисту неба й нашої енергетики – звернення Президента"
"https://www.president.gov.ua/news/povinno-buti-znachno-bilshe-tisku-na-vsi-shemi-yaki-dozvolya-101257","Повинно бути значно більше тиску на всі схеми, які дозволяють працювати російському воєнному виробництву – звернення Президента"
"https://www.president.gov.ua/news/tisku-na-rosiyu-zamalo-i-bud-yaki-poslablennya-v-uzhe-isnuyu-101241","Тиску на Росію замало, і будь-які послаблення в уже існуючих форматах тиску тільки мотивують Путіна затягувати війну — звернення Президента"
"https://www.president.gov.ua/news/budemo-zbilshuvati-finansuvannya-brigadam-korpusam-yaki-na-p-101213","Будемо збільшувати фінансування бригадам, корпусам, які на першій лінії, в найбільш гарячих боях – звернення Президента"
"https://www.president.gov.ua/news/listopad-maye-prinesti-ne-menshe-rezultativ-iz-partnerami-ni-101185","Листопад має принести не менше результатів із партнерами, ніж дав жовтень – звернення Президента"
"https://www.president.gov.ua/news/doruchiv-zbilshiti-finansuvannya-korpusiv-na-klyuchovih-napr-101153","Доручив збільшити фінансування корпусів на ключових напрямках, обговорив це з командуванням – звернення Президента"
"https://www.president.gov.ua/news/ye-horoshij-rezultat-dlya-nashoyi-ppo-ukrayina-maye-teper-bi-101105","Є хороший результат для нашої ППО – Україна має тепер більше «петріотів» – звернення Президента"
"https://www.president.gov.ua/news/doruchiv-uryadu-sformuvati-dostatno-znachimij-paket-program-101101","Доручив уряду сформувати достатньо значимий пакет програм, які запрацюють уже в грудні, – зимову підтримку – звернення Президента"
"https://www.president.gov.ua/news/pracyuyemo-shob-buli-dlya-ukrayini-horoshi-novini-i-ce-bude-101089","Працюємо, щоб були для України хороші новини, і це буде – звернення Президента"
"https://www.president.gov.ua/news/ye-pershi-detali-shodo-efektu-amerikanskih-ta-yevropejskih-s-101073","Є перші деталі щодо ефекту американських та європейських санкцій проти російських нафтових компаній, і це доволі відчутно – звернення Президента"
"https://www.president.gov.ua/news/rosiya-povinna-zakinchiti-svoyu-vijnu-inakshe-maye-zakinchit-101065","Росія повинна закінчити свою війну, інакше має закінчитися російський нафтовий експорт – звернення Президента"
"https://www.president.gov.ua/news/vsi-zavdannya-shodo-dipstrajkiv-do-kincya-roku-mayut-buti-po-101033","Всі завдання щодо дипстрайків до кінця року мають бути повністю реалізовані, і це включає також розширення географії нашої далекобійності – звернення Президента"
"https://www.president.gov.ua/news/tilki-za-odin-cej-tizhden-rosiyani-zastosuvali-proti-ukrayin-101025","Тільки за один цей тиждень росіяни застосували проти України майже 1200 ударних дронів і вже 50 ракет різних типів – звернення Президента"
"https://www.president.gov.ua/news/zayava-prezidenta-ukrayini-pid-chas-spilnogo-z-liderami-kray-101021","Заява Президента України під час спільного з лідерами країн Коаліції охочих та Генсеком НАТО спілкування з журналістами"
"https://www.president.gov.ua/news/vistup-prezidenta-ukrayini-na-zasidanni-lideriv-krayin-koali-101005","Виступ Президента України на засіданні лідерів країн Коаліції охочих"
"https://www.president.gov.ua/news/ye-politichna-gotovnist-yevropi-napraviti-zamorozheni-rosijs-101009","Є політична готовність Європи направити заморожені російські активи на повноцінну підтримку України – звернення Президента"
"https://www.president.gov.ua/news/zvernennya-prezidenta-do-uchasnikiv-zasidannya-yevropejskoyi-100925","Звернення Президента до учасників засідання Європейської ради"
"https://www.president.gov.ua/news/zayava-prezidenta-ukrayini-pid-chas-spilnogo-z-premyer-minis-100905","Заява Президента України під час спільного з Прем’єр-міністром Швеції спілкування з представниками медіа"
"https://www.president.gov.ua/news/liniya-frontu-mozhe-buti-pochatkom-diplomatiyi-zvernennya-pr-100889","Лінія фронту може бути початком дипломатії – звернення Президента"
"https://www.president.gov.ua/news/pracyuyemo-z-amerikoyu-shob-use-zh-taki-ukrayina-mogla-otrim-100881","Працюємо з Америкою, щоб усе ж таки Україна могла отримати необхідну кількість систем «Петріот» – звернення Президента"
"https://www.president.gov.ua/news/gotuyemo-pevni-nashi-kroki-na-fronti-ta-vidpovidayemo-rosiya-100873","Готуємо певні наші кроки на фронті та відповідаємо росіянам на кожен їхній удар – звернення Президента"
"https://www.president.gov.ua/news/taki-rechi-yak-petrioti-j-tomagavki-zdatni-zaklasti-dovgotri-100825","Такі речі, як «петріоти» й «томагавки», здатні закласти довготривалий фундамент миру – звернення Президента"
"https://www.president.gov.ua/news/odesa-zaslugovuye-na-bilshij-zahist-i-bilshu-pidtrimku-ce-mo-100809","Одеса заслуговує на більший захист і більшу підтримку; це можна зробити у форматі військової адміністрації – звернення Президента"
"https://www.president.gov.ua/news/zvernennya-prezidenta-do-uchasnikiv-71-yi-shorichnoyi-sesiyi-100777","Звернення Президента до учасників 71-ї щорічної сесії Парламентської асамблеї НАТО"
"https://www.president.gov.ua/news/mi-bachimo-ta-chuyemo-sho-rosiya-boyitsya-sho-amerikanci-moz-100773","Ми бачимо та чуємо, що Росія боїться, що американці можуть дати нам «томагавки», і це сигнал, що саме такий тиск може спрацювати для миру – звернення Президента"
"https://www.president.gov.ua/news/sogodni-ya-otrimav-neobhidni-signali-sho-amerika-rozglyadaye-100761","Сьогодні я отримав необхідні сигнали, що Америка розглядає можливості посилити нашу співпрацю – звернення Президента"
"https://www.president.gov.ua/news/vidpovid-na-rosijskij-teror-mozhe-buti-lishe-odna-bilshe-sil-100733","Відповідь на російський терор може бути лише одна: більше сили, ППО та тиску на Росію, щоб вони реально відповідали за все – звернення Президента"
"https://www.president.gov.ua/news/zavdannya-zaraz-buti-znachno-aktivnishimi-v-usomu-sho-stosuy-100713","Завдання зараз – бути значно активнішими в усьому, що стосується підготовки та виконання далекобійних санкцій проти Росії – звернення Президента"
"https://www.president.gov.ua/news/vid-pochatku-dobropilskoyi-kontrnastupalnoyi-operaciyi-j-do-100685","Від початку Добропільської контрнаступальної операції й до сьогодні росіяни мають уже більш ніж 12 тисяч втрат – звернення Президента"
"https://www.president.gov.ua/news/na-cyu-zimu-zberezhemo-fiksovanu-cinu-na-gaz-dlya-pobutovih-100673","На цю зиму збережемо фіксовану ціну на газ для побутових споживачів, підвищень ціни газу не буде – звернення Президента"
"https://www.president.gov.ua/news/dav-chitki-zavdannya-shodo-elektriki-shodo-obyektiv-generaci-100653","Дав чіткі завдання щодо електрики – щодо об’єктів генерації та додаткового обладнання на зиму; збільшуємо запаси обладнання – звернення Президента"
"https://www.president.gov.ua/news/zayava-prezidenta-ukrayini-pid-chas-spilnogo-z-premyer-minis-100637","Заява Президента України під час спільного з Прем’єр-міністром Нідерландів спілкування з журналістами"
"https://www.president.gov.ua/news/mi-mayemo-zrobiti-cinu-vijni-dlya-agresora-absolyutno-neprij-100625","Ми маємо зробити ціну війни для агресора абсолютно неприйнятною і зробимо це – виступ Президента на міжнародному Форумі оборонних індустрій"
"https://www.president.gov.ua/news/rosiya-vidverto-namagayetsya-znishiti-nashu-civilnu-infrastr-100613","Росія відверто намагається знищити нашу цивільну інфраструктуру і саме зараз, перед зимою – звернення Президента"
"https://www.president.gov.ua/news/neprosta-situaciya-z-elektrikoyu-pislya-udariv-ale-maksimum-100597","Непроста ситуація з електрикою після ударів, але максимум робиться, щоб відновити постачання – звернення Президента"
"https://www.president.gov.ua/news/rosiya-obiraye-vijnu-rujnuye-zhittya-nashih-lyudej-i-povinna-100589","Росія обирає війну, руйнує життя наших людей і повинна за це відповідати – далекобійність наша буде збільшуватись – звернення Президента"
"https://www.president.gov.ua/news/zayava-prezidenta-ukrayini-pid-chas-spilnogo-z-premyer-minis-100569","Заява Президента України під час спільного з Прем’єр-міністеркою Данії спілкування з журналістами"
"https://www.president.gov.ua/news/zvernennya-prezidenta-ukrayini-do-uchasnikiv-somogo-samitu-y-100529","Звернення Президента України до учасників сьомого саміту Європейської політичної спільноти"
"https://www.president.gov.ua/news/vazhlivo-bezposeredno-vidpovidati-rosiyi-shob-voni-vidchuli-100513","Важливо безпосередньо відповідати Росії, щоб вони відчули справжню ціну своїх дій – звернення Президента до учасників засідання Європейської ради"
"https://www.president.gov.ua/news/zvernennya-prezidenta-z-nagodi-prisvoyennya-pochesnoyi-vidzn-100481","Звернення Президента з нагоди присвоєння почесної відзнаки «Місто-герой України» 16 містам"
"https://www.president.gov.ua/news/zvernennya-prezidenta-z-nagodi-dnya-zahisnikiv-i-zahisnic-uk-100473","Звернення Президента з нагоди Дня захисників і захисниць України"
"https://www.president.gov.ua/news/uzhe-somij-den-ranishe-ne-bulo-takogo-avarijna-situaciya-na-100469","Уже сьомий день – раніше не було такого – аварійна ситуація на Запорізькій атомній станції – звернення Президента"
"https://www.president.gov.ua/news/planuyemo-kontrakti-ta-virobnictvo-tak-shob-nashi-arsenali-b-100449","Плануємо контракти та виробництво так, щоб наші арсенали були достатньо наповнені – звернення Президента"
"https://www.president.gov.ua/news/majzhe-vsi-zagrozi-bezpeci-u-yevropi-sogodni-jdut-vid-rujniv-100425","Майже всі загрози безпеці у Європі сьогодні йдуть від руйнівних дій Росії – виступ Президента України на Варшавському безпековому форумі"
"https://www.president.gov.ua/news/osoblivo-vazhlivo-shob-sankciyi-bolisno-vdarili-po-rosijskij-100417","Особливо важливо, щоб санкції болісно вдарили по російській торгівлі енергоресурсами, по всій інфраструктурі танкерного флоту Росії – звернення Президента"
"https://www.president.gov.ua/news/putin-breshe-lideram-yaki-z-nim-dosi-she-rozmovlyayut-koli-k-100409","Путін бреше лідерам, які з ним досі ще розмовляють, коли каже, що окупаційний контингент досягає якихось там їхніх цілей – звернення Президента"
"https://www.president.gov.ua/news/vistup-prezidenta-na-pyatomu-samiti-mizhnarodnoyi-krimskoyi-100341","Виступ Президента на п’ятому саміті міжнародної Кримської платформи в Нью-Йорку"
"https://www.president.gov.ua/news/vistup-prezidenta-pid-chas-zagalnih-debativ-generalnoyi-asam-100349","Виступ Президента під час загальних дебатів Генеральної Асамблеї ООН у Нью-Йорку"
"https://www.president.gov.ua/news/vistup-prezidenta-pid-chas-zasidannya-visokogo-rivnya-radi-b-100305","Виступ Президента під час засідання високого рівня Ради Безпеки ООН щодо України"
"https://www.president.gov.ua/news/zvernennya-prezidenta-do-uchasnikiv-samitu-mizhnarodnoyi-koa-100285","Звернення Президента до учасників саміту Міжнародної коаліції за повернення українських дітей на рівні лідерів"
"https://www.president.gov.ua/news/vazhlivo-shob-tizhden-dodav-svitovi-nalashtovanosti-na-silni-100261","Важливо, щоб тиждень додав світові налаштованості на сильні дії – звернення Президента"
"https://www.president.gov.ua/news/cej-tizhden-nabliziv-uzgodzhennya-19-go-paketu-sankcij-ochik-100249","Цей тиждень наблизив узгодження 19-го пакету санкцій, очікуємо на затвердження, швидко синхронізуємо пакет в Україні – звернення Президента"
"https://www.president.gov.ua/news/suttyevi-u-rosiyan-vtrati-suttyevo-popovneno-i-obminnij-fond-100233","Суттєві у росіян втрати, суттєво поповнено і обмінний фонд для нашої держави – звернення Президента"
"https://www.president.gov.ua/news/zdijsnyuyemo-zaraz-odnu-z-nashih-kontrnastupalnih-operacij-n-100213","Здійснюємо зараз одну з наших контрнаступальних операцій на Донецькому напрямку – звернення Президента"
"https://www.president.gov.ua/news/zayava-prezidenta-ukrayini-za-pidsumkami-zustrichi-z-prezide-100193","Заява Президента України за підсумками зустрічі з Президенткою Європарламенту"
"https://www.president.gov.ua/news/zhodnogo-druzhnogo-namiru-v-rosiyi-nemaye-i-ce-myako-kazhuch-100181","Жодного дружнього наміру в Росії немає, і це м’яко кажучи – звернення Президента"
"https://www.president.gov.ua/news/pered-zimoyu-mi-mayemo-vikonati-na-100-kozhnu-domovlenist-sh-100169","Перед зимою ми маємо виконати на 100 % кожну домовленість щодо постачання систем ППО та ракет до них – звернення Президента"
"https://www.president.gov.ua/news/suttyevo-obmezhili-rosijsku-naftovu-galuz-i-ce-suttyevo-obme-100157","Суттєво обмежили російську нафтову галузь, і це суттєво обмежує війну – звернення Президента"
"https://www.president.gov.ua/news/kozhen-hto-pragne-zavershennya-ciyeyi-vijni-maye-zrobiti-te-100149","Кожен, хто прагне завершення цієї війни, має зробити те, що треба для зупинки російської машини війни – звернення Президента"
"https://www.president.gov.ua/news/rosijska-mashina-vijni-zupinitsya-tilki-todi-koli-v-neyi-zak-100101","Російська машина війни зупиниться тільки тоді, коли в неї закінчиться пальне – виступ Президента на щорічній зустрічі «Ялтинська європейська стратегія»"
"https://www.president.gov.ua/news/vistup-prezidenta-na-pyatomu-samiti-pershih-ledi-ta-dzhentlm-100093","Виступ Президента на п’ятому Саміті перших леді та джентльменів"
"https://www.president.gov.ua/news/zayava-prezidenta-ukrayini-za-pidsumkami-zustrichi-z-prezide-100069","Заява Президента України за підсумками зустрічі з Президентом Фінляндії"
"https://www.president.gov.ua/news/ukrayina-proponuye-skoordinovano-produmano-spilno-zahishati-100049","Україна пропонує скоординовано, продумано, спільно захищати повітряний простір – звернення Президента"
"https://www.president.gov.ua/news/rosiyani-prodovzhuyut-vbivati-i-zhahlivo-sho-nemaye-dostatno-100033","Росіяни продовжують вбивати, і жахливо, що немає достатньо сильної реакції глобальних суб’єктів – звернення Президента"
"https://www.president.gov.ua/news/rosiyani-zaraz-koncentruyut-znovu-udari-proti-energetiki-zvi-100029","Росіяни зараз концентрують знову удари проти енергетики; звісно, відповіді наші на це є й будуть – звернення Президента"
"https://www.president.gov.ua/news/ochevidno-rosiya-starayetsya-zavdati-bolyu-ukrayini-i-udari-100017","Очевидно, Росія старається завдати болю Україні, і удари більш наглі – звернення Президента"
"https://www.president.gov.ua/news/sered-golovnih-prioritetiv-dlya-vsiyeyi-nashoyi-roboti-z-par-100013","Серед головних пріоритетів для всієї нашої роботи з партнерами – більший захист неба, захист проти російських «шахедів» та ракет – звернення Президента"
"https://www.president.gov.ua/news/zayava-prezidenta-ukrayini-pid-chas-spilnogo-z-premyer-minis-99997","Заява Президента України під час спільного з Прем’єр-міністром Словаччини спілкування з представниками ЗМІ"
"https://www.president.gov.ua/news/vistup-prezidenta-na-zasidanni-kongresu-miscevih-ta-regional-99989","Виступ Президента на засіданні Конгресу місцевих та регіональних влад"
"https://www.president.gov.ua/news/zayava-prezidenta-ukrayini-pid-chas-spilnogo-z-prezidentom-y-99977","Заява Президента України під час спільного з Президентом Євроради спілкування з представниками ЗМІ"
"https://www.president.gov.ua/news/yevropi-potribna-nova-merezha-suchasnogo-oboronnogo-virobnic-99969","Європі потрібна нова мережа сучасного оборонного виробництва – звернення Президента до учасників Міжнародного економічного форуму «Амброзетті»"
"https://www.president.gov.ua/news/zayava-prezidenta-ukrayini-pid-chas-spilnogo-z-prezidentom-f-99957","Заява Президента України під час спільного з Президентом Франції спілкування з представниками ЗМІ"
"https://www.president.gov.ua/news/zayava-prezidenta-ukrayini-pid-chas-spilnogo-z-premyer-minis-99929","Заява Президента України під час спільного з Премʼєр-міністеркою Данії спілкування з представниками ЗМІ"
"https://www.president.gov.ua/news/faktichno-grupi-rosijskih-droniv-u-nashomu-nebi-akompanement-99913","Фактично групи російських дронів у нашому небі – акомпанемент російським заявам із Китаю – звернення Президента"
"https://www.president.gov.ua/news/yedinij-hto-hoche-vijni-ce-rosiya-tomu-budemo-tisnuti-j-nada-99873","Єдиний, хто хоче війни, – це Росія, тому будемо тиснути й надалі – звернення Президента"
"https://www.president.gov.ua/news/pripinennya-vognyu-potribne-i-todi-ce-bude-chitkij-signal-sh-99865","Припинення вогню потрібне, і тоді це буде чіткий сигнал, що Росія готова до дипломатії — звернення Президента"
"https://www.president.gov.ua/news/rosiya-zaraz-zavdaye-udariv-po-vsih-u-sviti-hto-pragne-miru-99829","Росія зараз завдає ударів по всіх у світі, хто прагне миру – звернення Президента"
"https://www.president.gov.ua/news/rosiyani-mayut-bachiti-naskilki-serjozno-svit-nalashtovanij-99809","Росіяни мають бачити, наскільки серйозно світ налаштований та наскільки поганими будуть наслідки для Росії, якщо війна буде продовжуватись – звернення Президента"
"https://www.president.gov.ua/news/z-nashogo-boku-vse-bude-maksimalno-gotove-shob-vijnu-zakinch-99781","З нашого боку все буде максимально готове, щоб війну закінчити – звернення Президента"
"https://www.president.gov.ua/news/zayava-prezidenta-ukrayini-za-pidsumkami-zustrichi-z-premyer-99749","Заява Президента України за підсумками зустрічі з Премʼєр-міністром Норвегії"
"https://www.president.gov.ua/news/vistup-prezidenta-pid-chas-ceremoniyi-nagorodzhennya-vidznak-99741","Виступ Президента під час церемонії нагородження відзнакою «Національна легенда України»"
"https://www.president.gov.ua/news/zayava-prezidenta-ukrayini-za-pidsumkami-zustrichi-z-premyer-99717","Заява Президента України за підсумками зустрічі з Прем’єр-міністром Канади"
"https://www.president.gov.ua/news/zvernennya-prezidenta-z-nagodi-dnya-nezalezhnosti-ukrayini-99705","Звернення Президента з нагоди Дня Незалежності України"
"https://www.president.gov.ua/news/zvernennya-prezidenta-ukrayini-z-nagodi-dnya-derzhavnogo-pra-99685","Звернення Президента України з нагоди Дня Державного прапора"
"https://www.president.gov.ua/news/vistup-prezidenta-na-viii-mizhnarodnomu-veteranskomu-forumi-99673","Виступ Президента на VІІІ Міжнародному ветеранському форумі «Україна. Ветерани. Безпека»"
"https://www.president.gov.ua/news/zayava-prezidenta-ukrayini-za-pidsumkami-zustrichi-z-general-99669","Заява Президента України за підсумками зустрічі з Генеральним секретарем НАТО"
"https://www.president.gov.ua/news/robimo-j-budemo-robiti-vse-neobhidne-shob-zahistiti-nashu-de-99649","Робимо й будемо робити все необхідне, щоб захистити нашу державу та людей – звернення Президента"
"https://www.president.gov.ua/news/zayava-prezidenta-ukrayini-pid-chas-spilnogo-z-prezidentkoyu-99597","Заява Президента України під час спільного з Президенткою Єврокомісії спілкування зі ЗМІ"
"https://www.president.gov.ua/news/ukrayina-gotova-pracyuvati-maksimalno-produktivno-shob-zaver-99581","Україна готова працювати максимально продуктивно, щоб завершити війну, і сподіваємось на сильну позицію Америки – звернення Президента"
"https://www.president.gov.ua/news/zayava-prezidenta-ukrayini-pid-chas-spilnogo-z-federalnim-ka-99553","Заява Президента України під час спільного з Федеральним канцлером Німеччини спілкування з представниками ЗМІ"
"https://www.president.gov.ua/news/mir-mozhe-buti-stalim-tilki-za-uchastyu-ukrayini-v-pidgotovc-99533","Мир може бути сталим тільки за участю України в підготовці відповідних рішень – звернення Президента"
"https://www.president.gov.ua/news/nemaye-zhodnoyi-oznaki-sho-rosiyani-otrimali-signali-gotuvat-99513","Немає жодної ознаки, що росіяни отримали сигнали готуватися до післявоєнної ситуації – звернення Президента"
"https://www.president.gov.ua/news/rozumiyemo-namir-rosiyan-sprobuvati-obmanuti-ameriku-ne-dopu-99493","Розуміємо намір росіян спробувати обманути Америку, не допустимо цього – звернення Президента"
"https://www.president.gov.ua/news/shlyah-do-miru-dlya-ukrayini-maye-viznachatisya-razom-z-ukra-99473","Шлях до миру для України має визначатися разом з Україною, це принципово — звернення Президента"
"https://www.president.gov.ua/news/vidpovid-na-ukrayinske-teritorialne-pitannya-ye-vzhe-v-konst-99445","Відповідь на українське територіальне питання є вже в Конституції України, відступати від цього ніхто не буде і не зможе – звернення Президента"
"https://www.president.gov.ua/news/vsih-obyednuye-usvidomlennya-sho-ye-mozhlivist-dosyagti-yak-99433","Всіх об’єднує усвідомлення, що є можливість досягти як мінімум припинення вогню, і все залежить від правильного тиску на Росію – звернення Президента"
"https://www.president.gov.ua/news/vsi-partneri-rozumiyut-hto-povinen-zrobiti-kroki-do-zavershe-99409","Всі партнери розуміють, хто повинен зробити кроки до завершення цієї війни – звернення Президента"
"https://www.president.gov.ua/news/shozhe-rosiya-teper-bilshe-nalashtovana-na-pripinennya-vogny-99377","Схоже, Росія тепер більше налаштована на припинення вогню, тиск на них спрацьовує – звернення Президента"
"https://www.president.gov.ua/news/shob-rosiya-pishla-na-mir-u-neyi-mayut-zakinchitisya-groshi-99357","Щоб Росія пішла на мир, у неї мають закінчитися гроші на війну – звернення Президента"
"https://www.president.gov.ua/news/derzhava-bude-j-nadali-pidtrimuvati-nashi-mista-nashi-gromad-99313","Держава буде й надалі підтримувати наші міста, наші громади східної частини України – звернення Президента"
"https://www.president.gov.ua/news/nasha-meta-ce-povna-j-efektivna-integraciya-povitryanih-sil-99289","Наша мета – це повна й ефективна інтеграція Повітряних сил України з силами НАТО – звернення Президента"
"https://www.president.gov.ua/news/rosiya-zatyaguye-vijnu-otzhe-bude-otrimuvati-spravedlivi-vid-99281","Росія затягує війну, отже, буде отримувати справедливі відповіді – звернення Президента"
"https://www.president.gov.ua/news/duzhe-vazhlivo-sho-pochala-zaraz-tisnuti-na-rosiyu-perspekti-99273","Дуже важливо, що почала зараз тиснути на Росію перспектива нових санкцій – звернення Президента"
"https://www.president.gov.ua/news/ukrayinski-pidrozdili-zahishayut-poziciyi-i-kozhnu-rosijsku-99265","Українські підрозділи захищають позиції і кожну російську спробу просуватися на Донеччині, Сумщині, Харківщині зрештою відбивають – звернення Президента"
"https://www.president.gov.ua/news/hochu-podyakuvati-vsim-parlamentaryam-za-uhvalennya-mogo-zak-99257","Хочу подякувати всім парламентарям за ухвалення мого законопроєкту – тепер уже закону; щойно підписав документ – звернення Президента"
"https://www.president.gov.ua/news/vistup-prezidenta-ukrayini-na-konferenciyi-z-nagodi-50-richc-99245","Виступ Президента України на конференції з нагоди 50-річчя Гельсінського заключного акта ОБСЄ"
"https://www.president.gov.ua/news/kozhen-hto-obiraye-storonu-okupanta-maye-vidchuti-spravedliv-99241","Кожен, хто обирає сторону окупанта, має відчути справедливу силу українського правопорядку – звернення Президента"
"https://www.president.gov.ua/news/rosiya-absolyutno-ne-zvertaye-uvagi-na-vsih-u-sviti-hto-prag-99237","Росія абсолютно не звертає уваги на всіх у світі, хто прагне закінчити цю війну – звернення Президента"
"https://www.president.gov.ua/news/nadzvichajno-vagoma-zayava-prezidenta-trampa-i-ce-pravda-sam-99213","Надзвичайно вагома заява Президента Трампа; і це правда – саме Росія робить усе, щоб зірвати мирні зусилля та затягнути цю війну – звернення Президента"
"https://www.president.gov.ua/news/zaraz-takij-moment-koli-treba-natisnuti-na-rosiyu-tak-shob-u-99185","Зараз такий момент, коли треба натиснути на Росію так, щоб уже наступного року війни не було – звернення Президента"
"https://www.president.gov.ua/news/gotuyemo-bilshe-nepriyemnostej-dlya-voroga-zvernennya-prezid-99177","Готуємо більше неприємностей для ворога – звернення Президента"
"https://www.president.gov.ua/news/doruchiv-uryadovcyam-predstaviti-zakonoproyekt-vsim-nashim-p-99149","Доручив урядовцям представити законопроєкт всім нашим партнерам і залучити всі необхідні експертні можливості – звернення Президента"
"https://www.president.gov.ua/news/zaproponuyu-verhovnij-radi-ukrayini-zakonoproyekt-yakij-bude-99125","Запропоную Верховній Раді України законопроєкт, який буде відповіддю; усі норми для незалежності антикорупційних інституцій будуть – звернення Президента"
"https://www.president.gov.ua/news/antikorupcijna-infrastruktura-pracyuvatime-tilki-bez-rosijsk-99117","Антикорупційна інфраструктура працюватиме, тільки без російських впливів – від цього треба очистити – звернення Президента"
"https://www.president.gov.ua/news/zaprovadzhuyemo-moratorij-zaboronu-na-perevirki-biznesiv-i-v-99105","Запроваджуємо мораторій – заборону – на перевірки бізнесів і взагалі будь-яке втручання правоохоронних органів, контролюючих, різних державних структур у діяльність бізнесу – звернення Президента"
"https://www.president.gov.ua/news/zvernennya-prezidenta-do-uchasnikiv-shorichnoyi-naradi-keriv-99093","Звернення Президента до учасників щорічної наради керівників закордонних дипломатичних установ України «Від сили дипломатії до дипломатії сили»"
"https://www.president.gov.ua/news/treba-robiti-vse-shob-dosyagti-pripinennya-vognyu-i-rosijski-99077","Треба робити все, щоб досягти припинення вогню, і російській стороні треба перестати ховатися від рішень – звернення Президента"
"https://www.president.gov.ua/news/vistup-prezidenta-ukrayini-na-plenarnomu-zasidanni-verhovnoy-99049","Виступ Президента України на пленарному засіданні Верховної Ради"
"https://www.president.gov.ua/news/mayemo-dosyagti-rivnya-50-ukrayinskoyi-zbroyi-za-pershi-shis-99041","Маємо досягти рівня 50 % української зброї за перші шість місяців роботи нового уряду – звернення Президента"
"https://www.president.gov.ua/news/zvernennya-prezidenta-volodimira-zelenskogo-z-nagodi-dnya-uk-99025","Звернення Президента Володимира Зеленського з нагоди Дня Української Державності"
"https://www.president.gov.ua/news/rozrahovuyu-na-dostatnyu-pidtrimku-narodnimi-deputatami-novo-99021","Розраховую на достатню підтримку народними депутатами нової конфігурації уряду України – звернення Президента"
"https://www.president.gov.ua/news/rozrahovuyemo-na-povne-rozuminnya-amerikoyu-togo-sho-mozhna-99009","Розраховуємо на повне розуміння Америкою того, що можна зробити заради примусу Росії до миру – звернення Президента"
"https://www.president.gov.ua/news/robimo-vse-shob-ukrayina-otrimala-yaknajbilshe-zasobiv-dlya-99005","Робимо все, щоб Україна отримала якнайбільше засобів для збиття дронів і ракет – звернення Президента"
"https://www.president.gov.ua/news/pracyuyemo-zaraz-iz-partnerami-nad-novim-postachannyam-nad-b-99001","Працюємо зараз із партнерами над новим постачанням, над більшим виробництвом зброї в Україні та забезпеченням нашої армії – звернення Президента"
"https://www.president.gov.ua/news/zayava-prezidenta-ukrayini-dlya-predstavnikiv-zmi-za-pidsumk-98969","Заява Президента України для представників ЗМІ за підсумками засідання лідерів країн – учасниць коаліції охочих"
"https://www.president.gov.ua/news/zvernennya-prezidenta-do-uchasnikiv-konferenciyi-z-pitan-vid-98929","Звернення Президента до учасників Конференції з питань відновлення України URC 2025"
"https://www.president.gov.ua/news/vazhlivo-shob-vidznachennya-nashih-voyiniv-derzhavnimi-nagor-98893","Важливо, щоб відзначення наших воїнів державними нагородами та спеціальними званнями відбувалося швидше та більш ґрунтовно – звернення Президента"
"https://www.president.gov.ua/news/krok-za-krokom-zakrivayemo-deficit-finansuvannya-na-virobnic-98885","Крок за кроком закриваємо дефіцит фінансування на виробництво дронів, заповнюємо українські виробничі лінії чіткими замовленнями – звернення Президента"
"https://www.president.gov.ua/news/shojno-pidpisav-novij-sankcijnij-paket-i-ce-osoblivi-sankciy-98861","Щойно підписав новий санкційний пакет – і це особливі санкції, які б'ють по багатьох російських фінансових схемах – звернення Президента"
"https://www.president.gov.ua/news/svit-dopomagaye-ukrayini-bo-virit-v-ukrayinciv-i-nashi-lyudi-98857","Світ допомагає Україні, бо вірить в українців, і наші люди дійсно заслуговують на цю довіру світу – звернення Президента"
"https://www.president.gov.ua/news/sogodni-desyatki-shahediv-buli-zbiti-same-dronami-perehoplyu-98849","Сьогодні десятки «шахедів» були збиті саме дронами-перехоплювачами, максимально це масштабуємо – звернення Президента"
"https://www.president.gov.ua/news/zvernennya-prezidenta-do-uchasnikiv-gala-vecheri-z-nagodi-po-98833","Звернення Президента до учасників гала-вечері з нагоди початку данського головування в Раді ЄС"
"https://www.president.gov.ua/news/zaraz-na-robochih-rivnyah-mizh-ukrayinoyu-ta-ssha-zyasovuyut-98797","Зараз на робочих рівнях між Україною та США з’ясовують усі деталі щодо постачання оборонної підтримки – звернення Президента"
"https://www.president.gov.ua/news/u-nas-ye-chitka-informaciya-i-partneri-ce-pidtverdzhuyut-sho-98781","У нас є чітка інформація – і партнери це підтверджують, – що санкції для Росії справді болісні – звернення Президента"
"https://www.president.gov.ua/news/rosiya-vkladayetsya-v-bezpilotnu-skladovu-ta-planuye-zbilshu-98765","Росія вкладається в безпілотну складову та планує збільшувати кількість дронів в ударах по нашій державі, ми готуємо нашу протидію – звернення Президента"
"https://www.president.gov.ua/news/pidpisav-ukaz-pro-vidznachennya-zvannyam-geroj-ukrayini-maks-98749","Підписав указ про відзначення званням Герой України Максима Устименка, одного з найкращих наших пілотів – звернення Президента"
"https://www.president.gov.ua/news/zvernennya-prezidenta-ukrayini-volodimira-zelenskogo-z-nagod-98729","Звернення Президента України Володимира Зеленського з нагоди Дня Конституції"
"https://www.president.gov.ua/news/masshtabuyemo-ukrayinskij-potencial-zokrema-shodo-perehoplyu-98721","Масштабуємо український потенціал, зокрема щодо перехоплювачів – звернення Президента"
"https://www.president.gov.ua/news/cya-vijna-povinna-stavati-dlya-rosiyi-vse-bilshoyu-j-bilshoy-98709","Ця війна повинна ставати для Росії все більшою й більшою проблемою – виступ Президента на конференції Fair Play"
"https://www.president.gov.ua/news/ukrayinskij-biznes-razom-iz-derzhavoyu-zabezpechuye-ponad-40-98697","Український бізнес разом із державою забезпечує понад 40 % зброї для захисту нашої незалежності – виступ Президента на Форумі держави та бізнесу"
"https://www.president.gov.ua/news/sho-silnishimi-budut-vashi-rishennya-silnishoyu-bude-nasha-o-98689","Що сильнішими будуть ваші рішення, то сильнішою буде наша оборона – звернення Президента України до учасників засідання Європейської ради"
"https://www.president.gov.ua/news/gaaga-chekaye-na-zdijsnennya-pravosuddya-vistup-prezidenta-u-98677","Гаага чекає на здійснення правосуддя – виступ Президента України перед представниками парламентів країн – членів ПАРЄ"
"https://www.president.gov.ua/news/zvernennya-prezidenta-ukrayini-do-senatu-j-palati-predstavni-98625","Звернення Президента України до Сенату й Палати представників парламенту Нідерландів"
"https://www.president.gov.ua/news/nemaye-zhodnih-oznak-togo-sho-putin-hoche-zupiniti-cyu-vijnu-98609","Немає жодних ознак того, що Путін хоче зупинити цю війну – звернення Президента до учасників Форуму оборонних індустрій"
"https://www.president.gov.ua/news/zhodnogo-poshirennya-yadernoyi-zbroyi-v-suchasnomu-sviti-ne-98573","Жодного поширення ядерної зброї в сучасному світі не повинно бути – звернення Президента"
"https://www.president.gov.ua/news/koli-vbivcya-kazhe-sho-hoche-vbiti-mi-sprijmayemo-ce-vidpovi-98565","Коли вбивця каже, що хоче вбити, ми сприймаємо це відповідно і будемо реагувати разом із партнерами – звернення Президента"
"https://www.president.gov.ua/news/rosijska-ekonomika-vzhe-degraduye-pidtrimayemo-cej-proces-is-98553","Російська економіка вже деградує, підтримаємо цей процес іще більше – звернення Президента"
"https://www.president.gov.ua/news/rosiya-povinna-j-nadali-vidchuvati-cilkom-spravedlivi-vtrati-98533","Росія повинна й надалі відчувати цілком справедливі втрати через свою агресію – звернення Президента"
"https://www.president.gov.ua/news/mi-mayemo-tisnuti-dali-na-rosiyu-v-usih-napryamah-shob-nares-98481","Ми маємо тиснути далі на Росію в усіх напрямах, щоб нарешті досягти миру – виступ Президента на спецзасіданні лідерів країн G7"
"https://www.president.gov.ua/news/putinu-osobisto-mir-ne-potriben-vin-sam-po-sobi-vijna-i-lish-98453","Путіну особисто мир не потрібен – він сам по собі війна, і лише реальний дефіцит грошей може переконати Росію бути безпечнішою для сусідів – звернення Президента"
"https://www.president.gov.ua/news/rosijski-udarni-droni-zalishayutsya-shodennoyu-zagrozoyu-i-p-98445","Російські ударні дрони залишаються щоденною загрозою, і потрібні значно більш результативні наші технологічні відповіді – звернення Президента"
"https://www.president.gov.ua/news/nashi-pidrozdili-na-sumshini-potrohu-vidshtovhuyut-okupanta-98429","Наші підрозділи на Сумщині потроху відштовхують окупанта – звернення Президента"
"https://www.president.gov.ua/news/zhodna-krayina-ne-mozhe-dozvoliti-sobi-vidstavannya-v-tehnol-98413","Жодна країна не може дозволити собі відставання в технологічному розвитку – виступ Президента на Global Security Forum"
"https://www.president.gov.ua/news/vistup-prezidenta-na-samiti-ukrayina-pivdenno-shidna-yevropa-98369","Виступ Президента на саміті Україна – Південно-Східна Європа"
"https://www.president.gov.ua/news/rosiya-protyagom-uzhe-misyaciv-postijno-zbilshuye-kilkist-za-98361","Росія протягом уже місяців постійно збільшує кількість засобів ураження в ударах – звернення Президента"
"https://www.president.gov.ua/news/kozhen-nash-pidrozdil-yakij-uspishno-vikonuye-zavdannya-na-s-98341","Кожен наш підрозділ, який успішно виконує завдання на своєму напрямку, береже всю державу – звернення Президента"
"https://www.president.gov.ua/news/rosijski-namiri-ne-zminyuyutsya-i-vse-zalezhit-vid-nashih-vo-98329","Російські наміри не змінюються, і все залежить від наших воїнів і кожного, хто допомагає державі – звернення Президента"
"https://www.president.gov.ua/news/tak-samo-yak-tisk-primusiv-rosiyu-zajti-v-peregovornij-proce-98321","Так само як тиск примусив Росію зайти в переговорний процес, тиск може примусити Росію стати реалістом у процесі перемовин – звернення Президента"
"https://www.president.gov.ua/news/rosiyani-postijno-namagayutsya-rozkoloti-svit-shob-ne-dati-p-98305","Росіяни постійно намагаються розколоти світ, щоб не дати посилити тиск за війну – звернення Президента"
"https://www.president.gov.ua/news/vistup-prezidenta-na-iii-mizhnarodnomu-samiti-mist-i-regioni-98297","Виступ Президента на ІІІ Міжнародному саміті міст і регіонів «Згуртовані заради миру і безпеки»"
"https://www.president.gov.ua/news/vzhe-prosto-nemaye-u-sviti-takih-mirnih-iniciativ-yaki-b-ros-98289","Вже просто немає у світі таких мирних ініціатив, які б Росія не відкинула, їм усе не подобається, їм подобаються тільки руїни та вбивства – звернення Президента"
"https://www.president.gov.ua/news/rosiya-povinna-realno-vidchuvati-sho-vijna-girshe-nizh-mir-z-98273","Росія повинна реально відчувати, що війна – гірше, ніж мир – звернення Президента"
"https://www.president.gov.ua/news/mi-ne-povinni-dozvoliti-rosiyi-spotvoryuvati-realnist-chi-vv-98261","Ми не повинні дозволити Росії спотворювати реальність чи вводити світ в оману – виступ Президента на засіданні «Рамштайну»"
"https://www.president.gov.ua/news/chitka-nalashtovanist-rosiyi-na-vijnu-i-voni-cyu-svoyu-nalas-98237","Чітка налаштованість Росії на війну – і вони цю свою налаштованість доводять і ударами, і заявами – усе це аргументи, щоб були нові санкції проти Росії – звернення Президента"
"https://www.president.gov.ua/news/zayava-prezidenta-ukrayini-za-pidsumkami-samitu-buharestskoy-98213","Заява Президента України за підсумками саміту «Бухарестської дев’ятки» та нордичних країн"
"https://www.president.gov.ua/news/vistup-prezidenta-ukrayini-na-samiti-buharestskoyi-devyatki-98197","Виступ Президента України на саміті «Бухарестської дев’ятки» та нордичних країн у Вільнюсі"
"https://www.president.gov.ua/news/provedena-bliskucha-operaciya-na-teritoriyi-voroga-viklyuchn-98193","Проведена блискуча операція на території ворога, виключно проти військових цілей – звернення Президента"
"https://www.president.gov.ua/news/ukrayina-ne-bude-prosto-chekati-koli-rosiya-dozriye-do-zaver-98189","Україна не буде просто чекати, коли Росія дозріє до завершення війни – звернення Президента"
"https://www.president.gov.ua/news/zhoden-den-ne-maye-vtrachatis-bo-kozhen-den-pidrivu-rosiyana-98173","Жоден день не має втрачатись, бо кожен день підриву росіянами дипломатії – це втрачені життя людей – звернення Президента"
"https://www.president.gov.ua/news/rosiya-zatyaguye-vijnu-i-robit-use-shob-prosto-obduriti-kray-98121","Росія затягує війну і робить усе, щоб просто обдурити країни, які ще намагаються впливати на Москву словом, а не тиском – звернення Президента"
"https://www.president.gov.ua/news/vzhe-sotni-ukrayinskih-kompanij-dayut-rezultati-dlya-sil-obo-98085","Вже сотні українських компаній дають результати для Сил оборони України, і буде більше – звернення Президента"
"https://www.president.gov.ua/news/bachimo-z-informaciyi-yaku-zdobuvaye-rozvidka-ta-z-vidkritih-98065","Бачимо з інформації, яку здобуває розвідка, та з відкритих даних, що Путін і його оточення не планують завершувати війну – звернення Президента"
"https://www.president.gov.ua/news/nastupnij-tizhden-maye-buti-chasom-aktivnosti-zaradi-novogo-98053","Наступний тиждень має бути часом активності заради нового тиску на Росію, тобто заради миру – звернення Президента"
"https://www.president.gov.ua/news/vazhlivo-sho-ukrayina-povertaye-svoyih-dyakuyu-vsim-u-sviti-98045","Важливо, що Україна повертає своїх, дякую всім у світі, хто нам допомагає – звернення Президента"
"https://www.president.gov.ua/news/svitovi-ochevidno-same-rosiya-vinna-sho-vijna-dosi-trivaye-z-98025","Світові очевидно: саме Росія винна, що війна досі триває – звернення Президента"
"https://www.president.gov.ua/news/same-ameriki-boyatsya-v-rosiyi-i-same-amerikanskij-vpliv-zda-97949","Саме Америки бояться в Росії, і саме американський вплив здатен зберегти багато життів – звернення Президента"
"https://www.president.gov.ua/news/prioritet-nomer-odin-ce-povne-bezumovne-j-chesne-pripinennya-97825","Пріоритет номер один – це повне, безумовне й чесне припинення вогню – виступ Президента України на саміті Європейської політичної спільноти"
"https://www.president.gov.ua/news/ochikuyu-hto-pribude-vid-rosiyi-i-todi-budu-viznachati-yaki-97789","Очікую, хто прибуде від Росії, і тоді буду визначати, які кроки варто робити Україні – звернення Президента"
"https://www.president.gov.ua/news/ukrayina-absolyutno-gotova-do-spravdi-efektivnogo-formatu-ro-97769","Україна абсолютно готова до справді ефективного формату розмови – звернення Президента"
"https://www.president.gov.ua/news/na-zhal-svit-dosi-ne-otrimav-yasnoyi-vidpovidi-z-rosiyi-shod-97745","На жаль, світ досі не отримав ясної відповіді з Росії щодо численних пропозицій припинити вогонь, російські обстріли та штурми продовжуються – звернення Президента"
"https://www.president.gov.ua/news/u-nas-v-ukrayini-nemaye-zhodnoyi-problemi-vesti-peremovini-m-97725","У нас в Україні немає жодної проблеми вести перемовини – ми готові до будь-яких форматів – звернення Президента"
"https://www.president.gov.ua/news/ukrayina-gotova-shvidko-j-konstruktivno-ruhatisya-do-miru-vi-97689","Україна готова швидко й конструктивно рухатися до миру – виступ Президента на засіданні лідерів країн коаліції охочих"
"https://www.president.gov.ua/news/diplomatiyi-potribna-tisha-vistup-prezidenta-na-samiti-krayi-97669","Дипломатії потрібна тиша – виступ Президента на саміті країн – учасниць JEF"
"https://www.president.gov.ua/news/rosiya-maye-buti-prityagnuta-do-vidpovidalnosti-za-svoyu-agr-97657","Росія має бути притягнута до відповідальності за свою агресію так само, як і нацисти – виступ Президента на зустрічі міністрів закордонних справ ЄС"
"https://www.president.gov.ua/news/same-pripinennya-vognyu-trivale-j-nadijne-bude-realnim-pokaz-97653","Саме припинення вогню, тривале й надійне, буде реальним показником руху до миру; Америка може із цим допомогти – звернення Президента"
"https://www.president.gov.ua/news/zvernennya-prezidenta-z-nagodi-dnya-pamyati-ta-peremogi-nad-97625","Звернення Президента з нагоди Дня пам’яті та перемоги над нацизмом у Другій світовій війні 1939–1945 років"
"https://www.president.gov.ua/news/nasha-propoziciya-pripiniti-udari-pripiniti-vogon-shonajmens-97613","Наша пропозиція припинити удари, припинити вогонь щонайменше на 30 діб залишається в силі – звернення Президента"
"https://www.president.gov.ua/news/za-chas-ciyeyi-vijni-vdalosya-povernuti-z-polonu-vzhe-4-tisy-97605","За час цієї війни вдалося повернути з полону вже 4 тисячі 757 людей – звернення Президента"
"https://www.president.gov.ua/news/mi-gotovi-yaknajshvidshe-hoch-vidsogodni-perehoditi-do-pripi-97529","Ми готові якнайшвидше, хоч відсьогодні, переходити до припинення вогню, якщо Росія готова до дзеркальних кроків – звернення Президента"
"https://www.president.gov.ua/news/zavdannya-maksimalno-priskoryuvati-stvorennya-ukrayinskoyi-b-97521","Завдання – максимально прискорювати створення української балістики – звернення Президента"
"https://www.president.gov.ua/news/mayemo-pershij-rezultat-vatikanskoyi-zustrichi-yakij-robit-y-97493","Маємо перший результат ватиканської зустрічі, який робить її історичною – звернення Президента"
"https://www.president.gov.ua/news/treba-pripiniti-udari-pripiniti-vbivstva-j-pislya-cogo-shuka-97457","Треба припинити удари, припинити вбивства й після цього шукати рішення на перемовинах – звернення Президента"
"https://www.president.gov.ua/news/obirayemo-same-taki-bolovi-tochki-rosiyi-yaki-najbilshe-spon-97441","Обираємо саме такі больові точки Росії, які найбільше спонукатимуть Москву до дипломатії – звернення Президента"
"https://www.president.gov.ua/news/nam-potribna-bilsha-bezpekova-spivpracya-vistup-prezidenta-n-97429","Нам потрібна більша безпекова співпраця – виступ Президента на саміті Триморʼя"
"https://www.president.gov.ua/news/mi-cinuyemo-zhittya-lyudej-ne-paradi-zvernennya-prezidenta-97417","Ми цінуємо життя людей, а не паради – звернення Президента"
"https://www.president.gov.ua/news/nashi-poziciyi-trimayemo-silnimi-shob-buli-vsi-mozhlivosti-d-97385","Наші позиції тримаємо сильними, щоб були всі можливості для правильної дипломатії – звернення Президента"
"https://www.president.gov.ua/news/najblizhchimi-dnyami-mozhut-vidbutisya-duzhe-vagomi-zustrich-97341","Найближчими днями можуть відбутися дуже вагомі зустрічі, які повинні наблизити тишу для України – звернення Президента"
"https://www.president.gov.ua/news/same-pripinennya-vognyu-realne-trivale-maye-stati-pershim-kr-97297","Саме припинення вогню – реальне, тривале – має стати першим кроком до надійного й тривалого миру – звернення Президента"
"https://www.president.gov.ua/news/privitannya-prezidenta-ukrayini-z-velikodnem-97285","Привітання Президента України з Великоднем"
"https://www.president.gov.ua/news/spravzhnij-nadijnij-mir-mozhe-buti-dosyagnutij-same-todi-kol-97257","Справжній надійний мир може бути досягнутий саме тоді, коли реальність змусить Росію змиритися з нашими можливостями – звернення Президента"
"https://www.president.gov.ua/news/uzhe-34-dni-zberigayetsya-vidverta-rosijska-vidmova-vid-prip-97221","Уже 34 дні зберігається відверта російська відмова від припинення вогню – звернення Президента"
"https://www.president.gov.ua/news/dyakuyu-vsim-hto-sogodni-z-sumami-hto-pidtrimuye-odne-odnogo-97209","Дякую всім, хто сьогодні з Сумами, хто підтримує одне одного і хто робить усе для захисту та зміцнення України – звернення Президента"
"https://www.president.gov.ua/news/sogodni-poyizdka-na-dniprovshinu-u-krivij-rig-zvernennya-pre-97189","Сьогодні – поїздка на Дніпровщину, у Кривий Ріг – звернення Президента"
"https://www.president.gov.ua/news/desyat-sistem-patriot-ye-u-vilnogo-svitu-potribni-politichni-97169","Десять систем Patriot є у вільного світу; потрібні політичні рішення, щоб ці системи працювали заради миру – виступ Президента на засіданні «Рамштайну»"
"https://www.president.gov.ua/news/potribna-taktika-tisku-na-rosiyu-zaradi-togo-shob-teror-i-vi-97157","Потрібна тактика тиску на Росію заради того, щоб терор і війна припинились – звернення Президента"
"https://www.president.gov.ua/news/zaluchennya-she-j-gromadyan-kitayu-u-vijnu-ce-tochno-rozpale-97137","Залучення ще й громадян Китаю у війну – це точно розпалення більшої проблеми, і на це потрібно абсолютно принципово реагувати – звернення Президента"
"https://www.president.gov.ua/news/rosiya-povinna-vidpovidati-za-cyu-vijnu-i-ce-bude-u-bud-yaki-97093","Росія повинна відповідати за цю війну, і це буде – у будь-якій доступній формі – звернення Президента"
"https://www.president.gov.ua/news/potribne-vidpovidne-bazhannya-j-rishennya-shob-zahistiti-yak-97081","Потрібне відповідне бажання й рішення, щоб захистити якнайбільше життів від російської балістики – звернення Президента"
"https://www.president.gov.ua/news/zamovchuvati-te-sho-ce-same-rosiya-vbivaye-ditej-balistikoyu-97073","Замовчувати те, що це саме Росія вбиває дітей балістикою, – це неправильно і небезпечно – звернення Президента"
"https://www.president.gov.ua/news/vsi-rosijski-obicyanki-zakinchuyutsya-raketami-i-dronami-bom-97065","Всі російські обіцянки закінчуються ракетами і дронами, бомбами чи артилерією; дипломатія для них – це пусте слово – звернення Президента"
"https://www.president.gov.ua/news/vid-serpnya-minulogo-roku-nashi-pidrozdili-vedut-bojovi-diyi-97029","Від серпня минулого року наші підрозділи ведуть бойові дії на території ворога – це один із найбільших українських результатів за час цієї війни – звернення Президента"
"https://www.president.gov.ua/news/sogodni-dnipro-robocha-poyizdka-bagato-riznih-zustrichej-duz-96997","Сьогодні – Дніпро, робоча поїздка, багато різних зустрічей, дуже змістовно – звернення Президента"
"https://www.president.gov.ua/news/mi-peredali-amerikanskij-storoni-vsyu-informaciyu-pro-rosijs-96981","Ми передали американській стороні всю інформацію про російські порушення щодо енергетики – звернення Президента"
"https://www.president.gov.ua/news/mi-budemo-pracyuvati-j-nadali-dlya-togo-shob-vidpovidalnist-96949","Ми будемо працювати й надалі для того, щоб відповідальність Росії за війну була – і була відчутною – звернення Президента"
"https://www.president.gov.ua/news/spravedlivist-povinna-buti-zabezpechena-shob-zlo-ne-mnozhilo-96937","Справедливість повинна бути забезпечена, щоб зло не множилось – виступ Президента перед учасниками Бучанського саміту"
"https://www.president.gov.ua/news/geografiya-ta-zhorstokist-rosijskih-udariv-ne-prosto-inodi-b-96921","Географія та жорстокість російських ударів не просто іноді, а буквально кожного дня, кожної ночі показує, наскільки Путіну плювати на дипломатію – звернення Президента"
"https://www.president.gov.ua/news/partneram-maye-buti-zrozumilo-sho-ce-rosijski-udari-ne-tilki-96913","Партнерам має бути зрозуміло, що це російські удари не тільки по наших людях, але й по всіх міжнародних зусиллях – звернення Президента"
"https://www.president.gov.ua/news/potriben-tisk-na-rosiyu-shob-diplomatiya-zapracyuvala-zverne-96909","Потрібен тиск на Росію, щоб дипломатія запрацювала – звернення Президента"
"https://www.president.gov.ua/news/sankciyi-mayut-diyati-doti-doki-trivatimut-agresiya-ta-okupa-96881","Санкції мають діяти доти, доки триватимуть агресія та окупація – виступ Президента на зустрічі лідерів щодо підтримки України"
"https://www.president.gov.ua/news/te-yak-rosiya-bude-povoditisya-najblizhchimi-dnyami-pokazhe-96849","Те, як Росія буде поводитися найближчими днями, покаже багато чого, якщо не все – звернення Президента"
"https://www.president.gov.ua/news/vijnu-prinesli-z-rosiyi-i-same-v-rosiyu-treba-vijnu-vishtovh-96837","Війну принесли з Росії, і саме в Росію треба війну виштовхувати – саме їх треба змушувати до миру – звернення Президента"
"https://www.president.gov.ua/news/kozhna-nich-zaraz-ce-masshtabni-rosijski-ataki-dronami-pid-s-96829","Кожна ніч зараз – це масштабні російські атаки дронами, під сотню «шахедів» щоразу – звернення Президента"
"https://www.president.gov.ua/news/zvernennya-prezidenta-ukrayini-do-uchasnikiv-konferenciyi-na-96805","Звернення Президента України до учасників конференції «Надія, боротьба, повернення – три роки»"
"https://www.president.gov.ua/news/yevropi-potribna-shvidkist-v-uhvalenni-rishen-i-chitki-instr-96761","Європі потрібна швидкість в ухваленні рішень і чіткі інструменти для захисту від непотрібних блокувань – виступ Президента на засіданні Євроради"
"https://www.president.gov.ua/news/ye-horoshi-novini-shodo-dalekobijnih-droniv-nash-dron-na-3-t-96673","Є хороші новини щодо далекобійних дронів: наш дрон на 3 тисячі кілометрів пройшов випробування – звернення Президента"
"https://www.president.gov.ua/news/pislya-peremovin-u-dzhiddi-j-poyavi-na-stoli-amerikanskoyi-p-96649","Після перемовин у Джидді й появи на столі американської пропозиції щодо тиші на фронті Росія вкрала ще майже тиждень війни – звернення Президента"
"https://www.president.gov.ua/news/shlyah-do-miru-maye-rozpochatisya-bezumovno-vistup-prezident-96641","Шлях до миру має розпочатися безумовно – виступ Президента на онлайн-зустрічі лідерів країн"
"https://www.president.gov.ua/news/prodovzhuyemo-nashu-robotu-zaradi-obyednannya-absolyutno-vsi-96609","Продовжуємо нашу роботу заради об’єднання абсолютно всіх, хто може реально допомогти, хто може зміцнити дипломатію та наблизити мир – звернення Президента"
"https://www.president.gov.ua/news/mi-ne-stavimo-umov-yaki-shos-uskladnyuyut-ce-robit-rosiya-zv-96589","Ми не ставимо умов, які щось ускладнюють, це робить Росія – звернення Президента"
"https://www.president.gov.ua/news/vse-sho-bude-dosyagnuto-dlya-ukrayinskoyi-bezpeki-zaraz-prac-96569","Все, що буде досягнуто для української безпеки зараз, працюватиме на Україну протягом років і десятиліть – звернення Президента"
"https://www.president.gov.ua/news/amerikanska-storona-rozumiye-nashi-argumenti-sprijmaye-nashi-96557","Американська сторона розуміє наші аргументи, сприймає наші пропозиції, я вдячний Президенту Трампу за конструктивність розмови команд – звернення Президента"
"https://www.president.gov.ua/news/diplomatiya-bude-silnoyu-tilki-na-silnih-frontovih-poziciyah-96537","Дипломатія буде сильною тільки на сильних фронтових позиціях – звернення Президента"
"https://www.president.gov.ua/news/rosiya-bukvalno-shodnya-dovodit-svoyeyu-zhorstokistyu-sho-dl-96529","Росія буквально щодня доводить своєю жорстокістю, що для них там, у Москві, нічого не змінилось – звернення Президента"
"https://www.president.gov.ua/news/kozhnogo-dnya-novi-rosijski-udari-j-sama-realnist-dovodyat-s-96513","Кожного дня нові російські удари й сама реальність доводять, що саме Росію треба примушувати до миру – звернення Президента"
"https://www.president.gov.ua/news/ukrayina-ne-tilki-gotova-zrobiti-neobhidni-kroki-dlya-miru-a-96489","Україна не тільки готова зробити необхідні кроки для миру, але ми також пропонуємо, якими мають бути ці кроки – виступ Президента на засіданні Євроради"
"https://www.president.gov.ua/news/sogodni-nashi-komandi-ukrayini-ta-ameriki-pochali-pracyuvati-96469","Сьогодні наші команди – України та Америки – почали працювати над зустріччю – звернення Президента"
"https://www.president.gov.ua/news/ukrayina-j-amerika-zaslugovuyut-na-povazhnij-dialog-i-chitku-96457","Україна й Америка заслуговують на поважний діалог і чітку позицію одне одного – звернення Президента"
"https://www.president.gov.ua/news/mir-nam-potriben-same-mir-spravzhnij-chesnij-ne-vijna-neskin-96449","Мир нам потрібен, саме мир – справжній, чесний, а не війна нескінченно, і гарантії безпеки потрібні – звернення Президента"
"https://www.president.gov.ua/news/bude-diplomatiya-zaradi-miru-j-zaradi-togo-shob-mi-vsi-buli-96441","Буде дипломатія заради миру й заради того, щоб ми всі були разом: Україна, вся Європа й обовʼязково Америка – звернення Президента"
"https://www.president.gov.ua/news/nashi-komandi-pracyuyut-z-amerikoyu-gotuyemosya-do-peremovin-96389","Наші команди працюють з Америкою, готуємося до перемовин уже цієї п’ятниці – звернення Президента України"
"https://www.president.gov.ua/news/ukrayina-maye-buti-silnoyu-shob-zavdyaki-cij-sili-diplomatiy-96361","Україна має бути сильною, щоб завдяки цій силі дипломатія спрацювала – звернення Президента"
"https://www.president.gov.ua/news/duzhe-vazhlivo-shob-pid-chas-peregovoriv-iz-rosiyeyu-za-stol-96317","Дуже важливо, щоб під час переговорів із Росією за столом були найсильніші захисники свободи: Америка, Європа та Україна – виступ Володимира Зеленського на засіданні лідерів країн G7"
"https://www.president.gov.ua/news/mi-mayemo-zdobuti-mir-siloyu-mudristyu-ta-yednistyu-nashoyu-96305","Ми маємо здобути мир силою, мудрістю та єдністю – нашою з вами співпрацею – виступ Президента на пленарному засіданні «Підтримуй Україну»"
"https://www.president.gov.ua/news/zaraz-mi-robimo-cilkom-konkretni-rechi-dlya-togo-shob-rozmov-96277","Зараз ми робимо цілком конкретні речі для того, щоб розмови про Україну й про всю Європу відбувалися за участі України і Європи – звернення Президента"
"https://www.president.gov.ua/news/yevropa-maye-j-mozhe-robiti-znachno-bilshe-dlya-togo-shob-mi-96261","Європа має й може робити значно більше для того, щоб мир реально був досягнутий – звернення Президента"
"https://www.president.gov.ua/news/mir-ce-zavzhdi-spilna-sprava-i-tim-bilshe-mir-yakij-mi-mayem-96233","Мир – це завжди спільна справа, і тим більше мир, який ми маємо залишити всім наступним поколінням – звернення Президента"
"https://www.president.gov.ua/news/rozrahovuyu-na-ukrayinsku-yednist-na-ukrayinsku-horobrist-na-96205","Розраховую на українську єдність, на українську хоробрість, на наші відносини з партнерами, і на єдність Європи, і на прагматизм Америки – звернення Президента"
"https://www.president.gov.ua/news/viryu-sho-cej-chas-nastav-neobhidno-stvoriti-zbrojni-sili-ye-96089","Вірю, що цей час настав: необхідно створити збройні сили Європи – виступ Президента на Мюнхенській конференції з питань безпеки"
"https://www.president.gov.ua/news/buli-sogodni-vazhlivi-dopovidi-vijskovih-ye-horoshij-rezulta-96017","Були сьогодні важливі доповіді військових; є хороший результат на фронті – звернення Президента"
"https://www.president.gov.ua/news/virimo-sho-sili-ameriki-dostatno-shob-razom-iz-nami-razom-z-95989","Віримо, що сили Америки достатньо, щоб разом із нами, разом з усіма партнерами дотиснути Росію до миру – звернення Президента"
"https://www.president.gov.ua/news/ukrayina-zmozhe-dobuduvati-she-dva-energobloki-na-hmelnickij-95981","Україна зможе добудувати ще два енергоблоки на Хмельницькій атомній станції, і це більш ніж 2 гігавати електрики – звернення Президента"
"https://www.president.gov.ua/news/vazhlivo-pracyuvati-vsim-nam-razom-zaradi-nablizhennya-realn-95961","Важливо працювати всім нам разом заради наближення реального миру та дієвих гарантій безпеки – звернення Президента"
"https://www.president.gov.ua/news/sho-menshe-bude-zalezhnostej-yevropejciv-vid-rosiyi-skorishe-95957","Що менше буде залежностей європейців від Росії, то скоріше вдасться гарантувати надійну безпеку всім у Європі – звернення Президента"
"https://www.president.gov.ua/news/putin-gotuyetsya-zovsim-ne-do-peremovin-ne-do-nastannya-miru-95949","Путін готується зовсім не до перемовин, не до настання миру, а до продовження війни, і не тільки проти України — звернення Президента"
"https://www.president.gov.ua/news/znachennya-droniv-maye-stati-takim-shob-use-bilshe-j-bilshe-95941","Значення дронів має стати таким, щоб усе більше й більше унеможливлювати російські штурми – звернення Президента"
"https://www.president.gov.ua/news/protyagom-dvoh-tizhniv-maye-buti-chitka-programa-pidtrimki-v-95917","Протягом двох тижнів має бути чітка програма підтримки внутрішніх переселенців, ефективна і зрозуміла людям – звернення Президента"
"https://www.president.gov.ua/news/budut-prodovzheni-vsi-programi-pidtrimki-nashih-lyudej-zvern-95901","Будуть продовжені всі програми підтримки наших людей – звернення Президента"
"https://www.president.gov.ua/news/komandi-ukrayini-ta-spoluchenih-shtativ-uzhe-pochali-predmet-95849","Команди України та Сполучених Штатів уже почали предметно говорити – звернення Президента"
"https://www.president.gov.ua/news/rosiyani-ne-zminyuyut-svogo-zavdannya-znishiti-ukrayinsku-en-95837","Росіяни не змінюють свого завдання знищити українську енергетику – звернення Президента"
"https://www.president.gov.ua/news/ppo-j-dostatnya-kilkist-protiraket-ce-obovyazkova-umova-nabl-95833","ППО й достатня кількість протиракет – це обов’язкова умова наближення миру – звернення Президента"
"https://www.president.gov.ua/news/ne-maye-zalishitisya-zhodnogo-sposobu-postachannya-v-rosiyu-95829","Не має залишитися жодного способу постачання в Росію критичних компонентів для оборонного виробництва, порушення санкцій має трактуватися як співучасть у війні — звернення Президента"
"https://www.president.gov.ua/news/gotuyemo-novi-formati-pidtrimki-brigad-i-komplektuvannya-pid-95821","Готуємо нові формати підтримки бригад і комплектування підрозділів, поставив завдання вже наступного тижня представити деталі суспільству – звернення Президента"
"https://www.president.gov.ua/news/shogodini-onovlennya-situaciyi-v-sumah-tam-dosi-trivayut-rob-95805","Щогодини – оновлення ситуації в Сумах, там досі тривають роботи на місці влучання російського «шахеда» – звернення Президента"
"https://www.president.gov.ua/news/maye-buti-bilshe-nashoyi-ta-yevropejskoyi-aktivnosti-shob-po-95781","Має бути більше нашої та європейської активності, щоб, поки триває напрацювання нової американської політики, ми підтримали людей – звернення Президента"
"https://www.president.gov.ua/news/doruchiv-uryadovcyam-dati-zvit-shodo-tih-program-amerikansko-95757","Доручив урядовцям дати звіт щодо тих програм американської підтримки, які зараз призупинені – звернення Президента"
"https://www.president.gov.ua/news/doruchiv-sogodni-posiliti-komandnij-sklad-nashih-vijsk-na-do-95725","Доручив сьогодні посилити командний склад наших військ на Донеччині – звернення Президента"
"https://www.president.gov.ua/news/vluchannya-shahediv-u-budinki-v-brovarah-ta-glevasi-ce-droni-95701","Влучання «шахедів» у будинки в Броварах та Глевасі – це дрони, які вироблені вже в Росії – звернення Президента"
"https://www.president.gov.ua/news/energoresursi-j-konkretno-nafta-ce-odin-iz-najvazhlivishih-k-95673","Енергоресурси й конкретно нафта – це один із найважливіших ключів до миру, до реальної безпеки – звернення Президента"
"https://www.president.gov.ua/news/zvernennya-volodimira-zelenskogo-z-nagodi-dnya-sobornosti-uk-95601","Звернення Володимира Зеленського з нагоди Дня Соборності України"
"https://www.president.gov.ua/news/yevropi-potribno-zmagatisya-za-pershist-u-prioritetah-alyans-95565","Європі потрібно змагатися за першість у пріоритетах, альянсах і технологічному розвитку – виступ Президента на Всесвітньому економічному форумі"
"https://www.president.gov.ua/news/ukrayinci-gotovi-pracyuvati-razom-z-amerikancyami-shob-dosya-95553","Українці готові працювати разом з американцями, щоб досягти миру, справжнього миру – звернення Президента України"
"https://www.president.gov.ua/news/blokuyemo-propagandistiv-yaki-pracyuyut-na-rosiyu-osib-yaki-95541","Блокуємо пропагандистів, які працюють на Росію, осіб, які перейшли на сторону ворога, і тих, хто допомагає Росії продовжувати війну – звернення Президента"
"https://www.president.gov.ua/news/kozhen-hto-staye-na-shlyah-proti-ukrayini-proti-zakonu-v-ukr-95533","Кожен, хто стає на шлях проти України, проти закону в Україні, повинен пам’ятати: буде відповідь – звернення Президента"
"https://www.president.gov.ua/news/pracyuyemo-nad-bilshimi-zakupivlyami-ta-nad-bilshimi-masshta-95525","Працюємо над більшими закупівлями та над більшими масштабами виробництва зброї в Україні – звернення Президента"
"https://www.president.gov.ua/news/bude-bilshe-investicij-vid-partneriv-u-virobnictvo-ukrayinsk-95497","Буде більше інвестицій від партнерів у виробництво українських дронів – звернення Президента"
"https://www.president.gov.ua/news/doruchiv-ne-zmenshuvati-sklad-fahivciv-yaki-potribni-povitry-95413","Доручив не зменшувати склад фахівців, які потрібні Повітряним силам для виконання бойових завдань – звернення Президента"
"https://www.president.gov.ua/news/u-zastosunku-armiya-rozpochato-opituvannya-tam-pyat-kandidat-95393","У застосунку «Армія+» розпочато опитування – там п’ять кандидатів на посаду керівника Національної академії сухопутних військ імені гетьмана Сагайдачного – звернення Президента"
"https://www.president.gov.ua/news/ukrayinci-mozhut-dopomogti-amerikancyam-zahistiti-zhittya-15-95385","Українці можуть допомогти американцям захистити життя; 150 наших пожежників уже підготовлені – звернення Президента"
"https://www.president.gov.ua/news/spilne-zavdannya-virobnikiv-zbroyi-uryadovciv-ta-vsih-hto-za-95381","Спільне завдання виробників зброї, урядовців та всіх, хто залучений, – зробити цей рік рекордним щодо дронів – звернення Президента"
"https://www.president.gov.ua/news/koli-obyednuyemosya-ta-diyemo-v-yednosti-nihto-ne-ye-zamalim-95349","Коли об’єднуємося та діємо в єдності, ніхто не є замалим, щоб реально вплинути на історію – виступ Президента на засіданні у форматі «Рамштайн»"
"https://www.president.gov.ua/news/zhodnogo-dnya-ne-mozhna-vtrachati-treba-tisnuti-na-moskvu-tr-95325","Жодного дня не можна втрачати – треба тиснути на Москву, треба примушувати Росію до миру – звернення Президента"
"https://www.president.gov.ua/news/cej-rik-u-nas-maye-buti-same-takim-rezultativnim-u-peremovin-95317","Цей рік у нас має бути саме таким результативним у перемовинах щодо вступу України в ЄС, як це потрібно Україні, а отже – безпеці всієї нашої Європи – звернення Президента"
"https://www.president.gov.ua/news/zberigayemo-bufernu-zonu-na-rosijskij-teritoriyi-aktivno-zni-95313","Зберігаємо буферну зону на російській території, активно знищуємо там російський військовий потенціал – звернення Президента"
"https://www.president.gov.ua/news/zhittya-potrebuye-zahistu-tut-i-zaraz-v-ukrayini-i-sistemi-p-95309","Життя потребує захисту тут і зараз в Україні, і системи ППО мають для цього працювати – звернення Президента"
"https://www.president.gov.ua/news/u-comu-roci-mozhemo-dodati-she-krayini-do-nashih-nadijnih-pa-95301","У цьому році можемо додати ще країни до наших надійних партнерів, зокрема Сирію – звернення Президента"
"https://www.president.gov.ua/news/novorichne-privitannya-prezidenta-ukrayini-volodimira-zelens-95297","Новорічне привітання Президента України Володимира Зеленського"
"https://www.president.gov.ua/news/mi-sprostili-otrimannya-oficerskih-zvan-soldatami-ta-serzhan-95293","Ми спростили отримання офіцерських звань солдатами та сержантами з бойовим досвідом, і це правильні соціальні ліфти для армії – звернення Президента"
"https://www.president.gov.ua/news/mayemo-vzhe-nezabarom-dati-start-roboti-vijskovogo-ombudsmen-95285","Маємо вже незабаром дати старт роботі військового омбудсмена – звернення Президента"
"https://www.president.gov.ua/news/yevropejski-pravila-povinni-buti-silnishimi-nizh-zvyazki-tog-95277","Європейські правила повинні бути сильнішими, ніж звʼязки того чи іншого персонажа з Москвою – звернення Президента"
"https://www.president.gov.ua/news/korejskij-narod-ne-maye-vtrachati-svoyih-lyudej-u-boyah-v-ye-95269","Корейський народ не має втрачати своїх людей у боях в Європі – звернення Президента"
"https://www.president.gov.ua/news/u-nas-ye-pravilni-potribni-rezultati-u-znishenni-same-vijsko-95253","У нас є правильні, потрібні результати у знищенні саме військової інфраструктури ворога – звернення Президента"
"https://www.president.gov.ua/news/privitannya-prezidenta-ukrayini-z-rizdvom-hristovim-95213","Привітання Президента України з Різдвом Христовим"
"https://www.president.gov.ua/news/moskva-sliv-ne-rozumiye-ale-povinna-vidchuvati-silu-zvernenn-95197","Москва слів не розуміє, але повинна відчувати силу – звернення Президента"
"https://www.president.gov.ua/news/mi-povinni-zrobiti-vse-shob-25-j-rik-stav-dlya-ukrayini-roko-95169","Ми повинні зробити все, щоб 25-й рік став для України роком миру – виступ Президента з нагоди Дня дипломата"
"https://www.president.gov.ua/news/obovyazkovo-prodovzhimo-zavdavati-udariv-po-same-tij-rosijsk-95161","Обовʼязково продовжимо завдавати ударів по саме тій російській воєнній інфраструктурі, яка використовується в терорі проти наших людей – звернення Президента"
"https://www.president.gov.ua/news/povsyakdennij-teror-zaslugovuye-na-shoraz-bilshij-tisk-na-te-95145","Повсякденний терор заслуговує на щораз більший тиск на терориста: Росія повинна відповідати – звернення Президента"
"https://www.president.gov.ua/news/yevropa-j-amerika-zdatni-nabliziti-zavershennya-vijni-sprave-95117","Європа й Америка здатні наблизити завершення війни, справедливий та надійний мир – виступ Президента на засіданні Євроради"
"https://www.president.gov.ua/news/mi-povinni-vstanoviti-mir-yakij-putin-bilshe-ne-zmozhe-porus-95049","Ми повинні встановити мир, який Путін більше не зможе порушити – звернення Президента до саміту країн – учасниць Joint Expeditionary Force"
"https://www.president.gov.ua/news/zhodnoyi-prichini-nemaye-shob-she-j-korejci-ginuli-v-cij-vij-95045","Жодної причини немає, щоб ще й корейці гинули в цій війні; єдина причина – це божевілля Путіна – звернення Президента"
"https://www.president.gov.ua/news/novij-krok-u-nashomu-derzhavnomu-zastosunku-armiya-teper-moz-95041","Новий крок у нашому державному застосунку «Армія+» – тепер можливі переведення для воїнів НГУ – звернення Президента"
"https://www.president.gov.ua/news/sogodni-vzhe-ye-poperedni-dani-pro-te-sho-rosiyani-pochali-z-95037","Сьогодні вже є попередні дані про те, що росіяни почали застосовувати в штурмах солдатів з Північної Кореї — звернення Президента"
"https://www.president.gov.ua/news/ce-svidomij-cinichnij-rosijskij-teror-same-proti-lyudej-kozh-95017","Це свідомий, цинічний російський терор саме проти людей: кожна ракета була націлена на той чи інший енергооб’єкт – звернення Президента"
"https://www.president.gov.ua/news/mayemo-robiti-vse-shob-kozhen-den-nablizhav-nas-do-miru-zver-94985","Маємо робити все, щоб кожен день наближав нас до миру – звернення Президента"
"https://www.president.gov.ua/news/dosyagti-nadijnogo-miru-ce-vazhke-zavdannya-i-cyu-vagu-treba-94949","Досягти надійного миру – це важке завдання, і цю вагу треба змогти витягти – звернення Президента"
"https://www.president.gov.ua/news/ppo-povinna-ryatuvati-zhittya-ne-pripadati-pilom-na-bazah-zb-94929","ППО повинна рятувати життя, а не припадати пилом на базах зберігання – звернення Президента"
"https://www.president.gov.ua/news/vistup-prezidenta-na-vruchenni-nacionalnoyi-premiyi-ukrayini-94913","Виступ Президента на врученні Національної премії України імені Бориса Патона 2024 року"
"https://www.president.gov.ua/news/kadrovi-zmini-vidbulisya-same-dlya-togo-shob-perezavantazhit-94905","Кадрові зміни відбулися саме для того, щоб перезавантажити систему підготовки наших воїнів – звернення Президента"
"https://www.president.gov.ua/news/spravzhnim-najpershim-najdiyevishim-i-najnadijnishim-garanto-94849","Справжнім, найпершим, найдієвішим і найнадійнішим гарантом нашої безпеки є Збройні Сили України – виступ Президента з нагоди Дня ЗСУ"
"https://www.president.gov.ua/news/prosto-pidpisu-bud-yakoyi-derzhavi-yakihos-zapevnen-chi-obic-94833","Просто підпису будь-якої держави, якихось запевнень чи обіцянок для безпеки недостатньо, потрібні дієві гарантії – звернення Президента"
"https://www.president.gov.ua/news/mi-vsi-bachimo-zokrema-yak-malo-svit-reaguye-na-te-sho-v-ros-94817","Ми всі бачимо, зокрема, як мало світ реагує на те, що в Росії роблять з українськими полоненими – звернення Президента до правозахисної спільноти"
"https://www.president.gov.ua/news/ukrayina-zastosuvala-sankciyi-proti-ivanishvili-ta-jogo-spil-94813","Україна застосувала санкції проти Іванішвілі та його спільників – саме тих, хто продає інтереси Грузії та людей – звернення Президента"
"https://www.president.gov.ua/news/sogodnishnya-vlada-v-gruziyi-shtovhaye-krayinu-na-ochevidnu-94805","Сьогоднішня влада в Грузії штовхає країну на очевидну залежність від Росії – звернення Президента"
"https://www.president.gov.ua/news/ochikuyemo-zaraz-u-grudni-sistemi-vid-kilkoh-partneriv-vazhl-94785","Очікуємо зараз, у грудні, системи від кількох партнерів; важливо, щоб це було реалізовано без будь-якого зволікання – звернення Президента"
"https://www.president.gov.ua/news/dlya-nas-v-ukrayini-vazhlivo-shob-riven-nimeckoyi-pidtrimki-94777","Для нас в Україні важливо, щоб рівень німецької підтримки не зменшувався й надалі – звернення Президента"
"https://www.president.gov.ua/news/sogodni-mayemo-vazhlivij-krok-v-ukrayini-dlya-pidtrimki-nash-94749","Сьогодні маємо важливий крок в Україні для підтримки наших людей цієї зими – звернення Президента"
"https://www.president.gov.ua/news/ye-rishennya-yaki-mozhut-buti-realizovani-same-cimi-tizhnyam-94745","Є рішення, які можуть бути реалізовані саме цими тижнями та місяцями заради нашої спільної безпеки — звернення Президента"
"https://www.president.gov.ua/news/potribni-zmini-v-upravlinni-lyudmi-yaki-zabezpechat-bilshe-r-94725","Потрібні зміни в управлінні людьми, які забезпечать більше результатів на полі бою – звернення Президента"
"https://www.president.gov.ua/news/na-bud-yakij-rosijskij-shantazh-treba-zhorstko-reaguvati-tak-94705","На будь-який російський шантаж треба жорстко реагувати – так, як Путін на це заслуговує – звернення Президента"
"https://www.president.gov.ua/news/tisk-na-rosiyu-treba-pidtrimuvati-ta-zbilshuvati-na-riznih-r-94685","Тиск на Росію треба підтримувати та збільшувати на різних рівнях – звернення Президента"
"https://www.president.gov.ua/news/majzhe-200-rosijskih-droniv-proti-ukrayini-za-dobu-ce-majzhe-94673","Майже 200 російських дронів проти України за добу – це майже 200 доказів, що російські бажання вкрай далекі від будь-яких ідей про справжній мир – звернення Президента"
"https://www.president.gov.ua/news/sho-menshe-bude-rosijskih-nadpributkiv-vid-nafti-menshe-bude-94665","Що менше буде російських надприбутків від нафти, то менше буде в Росії й можливості вести війну – звернення Президента"
"https://www.president.gov.ua/news/rosiya-povinna-vidchuvati-sho-kozhen-yiyi-krok-na-rozshirenn-94657","Росія повинна відчувати, що кожен її крок на розширення війни має для неї наслідки – звернення Президента"
"https://www.president.gov.ua/news/za-chas-roboti-nashoyi-programi-zerno-z-ukrayini-vzhe-20-mil-94633","За час роботи нашої програми «Зерно з України» вже 20 мільйонів людей вдалося врятувати від голоду – виступ Президента на Третій міжнародній конференції Grain from Ukraine"
"https://www.president.gov.ua/news/svit-povinen-zvuchati-tak-shob-putin-spravdi-boyavsya-rozshi-94625","Світ повинен звучати так, щоб Путін справді боявся розширювати війну та відчував реальні наслідки своїх вчинків – звернення Президента"
"https://www.president.gov.ua/news/sogodni-bula-nova-rosijska-raketa-usi-harakteristiki-shvidki-94581","Сьогодні була нова російська ракета; усі характеристики: швидкість, висота – міжконтинентальної балістичної – звернення Президента"
"https://www.president.gov.ua/news/sogodni-u-1001-j-den-povnomasshtabnoyi-vijni-rosiya-tak-samo-94553","Сьогодні, у 1001-й день повномасштабної війни, Росія так само божевільна, як і в 1000-й день, і 24 лютого – звернення Президента"
"https://www.president.gov.ua/news/ukrayina-zaslugovuye-na-te-shob-nastupnij-rik-stav-rokom-mir-94501","Україна заслуговує на те, щоб наступний рік став роком миру – звернення Президента до учасників спеціальної сесії Європарламенту, присвяченої тисячі днів повномасштабної війни"
"https://www.president.gov.ua/news/mi-mayemo-ne-dopustiti-shob-htos-u-sviti-zasumnivavsya-u-sti-94497","Ми маємо не допустити, щоб хтось у світі засумнівався у стійкості всієї України – Щорічне Послання Президента до Верховної Ради"
"https://www.president.gov.ua/news/sila-vsiyeyi-nashoyi-ukrayinskoyi-armiyi-ce-lyudi-yaki-sluzh-94477","Сила всієї нашої української армії – це люди, які служать віддано, стійко – звернення Президента"
"https://www.president.gov.ua/news/golub-miru-nadislav-nam-chergovi-kindzhali-ta-kalibri-os-tak-94461","«Голуб миру» надіслав нам чергові «кинджали» та «калібри»; ось така дипломатія – звернення Президента"
"https://www.president.gov.ua/news/ukrayinci-shodnya-dovodyat-svoyeyu-smilivistyu-svoyeyu-stijk-94449","Українці щодня доводять своєю сміливістю, своєю стійкістю, що можуть зупинити Росію — звернення Президента"
"https://www.president.gov.ua/news/yakim-bude-majbutnye-zalezhit-vid-kozhnogo-z-nas-sogodni-vis-94441","Яким буде майбутнє, залежить від кожного з нас сьогодні – виступ Президента перед студентами закладів вищої освіти Колумбії"
"https://www.president.gov.ua/news/minska-3-ne-bude-nam-potriben-realnij-mir-zvernennya-prezide-94433","«Мінська-3» не буде, нам потрібен реальний мир – звернення Президента"
"https://www.president.gov.ua/news/prodovzhuyemo-pracyuvati-dlya-pidgotovki-nashogo-vnutrishnog-94429","Продовжуємо працювати для підготовки нашого внутрішнього Плану стійкості – звернення Президента"
"https://www.president.gov.ua/news/treba-dotisnuti-rosiyu-do-chesnogo-miru-obovyazkovo-vsi-vnut-94413","Треба дотиснути Росію до чесного миру; обов’язково всі внутрішні сили консолідуємо – звернення Президента"
"https://www.president.gov.ua/news/ye-rishennya-dlya-bagatoh-nashih-voyiniv-yaki-hochut-pereves-94393","Є рішення для багатьох наших воїнів, які хочуть перевестись в інший підрозділ у ЗСУ – звернення Президента"
"https://www.president.gov.ua/news/sho-dali-mozhut-biti-nayavni-v-nas-raketi-nashi-droni-menshe-94369","Що далі можуть бити наявні в нас ракети, наші дрони, то менше реальної бойової сили буде в Росії – звернення Президента"
"https://www.president.gov.ua/news/za-cej-tizhden-mayemo-vazhlivi-rishennya-nashih-partneriv-zv-94361","За цей тиждень маємо важливі рішення наших партнерів – звернення Президента"
"https://www.president.gov.ua/news/peretnuli-poznachku-pershih-sta-odinic-raketnogo-ozbroyennya-94353","Перетнули позначку перших ста одиниць ракетного озброєння цього року – звернення Президента"
"https://www.president.gov.ua/news/robimo-vse-shob-zmusiti-rosiyu-do-normalnih-zmistovnih-perem-94345","Робимо все, щоб змусити Росію до нормальних, змістовних перемовин на основі міжнародного права, а не терору – звернення Президента"
"https://www.president.gov.ua/news/koncepciya-mir-zavdyaki-sili-vzhe-ne-raz-dovodila-svoyu-real-94281","Концепція «мир завдяки силі» вже не раз доводила свою реалістичність та ефективність – виступ Президента на саміті Європейської політичної спільноти"
"https://www.president.gov.ua/news/kozhne-pidpriyemstvo-sho-pracyuye-ce-investiciya-u-majbutnye-94277","Кожне підприємство, що працює, – це інвестиція у майбутнє нашої держави – звернення Президента до учасників Київського міжнародного економічного форуму"
"https://www.president.gov.ua/news/spravzhnij-mir-buvaye-dosyagnennyam-tilki-spravdi-smilivih-z-94269","Справжній мир буває досягненням тільки справді сміливих – звернення Президента"
"https://www.president.gov.ua/news/pershimi-boyami-z-pivnichnokorejskimi-soldatami-vidkrivayets-94265","Першими боями з північнокорейськими солдатами відкривається нова сторінка нестабільності у світі – звернення Президента"
"https://www.president.gov.ua/news/bachimo-zbilshennya-kilkosti-pivnichnokorejciv-ne-bachimo-zb-94249","Бачимо збільшення кількості північнокорейців, не бачимо збільшення реакції партнерів – звернення Президента"
"https://www.president.gov.ua/news/v-nevoli-ne-te-sho-roki-kozhen-den-maye-znachennya-zvernenny-94233","В неволі не те що роки, а кожен день має значення – звернення Президента"
"https://www.president.gov.ua/news/za-zhovten-bulo-bilsh-nizh-2-tisyachi-shahediv-proti-ukrayin-94225","За жовтень було більш ніж 2 тисячі «шахедів» проти України, буквально кожної доби – звернення Президента"
"https://www.president.gov.ua/news/pershi-tisyachi-soldativ-iz-pivnichnoyi-koreyi-nepodalik-ukr-94221","Перші тисячі солдатів із Північної Кореї неподалік українського кордону — звернення Президента"
"https://www.president.gov.ua/news/ukrayina-zavzhdi-proponuye-tilki-te-sho-realno-dopomozhe-nat-94169","Україна завжди пропонує тільки те, що реально допоможе натиснути заради справжнього миру – звернення Президента"
"https://www.president.gov.ua/news/nehaj-vashi-rishennya-zakinchat-vijnu-j-prinesut-trivalij-mi-94129","Нехай ваші рішення закінчать війну й принесуть тривалий мир, а не тимчасову ілюзію – виступ Президента на 76-й сесії Північної ради"
"https://www.president.gov.ua/news/rosijski-pogrozi-eskalaciyeyu-ne-mayut-poslablyuvati-nashu-r-94101","Російські погрози ескалацією не мають послаблювати нашу рішучість – виступ Президента на саміті Україна – Північна Європа"
"https://www.president.gov.ua/news/diplomatichnih-novin-i-novih-paketiv-pidtrimki-ukrayini-maye-94089","Дипломатичних новин і нових пакетів підтримки України має бути наступного тижня більше – звернення Президента"
"https://www.president.gov.ua/news/ochikuyemo-neobhidnogo-bilshogo-tisku-na-rosiyu-ta-bilshoyi-94081","Очікуємо необхідного більшого тиску на Росію та більшої підтримки для України – звернення Президента"
"https://www.president.gov.ua/news/u-listopadi-budemo-gotovi-predstaviti-finalnij-dokument-dlya-94069","У листопаді будемо готові представити фінальний документ для другого Саміту миру – звернення Президента"
"https://www.president.gov.ua/news/zaraz-ukrayini-treba-napovniti-vnutrishnij-plan-posilennya-y-94025","Зараз Україні треба наповнити внутрішній План посилення, який гарантуватиме також і єдність – звернення Президента"
"https://www.president.gov.ua/news/nide-u-sviti-ne-povinno-buti-sili-v-takih-sliv-yak-okupaciya-94013","Ніде у світі не повинно бути сили в таких слів, як «окупація», «полон», «депортація» – виступ Президента на парламентському саміті Кримської платформи"
"https://www.president.gov.ua/news/najbilshe-uvagi-skladnim-napryamkam-na-donechchini-potrebam-94001","Найбільше уваги – складним напрямкам на Донеччині, потребам наших воїнів, бригад в оперативності постачання від партнерів – звернення Президента"
"https://www.president.gov.ua/news/ye-sotni-faktiv-ochevidno-neobgruntovanih-invalidnostej-u-po-93981","Є сотні фактів очевидно необґрунтованих інвалідностей у посадовців митниці, податкової, в системі Пенсійного фонду, в місцевих адміністраціях – звернення Президента"
"https://www.president.gov.ua/news/potrebuyemo-rishuchosti-partneriv-i-osoblivo-na-tli-informac-93965","Потребуємо рішучості партнерів, і особливо на тлі інформації про нову роль Північної Кореї у підтримці Росії – звернення Президента"
"https://www.president.gov.ua/news/za-cej-tizhden-u-nas-ye-pidtrimka-vid-partneriv-za-planom-pe-93949","За цей тиждень у нас є підтримка від партнерів за Планом перемоги – звернення Президента"
"https://www.president.gov.ua/news/pracyuyemo-dali-shob-zvilnyati-nashih-lyudej-vijskovih-i-civ-93937","Працюємо далі, щоб звільняти наших людей: військових і цивільних – звернення Президента"
"https://www.president.gov.ua/news/rozvivayemo-nash-plan-peremogi-u-spilkuvanni-z-partnerami-ok-93921","Розвиваємо наш План перемоги у спілкуванні з партнерами, окремо триває робота щодо підготовки другого Саміту миру – звернення Президента"
"https://www.president.gov.ua/news/ukrayina-gotova-do-spravzhnoyi-diplomatiyi-ale-dlya-cogo-mi-93877","Україна готова до справжньої дипломатії, але для цього ми маємо бути сильними – виступ Президента на засіданні Європейської ради"
"https://www.president.gov.ua/news/vsi-lideri-yevropi-pochuyut-yak-treba-posiliti-nashi-poziciy-93869","Всі лідери Європи почують,  як треба посилити наші позиції - звернення Президента"
"https://www.president.gov.ua/news/haj-nasha-spilna-robota-za-planom-peremogi-yaknajshvidshe-ob-93849","Хай наша спільна робота за Планом перемоги якнайшвидше обернеться миром для України – виступ Президента у Верховній Раді"
"https://www.president.gov.ua/news/hoch-bi-sho-vidbuvalos-u-sviti-ukrayina-matime-silu-ce-najgo-93841","Хоч би що відбувалось у світі, Україна матиме силу, це найголовніше – звернення Президента"
"https://www.president.gov.ua/news/cogo-tizhnya-predstavimo-vsim-partneram-u-yevropi-nashu-stra-93825","Цього тижня представимо всім партнерам у Європі нашу стратегію примусу Росії до справедливого завершення цієї війни – звернення Президента"
"https://www.president.gov.ua/news/same-zaraz-potribno-diyati-shob-ne-dati-rosiyi-ta-yiyi-spiln-93821","Саме зараз потрібно діяти, щоб не дати Росії та її спільникам адаптуватись до наших можливостей – звернення Президента"
"https://www.president.gov.ua/news/za-cej-tizhden-mi-dodali-ukrayini-novih-domovlenostej-shodo-93817","За цей тиждень ми додали Україні нових домовленостей щодо зброї – звернення Президента"
"https://www.president.gov.ua/news/budemo-pracyuvati-z-partnerami-u-yevropi-shob-maksimalno-nap-93809","Будемо працювати з партнерами у Європі, щоб максимально наповнити кожен запланований крок – звернення Президента"
"https://www.president.gov.ua/news/rosiya-povinna-viznati-sho-yevropa-maye-kordoni-vistup-prezi-93753","Росія повинна визнати, що Європа має кордони – виступ Президента на саміті «Україна – Південно-Східна Європа»"
"https://www.president.gov.ua/news/zastosovano-dva-novih-paketi-sankcij-shodo-tih-hto-zradiv-uk-93729","Застосовано два нових пакети санкцій: щодо тих, хто зрадив Україну, і щодо військового виробництва в Росії – звернення Президента"
"https://www.president.gov.ua/news/postarayemosya-perekonati-partneriv-u-ramshtajni-sho-potribn-93721","Постараємося переконати партнерів у «Рамштайні», що потрібне відчутне посилення наших можливостей – звернення Президента"
"https://www.president.gov.ua/news/budemo-tisnuti-na-rosiyu-she-silnishe-bo-lishe-siloyu-mozhna-93709","Будемо тиснути на Росію ще сильніше, бо лише силою можна наблизити мир – звернення Президента"
"https://www.president.gov.ua/news/use-sho-zaznacheno-v-plani-peremogi-absolyutno-realno-dlya-n-93697","Усе, що зазначено в Плані перемоги, абсолютно реально для наших партнерів – звернення Президента"
"https://www.president.gov.ua/news/ye-rishennya-shob-pidtrimati-sumshinu-i-okremo-she-budut-nar-93677","Є рішення, щоб підтримати Сумщину, і окремо ще будуть наради щодо енергетики регіону, інших наших прикордонних областей – звернення Президента"
"https://www.president.gov.ua/news/dalekobijnist-nareshti-maye-buti-zabezpechena-same-tak-yak-c-93657","Далекобійність нарешті має бути забезпечена саме так, як це потрібно для завершення цієї війни – звернення Президента"
"https://www.president.gov.ua/news/zaraz-na-vsih-napryamkah-i-na-vsih-rivnyah-gotuyemo-maksimal-93649","Зараз на всіх напрямках і на всіх рівнях готуємо максимальні результати для держави на осінь – звернення Президента"
"https://www.president.gov.ua/news/ukrayina-mozhe-j-bude-stvoryuvati-najkrashi-zrazki-zbroyi-vi-93613","Україна може й буде створювати найкращі зразки зброї – виступ Президента на другому Міжнародному форумі оборонних індустрій"
"https://www.president.gov.ua/news/pracyuyemo-shob-priskoriti-rishennya-partneriv-shodo-koshtiv-93621","Працюємо, щоб прискорити рішення партнерів щодо коштів від використання російських активів – звернення Президента"
"https://www.president.gov.ua/news/vistup-prezidenta-z-nagodi-dnya-zahisnikiv-i-zahisnic-ukrayi-93597","Виступ Президента з нагоди Дня захисників і захисниць України"
"https://www.president.gov.ua/news/vse-sho-mozhna-zrobiti-protyagom-ciyeyi-oseni-vse-chogo-mi-m-93593","Все, що можна зробити протягом цієї осені, все, чого ми можемо досягти, ми маємо досягти – звернення Президента"
"https://www.president.gov.ua/news/blizko-sotni-kerovanih-aviabomb-kozhnogo-dnya-vikoristovuye-93585","Близько сотні керованих авіабомб кожного дня використовує Росія проти України – звернення Президента"
"https://www.president.gov.ua/news/mi-otrimali-povnu-pidtrimku-strategiyi-nablizhennya-miru-mir-93573","Ми отримали повну підтримку стратегії наближення миру — миру завдяки силі — звернення Президента"
"https://www.president.gov.ua/news/plan-peremogi-predstavlenij-americi-i-mi-kozhen-punkt-poyasn-93569","План перемоги представлений Америці, і ми кожен пункт пояснили – звернення Президента"
"https://www.president.gov.ua/news/zayava-prezidenta-ukrayini-pered-zustrichchyu-z-prezidentom-93549","Заява Президента України перед зустріччю з Президентом США"
"https://www.president.gov.ua/news/sogodni-mi-zakladayemo-fundament-dlya-arhitekturi-vidnovlenn-93529","Сьогодні ми закладаємо фундамент для архітектури відновлення – виступ Президента на зустрічі у форматі «Група семи» + Україна"
"https://www.president.gov.ua/news/ne-mozhe-buti-spravedlivogo-miru-bez-ukrayini-vistup-prezide-93493","Не може бути справедливого миру без України – виступ Президента на Генеральній Асамблеї ООН"
"https://www.president.gov.ua/news/vijna-rosiyi-proti-ukrayini-zavershitsya-tomu-sho-zapracyuye-93465","Війна Росії проти України завершиться тому, що запрацює Статут ООН – виступ Президента під час засідання високого рівня Ради Безпеки ООН"
"https://www.president.gov.ua/news/mi-tochno-znayemo-yak-bagato-mozhe-dosyagti-globalna-yednist-93417","Ми точно знаємо, як багато може досягти глобальна єдність – виступ Президента України під час пленарного засідання Саміту майбутнього"
"https://www.president.gov.ua/news/nam-potribno-ne-vtratiti-nastupni-kilka-misyaciv-u-vijni-sho-93397","Нам потрібно не втратити наступні кілька місяців у війні, щоб не втратити наступні десятиліття – виступ Президента України на церемонії нагородження премією Американської академії досягнень"
"https://www.president.gov.ua/news/same-ciyeyi-oseni-virishuyetsya-sho-bude-dali-v-cij-vijni-zv-93385","Саме цієї осені вирішується, що буде далі в цій війні – звернення Президента"
"https://www.president.gov.ua/news/prodovzhimo-govoriti-z-partnerami-pro-te-sho-ukrayini-potrib-93377","Продовжимо говорити з партнерами про те, що Україні потрібна повноцінна далекобійність – звернення Президента"
"https://www.president.gov.ua/news/bachimo-zagrozu-z-boku-rosiyi-dlya-nashoyi-generaciyi-budemo-93373","Бачимо загрозу з боку Росії для нашої генерації, будемо протидіяти – звернення Президента"
"https://www.president.gov.ua/news/formuyemo-napovnennya-dlya-detalnih-gruntovnih-peremovin-iz-93357","Формуємо наповнення для детальних, ґрунтовних перемовин із партнерами: це стосується як Донеччини, так і інших напрямків – звернення Президента"
"https://www.president.gov.ua/news/vzhe-povnistyu-pidgotovlenij-nash-plan-peremogi-najgolovnish-93341","Вже повністю підготовлений наш План перемоги; найголовніше тепер – рішучість реалізувати – звернення Президента"
"https://www.president.gov.ua/news/pidgotovleno-horoshij-silnij-zmist-vijskovogo-paketa-planu-p-93325","Підготовлено хороший, сильний зміст військового пакета Плану перемоги – звернення Президента"
"https://www.president.gov.ua/news/vzhe-na-nastupnij-tizhden-gotuyemo-plan-peremogi-dlya-predst-93309","Вже на наступний тиждень готуємо План перемоги для представлення союзникам – звернення Президента"
"https://www.president.gov.ua/news/mi-poyasnili-vzhe-vsim-partneram-chomu-ukrayini-dijsno-potri-93301","Ми пояснили вже всім партнерам, чому Україні дійсно потрібна достатня далекобійність – звернення Президента"
"https://www.president.gov.ua/news/tisnemo-na-rosiyu-ta-robimo-vse-shob-vijna-vidchuvalasya-tam-93285","Тиснемо на Росію та робимо все, щоб війна відчувалася там, звідки її принесли в Україну — звернення Президента"
"https://www.president.gov.ua/news/zagalom-vdalosya-povernuti-z-polonu-vzhe-3569-ukrayinciv-i-u-93273","Загалом вдалося повернути з полону вже 3569 українців і українок – звернення Президента"
"https://www.president.gov.ua/news/vijna-maye-stati-suttyevo-vazhchoyu-dlya-rosiyi-vistup-prezi-93241","Війна має стати суттєво важчою для Росії – виступ Президента на відкритті ХХ щорічної зустрічі Ялтинської європейської стратегії"
"https://www.president.gov.ua/news/bezpeka-ditej-sogodni-stosuyetsya-kozhnogo-vistup-prezidenta-93217","Безпека дітей сьогодні стосується кожного – виступ Президента на четвертому Саміті перших леді та джентльменів"
"https://www.president.gov.ua/news/ukrayina-ne-torguye-svoyeyu-zemleyu-i-ne-kidaye-svoyih-lyude-93153","Україна не торгує своєю землею і не кидає своїх людей – виступ Президента під час четвертого саміту міжнародної Кримської платформи"
"https://www.president.gov.ua/news/normi-zakoniv-diyut-todi-koli-diyut-lyudi-vistup-prezidenta-93145","Норми законів діють тоді, коли діють люди – виступ Президента на конференції «Об’єднані заради справедливості»"
"https://www.president.gov.ua/news/vistup-prezidenta-na-vidkritti-memorialu-pamyati-zhertv-geno-93133","Виступ Президента на відкритті Меморіалу пам’яті жертв геноциду кримськотатарського народу"
"https://www.president.gov.ua/news/bachimo-yaki-kroki-planuyut-u-moskvi-i-budemo-diyati-vidpovi-93129","Бачимо, які кроки планують у Москві, і будемо діяти відповідно – звернення Президента"
"https://www.president.gov.ua/news/mir-dlya-ukrayini-ta-spravedlive-zakinchennya-ciyeyi-vijni-y-93121","Мир для України та справедливе закінчення цієї війни є щоденною й дуже кропіткою роботою – Президент під час представлення нового очільника МЗС"
"https://www.president.gov.ua/news/vid-yakosti-logistiki-v-postachanni-ta-vikonannya-vsih-obicy-93101","Від якості логістики в постачанні та виконання всіх обіцянок партнерами прямо залежить перебіг війни – звернення Президента"
"https://www.president.gov.ua/news/golovne-dlya-nas-zaraz-na-pochatku-oseni-maksimalno-zmicniti-93097","Головне для нас зараз, на початку осені, – максимально зміцнити позиції України – звернення Президента"
"https://www.president.gov.ua/news/ukrayina-ne-prosit-nichogo-bilshogo-nizh-te-sho-vasha-krayin-93073","Україна не просить нічого більшого, ніж те, що ваша країна чи будь-яка інша вже має – виступ Президента в межах 50-го міжнародного форуму «Амброзетті»"
"https://www.president.gov.ua/news/zrobimo-tak-shob-cya-osin-stala-chasom-padinnya-rosijskoyi-a-93041","Зробімо так, щоб ця осінь стала часом падіння російської агресії – виступ Президента на 24-му засіданні Контактної групи з питань оборони України у форматі «Рамштайн»"
"https://www.president.gov.ua/news/na-svoyij-posadi-kozhen-protyagom-oseni-povinen-dati-viznach-93029","На своїй посаді кожен протягом осені повинен дати визначені результати – звернення Президента"
"https://www.president.gov.ua/news/duzhe-vazhlivo-sho-absolyutno-vsi-viznacheni-zavdannya-nasho-93013","Дуже важливо, що абсолютно всі визначені завдання нашої Курської операції реалізовуються – звернення Президента"
"https://www.president.gov.ua/news/rosijski-udari-budut-nemozhlivi-yaksho-dlya-nas-bude-mozhliv-92997","Російські удари будуть неможливі, якщо для нас буде можливо знищувати пускові установки окупанта там, де вони є – звернення Президента"
"https://www.president.gov.ua/news/otrimav-poperedni-dopovidi-shodo-rosijskogo-udaru-po-poltavi-92985","Отримав попередні доповіді щодо російського удару по Полтаві: станом на цей час відомо про 41 загиблого – звернення Президента"
"https://www.president.gov.ua/news/razom-iz-premyer-ministrom-niderlandiv-u-zaporizhzhi-vazhliv-92961","Разом із Прем’єр-міністром Нідерландів у Запоріжжі; важливий візит і дуже символічний – саме в день початку навчального року – звернення Президента"
"https://www.president.gov.ua/news/dalekobijnist-ye-klyuchem-dlya-zavershennya-ciyeyi-vijni-zve-92945","Далекобійність є ключем для завершення цієї війни – звернення Президента"
"https://www.president.gov.ua/news/nam-potribni-mozhlivosti-realno-i-povnistyu-zahishati-ukrayi-92937","Нам потрібні можливості реально і повністю захищати Україну та українців — звернення Президента"
"https://www.president.gov.ua/news/mi-povinni-posilitis-i-beregti-lyudej-osobovij-sklad-usih-na-92917","Ми повинні посилитись і берегти людей, особовий склад – усіх наших воїнів – звернення Президента"
"https://www.president.gov.ua/news/vdyachnist-kozhnomu-voyinu-ta-vsim-ukrayinskim-poleglim-gero-92905","Вдячність кожному воїну та всім українським полеглим героям, які повертаються додому на щиті – звернення Президента"
"https://www.president.gov.ua/news/pracyuyemo-z-partnerami-shodo-postachannya-dlya-frontu-ne-li-92893","Працюємо з партнерами щодо постачання для фронту не лише зброї, не лише снарядів, а й сили нашої єдності – звернення Президента"
"https://www.president.gov.ua/news/kozhen-takij-udar-znovu-j-znovu-povertaye-vsih-nas-do-zavdan-92845","Кожен такий удар знову й знову повертає всіх нас до завдання далекобійності – звернення Президента"
"https://www.president.gov.ua/news/ne-mozhe-buti-v-ukrayini-obmezhen-u-dalekobijnosti-koli-u-te-92841","Не може бути в Україні обмежень у далекобійності, коли у терористів немає таких обмежень – звернення Президента"
"https://www.president.gov.ua/news/zhodnogo-dnya-svit-ne-maye-zabuvati-sho-razom-mi-silnishi-ni-92837","Жодного дня світ не має забувати, що разом ми сильніші, ніж будь-який терорист – звернення Президента"
"https://www.president.gov.ua/news/zvernennya-volodimira-zelenskogo-z-nagodi-dnya-nezalezhnosti-92805","Звернення Володимира Зеленського з нагоди Дня Незалежності України"
"https://www.president.gov.ua/news/okupant-ne-pidkorit-harkiv-ne-pidkorit-usyu-nashu-ukrayinu-z-92789","Окупант не підкорить Харків, не підкорить усю нашу Україну – звернення Президента"
"https://www.president.gov.ua/news/ce-pravilno-j-potribno-dlya-derzhavi-shob-veteranska-spilnot-92741","Це правильно й потрібно для держави, щоб ветеранська спільнота України була цілковито інтегрована в суспільне життя – виступ Президента на VII Міжнародному ветеранському форумі"
"https://www.president.gov.ua/news/potribno-shob-koshti-vid-aktiviv-agresora-pracyuvali-na-real-92733","Потрібно, щоб кошти від активів агресора працювали на реальну допомогу захисту від агресора – звернення Президента"
"https://www.president.gov.ua/news/obgovorili-z-partnerami-robotu-shodo-ppo-novih-sistem-dlya-u-92713","Обговорили з партнерами роботу щодо ППО – нових систем для України; готуємо посилення – звернення Президента"
"https://www.president.gov.ua/news/vid-nashoyi-spilnoyi-roboti-zalezhit-yaka-zbroya-v-rukah-u-n-92669","Від нашої спільної роботи залежить, яка зброя в руках у наших воїнів – виступ Президента на нараді керівників закордонних дипломатичних установ України «Воєнна дипломатія: стійкість, зброя, перемога»"
"https://www.president.gov.ua/news/u-vijni-nemaye-vidpustok-potribna-vchasna-logistika-ogoloshe-92661","У війни немає відпусток; потрібна вчасна логістика оголошених пакетів – звернення Президента"
"https://www.president.gov.ua/news/vazhlivo-shob-partneri-pribrali-baryeri-yaki-zavazhayut-nam-92653","Важливо, щоб партнери прибрали барʼєри, які заважають нам послаблювати російські позиції — звернення Президента"
"https://www.president.gov.ua/news/mayemo-maksimalno-zavdavati-urazhennya-vsim-rosijskim-pozici-92637","Маємо максимально завдавати ураження всім російським позиціям і робимо це – звернення Президента"
"https://www.president.gov.ua/news/nastav-chas-uhvaliti-vazhlivi-zakonodavchi-rechi-oboronnij-z-92633","Настав час ухвалити важливі законодавчі речі – оборонний законодавчий пакет для України – звернення Президента"
"https://www.president.gov.ua/news/prodovzhuyemo-pracyuvati-z-partnerami-shodo-dalekobijnih-ris-92625","Продовжуємо працювати з партнерами щодо далекобійних рішень для України – звернення Президента"
"https://www.president.gov.ua/news/mi-znovu-doveli-sho-v-bud-yakij-situaciyi-ukrayinci-zdatni-d-92601","Ми знову довели, що в будь-якій ситуації українці здатні досягати своїх завдань – звернення Президента"
"https://www.president.gov.ua/news/cilkom-spravedlivo-znishuvati-rosijskih-teroristiv-tam-de-vo-92585","Цілком справедливо знищувати російських терористів там, де вони є – звернення Президента"
"https://www.president.gov.ua/news/ukrayina-popri-zhorstki-obstavini-vijni-ne-matime-vtrachenog-92577","Україна попри жорсткі обставини війни не матиме втраченого через війну покоління – виступ Президента на Українському молодіжному форумі"
"https://www.president.gov.ua/news/yak-ppo-zahishaye-zhittya-tak-i-znyattya-obmezhen-na-dalekob-92569","Як ППО захищає життя, так і зняття обмежень на далекобійні удари збереже тисячі людських життів – звернення Президента"
"https://www.president.gov.ua/news/ukrayina-dovodit-sho-dijsno-vmiye-povertati-spravedlivist-zv-92565","Україна доводить, що дійсно вміє повертати справедливість — звернення Президента"
"https://www.president.gov.ua/news/pracyuyemo-nad-podalshim-obmezhennyam-rosiyi-vesti-cyu-vijnu-92557","Працюємо над подальшим обмеженням Росії вести цю війну – звернення Президента"
"https://www.president.gov.ua/news/rosiya-prinesla-vijnu-na-nashu-zemlyu-j-povinna-vidchuvati-s-92549","Росія принесла війну на нашу землю й повинна відчувати, що нею зроблене – звернення Президента"
"https://www.president.gov.ua/news/sogodni-mi-robimo-krok-do-suchasnosti-ta-efektivnosti-vistup-92537","Сьогодні ми робимо крок до сучасності та ефективності – виступ Володимира Зеленського під час презентації застосунку «Армія+»"
"https://www.president.gov.ua/news/vazhlivo-j-nadali-znishuvati-voroga-same-tak-vluchno-yak-nas-92525","Важливо й надалі знищувати ворога – саме так влучно, як наші воїни вміють – звернення Президента"
"https://www.president.gov.ua/news/za-lipen-nashi-voyini-zastosuvali-bilshe-droniv-nizh-okupant-92517","За липень наші воїни застосували більше дронів, ніж окупант – звернення Президента"
"https://www.president.gov.ua/news/uryad-zaraz-gotuye-kilka-tehnichnih-rishen-yaki-dopomozhut-s-92513","Уряд зараз готує кілька технічних рішень, які допоможуть школам, де безпека це дозволяє, працювати офлайн – звернення Президента"
"https://www.president.gov.ua/news/privitannya-volodimira-zelenskogo-z-dnem-povitryanih-sil-zbr-92497","Привітання Володимира Зеленського з Днем Повітряних сил Збройних Сил України"
"https://www.president.gov.ua/news/ukrayini-potribno-zavdavati-udariv-dijsno-dalekobijnih-udari-92489","Україні потрібно завдавати ударів – дійсно далекобійних ударів по російському окупанту – звернення Президента"
"https://www.president.gov.ua/news/gotuyemo-novi-j-absolyutno-suchasni-rishennya-dlya-nashih-vo-92485","Готуємо нові й абсолютно сучасні рішення для наших воїнів – звернення Президента"
"https://www.president.gov.ua/news/gotuyemo-ugodi-ta-domovlenosti-yaki-budut-u-comu-serpni-zver-92465","Готуємо угоди та домовленості, які будуть у цьому серпні – звернення Президента"
"https://www.president.gov.ua/news/duzhe-vazhlivo-naroshuvati-ukrayinski-mozhlivosti-zahistu-ne-92457","Дуже важливо нарощувати українські можливості захисту неба, все для цього робимо – звернення Президента"
"https://www.president.gov.ua/news/na-rivni-vsiyeyi-derzhavi-pracyuyemo-nad-zahistom-energoobye-92445","На рівні всієї держави працюємо над захистом енергообʼєктів – звернення Президента"
"https://www.president.gov.ua/news/rozumiyemo-yak-postupovo-zapovnyuvatimetsya-deficit-elektrik-92425","Розуміємо, як поступово заповнюватиметься дефіцит електрики, урядовці мають чіткі завдання – звернення Президента"
"https://www.president.gov.ua/news/ukrayina-maye-silu-shob-dosyagati-svoyih-cilej-zvernennya-pr-92397","Україна має силу, щоб досягати своїх цілей – звернення Президента"
"https://www.president.gov.ua/news/vistup-prezidenta-na-pershomu-shorichnomu-mizhnarodnomu-kong-92385","Виступ Президента на першому щорічному міжнародному конгресі з військової медицини та ментального здоров’я «Воїн: життя, здоров’я, боєздатність»"
"https://www.president.gov.ua/news/bude-zrobleno-vse-shob-posiliti-nashi-poziciyi-ta-nashu-zdat-92377","Буде зроблено все, щоб посилити наші позиції та нашу здатність завдавати окупанту відчутних втрат – звернення Президента"
"https://www.president.gov.ua/news/v-oboronnomu-virobnictvi-pochali-realno-ta-pomitno-pracyuvat-92373","В оборонному виробництві почали реально та помітно працювати іноземні кошти, і це велике наше досягнення – звернення Президента"
"https://www.president.gov.ua/news/ukrayina-otrimuvatime-vse-sho-neobhidno-shob-vistoyati-j-dos-92357","Україна отримуватиме все, що необхідно, щоб вистояти й досягти своїх завдань – звернення Президента"
"https://www.president.gov.ua/news/ukrayina-maye-z-chasom-vijti-na-maksimalnu-oboronnu-samostij-92345","Україна має з часом вийти на максимальну оборонну самостійність – звернення Президента"
"https://www.president.gov.ua/news/nasha-komanda-gotuye-she-chotiri-novi-bezpekovi-ugodi-dlya-u-92329","Наша команда готує ще чотири нові безпекові угоди для України – звернення Президента"
"https://www.president.gov.ua/news/zaraz-uzhe-mozhemo-skazati-ye-posilennya-nashoyi-ppo-u-nebi-92321","Зараз уже можемо сказати: є посилення нашої ППО, у небі зможемо зробити більше – звернення Президента"
"https://www.president.gov.ua/news/nam-potriben-cej-krok-krok-yakij-zmusit-rosiyu-shukati-miru-92297","Нам потрібен цей крок – крок, який змусить Росію шукати миру – виступ Президента України на засіданні уряду Великої Британії"
"https://www.president.gov.ua/news/koli-prograye-agresor-vigraye-svit-vistup-prezidenta-ukrayin-92249","Коли програє агресор, виграє світ – виступ Президента України в межах ІV саміту Європейської політичної спільноти"
"https://www.president.gov.ua/news/sogodni-vdalosya-zvilniti-z-rosijskogo-polonu-she-95-nashih-92233","Сьогодні вдалося звільнити з російського полону ще 95 наших людей – звернення Президента"
"https://www.president.gov.ua/news/na-cej-tizhden-zaplanovani-deyaki-duzhe-potribni-peremovini-92221","На цей тиждень заплановані деякі дуже потрібні перемовини, зокрема й щодо зброї – звернення Президента"
"https://www.president.gov.ua/news/zvernennya-prezidenta-volodimira-zelenskogo-z-nagodi-dnya-uk-92189","Звернення Президента Володимира Зеленського з нагоди Дня Української Державності"
"https://www.president.gov.ua/news/mi-pracyuyemo-shob-sila-j-kilkist-ukrayinskih-petriotiv-stal-92185","Ми працюємо, щоб сила й кількість українських «петріотів» стали ще більшими – звернення Президента"
"https://www.president.gov.ua/news/zaproshuyu-vas-buduvati-zvyazki-mizh-lyudmi-yaki-trivatimut-92153","Запрошую вас будувати зв'язки між людьми, які триватимуть завжди – виступ Президента України під час зустрічі Національної асоціації губернаторів США"
"https://www.president.gov.ua/news/prodovzhuyemo-robotu-u-vashingtoni-i-bude-zokrema-vzhe-duzhe-92061","Продовжуємо роботу у Вашингтоні, і буде, зокрема, вже дуже скоро рішення щодо F-16 – звернення Президента"
"https://www.president.gov.ua/news/razom-z-amerikoyu-svit-zdaten-robiti-pravilni-rechi-vistup-v-92045","Разом з Америкою світ здатен робити правильні речі – виступ Володимира Зеленського в Президентському фонді та Інституті Рональда Рейгана"
"https://www.president.gov.ua/news/byemosya-za-bilshu-kilkist-ppo-ta-litakiv-f-16-dlya-ukrayini-92033","Б’ємося за більшу кількість ППО та літаків F-16 для України, додаткові гарантії безпеки та необхідні рішучі дії Америки та Європи – звернення Президента"
"https://www.president.gov.ua/news/budemo-zmicnyuvati-ukrayinskij-flot-i-nadali-razom-z-velikoy-91997","Будемо зміцнювати український флот і надалі разом з Великою Британією та Нідерландами, є хороші нові деталі такої нашої співпраці – звернення Президента"
"https://www.president.gov.ua/news/pracyuyemo-nad-novoyu-strategiyeyu-dlya-nashoyi-derzhavi-na-91969","Працюємо над новою стратегією для нашої держави на морі, незабаром вона буде затверджена на РНБО – звернення Президента України"
"https://www.president.gov.ua/news/vdyachnij-partneram-za-vikonannya-domovlenostej-shodo-ppo-zv-91961","Вдячний партнерам за виконання домовленостей щодо ППО – звернення Президента України"
"https://www.president.gov.ua/news/uhvalili-duzhe-vazhlivi-rishennya-chas-pokazhe-ci-rishennya-91953","Ухвалили дуже важливі рішення, час покаже ці рішення на фронті – звернення Президента України"
"https://www.president.gov.ua/news/gotuyemos-do-samitu-nato-u-vashingtoni-i-zokrema-z-tochki-zo-91941","Готуємось до саміту НАТО у Вашингтоні, і зокрема з точки зору «петріотів» для України, — звернення Президента України"
"https://www.president.gov.ua/news/robimo-vse-shob-zbilshiti-import-elektroenergiyi-i-ce-maye-b-91921","Робимо все, щоб збільшити імпорт електроенергії, і це має бути європейське рішення — звернення Президента України"
"https://www.president.gov.ua/news/cej-misyac-mozhe-prinesti-ukrayini-she-bilshe-sili-zokrema-v-91909","Цей місяць може принести Україні ще більше сили, зокрема в захисті неба — звернення Президента України"
"https://www.president.gov.ua/news/udari-po-rosijskomu-prikordonnyu-dopomogli-nashomu-zahistu-z-91901","Удари по російському прикордонню допомогли нашому захисту життя, так само допоможуть і подальші рішення – звернення Президента"
"https://www.president.gov.ua/news/gotuyemo-novi-rishennya-zaradi-nashoyi-sili-j-zaradi-zahistu-91885","Готуємо нові рішення заради нашої сили й заради захисту наших людей – звернення Президента"
"https://www.president.gov.ua/news/zvernennya-prezidenta-ukrayini-do-uchasnikiv-nacionalnogo-mo-91873","Звернення Президента України до учасників Національного молитовного сніданку"
"https://www.president.gov.ua/news/zvernennya-prezidenta-ukrayini-volodimira-zelenskogo-z-nagod-91849","Звернення Президента України Володимира Зеленського з нагоди Дня Конституції"
"https://www.president.gov.ua/news/kozhna-yevropejska-naciya-yaka-podilyaye-spilni-yevropejski-91829","Кожна європейська нація, яка поділяє спільні європейські цінності, має бути частиною європейської родини – виступ Президента України на засіданні Євроради"
"https://www.president.gov.ua/news/mi-formuyemo-komandi-j-grupi-yaki-rozroblyatimut-plani-dij-z-91789","Ми формуємо команди й групи, які розроблятимуть плани дій за Формулою миру; нам потрібні реальні кроки – звернення Президента України до Організації американських держав"
"https://www.president.gov.ua/news/vdyachnij-kozhnomu-hto-spravdi-na-sto-vidsotkiv-robit-use-sh-91761","Вдячний кожному, хто справді на сто відсотків робить усе, щоб наша Донеччина вистояла – звернення Президента"
"https://www.president.gov.ua/news/realizuyemo-vse-sho-potribno-shob-projtisya-kozhnim-rozdilom-91757","Реалізуємо все, що потрібно, щоб пройтися кожним розділом наших відносин із ЄС – звернення Президента"
"https://www.president.gov.ua/news/ukrayina-neodminno-bude-povnopravnim-chlenom-yevrosoyuzu-zve-91745","Україна неодмінно буде повноправним членом Євросоюзу – звернення Президента, Прем’єр-міністра та Голови Верховної Ради України"
"https://www.president.gov.ua/news/najbilsha-uvaga-zaraz-donechchini-ta-postachannyu-nashim-sil-91725","Найбільша увага зараз Донеччині та постачанню нашим силам усього, що необхідно – звернення Президента"
"https://www.president.gov.ua/news/sho-bilshe-mi-mozhemo-shvidshe-vdastsya-primusiti-rosiyu-do-91713","Що більше ми можемо, то швидше вдасться примусити Росію до справедливого миру – звернення Президента"
"https://www.president.gov.ua/news/maksimalno-pracyuyemo-shob-zdobuti-ukrayini-mozhlivist-povno-91709","Максимально працюємо, щоб здобути Україні можливість повноцінно відповідати на російський терор – звернення Президента"
"https://www.president.gov.ua/news/mayemo-sogodni-vagomij-zdobutok-u-nashomu-rusi-u-yevrosoyuz-91701","Маємо сьогодні вагомий здобуток у нашому русі у Євросоюз – звернення Президента"
"https://www.president.gov.ua/news/privitannya-prezidenta-ukrayini-z-nagodi-vipusku-2138-oficer-91689","Привітання Президента України з нагоди випуску 2138 офіцерів із вищих військових навчальних закладів"
"https://www.president.gov.ua/news/zhittya-ukrayini-maye-zberegtisya-i-ce-stosuyetsya-zokrema-e-91685","Життя України має зберегтися, і це стосується, зокрема, енергетичного забезпечення – звернення Президента"
"https://www.president.gov.ua/news/gotuyemo-rishennya-yaki-zroblyat-bilsh-nadijnim-prohodzhenny-91665","Готуємо рішення, які зроблять більш надійним проходження опалювального сезону – звернення Президента України"
"https://www.president.gov.ua/news/mi-bachimo-yak-rishuchist-svitu-vidkrivaye-novi-perspektivi-91641","Ми бачимо, як рішучість світу відкриває нові перспективи для відновлення нашої безпеки – звернення Президента"
"https://www.president.gov.ua/news/zaraz-zhodnih-pauz-mi-zrobili-pershij-vidchutnij-krok-do-mir-91617","Зараз – жодних пауз, ми зробили перший відчутний крок до миру – звернення Президента"
"https://www.president.gov.ua/news/zayava-prezidenta-ukrayini-volodimira-zelenskogo-pid-chas-zu-91593","Заява Президента України Володимира Зеленського під час зустрічі з представниками ЗМІ за підсумками Глобального саміту миру"
"https://www.president.gov.ua/news/vistup-prezidenta-ukrayini-na-drugomu-plenarnomu-zasidanni-g-91601","Виступ Президента України на другому пленарному засіданні Глобального саміту миру"
"https://www.president.gov.ua/news/sogodni-den-koli-svit-pochinaye-nablizhati-spravedlivij-mir-91561","Сьогодні день, коли світ починає наближати справедливий мир – виступ Президента України на першому пленарному засіданні Глобального саміту миру"
"https://www.president.gov.ua/news/golovnij-rezultat-samitu-g7-dlya-nas-bude-bilshe-ppo-dlya-na-91517","Головний результат саміту G7 для нас – буде більше ППО для наших міст – звернення Президента"
"https://www.president.gov.ua/news/ce-spravdi-osoblivij-format-g7-globalna-zustrich-yaka-obyedn-91489","Це справді особливий формат G7, глобальна зустріч, яка об’єднує різні частини світу – виступ Президента України на саміті «Групи семи»"
"https://www.president.gov.ua/news/nashe-z-vami-liderstvo-ta-volya-ukrayinciv-mayut-spracyuvati-91449","Наше з вами лідерство та воля українців мають спрацювати заради миру, Європи та життя – Президент під час виступу в Бундестазі"
"https://www.president.gov.ua/news/vistup-volodimira-zelenskogo-na-ukraine-recovery-conference-91437","Виступ Володимира Зеленського на Ukraine Recovery Conference 2024"
"https://www.president.gov.ua/news/gotuyemo-dlya-ukrayini-novi-domovlenosti-z-yevropejskimi-par-91421","Готуємо для України нові домовленості з європейськими партнерами, зокрема з Німеччиною – звернення Президента"
"https://www.president.gov.ua/news/uzhe-ye-domovlenosti-z-partnerami-shodo-dodatkovih-sistem-pp-91409","Уже є домовленості з партнерами щодо додаткових систем ППО для України – звернення Президента України"
"https://www.president.gov.ua/news/cej-rosijskij-rezhim-ne-viznaye-mezh-jomu-nedostatno-navit-y-91365","Цей російський режим не визнає меж, йому недостатньо навіть Європи – виступ Президента перед Національними зборами Франції"
"https://www.president.gov.ua/news/zaraz-lishe-pochatok-chervnya-vzhe-same-taki-tizhni-yaki-viz-91341","Зараз лише початок червня, а вже – саме такі тижні, які визначатимуть і все літо, і багато в чому цей рік – звернення Президента"
"https://www.president.gov.ua/news/vistup-prezidenta-pid-chas-plenarnoyi-sesiyi-pereosmislennya-91305","Виступ Президента під час пленарної сесії «Переосмислення рішень для підтримання глобального миру та регіональної стабільності» у Сінгапурі"
"https://www.president.gov.ua/news/najblizhchim-chasom-bude-bagato-komunikaciyi-z-partnerami-sh-91221","Найближчим часом буде багато комунікації з партнерами щодо нових систем ППО та спільних виробництв – звернення Президента"
"https://www.president.gov.ua/news/zirvati-globalnij-samit-miru-rosiya-vzhe-ne-zmozhe-hocha-j-d-91213","Зірвати Глобальний саміт миру Росія вже не зможе, хоча й дуже старається це зробити – звернення Президента"
"https://www.president.gov.ua/news/bagato-lideriv-zasudili-rosijskij-teror-vazhlivo-shob-take-z-91141","Багато лідерів засудили російський терор; важливо, щоб таке засудження привело до справедливих наслідків – звернення Президента"
"https://www.president.gov.ua/news/mi-ne-hochemo-shob-tak-samo-yak-ci-knizhki-zgoriv-statut-oon-91137","Ми не хочемо, щоб так само, як ці книжки, згорів Статут ООН — звернення Президента України до світових лідерів напередодні Саміту миру"
"https://www.president.gov.ua/news/udar-po-harkovu-chergovij-proyav-rosijskogo-bozhevillya-niya-91133","Удар по Харкову – черговий прояв російського божевілля, ніяк інакше це назвати просто не можна — звернення Президента України"
"https://www.president.gov.ua/news/ochikuyemo-lideriv-afriki-na-samiti-miru-i-vsim-vam-bazhayem-91125","Очікуємо лідерів Африки на Саміті миру і всім вам бажаємо миру – Президент України звернувся до африканських народів з нагоди Дня Африки"
"https://www.president.gov.ua/news/putin-ne-prosto-hoche-zirvati-samit-miru-vin-she-j-boyitsya-91113","Путін не просто хоче зірвати Саміт миру, він ще й боїться того, що може дати Саміт – звернення Президента"
"https://www.president.gov.ua/news/zahist-zhittya-povinen-mati-vsi-neobhidni-instrumenti-shob-s-91085","Захист життя повинен мати всі необхідні інструменти, щоб справді перемагати терористів – звернення Президента"
"https://www.president.gov.ua/news/samit-miru-ta-uchast-globalnih-lideriv-zdatni-povernuti-povn-91057","Саміт миру та участь глобальних лідерів здатні повернути повну дієвість Статуту ООН і повний захист кожній нації – звернення Президента"
"https://www.president.gov.ua/news/usi-partneri-povnistyu-poinformovani-shodo-aktualnih-potreb-91033","Усі партнери повністю поінформовані щодо актуальних потреб і реальної фронтової ситуації – звернення Президента"
"https://www.president.gov.ua/news/samit-bude-spravdi-globalnim-budut-predstavleni-lideri-z-usi-91005","Саміт буде справді глобальним, будуть представлені лідери з усіх континентів – звернення Президента"
"https://www.president.gov.ua/news/okupant-ne-dosyagaye-svogo-zavdannya-roztyagnuti-nashi-sili-90997","Окупант не досягає свого завдання – розтягнути наші сили та цим послабити Україну – звернення Президента"
"https://www.president.gov.ua/news/usyudi-de-skladno-nashi-sili-dayut-gidnu-vidsich-okupantu-zv-90985","Усюди, де складно, наші сили дають гідну відсіч окупанту — звернення Президента України"
"https://www.president.gov.ua/news/nasha-energetika-vtratila-suttyevu-chastinu-generaciyi-znovu-90977","Наша енергетика втратила суттєву частину генерації, знову є потреба у раціональному споживанні електрики – звернення Президента"
"https://www.president.gov.ua/news/vdalosya-dodati-vpevnenosti-napryamku-vovchanska-ale-rosijsk-90961","Вдалося додати впевненості напрямку Вовчанська, але російські обстріли не припиняються, загрози є – звернення Президента"
"https://www.president.gov.ua/news/za-cej-den-nashim-silam-oboroni-ta-bezpeki-vdalosya-chastkov-90929","За цей день нашим Силам оборони та безпеки вдалося частково стабілізувати ситуацію – звернення Президента"
"https://www.president.gov.ua/news/nashi-voyini-znishuyut-okupanta-yakij-namagayetsya-prosuvati-90921","Наші воїни знищують окупанта, який намагається просуватись: усе досить напружено – звернення Президента"
"https://www.president.gov.ua/news/nashe-zavdannya-absolyutno-zrozumile-zirvati-rosijsku-sprobu-90869","Наше завдання абсолютно зрозуміле – зірвати російську спробу розширити війну – звернення Президента"
"https://www.president.gov.ua/news/osobliva-uvaga-harkivshini-trivayut-zhorstoki-oboronni-boyi-90849","Особлива увага – Харківщині; тривають жорстокі оборонні бої на значній частині нашої прикордонної смуги – звернення Президента"
"https://www.president.gov.ua/news/zrivati-rosijski-nastupalni-zadumi-ce-zaraz-zavdannya-nomer-90841","Зривати російські наступальні задуми – це зараз завдання номер один – звернення Президента України"
"https://www.president.gov.ua/news/dodayemo-nashih-sil-na-harkivski-napryamki-use-neobhidne-dly-90833","Додаємо наших сил на харківські напрямки, усе необхідне для захисту позицій забезпечуємо – звернення Президента"
"https://www.president.gov.ua/news/cej-den-i-tizhden-dodali-she-pidtrimki-nashim-voyinam-derzha-90789","Цей день і тиждень додали ще підтримки нашим воїнам, державі, дипломатії та Саміту миру – звернення Президента"
"https://www.president.gov.ua/news/nagalni-prioriteti-poziciyi-na-fronti-fizichnij-zahist-lyude-90769","Нагальні пріоритети: позиції на фронті, фізичний захист людей і громад, зрив будь-яких спроб російських наступальних дій – звернення Президента"
"https://www.president.gov.ua/news/zvernennya-prezidenta-ukrayini-z-nagodi-dnya-pamyati-ta-pere-90749","Звернення Президента України з нагоди Дня пам'яті та перемоги над нацизмом у Другій світовій війні"
"https://www.president.gov.ua/news/gotuyemo-zustrichi-ta-dokumenti-yaki-tochno-stanut-novinami-90737","Готуємо зустрічі та документи, які точно стануть новинами за найближчі тижні – звернення Президента"
"https://www.president.gov.ua/news/za-politichnimi-rishennyami-maye-buti-realna-logistika-realn-90721","За політичними рішеннями має бути реальна логістика – реальне отримання зброї нашими воїнами – звернення Президента"
"https://www.president.gov.ua/news/privitannya-prezidenta-ukrayini-z-velikodnem-90709","Привітання Президента України з Великоднем"
"https://www.president.gov.ua/news/rosijske-zlo-navit-naperedodni-velikodnya-ne-zmenshuye-svogo-90705","Російське зло навіть напередодні Великодня не зменшує свого прагнення нести руїни – звернення Президента"
"https://www.president.gov.ua/news/den-prisvyachenij-situaciyi-na-hmelnichchini-bezpeka-zahist-90681","День присвячений ситуації на Хмельниччині: безпека, захист регіону, внесок в оборону всієї України – звернення Президента"
"https://www.president.gov.ua/news/doruchiv-na-vsih-rivnyah-pracyuvati-z-partnerami-shob-prisko-90657","Доручив на всіх рівнях працювати з партнерами, щоб прискорити постачання зброї: реалізацію пакетів і домовленостей – звернення Президента"
"https://www.president.gov.ua/news/gotuyemo-she-sim-bezpekovih-dokumentiv-dlya-ukrayini-zbroya-90649","Готуємо ще сім безпекових документів для України: зброя, фінанси, політична взаємодія – звернення Президента"
"https://www.president.gov.ua/news/sogodni-peredusim-nasha-vdyachnist-kozhnomu-voyinu-derzhavno-90633","Сьогодні передусім наша вдячність кожному воїну Державної прикордонної служби – звернення Президента"
"https://www.president.gov.ua/news/yevropa-mozhe-buti-micnoyu-ta-spravdi-mirnoyu-lishe-todi-kol-90629","Європа може бути міцною та справді мирною лише тоді, коли ніхто з європейців не залишається за бортом Європи – Президент під час конференції «20 років Чехії в ЄС: візія розширеної Європи»"
"https://www.president.gov.ua/news/usi-rozvidki-partneriv-poinformovani-pro-zagrozi-j-perspekti-90617","Усі розвідки партнерів поінформовані про загрози й перспективи, які є зараз – звернення Президента"
"https://www.president.gov.ua/news/u-chervni-mozhe-pochatisya-shlyah-do-spravedlivogo-miru-zver-90605","У червні може початися шлях до справедливого миру – звернення Президента"
"https://www.president.gov.ua/news/ukrayini-treba-shonajmenshe-7-sistem-patriot-zvernennya-prez-90601","Україні треба щонайменше 7 систем Patriot – звернення Президента"
"https://www.president.gov.ua/news/nashi-voyini-vmiyut-peremagati-ale-voni-potrebuyut-vashoyi-d-90589","Наші воїни вміють перемагати, але вони потребують вашої достатньої та своєчасної підтримки – звернення Президента до учасників засідання у форматі «Рамштайн»"
"https://www.president.gov.ua/news/dyakuyu-tim-hto-zahistiv-zhittya-38-rokiv-tomu-i-tim-hto-pro-90569","Дякую тим, хто захистив життя 38 років тому, і тим, хто протистояв ворогу у 2022 році – виступ Президента з нагоди річниці трагедії на ЧАЕС"
"https://www.president.gov.ua/news/dyakuyu-vsim-krayinam-yaki-v-cej-chas-uhvalili-svoyi-novi-ri-90557","Дякую всім країнам, які в цей час ухвалили свої нові рішення на допомогу Україні – звернення Президента"
"https://www.president.gov.ua/news/duzhe-vazhlivo-shob-usi-nashi-domovlenosti-z-prezidentom-baj-90533","Дуже важливо, щоб усі наші домовленості з Президентом Байденом були реалізовані на сто відсотків – звернення Президента Володимира Зеленського"
"https://www.president.gov.ua/news/proshu-poshiryuvati-u-vashih-krayinah-pravdu-pro-vijnu-ta-do-90521","Прошу поширювати у ваших країнах правду про війну та допомагати посилювати нашу ППО – виступ Президента на зустрічі з іноземними та українськими послами"
"https://www.president.gov.ua/news/ukrayina-vitrimuye-udari-teroristiv-bo-zavzhdi-ye-komu-stati-90501","Україна витримує удари терористів, бо завжди є кому стати опорою для життя – звернення Президента"
"https://www.president.gov.ua/news/chotiri-prioriteti-ppo-suchasna-artileriya-dalekobijnist-i-s-90485","Чотири пріоритети: ППО, сучасна артилерія, далекобійність і щоб допомога від США прибула якнайшвидше – звернення Президента"
"https://www.president.gov.ua/news/robimo-vse-mozhlive-shob-zbilshiti-zahist-neba-zvernennya-pr-90449","Робимо все можливе, щоб збільшити захист неба – звернення Президента України"
"https://www.president.gov.ua/news/sogodni-mi-otrimali-rishennya-dopomogu-ssha-yaku-vidchuyut-i-90445","Сьогодні ми отримали рішення – допомогу США, яку відчують і воїни на передовій, і міста й села, які потерпають від російського терору, – звернення Президента"
"https://www.president.gov.ua/news/cej-rik-uzhe-ne-mozhe-buti-chasom-prosto-dlya-podalshih-obgo-90425","Цей рік уже не може бути часом просто для подальших обговорень, потрібні рішення партнерів – звернення Президента"
"https://www.president.gov.ua/news/protistoyati-bombarduvannyam-lishe-horobristyu-nespravedlivo-90413","Протистояти бомбардуванням лише хоробрістю несправедливо – Президент під час позачергового засідання Ради Україна – НАТО"
"https://www.president.gov.ua/news/ye-vazhlivi-rezultati-nashogo-vnutrishnogo-oboronnogo-virobn-90385","Є важливі результати нашого внутрішнього оборонного виробництва – звернення Президента"
"https://www.president.gov.ua/news/prezident-pid-chas-specialnogo-zasidannya-yevropejskoyi-radi-90365","Президент під час спеціального засідання Європейської ради: Початок сьогоднішнього дня відображає нашу ключову потребу зараз – потребу у ППО"
"https://www.president.gov.ua/news/nam-potriben-diyevij-finansovij-shit-prezident-pid-chas-krug-90357","Нам потрібен дієвий фінансовий щит – Президент під час круглого столу міністерського рівня на підтримку України у Світовому банку"
"https://www.president.gov.ua/news/okupant-povinen-vtrachati-i-kozhna-yihnya-vtrata-ce-sila-ukr-90353","Окупант повинен втрачати, і кожна їхня втрата – це сила України – звернення Президента"
"https://www.president.gov.ua/news/ukrayina-zrobit-zapit-na-sklikannya-zasidannya-radi-ukrayina-90333","Україна зробить запит на скликання засідання Ради Україна – НАТО – звернення Президента"
"https://www.president.gov.ua/news/shahedi-v-nebi-ukrayini-zvuchat-tak-samo-yak-i-v-nebi-blizko-90309","«Шахеди» в небі України звучать так само, як і в небі Близького Сходу – звернення Президента"
"https://www.president.gov.ua/news/dopomoga-ukrayini-dosi-obmezhena-rosiya-dosi-maye-dostup-do-90297","Допомога Україні досі обмежена, а Росія досі має доступ до компонентів для ракет – звернення Президента"
"https://www.president.gov.ua/news/nimechchina-nadast-nam-she-odin-patriot-pracyuyemo-nad-dodat-90293","Німеччина надасть нам ще один Patriot, працюємо над додатковою системою IRIS-T – звернення Президента України"
"https://www.president.gov.ua/news/cej-rik-maye-stati-chasom-krokiv-yaki-zroblyat-realnoyu-nash-90217","Цей рік має стати часом кроків, які зроблять реальною нашу перемогу над російським терором – Президент на саміті Ініціативи трьох морів"
"https://www.president.gov.ua/news/serijne-virobnictvo-ta-novi-zrazki-raket-u-nashoyi-oboronki-90181","Серійне виробництво та нові зразки ракет: у нашої «оборонки» є потрібні результати – звернення Президента України"
"https://www.president.gov.ua/news/ukrayina-ne-prosit-nadto-bagato-nam-potribni-sistemi-ppo-boj-90161","Україна не просить надто багато: нам потрібні системи ППО, бойові літаки, артилерія, справедливість – Президент під час Дельфійського економічного форуму"
"https://www.president.gov.ua/news/mi-povinni-zrobiti-vse-shob-yaknajbilshe-nashih-mist-i-groma-90129","Ми повинні зробити все, щоб якнайбільше наших міст і громад були захищені – звернення Президента України"
"https://www.president.gov.ua/news/maksimum-uvagi-zaraz-harkovu-energetichnij-situaciyi-pidtrim-90121","Максимум уваги зараз Харкову: енергетичній ситуації, підтримці людей та бізнесів – звернення Президента України"
"https://www.president.gov.ua/news/shukayemo-mozhlivosti-dati-harkovu-bilshe-zahistu-neba-zvern-90117","Шукаємо можливості дати Харкову більше захисту неба – звернення Президента України"
"https://www.president.gov.ua/news/dyakuyu-kozhnomu-j-kozhnij-hto-berezhe-normalnist-zhittya-zv-90113","Дякую кожному й кожній, хто береже нормальність життя – звернення Президента України"
"https://www.president.gov.ua/news/mozhemo-po-pravu-pishatisya-tim-sho-v-kozhnij-oblasti-ukrayi-90069","Можемо по праву пишатися тим, що в кожній області України люди стараються зробити все для нашого захисту – звернення Президента України"
"https://www.president.gov.ua/news/posilennya-ppo-dlya-harkivshini-sumshini-pivdennih-regioniv-90057","Посилення ППО для Харківщини, Сумщини, південних регіонів – це нагальна потреба – звернення Президента України"
"https://www.president.gov.ua/news/chitko-rozumiyemo-do-chogo-gotuyutsya-v-rosiyi-u-nas-ta-v-us-90037","Чітко розуміємо, до чого готуються в Росії; у нас та в усіх наших партнерів має бути чітка відповідь на російські операції – звернення Президента України"
"https://www.president.gov.ua/news/sistemi-ppo-yaki-ye-u-sviti-ne-mozhut-prosto-pripadati-pilom-90005","Системи ППО, які є у світі, не можуть просто припадати пилом десь на базах, коли вони можуть урятувати тисячі життів від російського терору – звернення Президента"
"https://www.president.gov.ua/news/kozhen-potencijnij-agresor-povinen-znati-sho-na-nogo-chekaye-89993","Кожен потенційний агресор повинен знати, що на нього чекає, якщо він зруйнує мир – Президент Володимир Зеленський звернувся до учасників конференції «Відновлення справедливості для України» в Гаазі"
"https://www.president.gov.ua/news/cej-rik-stavit-pered-vidnosinami-mizh-ukrayinoyu-ta-nato-niz-89989","Цей рік ставить перед відносинами між Україною та НАТО низку фундаментальних питань – звернення Президента Володимира Зеленського"
"https://www.president.gov.ua/news/sogodni-mi-vshanovuyemo-silu-kozhnogo-j-kozhnoyi-hto-vistoya-89973","Сьогодні ми вшановуємо силу кожного й кожної, хто вистояв, б’ється й працює та обов’язково принесе волю всій нашій землі – звернення Президента України"
"https://www.president.gov.ua/news/ce-vijna-za-pravo-na-isnuvannya-dlya-nashoyi-derzhavi-za-gid-89965","Це війна за право на існування для нашої держави, за гідність для нашого народу й для кожного народу, який прагне своєї долі – звернення Президента України в другу річницю звільнення Київщини від російських окупантів"
"https://www.president.gov.ua/news/uves-tizhden-majzhe-bezperervno-nashi-energetiki-remontni-br-89957","Увесь тиждень майже безперервно наші енергетики, ремонтні бригади, будівельники ліквідовують наслідки російських ударів і буквально витягують нормальне життя України – звернення Президента"
"https://www.president.gov.ua/news/maye-stati-obovyazkovo-spilnim-zavdannyam-shob-ekologichnih-89941","Має стати обов’язково спільним завданням, щоб екологічних катастроф більше не було у нашій Європі – звернення Президента України"
"https://www.president.gov.ua/news/robimo-vse-shob-u-nashih-voyiniv-bulo-bilshe-mozhlivostej-bi-89929","Робимо все, щоб у наших воїнів було більше можливостей, більше зброї; це буде – звернення Президента України"
"https://www.president.gov.ua/news/zaraz-spilne-zavdannya-dati-vsi-mozhlivosti-shob-u-sumskij-o-89893","Зараз спільне завдання – дати всі можливості, щоб у Сумській області були робочі місця, працював соціальний захист – звернення Президента України"
"https://www.president.gov.ua/news/ochikuyu-zmicnennya-strategichnih-mozhlivostej-nashoyi-derzh-89857","Очікую зміцнення стратегічних можливостей нашої держави прогнозувати і впливати на процеси, від яких залежить національна безпека – звернення Президента України"
"https://www.president.gov.ua/news/zaraz-nadzvichajno-vazhlivo-zvertati-uvagu-na-tih-hto-potreb-89845","Зараз надзвичайно важливо звертати увагу на тих, хто потребує підтримки; не залишайте людей наодинці зі складнощами – звернення Президента України"
"https://www.president.gov.ua/news/za-cej-tizhden-rosijski-teroristi-zastosuvali-majzhe-190-rak-89833","За цей тиждень російські терористи застосували майже 190 ракет, близько 140 «шахедів» і майже 700 керованих авіабомб – звернення Президента України"
"https://www.president.gov.ua/news/mi-mayemo-vsim-svitom-zahishatis-vid-tih-hto-vvazhaye-lyudej-89829","Ми маємо всім світом захищатись від тих, хто вважає людей просто витратним матеріалом – звернення Президента України"
"https://www.president.gov.ua/news/rosijskij-teror-zaraz-mozhlivij-lishe-tomu-sho-mi-ne-mayemo-89817","Російський терор зараз можливий лише тому, що ми не маємо достатньо систем ППО, тобто немає достатньо політичної волі, щоб їх надати – звернення Президента"
"https://www.president.gov.ua/news/petrioti-ta-inshi-sistemi-ppo-zaraz-potribni-same-v-ukrayini-89801","«Петріоти» та інші системи ППО зараз потрібні саме в Україні, для наших міст і громад – звернення Президента Володимира Зеленського"
"https://www.president.gov.ua/news/nashij-yevropi-potribna-realna-oboronna-samodostatnist-vistu-89793","Нашій Європі потрібна реальна оборонна самодостатність – виступ Президента України на засіданні Європейської ради"
"https://www.president.gov.ua/news/putin-povinen-prograti-i-ce-pitannya-zhittya-i-smerti-dlya-d-89781","Путін повинен програти, і це питання життя і смерті для демократичного світу – звернення Президента України"
"https://www.president.gov.ua/news/spravedlivist-maye-stati-novim-globalnim-pravilom-yake-bude-89769","Справедливість має стати новим глобальним правилом, яке буде підтримане глобальною єдністю – виступ Президента Володимира Зеленського на третьому Саміті за демократію"
"https://www.president.gov.ua/news/sogodni-chergovij-ramshtajn-budut-novi-oboronni-paketi-zokre-89757","Сьогодні – черговий «Рамштайн»; будуть нові оборонні пакети, зокрема дефіцитна артилерія – звернення Президента"
"https://www.president.gov.ua/news/za-cej-rik-mayemo-vijti-ta-vijdemo-na-maksimalne-ukrayinske-89741","За цей рік маємо вийти та вийдемо на максимальне українське оборонне виробництво за весь час незалежності – звернення Президента України"
"https://www.president.gov.ua/news/same-zaraz-i-same-ukrayinskim-zahistom-u-cij-vijni-virishuye-89729","Саме зараз і саме українським захистом у цій війні вирішується, чи вдасться Путіну розширити зону руїн у Європі та світі – звернення Президента України"
"https://www.president.gov.ua/news/ukrayina-teper-zavzhdi-matime-svoyu-vlasnu-udarnu-silu-v-neb-89721","Україна тепер завжди матиме свою власну ударну силу в небі – звернення Президента Володимира Зеленського"
"https://www.president.gov.ua/news/sho-bilshe-nashih-spravedlivih-vidpovidej-bude-rosijskij-der-89701","Що більше наших справедливих відповідей буде російській державі, то важче буде Путіну продовжувати своє правління, а отже, війну – звернення Президента України"
"https://www.president.gov.ua/news/z-kozhnim-dnem-mi-nakopichuyemo-vse-bilshe-takoyi-potribnoyi-89685","З кожним днем ми накопичуємо все більше такої потрібної сили, далекобійної сили – звернення Президента України"
"https://www.president.gov.ua/news/duzhe-vazhlivo-shob-pislya-rosijskih-udariv-nashi-lyudi-ne-z-89657","Дуже важливо, щоб після російських ударів наші люди не залишалися наодинці з болем та проблемами – звернення Президента України"
"https://www.president.gov.ua/news/u-kremli-povinni-privchitisya-do-togo-sho-teror-dlya-nih-ne-89637","У Кремлі повинні привчитися до того, що терор для них не буває безкарним – звернення Президента України"
"https://www.president.gov.ua/news/zhodnogo-miscya-spokoyu-dlya-okupanta-ne-povinno-buti-zverne-89625","Жодного місця спокою для окупанта не повинно бути – звернення Президента України"
"https://www.president.gov.ua/news/bilshe-sistem-ppo-ta-zasobiv-urazhennya-rosijskoyi-aviaciyi-89621","Більше систем ППО та засобів ураження російської авіації означає ближчий мир – звернення Президента України"
"https://www.president.gov.ua/news/u-chas-rosijskoyi-agresiyi-kozhen-bachit-naskilki-vazhlivo-p-89573","У час російської агресії кожен бачить, наскільки важливо підтримувати альянси, зміцнювати власну безпеку та дбати про безпеку сусідів – звернення Президента України"
"https://www.president.gov.ua/news/zbroya-ta-ppo-potribni-tut-shob-ryatuvati-zhittya-lyudej-zve-89553","Зброя та ППО потрібні тут, щоб рятувати життя людей – звернення Президента України"
"https://www.president.gov.ua/news/sogodni-ye-novij-krok-mizhnarodnogo-kriminalnogo-sudu-orderi-89529","Сьогодні є новий крок Міжнародного кримінального суду: ордери на арешт командувачів російських убивць – дальньої авіації та Чорноморського флоту РФ – звернення Президента України"
"https://www.president.gov.ua/news/mayemo-rozuminnya-yakij-u-voroga-chergovij-zadum-budemo-prot-89517","Маємо розуміння, який у ворога черговий задум, будемо протидіяти – звернення Президента України"
"https://www.president.gov.ua/news/potribno-zhorstko-reaguvati-na-diyi-rosiyi-usim-lideram-usim-89509","Потрібно жорстко реагувати на дії Росії усім лідерам, усім міжнародним організаціям – звернення Президента України"
"https://www.president.gov.ua/news/zatyaguvannya-z-postachannyam-zbroyi-dlya-ukrayini-ta-ppo-dl-89501","Затягування з постачанням зброї для України та ППО для захисту наших людей призводить до втрат життів – звернення Президента Володимира Зеленського"
"https://www.president.gov.ua/news/cogo-roku-novi-vinishuvachi-budut-u-nashomu-nebi-zvernennya-89481","Цього року нові винищувачі будуть у нашому небі – звернення Президента України"
"https://www.president.gov.ua/news/svit-u-yakomu-teror-vigraye-ne-spodobayetsya-nikomu-same-tom-89449","Світ, у якому терор виграє, не сподобається нікому, саме тому Путін повинен програти – звернення Президента України"
"https://www.president.gov.ua/news/mi-virimo-sho-povaga-ta-pravo-nacij-na-bezpeku-j-samostijnij-89393","Ми віримо, що повага та право націй на безпеку й самостійний вибір своєї долі мають бути універсальними принципами – виступ Президента Володимира Зеленського на відкритті саміту «Україна – Південно-Східна Європа»"
"https://www.president.gov.ua/news/spivpracya-ta-rishuchist-ce-dvi-vidpovidi-na-pitannya-pro-za-89345","Співпраця та рішучість – це дві відповіді на питання про закінчення війни та наближення миру – звернення Президента України"
"https://www.president.gov.ua/news/mayemo-zrobiti-vse-shob-punkt-formuli-miru-shodo-povernennya-89337","Маємо зробити все, щоб пункт Формули миру щодо повернення всіх полонених і депортованих був реалізований – звернення Володимира Зеленського до учасників Міжнародної платформи за звільнення незаконно утримуваних РФ цивільних осіб"
"https://www.president.gov.ua/news/mayemo-borotisya-za-povne-vidnovlennya-sili-mizhnarodnogo-pr-89313","Маємо боротися за повне відновлення сили міжнародного права щодо Криму – звернення Президента України з нагоди Дня спротиву окупації АР Крим та Севастополя"
"https://www.president.gov.ua/news/mayemo-buti-v-yednosti-yak-cogo-vimagaye-nasha-z-vami-spilna-89249","Маємо бути в єдності, як цього вимагає наша з вами спільна перемога – звернення Президента України до лідерів G7"
"https://www.president.gov.ua/news/mi-stali-na-730-dniv-blizhchi-do-peremogi-zvernennya-prezide-89217","Ми стали на 730 днів ближчі до перемоги – звернення Президента України"
"https://www.president.gov.ua/news/koli-zlo-u-vijni-staye-budennim-mistectvo-podovzhuye-zhittya-89213","Коли зло у війні стає буденним, мистецтво подовжує життя правдивих емоцій – звернення Глави держави з нагоди відкриття національного кінофестивалю Cinema for Victory"
"https://www.president.gov.ua/news/demokratiyi-ne-mayut-samousuvatisya-z-istorichnogo-procesu-z-89201","Демократії не мають самоусуватися з історичного процесу захисту всіх цінностей, які визначили наш сучасний світ – звернення Президента України"
"https://www.president.gov.ua/news/sho-bilshe-z-moskvi-lunaye-bozhevilnih-zayav-bilshoyu-povinn-89177","Що більше з Москви лунає божевільних заяв, то більшою повинна бути наша сила – звернення Президента України"
"https://www.president.gov.ua/news/zahist-neba-j-nashih-frontovih-pozicij-vid-rosijskih-aviacij-89149","Захист неба й наших фронтових позицій від російських авіаційних та ракетних ударів – одне з головних завдань цьогоріч – звернення Президента України"
"https://www.president.gov.ua/news/doruchiv-nashomu-uryadu-do-24-lyutogo-buti-na-kordoni-mizh-n-89141","Доручив нашому уряду до 24 лютого бути на кордоні між нашими державами; Україна прагне спільно та справедливо розв'язати ситуацію на кордоні – звернення Президента Володимира Зеленського"
"https://www.president.gov.ua/news/realne-chesne-zakinchennya-vijni-nemozhlive-bez-povnogo-vidn-89117","Реальне, чесне закінчення війни неможливе без повного відновлення справедливості – звернення Президента до учасників слухання Гельсінської комісії США на тему «Притягнення Росії до відповідальності за воєнні злочини проти України: уроки Нюрнберга»"
"https://www.president.gov.ua/news/zvernennya-prezidenta-ukrayini-z-nagodi-dnya-geroyiv-nebesno-89113","Звернення Президента України з нагоди Дня Героїв Небесної Сотні"
"https://www.president.gov.ua/news/yednist-maye-proyavlyatisya-ne-lishe-v-dumkah-i-slovah-j-u-d-89101","Єдність має проявлятися не лише в думках і словах, а й у діях заради спільних цілей і нашої держави – звернення Президента України"
"https://www.president.gov.ua/news/musimo-buti-j-nadali-stijkimi-rishuchimi-j-dosyagti-ukrayins-89089","Мусимо бути й надалі стійкими, рішучими й досягти українських цілей у цій війні – звернення Президента Володимира Зеленського"
"https://www.president.gov.ua/news/ne-pitajte-ukrayinu-koli-zakinchitsya-vijna-pitajte-v-sebe-c-89021","Не питайте Україну, коли закінчиться війна, питайте в себе, чому Путін досі здатний її продовжувати – виступ Президента Володимира Зеленського на Мюнхенській конференції з питань безпеки"
"https://www.president.gov.ua/news/mi-mayemo-zmicniti-nashi-soyuzi-ta-alyansi-shob-voni-buli-re-88977","Ми маємо зміцнити наші союзи та альянси, щоб вони були реально здатними захищати життя – виступ Президента на відкритті Міжнародної виставки «Перехрестя: 1000 років спільної історії Швеції та України»"
"https://www.president.gov.ua/news/stvoryuyemo-dlya-ukrayini-novu-bezpekovu-arhitekturu-yaka-do-88973","Створюємо для України нову безпекову архітектуру, яка допомагатиме довгостроково – звернення Президента Володимира Зеленського"
"https://www.president.gov.ua/news/naroshuvannya-nashih-virobnictv-ce-zahist-zhittya-nashih-voy-88941","Нарощування наших виробництв – це захист життя наших воїнів і розширення наших можливостей на фронті – звернення Президента України"
"https://www.president.gov.ua/news/mi-stvoryuyemo-dlya-ukrayini-principovo-novu-sistemu-bezpeko-88921","Ми створюємо для України принципово нову систему безпекових відносин із провідними державами світу – звернення Президента Володимира Зеленського"
"https://www.president.gov.ua/news/dyakuyu-kozhnomu-iz-70-senatoriv-yaki-progolosuvali-za-prodo-88917","Дякую кожному із 70 сенаторів, які проголосували за продовження підтримки нашої країни – звернення Президента України"
"https://www.president.gov.ua/news/shob-dodati-bilshe-zahistu-dodayemo-bilshe-mozhlivostej-nash-88909","Щоб додати більше захисту, додаємо більше можливостей нашим мобільним вогневим групам – звернення Президента України"
"https://www.president.gov.ua/news/pracyuyemo-shob-dodati-bilshe-efektivnosti-nashim-mobilnim-v-88905","Працюємо, щоб додати більше ефективності нашим мобільним вогневим групам та щоб ще більше регіонів України отримали РЕБ – звернення Президента"
"https://www.president.gov.ua/news/uves-realnij-dosvid-bojovih-komandiriv-i-brigad-maye-buti-re-88897","Увесь реальний досвід бойових командирів і бригад має бути реалізований для успіху Сил оборони України – звернення Президента Володимира Зеленського"
"https://www.president.gov.ua/news/mi-cinuyemo-amerikanske-liderstvo-ta-jogo-vnesok-u-zahist-uk-88881","Ми цінуємо американське лідерство та його внесок у захист української незалежності й демократії – звернення Президента Володимира Зеленського"
"https://www.president.gov.ua/news/she-100-nashih-voyiniv-povernulisya-dodomu-z-rosijskogo-polo-88861","Ще 100 наших воїнів повернулися додому з російського полону; більшість – захисники Маріуполя та «Азовсталі» – звернення Президента України"
"https://www.president.gov.ua/news/vidsogodni-do-kerivnictva-zbrojnimi-silami-ukrayini-pristupa-88857","Відсьогодні до керівництва Збройними Силами України приступає нова управлінська команда – звернення Президента Володимира Зеленського"
"https://www.president.gov.ua/news/nashe-zavdannya-cogo-roku-ne-lishe-posiliti-povitryanij-shit-88845","Наше завдання цього року – не лише посилити повітряний щит та далекобійні можливості України, а й завдати Росії системних втрат – звернення Президента"
"https://www.president.gov.ua/news/pidpisav-ukaz-yakij-rozpochinaye-stvorennya-okremogo-rodu-si-88817","Підписав указ, який розпочинає створення окремого роду сил – Сил безпілотних систем – звернення Президента України"
"https://www.president.gov.ua/news/obgovorili-z-premyer-ministrom-posilennya-politiki-veteraniv-88793","Обговорили з Прем’єр-міністром посилення політики ветеранів; Україні потрібні сила, свіжа енергія та лідерство – звернення Президента Володимира Зеленського"
"https://www.president.gov.ua/news/pracyuyemo-shob-dodati-mozhlivostej-zbivati-raketi-ta-droni-88761","Працюємо, щоб додати можливостей збивати ракети та дрони – звернення Президента України"
"https://www.president.gov.ua/news/vazhlivo-zberigati-konsolidaciyu-vilnogo-svitu-j-robiti-vse-88737","Важливо зберігати консолідацію вільного світу й робити все, щоб Україна могла завдавати поразок Росії – звернення Президента Володимира Зеленського"
"https://www.president.gov.ua/news/v-ukrayinu-pribuli-she-dvi-sistemi-ppo-yaki-zbivayut-use-zve-88713","В Україну прибули ще дві системи ППО, які збивають усе – звернення Президента Володимира Зеленського"
"https://www.president.gov.ua/news/rishennya-yevrosoyuzu-pro-50-mlrd-yevro-dlya-ukrayini-oznach-88681","Рішення Євросоюзу про 50 млрд євро для України означає, що українці мають фінансові гарантії для соціальної стабільності – звернення Президента Володимира Зеленського"
"https://www.president.gov.ua/news/sogodni-yevropa-nadsilaye-signal-svitu-sho-zasnovanij-na-pra-88657","Сьогодні Європа надсилає сигнал світу, що заснований на правилах міжнародний порядок витримає всі виклики – виступ Президента України на спеціальному засіданні Європейської ради"
"https://www.president.gov.ua/news/zabezpechuyemo-ta-postijno-posilyuyemo-zahist-energetichnih-88641","Забезпечуємо та постійно посилюємо захист енергетичних обʼєктів, зміцнюємо наш повітряний щит – звернення Президента України"
"https://www.president.gov.ua/news/sogodni-vdalosya-zvilniti-z-rosijskogo-polonu-she-207-ukrayi-88629","Сьогодні вдалося звільнити з російського полону ще 207 українців, загалом повернули 3035 людей; зробимо все, щоб повернути кожного – звернення Президента України"
"https://www.president.gov.ua/news/pracyuyemo-nad-novoyu-arhitekturoyu-bezpeki-yaka-potribna-uk-88617","Працюємо над новою архітектурою безпеки, яка потрібна Україні, усій Європі, усій Євроатлантиці – звернення Президента Володимира Зеленського"
"https://www.president.gov.ua/news/viperedzhati-voroga-u-yakosti-roboti-z-dronami-ce-odne-z-gol-88597","Випереджати ворога у якості роботи з дронами – це одне з головних завдань року – звернення Президента України"
"https://www.president.gov.ua/news/same-zavdyaki-nashim-voyinam-svit-prodovzhuye-viriti-v-ukray-88581","Саме завдяки нашим воїнам світ продовжує вірити в Україну – звернення Президента Володимира Зеленського"
"https://www.president.gov.ua/news/popri-rizni-vikliki-ukrayini-vdalosya-zberegti-mizhnarodnu-u-88573","Попри різні виклики, Україні вдалося зберегти міжнародну увагу до нашої битви за незалежність – звернення Президента Володимира Зеленського"
"https://www.president.gov.ua/news/sogodni-dayemo-start-zasnuvannyu-novogo-mehanizmu-komunikaci-88561","Сьогодні даємо старт заснуванню нового механізму комунікації з підприємцями – Всеукраїнської економічної платформи – звернення Президента України"
"https://www.president.gov.ua/news/socialna-situaciya-v-ukrayini-zaraz-bagato-v-chomu-bazuyetsy-88541","Соціальна ситуація в Україні зараз багато в чому базується на якості реалізації міжнародних домовленостей – звернення Президента Володимира Зеленського"
"https://www.president.gov.ua/news/ukrayina-projshla-kolosalnij-shlyah-vistoyala-j-maye-zahisti-88529","Україна пройшла колосальний шлях, вистояла й має захиститися – звернення Президента Володимира Зеленського"
"https://www.president.gov.ua/news/ye-rishennya-rnbo-shodo-ekonomichnoyi-bezpeki-ta-ekonomichno-88513","Є рішення РНБО щодо економічної безпеки та економічної стабільності в час воєнного стану – звернення Президента України"
"https://www.president.gov.ua/news/ukrayina-ta-polsha-mozhut-buti-vilnimi-tilki-razom-i-ce-fund-88489","Україна та Польща можуть бути вільними тільки разом, і це – фундаментальний прояв соборності, який потрібен зараз усій Європі – звернення Президента Володимира Зеленського"
"https://www.president.gov.ua/news/potribno-zrobiti-neobhidni-napracyuvannya-shob-usi-skladnosh-88497","Потрібно зробити необхідні напрацювання, щоб усі складнощі між урядовцями, бізнесом, правоохоронцями були зняті – звернення Президента України"
"https://www.president.gov.ua/news/privitannya-prezidenta-ukrayini-z-dnem-sobornosti-88461","Привітання Президента України з Днем Соборності"
"https://www.president.gov.ua/news/rosiya-povinna-vidchuti-j-zapamyatati-sho-najbilshe-vid-agre-88457","Росія повинна відчути й запам’ятати, що найбільше від агресії втрачає сам агресор – звернення Президента України"
"https://www.president.gov.ua/news/vsiyeyu-arhitekturoyu-bezpekovih-garantij-mi-faktichno-reani-88449","Всією архітектурою безпекових гарантій ми фактично реанімуємо систему міжнародного права – звернення Президента України"
"https://www.president.gov.ua/news/use-chastishe-svit-chuye-sho-poperedu-mozhe-buti-she-bilshe-88445","Усе частіше світ чує, що попереду може бути ще більше воєн, але ми маємо силу, щоб це зупинити – звернення Президента України"
"https://www.president.gov.ua/news/blokuvati-shlyahi-obhodu-rosiyeyu-sankcij-ce-blokuvati-teror-88425","Блокувати шляхи обходу Росією санкцій – це блокувати терор – звернення Президента України"
"https://www.president.gov.ua/news/fundamentalne-zavdannya-zberigati-iniciativu-shob-bula-mozhl-88413","Фундаментальне завдання – зберігати ініціативу, щоб була можливість ставати сильнішими – звернення Президента України"
"https://www.president.gov.ua/news/kozhna-investiciya-u-vpevnenist-zahisnika-skorochuye-vijnu-v-88381","Кожна інвестиція у впевненість захисника скорочує війну – виступ Президента України перед учасниками спеціального засідання Всесвітнього економічного форуму у Давосі"
"https://www.president.gov.ua/news/ukrayinski-iniciativi-postupovo-stayut-globalnimi-iniciativa-88325","Українські ініціативи поступово стають глобальними ініціативами – звернення Президента Володимира Зеленського"
"https://www.president.gov.ua/news/nezalezhnist-zdobuvayut-smilivi-zvernennya-prezidenta-ukrayi-88309","Незалежність здобувають сміливі – звернення Президента України"
"https://www.president.gov.ua/news/mi-sformuvali-vzirec-bezpekovih-domovlenostej-dlya-nashogo-c-88293","Ми сформували взірець безпекових домовленостей для нашого часу – звернення Президента України"
"https://www.president.gov.ua/news/mi-povinni-vigrati-v-cij-bitvi-tomu-sho-v-nij-virishuyetsya-88241","Ми повинні виграти в цій битві, тому що в ній вирішується глобальне ставлення до свободи – виступ Президента України на спеціальному пленарному засіданні Рійгікогу Естонії"
"https://www.president.gov.ua/news/razom-mi-zminyuyemo-istoriyu-na-krashe-vistup-prezidenta-vol-88213","Разом ми змінюємо історію на краще – виступ Президента Володимира Зеленського перед представниками громадськості Литви та України"
"https://www.president.gov.ua/news/usya-logistika-u-vijsku-maye-stati-shvidshoyu-zvernennya-pre-88169","Уся логістика у війську має стати швидшою – звернення Президента України"
"https://www.president.gov.ua/news/terorist-povinen-platiti-najbilshe-za-shkodu-vid-teroru-i-ro-88141","Терорист повинен платити найбільше за шкоду від терору, і Росія заплатить – звернення Президента України"
"https://www.president.gov.ua/news/proviv-naradu-shodo-nashih-planiv-na-cej-rik-u-vidnosinah-iz-88113","Провів нараду щодо наших планів на цей рік у відносинах із партнерами у Євросоюзі та НАТО; чітко формулюємо завдання – звернення Президента України"
"https://www.president.gov.ua/news/sho-bilshe-mi-robimo-razom-menshe-shansiv-u-vorogiv-svobodi-88109","Що більше ми робимо разом, то менше шансів у ворогів свободи зламати нас – звернення Президента України до учасників щорічної шведської конференції «Суспільство та оборона»"
"https://www.president.gov.ua/news/na-kozhen-proyav-rosijskogo-teroru-bude-nasha-adekvatna-vidp-88097","На кожен прояв російського терору буде наша адекватна відповідь – звернення Президента України"
"https://www.president.gov.ua/news/vitrimati-cej-rik-oznachaye-vitrimati-vsyu-vijnu-zvernennya-88089","Витримати цей рік означає витримати всю війну – звернення Президента України"
"https://www.president.gov.ua/news/zabezpechiti-postachannya-dodatkovih-sistem-ppo-ta-raket-do-88077","Забезпечити постачання додаткових систем ППО та ракет до них – це пріоритет номер один – звернення Президента України"
"https://www.president.gov.ua/news/vdalosya-zvilniti-z-rosijskogo-polonu-ponad-200-nashih-lyude-88073","Вдалося звільнити з російського полону понад 200 наших людей – воїнів і  цивільних – звернення Президента України"
"https://www.president.gov.ua/news/same-v-ukrayini-mayemo-dovesti-sho-demokratiyi-zdatni-zahish-88057","Саме в Україні маємо довести, що демократії здатні захищати життя від будь-яких форм терору – звернення Президента Володимира Зеленського"
"https://www.president.gov.ua/news/kozhna-sistema-ppo-vzhe-vryatuvala-shonajmenshe-sotni-zhitti-88045","Кожна система ППО вже врятувала щонайменше сотні життів, за кожне забране життя Росія відповідатиме – звернення Президента України"
"https://www.president.gov.ua/news/novorichne-privitannya-prezidenta-ukrayini-volodimira-zelens-88037","Новорічне привітання Президента України Володимира Зеленського"
"https://www.president.gov.ua/news/pidpisav-kilka-ukaziv-pro-shanu-dlya-nashih-voyiniv-pro-nash-88033","Підписав кілька указів про шану для наших воїнів, про нашу їм вдячність – звернення Президента України"
"https://www.president.gov.ua/news/nastupnij-rik-stane-chasom-globalnih-rishen-i-ukrayini-potri-88029","Наступний рік стане часом глобальних рішень, і Україні потрібно вміти вплинути на них і досягти своїх цілей – звернення Президента Володимира Зеленського"
"https://www.president.gov.ua/news/prodovzhimo-posilyuvati-nashu-ppo-i-pracyuvati-nad-tim-shob-88025","Продовжимо посилювати нашу ППО і працювати над тим, щоб повернути війну назад у Росію – звернення Президента України"
"https://www.president.gov.ua/news/mi-vdyachni-vsim-bijcyam-yaki-vinosyat-cyu-vijnu-na-sobi-zve-88013","Ми вдячні всім бійцям, які виносять цю війну на собі – звернення Президента України з Авдіївки"
"https://www.president.gov.ua/news/stijkist-sila-ta-rezultati-zaraz-viznachayut-yak-mine-cya-zi-88009","Стійкість, сила та результати зараз визначають, як мине ця зима повномасштабної війни – звернення Президента України"
"https://www.president.gov.ua/news/pracyuyemo-nad-novimi-oboronnimi-paketami-zvernennya-prezide-88005","Працюємо над новими оборонними пакетами – звернення Президента України"
"https://www.president.gov.ua/news/bude-pravilno-shob-vijskovi-razom-iz-deputatami-viznachilisy-87993","Буде правильно, щоб військові разом із депутатами визначилися з тим, як має бути забезпечений наступний рік для наших Сил оборони – звернення Президента України"
"https://www.president.gov.ua/news/zvyazhitsya-z-timi-hto-zaraz-u-silah-oboroni-i-podyakujte-yi-87985","Зв’яжіться з тими, хто зараз у Силах оборони, і подякуйте їм – звернення Президента України"
"https://www.president.gov.ua/news/privitannya-prezidenta-ukrayini-volodimira-zelenskogo-z-rizd-87981","Привітання Президента України Володимира Зеленського з Різдвом Христовим"
"https://www.president.gov.ua/news/zavershuyemo-tizhden-naperedodni-rizdva-yakij-zrobiv-nashu-u-87973","Завершуємо тиждень напередодні Різдва, який зробив нашу Україну ще сильнішою, – звернення Президента Володимира Зеленського"
"https://www.president.gov.ua/news/haj-kozhen-rosijskij-lotchik-tochno-znaye-sho-bude-nasha-vid-87961","Хай кожен російський льотчик точно знає, що буде наша відповідь кожному російському вбивці – звернення Президента України"
"https://www.president.gov.ua/news/zvernennya-prezidenta-do-pracivnikiv-diplomatichnoyi-sluzhbi-87953","Звернення Президента до працівників дипломатичної служби України"
"https://www.president.gov.ua/news/u-peredrizdvyanij-chas-maksimalna-uvaga-zahistu-maksimalna-e-87921","У передріздвяний час – максимальна увага захисту, максимальна енергія заради того, щоб Україна досягала своїх цілей – звернення Президента Володимира Зеленського"
"https://www.president.gov.ua/news/dyakuyu-vsim-u-chiyih-molitvah-zvuchatime-prohannya-pro-pere-87901","Дякую всім, у чиїх молитвах звучатиме прохання про перемогу нашої єдності – звернення Президента України до учасників Різдвяного молитовного сніданку"
"https://www.president.gov.ua/news/pracyuyemo-nad-tim-shob-efektivnist-zastosuvannya-droniv-sta-87893","Працюємо над тим, щоб ефективність застосування дронів стала вищою на всіх напрямках – звернення Президента України"
"https://www.president.gov.ua/news/diya-stane-odnim-iz-servisiv-provajderiv-vidbudovi-ukrayini-87837","«Дія» стане одним із сервісів – провайдерів відбудови України – виступ Президента Володимира Зеленського на Diia Summit 2023"
"https://www.president.gov.ua/news/z-pershih-chisel-sichnya-pochnemo-spryamovuvati-novij-rik-v-87829","З перших чисел січня почнемо спрямовувати новий рік в інтересах подальшої підтримки України – звернення Президента Володимира Зеленського"
"https://www.president.gov.ua/news/golovne-sho-istorichno-mi-viznachilis-ukrayina-zavzhdi-bude-87813","Головне, що історично ми визначились: Україна завжди буде частиною спільного європейського дому – звернення Президента Володимира Зеленського"
"https://www.president.gov.ua/news/za-cej-tizhden-znisheno-vzhe-104-shahedi-zi-112-zastosovanih-87801","За цей тиждень знищено вже 104 «шахеди» зі 112, застосованих Росією – звернення Президента України"
"https://www.president.gov.ua/news/dbati-pro-nashih-voyiniv-pro-vsih-nashih-lyudej-ce-obovyazko-87789","Дбати про наших воїнів, про всіх наших людей – це обов’язково на всіх рівнях влади – Звернення Президента України"
"https://www.president.gov.ua/news/ukrayina-ne-raz-dovodila-na-sho-zdatna-bude-chas-koli-zmozhe-87781","Україна не раз доводила, на що здатна; буде час, коли зможемо відсвяткувати вступ у Євросоюз – звернення Президента Володимира Зеленського"
"https://www.president.gov.ua/news/yevropa-povinna-peremagati-dogovori-mayut-vikonuvatisya-zver-87769","Європа повинна перемагати, а договори мають виконуватися – звернення Президента України до учасників засідання Європейської ради"
"https://www.president.gov.ua/news/razom-mi-zdatni-zrobiti-tak-shob-rosiya-ne-zdobuvala-peremog-87753","Разом ми здатні зробити так, щоб Росія не здобувала перемог, і ми зробимо – виступ Президента України на спеціальному пленарному засіданні Стортингу Норвегії"
"https://www.president.gov.ua/news/svoboda-povinna-peremagati-zavzhdi-koli-htos-kidaye-yij-vikl-87673","Свобода повинна перемагати завжди, коли хтось кидає їй виклик – виступ Президента України в Національному університеті оборони США"
"https://www.president.gov.ua/news/narodi-ukrayini-ta-argentini-ponad-use-cinuyut-svobodu-svoyu-87653","Народи України та Аргентини понад усе цінують свободу, свою ідентичність і прагнуть жити гідно – звернення Президента Володимира Зеленського"
"https://www.president.gov.ua/news/maksimalno-aktivno-pracyuyemo-z-partnerami-zaradi-posilennya-87597","Максимально активно працюємо з партнерами заради посилення української ППО – звернення Президента України"
"https://www.president.gov.ua/news/dyakuyu-kozhnij-ukrayinskij-rodini-yaka-rozumiye-voyenni-j-t-87573","Дякую кожній українській родині, яка розуміє воєнні й температурні виклики та ощадливо споживає електрику – звернення Президента Володимира Зеленського"
"https://www.president.gov.ua/news/ukrayina-borotimetsya-za-vlasni-interesi-j-za-spravedlivi-in-87537","Україна боротиметься за власні інтереси й за справедливі інтереси кожної вільної нації – звернення Президента Володимира Зеленського"
"https://www.president.gov.ua/news/mi-mozhemo-robiti-razom-znachno-bilshe-nizh-bud-hto-z-nas-na-87517","Ми можемо робити разом значно більше, ніж будь-хто з нас наодинці – виступ Президента України на українсько-американській конференції оборонних індустрій"
"https://www.president.gov.ua/news/vilnomu-svitu-zhittyevo-neobhidno-zberegti-svoyu-konsolidova-87525","Вільному світу життєво необхідно зберегти свою консолідованість, взаємодію та підтримку того, чию свободу намагаються знищити – звернення Президента України до учасників онлайн-саміту лідерів G7"
"https://www.president.gov.ua/news/zvernennya-prezidenta-do-dnya-zbrojnih-sil-ukrayini-87485","Звернення Президента до Дня Збройних Сил України"
"https://www.president.gov.ua/news/sogodni-zbili-rosijskij-bojovij-litak-u-rajoni-zmiyinogo-yak-87481","Сьогодні збили російський бойовий літак у районі Зміїного, який заходив для удару по Одеській області – звернення Президента України"
"https://www.president.gov.ua/news/zvernennya-prezidenta-ukrayini-z-nagodi-mizhnarodnogo-dnya-v-87453","Звернення Президента України з нагоди Міжнародного дня волонтера"
"https://www.president.gov.ua/news/asambleya-mizhnarodnoyi-morskoyi-organizaciyi-uhvalila-rezol-87449","Асамблея Міжнародної морської організації ухвалила резолюцію на підтримку наших зусиль у Чорному морі – звернення Президента України"
"https://www.president.gov.ua/news/usim-varto-pamyatati-sho-bitva-za-dolyu-ukrayini-trivaye-zve-87441","Усім варто пам’ятати, що битва за долю України триває – звернення Президента Володимира Зеленського"
"https://www.president.gov.ua/news/vazhlivo-shob-kozhen-tizhden-mozhna-bulo-skazati-ya-dodav-sh-87429","Важливо, щоб кожен тиждень можна було сказати: «Я додав щось своє до спільного захисту» – звернення Президента України"
"https://www.president.gov.ua/news/zasluhav-dopovidi-shodo-postachannya-boyepripasiv-i-zbroyi-g-87417","Заслухав доповіді щодо постачання боєприпасів і зброї; готуємо запити для комунікації з партнерами – звернення Президента України"
"https://www.president.gov.ua/news/obgovorili-zaluchennya-resursiv-u-fortifikacijni-roboti-prio-87385","Обговорили залучення ресурсів у фортифікаційні роботи: пріоритет очевидний – звернення Президента України"
"https://www.president.gov.ua/news/duzhe-vazhlivo-shob-kilkist-punktiv-nezlamnosti-v-usih-oblas-87353","Дуже важливо, щоб кількість «Пунктів незламності» в усіх областях була достатньою для будь-якої надзвичайної ситуації – звернення Президента України"
"https://www.president.gov.ua/news/gotuyemo-horoshi-dalekobijni-rechi-shob-okupanti-vidchuvali-87317","Готуємо хороші далекобійні речі, щоб окупанти відчували українську силу – звернення Президента України"
"https://www.president.gov.ua/news/u-kozhnij-gromadi-zaraz-vazhlivo-zrobiti-maksimum-shob-mi-ne-87301","У кожній громаді зараз важливо зробити максимум, щоб ми не втрачали життя через негоду – звернення Президента України"
"https://www.president.gov.ua/news/nihto-za-ostanni-desyatilittya-ne-zavdav-bilshoyi-shkodi-vil-87285","Ніхто за останні десятиліття не завдав більшої шкоди вільному мореплавству, ніж Росія – звернення Президента України до учасників 33-ї асамблеї Міжнародної морської організації"
"https://www.president.gov.ua/news/ne-mozhna-buti-ostoron-zahistu-ukrayini-i-slava-vsim-nashim-87281","Не можна бути осторонь захисту України, і слава всім нашим людям, які це розуміють – звернення Президента Володимира Зеленського"
"https://www.president.gov.ua/news/zvernennya-prezidenta-ukrayini-z-nagodi-dnya-pamyati-zhertv-87249","Звернення Президента України з нагоди Дня пам'яті жертв голодоморів"
"https://www.president.gov.ua/news/chastina-zasidannya-stavki-sogodni-bula-prisvyachena-komplek-87237","Частина засідання Ставки сьогодні була присвячена комплексу питань, щодо яких наші воїни й суспільство очікують справедливих відповідей – звернення Президента України"
"https://www.president.gov.ua/news/ukrayina-dopovnyuye-svoyimi-sankciyami-mizhnarodni-sankcijni-87229","Україна доповнює своїми санкціями міжнародні санкційні механізми – звернення Президента Володимира Зеленського"
"https://www.president.gov.ua/news/vidbulosya-chergove-zasidannya-u-formati-ramshtajn-ye-novi-p-87221","Відбулося чергове засідання у форматі «Рамштайн», є нові пакети підтримки України, наших воїнів – звернення Президента Володимира Зеленського"
"https://www.president.gov.ua/news/ukrayinskij-narod-umiye-dosyagati-svoyih-cilej-koli-vsi-bory-87193","Український народ уміє досягати своїх цілей, коли всі борються заради України – звернення Президента Володимира Зеленського"
"https://www.president.gov.ua/news/zvernennya-prezidenta-ukrayini-z-nagodi-dnya-gidnosti-ta-svo-87165","Звернення Президента України з нагоди Дня Гідності та Свободи"
"https://www.president.gov.ua/news/svit-bachit-silu-ameriki-v-dopomozi-ukrayini-zvernennya-prez-87157","Світ бачить силу Америки в допомозі Україні – звернення Президента Володимира Зеленського"
"https://www.president.gov.ua/news/potriben-principovo-novij-riven-medichnogo-zabezpechennya-vo-87137","Потрібен принципово новий рівень медичного забезпечення воїнів – звернення Президента України"
"https://www.president.gov.ua/news/posilyuyemo-tisk-na-tih-hto-dopomagaye-rosijskomu-teroru-i-z-87121","Посилюємо тиск на тих, хто допомагає російському терору, і жодного звʼязку цих людей з Україною не залишимо – звернення Президента Володимира Зеленського"
"https://www.president.gov.ua/news/aktivno-ruhayemosya-zi-ssha-shodo-spilnogo-virobnictva-zbroy-87093","Активно рухаємося зі США щодо спільного виробництва зброї – звернення Президента України"
"https://www.president.gov.ua/news/hochu-podyakuvati-vsim-nashim-zahisnikam-neba-yihnij-rezulta-87077","Хочу подякувати всім нашим захисникам неба: їхній результат – це результат для всієї держави, це порятунок для наших людей, для наших міст – звернення Президента України"
"https://www.president.gov.ua/news/organizaciya-chornomorskogo-ekonomichnogo-spivrobitnictva-za-87065","Організація Чорноморського економічного співробітництва заслуговує на перезапуск та активізацію – виступ Президента України на саміті ПАЧЕС"
"https://www.president.gov.ua/news/rosiya-she-zdatna-nesti-zlo-mayemo-shodnya-dodavati-nashij-d-87057","Росія ще здатна нести зло; маємо щодня додавати нашій державі більше сили – звернення Президента України"
"https://www.president.gov.ua/news/potencial-nashih-gromad-nashih-mizhmiskih-ta-mizhlyudskih-zv-87029","Потенціал наших громад, наших міжміських та міжлюдських зв’язків може додавати значної сили нашому захисту – виступ Президента України на Німецько-українській конференції муніципальних партнерств"
"https://www.president.gov.ua/news/kozhen-nash-voyin-yakij-trimaye-poziciyi-pid-avdiyivkoyu-zas-87017","Кожен наш воїн, який тримає позиції під Авдіївкою, заслуговує на нашу надзвичайну вдячність – звернення Президента України"
"https://www.president.gov.ua/news/dlya-ukrayini-principovo-realizuvati-vsi-sim-rekomendacij-ye-86989","Для України принципово реалізувати всі сім рекомендацій Єврокомісії та виконати необхідне на цьому етапі нашого шляху в ЄС – звернення Президента Володимира Зеленського"
"https://www.president.gov.ua/news/rosiya-gotuyetsya-do-zimi-i-v-ukrayini-vsya-uvaga-maye-buti-86969","Росія готується до зими, і в Україні вся увага має бути зосереджена на захисті та відповідях терористам – звернення Президента Володимира Зеленського"
"https://www.president.gov.ua/news/nashi-sili-oboroni-j-bezpeki-dadut-vidpovid-rosijskij-armiyi-86961","Наші сили оборони й безпеки дадуть відповідь російській армії на удари по Херсону й селам Херсонщини – звернення Президента України"
"https://www.president.gov.ua/news/ukrayina-zavzhdi-povertayetsya-zvernennya-prezidenta-volodim-86953","Україна завжди повертається – звернення Президента Володимира Зеленського з нагоди першої річниці звільнення Херсона від російської окупації"
"https://www.president.gov.ua/news/spivpracya-ta-yednist-usih-hto-cinuye-mir-mozhe-zapobigti-ka-86913","Співпраця та єдність усіх, хто цінує мир, може запобігти катастрофам і зупинити страждання народів – звернення Президента України до учасників Паризького форуму миру"
"https://www.president.gov.ua/news/zrobimo-vse-shob-dodati-ukrayini-sili-zvernennya-prezidenta-86921","Зробимо все, щоб додати Україні сили – звернення Президента Володимира Зеленського"
"https://www.president.gov.ua/news/pracyuyemo-z-usima-partnerami-zaradi-posilennya-ppo-dlya-ukr-86885","Працюємо з усіма партнерами заради посилення ППО для України – звернення Президента Володимира Зеленського"
"https://www.president.gov.ua/news/koli-nashi-golosi-lunatimut-v-unison-mi-peremozhemo-mir-spra-86853","Коли наші голоси лунатимуть в унісон, ми переможемо, а мир, справедливість і верховенство закону будуть відновлені – виступ Президента Володимира Зеленського перед студентами та викладачами вишів Мексики"
"https://www.president.gov.ua/news/uzhe-rozumiyemo-yaki-nashi-kroki-potribni-shob-nablizhati-kl-86849","Уже розуміємо, які наші кроки потрібні, щоб наближати ключову мету – вступ України в ЄС – звернення Президента Володимира Зеленського"
"https://www.president.gov.ua/news/sogodni-istoriya-ukrayini-ta-vsiyeyi-yevropi-zrobila-praviln-86829","Сьогодні історія України та всієї Європи зробила правильний крок – Єврокомісія рекомендувала розпочати переговори щодо членства нашої держави – звернення Президента Володимира Зеленського"
"https://www.president.gov.ua/news/ukrayina-dlya-yes-ce-posilennya-vsiyeyi-yevropejskoyi-spilno-86821","Україна для ЄС – це посилення всієї європейської спільноти – звернення Президента Володимира Зеленського"
"https://www.president.gov.ua/news/zaraz-chas-bitvi-vid-yakoyi-zalezhit-dolya-derzhavi-j-lyudej-86809","Зараз час битви, від якої залежить доля держави й людей; вибори не на часі – звернення Президента України"
"https://www.president.gov.ua/news/shodo-rosijskogo-udaru-po-voyinah-128-yi-ogshbr-golovne-vsta-86805","Щодо російського удару по воїнах 128-ї ОГШБр: Головне – встановити правду про те, що сталося, і більше не допустити подібного – звернення Президента України"
"https://www.president.gov.ua/news/ukrayina-mozhe-robiti-veliki-rechi-koli-pracyuye-obyednano-v-86797","Україна може робити великі речі, коли працює обʼєднано, в інтересах своєї незалежності та всіх українців – звернення Президента Володимира Зеленського"
"https://www.president.gov.ua/news/shorazu-koli-bachus-z-nashimi-voyinami-ya-bachu-gotovnist-ne-86781","Щоразу, коли бачусь з нашими воїнами, я бачу готовність не просто захищати Україну, а перемагати в цій війні – звернення Президента Володимира Зеленського"
"https://www.president.gov.ua/news/vpevnenij-sho-ukrayina-obovyazkovo-peremozhe-budte-vpevneni-86765","Впевнений, що Україна обов’язково переможе; будьте впевнені в собі – звернення Президента України"
"https://www.president.gov.ua/news/vpevnenij-sho-ukrayina-zrobit-nashu-yevropu-silnishoyu-nizh-86745","Впевнений, що Україна зробить нашу Європу сильнішою, ніж будь-коли – звернення Президента Володимира Зеленського"
"https://www.president.gov.ua/news/uspih-ukrayini-v-bitvi-za-chorne-more-ce-te-sho-bude-v-pidru-86729","Успіх України в битві за Чорне море – це те, що буде в підручниках історії – звернення Президента Володимира Зеленського"
"https://www.president.gov.ua/news/mi-vsi-mayemo-buti-micnimi-yedinimi-mayemo-vistoyati-j-doves-86713","Ми всі маємо бути міцними, єдиними, маємо вистояти й довести, що свобода точно сильніша, ніж агресія – звернення Президента України"
"https://www.president.gov.ua/news/vazhlivo-nikoli-ne-zabuvati-yak-bagato-lyudej-dokladayut-zus-86701","Важливо ніколи не забувати, як багато людей докладають зусиль для захисту нашої держави й українців – звернення Президента Володимира Зеленського"
"https://www.president.gov.ua/news/nasha-formula-miru-postupovo-krok-za-krokom-staye-globalnoyu-86669","Наша Формула миру поступово, крок за кроком стає глобальною – звернення Президента України"
"https://www.president.gov.ua/news/nashi-spilni-zusillya-zakladayut-novu-svitovu-tradiciyu-yedn-86657","Наші спільні зусилля закладають нову світову традицію єднання, яке допомагає навчитися завершувати всі війни – виступ Президента України на третій зустрічі радників щодо реалізації Формули миру на Мальті"
"https://www.president.gov.ua/news/haj-sogodni-vsih-obyednaye-vidchuttya-yak-bagato-ukrayinska-86649","Хай сьогодні всіх об’єднає відчуття, як багато українська мова, всі наші люди пройшли, щоб Україна завжди була вільною – звернення Президента Володимира Зеленського"
"https://www.president.gov.ua/news/naroshuyemo-nashi-mozhlivosti-ta-chitkishe-bachimo-zavershen-86617","Нарощуємо наші можливості та чіткіше бачимо завершення війни українською перемогою – звернення Президента Володимира Зеленського"
"https://www.president.gov.ua/news/rosiya-maye-bachiti-sho-yiyi-ambiciyi-zagarbnika-vitrimayut-86609","Росія має бачити, що її амбіції загарбника витримають менше, ніж наша здатність захищати свободу – звернення Президента України до учасників засідання Європейської ради на рівні лідерів держав ЄС"
"https://www.president.gov.ua/news/kozhen-rosijskij-udar-ce-argument-sho-tisku-na-derzhavu-tero-86589","Кожен російський удар – це аргумент, що тиску на державу-терориста недостатньо – звернення Президента Володимира Зеленського"
"https://www.president.gov.ua/news/usima-zasobami-pracyuyemo-zaradi-togo-shob-cya-vijna-zaversh-86569","Усіма засобами працюємо заради того, щоб ця війна завершилася поразкою окупантів – звернення Президента України"
"https://www.president.gov.ua/news/potriben-maksimalno-chitkij-signal-rosiyi-nimechchina-pracyu-86561","Потрібен максимально чіткий сигнал Росії: Німеччина, працюючи з Україною, вірить у мир – виступ Глави держави на 6-му німецько-українському економічному форумі «Відновлення, розумне зростання та безпека»"
"https://www.president.gov.ua/news/prezident-na-parlamentskomu-samiti-krimskoyi-platformi-nasha-86557","Президент на парламентському саміті Кримської платформи: Наша мета – повна деокупація нашої землі, включно з Кримом; маємо її реалізувати"
"https://www.president.gov.ua/news/yaksho-mozhemo-pozbutisya-sirih-geopolitichnih-zon-mi-povinn-86549","Якщо можемо позбутися «сірих» геополітичних зон, ми повинні зробити це – виступ Президента Володимира Зеленського на засіданні колегії Європейської комісії"
"https://www.president.gov.ua/news/uvaga-svitu-do-ukrayini-do-zahistu-svobodi-ta-mizhnarodnogo-86533","Увага світу до України, до захисту свободи та міжнародного права має зберігатися – звернення Президента Володимира Зеленського"
"https://www.president.gov.ua/news/ukrayina-ne-zlamayetsya-vistoyit-i-vizhene-rosijske-zlo-zi-s-86525","Україна не зламається – вистоїть і вижене російське зло зі своєї землі – звернення Президента Володимира Зеленського"
"https://www.president.gov.ua/news/nashi-voyini-zrobili-cej-tizhden-duzhe-potuzhnim-dlya-ukrayi-86517","Наші воїни зробили цей тиждень дуже потужним для України – звернення Президента Володимира Зеленського"
"https://www.president.gov.ua/news/cimi-dnyami-rosijski-vtrati-spravdi-vrazhayut-i-same-taki-vt-86493","Цими днями російські втрати справді вражають, і саме такі втрати окупанта потрібні Україні – звернення Президента Володимира Зеленського"
"https://www.president.gov.ua/news/vdyachnij-ssha-za-liderstvo-yake-dopomagaye-yednati-svit-zar-86465","Вдячний США за лідерство, яке допомагає єднати світ заради захисту життя – звернення Президента України"
"https://www.president.gov.ua/news/ministr-oboroni-predstaviv-programu-dij-uzhe-ye-pershi-kroki-86433","Міністр оборони представив програму дій; уже є перші кроки для розв’язання питань, які порушували військові – звернення Президента України"
"https://www.president.gov.ua/news/nashe-zavdannya-nezminne-cogo-roku-buti-gotovimi-vidkriti-pe-86413","Наше завдання незмінне – цього року бути готовими відкрити переговори щодо членства України в ЄС – звернення Президента Володимира Зеленського"
"https://www.president.gov.ua/news/mayemo-rezultat-u-nashomu-prosuvanni-vpered-zvernennya-prezi-86401","Маємо результат у нашому просуванні вперед – звернення Президента України за підсумками засідання Ставки"
"https://www.president.gov.ua/news/pracyuyemo-shob-dati-nashim-voyinam-bilshe-ppo-bilshe-zahist-86393","Працюємо, щоб дати нашим воїнам більше ППО, більше захисту містам, щоб у них зберігалося життя – звернення Президента України"
"https://www.president.gov.ua/news/kozhen-povinen-vikonati-svoyu-chastinu-zahisnoyi-roboti-shob-86381","Кожен повинен виконати свою частину захисної роботи, щоб російський терор цієї зими не зупинив Україну – звернення Президента"
"https://www.president.gov.ua/news/koli-teror-rozpovzayetsya-vazhlivo-shob-svit-davav-odnoznach-86377","Коли терор розповзається, важливо, щоб світ давав однозначний сигнал, що захист від терору ніде не ослабне – звернення Президента України"
"https://www.president.gov.ua/news/nam-potribna-nadijna-geopolitichna-stabilnist-u-yevropi-ta-n-86329","Нам потрібна надійна геополітична стабільність у Європі та на всьому євроатлантичному просторі – звернення Президента України до лідерів країн спільноти Joint Expeditionary Force"
"https://www.president.gov.ua/news/nagalne-zavdannya-perevesti-v-cifrovij-format-uves-oblik-pos-86293","Нагальне завдання – перевести в цифровий формат увесь облік постачання силам оборони – звернення Президента України"
"https://www.president.gov.ua/news/vid-bezperervnosti-pidtrimki-zalezhit-stijkist-oporu-vistup-86277","Від безперервності підтримки залежить стійкість опору – виступ Президента на четвертому засіданні міністерського круглого столу щодо підтримки України в Марракеші"
"https://www.president.gov.ua/news/shodnya-nashi-voyini-ta-ves-narod-micnishi-zvernennya-prezid-86269","Щодня наші воїни та весь народ міцніші – звернення Президента України"
"https://www.president.gov.ua/news/treba-vibiti-iz-ruk-rosiyi-instrument-teroru-vistup-preziden-86245","Треба вибити із рук Росії інструмент терору – виступ Президента на засіданні Контактної групи з питань оборони України у форматі «Рамштайн»"
"https://www.president.gov.ua/news/strategichni-vidnosini-ukrayini-ta-rumuniyi-ce-nova-sila-dly-86225","Стратегічні відносини України та Румунії – це нова сила для всього Чорноморського регіону – звернення Президента Володимира Зеленського"
"https://www.president.gov.ua/news/rosiya-zacikavlena-v-rozpalenni-vijni-na-blizkomu-shodi-shob-86197","Росія зацікавлена в розпаленні війни на Близькому Сході, щоб послабити світову єдність – звернення Президента України"
"https://www.president.gov.ua/news/nasha-z-vami-yednist-maye-j-mozhe-zupiniti-zlo-vistup-prezid-86193","Наша з вами єдність має й може зупинити зло – виступ Президента України на засіданні Парламентської асамблеї НАТО"
"https://www.president.gov.ua/news/nastupnogo-tizhnya-pracyuvatimemo-razom-iz-nashimi-partneram-86189","Наступного тижня працюватимемо разом із нашими партнерами заради єдності світу в протистоянні терору – звернення Президента України"
"https://www.president.gov.ua/news/koli-vidbuvayetsya-udar-teroristiv-usi-hto-cinuye-zhittya-ma-86173","Коли відбувається удар терористів, усі, хто цінує життя, мають бути солідарні – звернення Президента України"
"https://www.president.gov.ua/news/zayava-prezidenta-ukrayini-volodimira-zelenskogo-shodo-teror-86165","Заява Президента України Володимира Зеленського щодо терористичної атаки на Ізраїль"
"https://www.president.gov.ua/news/vigrati-cyu-zimu-projti-vsi-skladnoshi-j-dati-zahist-nashim-86153","Виграти цю зиму, пройти всі складнощі й дати захист нашим людям – це дуже важливо – звернення Президента України"
"https://www.president.gov.ua/news/sogodni-nash-golovnij-mesedzh-dlya-svitu-zlo-ne-maye-prava-v-86149","Сьогодні наш головний меседж для світу: зло не має права взяти гору – звернення Президента України"
"https://www.president.gov.ua/news/shob-u-majbutnomu-u-yevropi-ne-bulo-vijni-nasha-yednist-maye-86117","Щоб у майбутньому у Європі не було війни, наша єдність має спрацювати на повну силу – виступ Президента України на інавгураційній пленарній сесії ІІІ саміту Європейської політичної спільноти"
"https://www.president.gov.ua/news/robota-v-regionah-shodo-fizichnogo-zahistu-kritichnih-obyekt-86093","Робота в регіонах щодо фізичного захисту критичних об’єктів і термінової відбудови має бути проведена до зими – звернення Президента України"
"https://www.president.gov.ua/news/harkiv-ne-prosto-trimayetsya-dopomagaye-trimati-micnim-uves-86077","Харків не просто тримається, а допомагає тримати міцним увесь наш Cхід – звернення Президента України"
"https://www.president.gov.ua/news/mizhnarodne-pravo-mozhe-vigrati-lishe-tut-v-ukrayini-i-vigra-86061","Міжнародне право може виграти лише тут, в Україні, і виграє – звернення Президента Володимира Зеленського"
"https://www.president.gov.ua/news/nasha-spilna-peremoga-pryamo-zalezhit-vid-nashoyi-z-vami-spi-86013","Наша спільна перемога прямо залежить від нашої з вами співпраці – виступ Президента України на засіданні міністрів закордонних справ держав – членів ЄС"
"https://www.president.gov.ua/news/zvernennya-prezidenta-volodimira-zelenskogo-z-nagodi-dnya-za-85993","Звернення Президента Володимира Зеленського з нагоди Дня захисників і захисниць України"
"https://www.president.gov.ua/news/nasha-derzhava-mozhe-stati-j-obovyazkovo-stane-donorom-globa-85989","Наша держава може стати й обовʼязково стане донором глобальної безпеки – звернення Президента України"
"https://www.president.gov.ua/news/mi-zakladayemo-osnovu-arsenalu-vilnogo-svitu-vistup-preziden-85961","Ми закладаємо основу арсеналу вільного світу – виступ Президента України на першому Міжнародному форумі оборонних індустрій"
"https://www.president.gov.ua/news/zvernennya-prezidenta-ukrayini-z-nagodi-dnya-pracivnikiv-osv-86005","Звернення Президента України з нагоди Дня працівників освіти"
"https://www.president.gov.ua/news/ne-lishe-zavdyaki-sili-nashoyi-zbroyi-j-sili-nashogo-duhu-ta-85973","Не лише завдяки силі нашої зброї, а й силі нашого духу та людяності в Україні ніколи не пануватиме зло – звернення Президента Володимира Зеленського"
"https://www.president.gov.ua/news/robitimemo-vse-shob-garantuvati-ubezpechennya-ukrayini-ta-vs-85945","Робитимемо все, щоб гарантувати убезпечення України та всієї Європи від російського радіаційного шантажу – звернення Президента Володимира Зеленського"
"https://www.president.gov.ua/news/nashim-voyinam-potribno-bilshe-instrumentiv-shob-znishuvati-85913","Нашим воїнам потрібно більше інструментів, щоб знищувати російські ракети, ударні дрони та авіацію – звернення Президента України"
"https://www.president.gov.ua/news/nashih-ukrayinskih-dij-proti-derzhavi-terorista-bude-bilshe-85893","Наших українських дій проти держави-терориста буде більше – звернення Президента Володимира Зеленського"
"https://www.president.gov.ua/news/najkrashe-shob-mi-mogli-viroblyati-peredovi-zrazki-zbroyi-sh-85885","Найкраще – щоб ми могли виробляти передові зразки зброї, щоб гарантувати безпеку Україні, і ми будемо виробляти – звернення Президента"
"https://www.president.gov.ua/news/tizhden-buv-duzhe-produktivnij-mayemo-bagato-horoshih-oboron-85877","Тиждень був дуже продуктивний, маємо багато хороших оборонних та інших рішень – звернення Президента України"
"https://www.president.gov.ua/news/vistup-prezidenta-ukrayini-volodimira-zelenskogo-na-zustrich-85881","Виступ Президента України Володимира Зеленського на зустрічі з представниками громадськості Канади"
"https://www.president.gov.ua/news/cyu-rosijsku-agresiyu-treba-zakinchiti-nashoyu-peremogoyu-vi-85841","Цю російську агресію треба закінчити нашою перемогою – виступ Президента Володимира Зеленського на урочистому засіданні парламенту Канади"
"https://www.president.gov.ua/news/vistup-prezidenta-j-pershoyi-ledi-ukrayini-pered-predstavnik-85817","Виступ Президента й першої леді України перед представниками урядових і ділових кіл США, пресою та українською громадою"
"https://www.president.gov.ua/news/razom-pracyuvatimemo-shob-spilno-z-amerikoyu-ukrayina-virobl-85805","Разом працюватимемо, щоб спільно з Америкою Україна виробляла необхідну зброю – звернення Президента Володимира Зеленського"
"https://www.president.gov.ua/news/zastosuvannya-prava-veto-potrebuye-reformuvannya-i-ce-mozhe-85745","Застосування права вето потребує реформування, і це може стати ключовою реформою ООН – виступ Президента України на засіданні Ради Безпеки ООН"
"https://www.president.gov.ua/news/shob-zapobigti-potryasinnyam-na-svitovomu-rinku-prodovolstva-85713","Щоб запобігти потрясінням на світовому ринку продовольства, ми можемо створити зернові хаби – виступ Володимира Зеленського на саміті Цілей сталого розвитку"
"https://www.president.gov.ua/news/sogodni-lyudstvo-maye-diyati-v-povnij-solidarnosti-shob-urya-85705","Сьогодні людство має діяти в повній солідарності, щоб урятувати життя – виступ Президента Володимира Зеленського під час загальних дебатів Генеральної Асамблеї ООН"
"https://www.president.gov.ua/news/vi-priklad-nadpotuzhnoyi-voli-i-ce-nadihaye-zvernennya-prezi-85677","Ви – приклад надпотужної волі, і це надихає – звернення Президента до українських захисників і захисниць, які брали участь в «Іграх нескорених»"
"https://www.president.gov.ua/news/mayemo-prijti-do-togo-shob-dlya-vsih-ditej-u-nashij-krayini-85673","Маємо прийти до того, щоб для всіх дітей у нашій країні знайшлася своя родина, свій дім – звернення Президента України"
"https://www.president.gov.ua/news/nashe-zavdannya-dati-ukrayini-vsi-mozhlivosti-viroblyati-zbr-85669","Наше завдання – дати Україні всі можливості виробляти зброю й снаряди, щоб мати надійний захист від агресії – звернення Президента"
"https://www.president.gov.ua/news/yevropa-vigraye-zavzhdi-koli-dogovori-pracyuyut-obicyanki-vi-85637","Європа виграє завжди, коли договори працюють, а обіцянки виконуються – звернення Президента України"
"https://www.president.gov.ua/news/potribna-potuzhna-sistema-pravozahistu-voyiniv-u-samomu-sekt-85621","Потрібна потужна система правозахисту воїнів у самому секторі оборони – звернення Президента України"
"https://www.president.gov.ua/news/nastupnogo-roku-dodayemo-znachni-byudzhetni-koshti-na-oboron-85589","Наступного року додаємо значні бюджетні кошти на оборонно-промисловий комплекс – звернення Президента України"
"https://www.president.gov.ua/news/novij-istorichnij-krok-mizh-ukrayinoyu-ta-yes-maye-vidbutisy-85581","Новий історичний крок між Україною та ЄС має відбутися цього року, і всі гілки влади повинні спрацювати на цей крок – звернення Президента"
"https://www.president.gov.ua/news/obyednujte-zaradi-svobodi-zaradi-spilnih-zdobutkiv-zvernenny-85565","Обʼєднуйте заради свободи, заради спільних здобутків – звернення до університетської спільноти Нідерландів"
"https://www.president.gov.ua/news/deklaraciyi-mayut-buti-vidkritimi-odrazu-zvernennya-preziden-85561","Декларації мають бути відкритими одразу – звернення Президента України"
"https://www.president.gov.ua/news/paperovoyi-roboti-u-vijskah-maye-stati-znachno-menshe-zverne-85557","Паперової роботи у військах має стати значно менше – звернення Президента України"
"https://www.president.gov.ua/news/front-za-minuli-sim-dniv-mayemo-prosuvannya-vpered-zvernenny-85545","Фронт: за минулі сім днів маємо просування вперед – звернення Президента України"
"https://www.president.gov.ua/news/partnerstvo-ukrayini-ta-yaponiyi-stane-globalnim-prikladom-z-85533","Партнерство України та Японії стане глобальним прикладом захисту життя та створення нових можливостей для народів – звернення Президента Володимира Зеленського"
"https://www.president.gov.ua/news/sankcijnij-nastup-svitu-maye-vidnovitisya-zvernennya-prezide-85493","Санкційний наступ світу має відновитися – звернення Президента України"
"https://www.president.gov.ua/news/dlya-bagatoh-u-sviti-ukrayina-zaraz-ce-osobistij-moralnij-vi-85473","Для багатьох у світі Україна зараз – це особистий моральний вибір – виступ Президента на зустрічі Ялтинської європейської стратегії"
"https://www.president.gov.ua/news/rezultati-ce-te-sho-zaraz-neobhidno-ukrayini-vid-usih-na-vsi-85457","Результати – це те, що зараз необхідно Україні від усіх, на всіх рівнях – звернення Президента Володимира Зеленського"
"https://www.president.gov.ua/news/kozhen-proyav-konsolidaciyi-svitu-realno-dopomagaye-ryatuvat-85425","Кожен прояв консолідації світу реально допомагає рятувати життя – звернення Президента України"
"https://www.president.gov.ua/news/obmezhennya-proti-ukrayinskogo-eksportu-zaraz-ce-masshtabuva-85413","Обмеження проти українського експорту зараз – це масштабування руйнації, якої завдають російські терористи – звернення Президента України до учасників саміту Ініціативи Тримор’я"
"https://www.president.gov.ua/news/nikogo-ne-mozhna-lishati-naodinci-z-vijnoyu-ta-yiyi-naslidka-85401","Нікого не можна лишати наодинці з війною та її наслідками в розумі й душі – виступ Президента України на третьому Саміті перших леді та джентльменів"
"https://www.president.gov.ua/news/okreslili-z-voyinami-kilka-prioritetnih-pozicij-sho-treba-zr-85389","Окреслили з воїнами кілька пріоритетних позицій; що треба зробити – зробимо – звернення Президента України"
"https://www.president.gov.ua/news/sogodni-ves-den-iz-nashimi-voyinami-duzhe-korisno-pochuti-vi-85377","Сьогодні весь день із нашими воїнами; дуже корисно почути від тих, хто йде в бій, чого саме не вистачає – звернення Президента України"
"https://www.president.gov.ua/news/ocholiti-ministerstvo-oboroni-ukrayini-maye-rustem-umyerov-z-85353","Очолити Міністерство оборони України має Рустем Умєров – звернення Президента Володимира Зеленського"
"https://www.president.gov.ua/news/ciyeyi-suboti-svij-den-vidznachayut-tri-mista-bez-yakih-ne-u-85345","Цієї суботи свій день відзначають три міста, без яких не уявити Україну – звернення Президента Володимира Зеленського"
"https://www.president.gov.ua/news/usmishka-kozhnoyi-ditini-kozhen-urok-yakij-sogodni-proveli-u-85325","Усмішка кожної дитини, кожен урок, який сьогодні провели українські вчителі, – це доказ, що Україна точно витримає – звернення Президента"
"https://www.president.gov.ua/news/zhodnih-sumniviv-sho-chas-golovuvannya-italiyi-v-g7-dast-sil-85301","Жодних сумнівів, що час головування Італії в G7 дасть сильні рішення для глобальної безпеки – звернення Президента України до учасників форуму Ambrosetti, що відбувається в Черноббіо"
"https://www.president.gov.ua/news/domovleno-pro-postachannya-v-ukrayinu-velikoyi-partiyi-brono-85297","Домовлено про постачання в Україну великої партії броньованих «медеваків» – звернення Президента Володимира Зеленського"
"https://www.president.gov.ua/news/kozhen-rezultat-ukrayini-ce-osvita-konkretnogo-ukrayincya-j-85277","Кожен результат України – це освіта конкретного українця й українки – виступ Володимира Зеленського з нагоди 125-ї річниці заснування НТУУ «Київський політехнічний інститут імені Ігоря Сікорського»"
"https://www.president.gov.ua/news/zhodnih-cherg-cifrovizaciya-roboti-vlk-ce-duzhe-vazhlivo-zve-85265","Жодних черг: цифровізація роботи ВЛК – це дуже важливо – звернення Президента України"
"https://www.president.gov.ua/news/buti-dostojnimi-shlyahu-yakim-ide-ukrayina-ce-obovyazok-zver-85249","Бути достойними шляху, яким іде Україна, – це обовʼязок – звернення Президента Володимира Зеленського"
"https://www.president.gov.ua/news/nasha-oboronka-davatime-bilshij-rezultat-zvernennya-preziden-85233","Наша «оборонка» даватиме більший результат – звернення Президента України"
"https://www.president.gov.ua/news/protyagom-tizhnya-budut-rishennya-yaki-dadut-nam-zmogu-she-p-85221","Протягом тижня будуть рішення, які дадуть нам змогу ще посилити наших воїнів – звернення Президента України"
"https://www.president.gov.ua/news/spravzhnya-micnist-ye-lishe-v-tih-derzhav-yaki-vmiyut-zahish-85213","Справжня міцність є лише в тих держав, які вміють захищати власне небо та шанують власну авіацію – звернення Президента України"
"https://www.president.gov.ua/news/zavdannya-maksimalne-nablizhennya-momentu-koli-f-16-dopomozh-85193","Завдання – максимальне наближення моменту, коли F-16 допоможуть нам тримати якнайдалі російських терористів – звернення Президента України"
"https://www.president.gov.ua/news/nezalezhnist-iz-nashih-ruk-mi-ne-vipustimo-j-damo-ukrayini-t-85157","Незалежність із наших рук ми не випустимо й дамо Україні таку силу, щоб перемагати завжди – виступ Президента Володимира Зеленського на Софійській площі з нагоди Дня Незалежності"
"https://www.president.gov.ua/news/privitannya-prezidenta-volodimira-zelenskogo-z-nagodi-dnya-n-85145","Привітання Президента Володимира Зеленського з нагоди Дня Незалежності України"
"https://www.president.gov.ua/news/rosiya-sprichinila-izolyaciyu-krimu-mi-povernemo-dlya-krimu-85121","Росія спричинила ізоляцію Криму, ми повернемо для Криму весь світ – виступ Президента на третьому саміті Кримської платформи"
"https://www.president.gov.ua/news/zagalnij-pidsumok-cih-dniv-ukrayina-stala-silnishoyu-zvernen-85089","Загальний підсумок цих днів – Україна стала сильнішою – звернення Президента Володимира Зеленського"
"https://www.president.gov.ua/news/use-v-nashij-derzhavi-maye-stati-pomichnikom-veterana-yak-so-85069","Усе в нашій державі має стати помічником ветерана, як сьогодні є помічником воїна – звернення Президента до учасників VI Міжнародного ветеранського форуму"
"https://www.president.gov.ua/news/zavershuyemo-istorichnij-vizit-do-derzhav-pivnichnoyi-yevrop-85033","Завершуємо історичний візит до держав Північної Європи, маємо дуже потрібні домовленості – звернення Президента України"
"https://www.president.gov.ua/news/svoyeyu-peremogoyu-ta-spivpraceyu-mi-dovedemo-sho-lyudi-mayu-85025","Своєю перемогою та співпрацею ми доведемо, що люди мають значення, свобода та Європа мають значення – виступ Володимира Зеленського перед представниками громадськості України та Данії"
"https://www.president.gov.ua/news/koli-stalosya-vtorgnennya-zla-ukrayina-povirila-daniyi-i-dya-85013","Коли сталося вторгнення зла, Україна повірила Данії, і дякую, що ви повірили в нас – виступ Президента перед членами Фолькетингу"
"https://www.president.gov.ua/news/krok-za-krokom-nablizhayemosya-do-togo-shob-shvedski-litaki-84981","Крок за кроком наближаємося до того, щоб шведські літаки «Гріпен» з’явилися в нашому небі – звернення Президента України"
"https://www.president.gov.ua/news/gotuyemo-potuzhni-rechi-dlya-posilennya-nashoyi-derzhavi-nas-84949","Готуємо потужні речі для посилення нашої держави, наших воїнів – звернення Президента України"
"https://www.president.gov.ua/news/buduyemo-arsenal-vilnogo-svitu-razom-zvernennya-prezidenta-u-84933","Будуємо арсенал вільного світу разом – звернення Президента України"
"https://www.president.gov.ua/news/use-te-pro-sho-govorili-v-nashih-bojovih-brigadah-teper-ye-z-84917","Усе те, про що говорили в наших бойових бригадах, тепер є змістом роботи Генштабу, урядовців і Ставки – звернення Президента України"
"https://www.president.gov.ua/news/vidguki-nashih-kombativ-pro-bojove-zastosuvannya-tehniki-ta-84901","Відгуки наших комбатів про бойове застосування техніки та зброї – це те, про що говоритимемо з лідерами держав-партнерів – звернення Президента України"
"https://www.president.gov.ua/news/hto-ne-byetsya-na-peredovij-toj-maye-dopomagati-bitisya-zver-84877","Хто не б’ється на передовій, той має допомагати битися – звернення Президента України"
"https://www.president.gov.ua/news/rosijski-teroristi-povinni-vidchuvati-odne-yih-bude-znisheno-84861","Російські терористи повинні відчувати одне: їх буде знищено – звернення Президента України"
"https://www.president.gov.ua/news/vazhlivo-shob-kozhnogo-tizhnya-rosiya-bachila-novu-mizhnarod-84857","Важливо, щоб кожного тижня Росія бачила нову міжнародну активність на підтримку України – звернення Президента Володимира Зеленського"
"https://www.president.gov.ua/news/robimo-vse-shob-ukrayina-j-nadali-bula-garantom-prodovolchoy-84837","Робимо все, щоб Україна й надалі була гарантом продовольчої безпеки та мала доступ до світових ринків – звернення Президента Володимира Зеленського"
"https://www.president.gov.ua/news/keruvati-sistemoyu-tck-mayut-lyudi-yaki-tochno-znayut-sho-ta-84825","Керувати системою ТЦК мають люди, які точно знають, що таке війна – звернення Володимира Зеленського"
"https://www.president.gov.ua/news/ukrayina-maye-realizuvati-svij-istorichnij-shans-na-rozvitok-84817","Україна має реалізувати свій історичний шанс на розвиток, здобутий сміливістю наших людей – звернення Президента Володимира Зеленського"
"https://www.president.gov.ua/news/zavdannya-u-vsih-v-ukrayini-zbilshuvati-potencial-nashih-moz-84805","Завдання у всіх в Україні – збільшувати потенціал наших можливостей на фронті та послаблювати окупантів – звернення Президента Володимира Зеленського"
"https://www.president.gov.ua/news/krok-za-krokom-mi-robimo-deokupaciyu-krimu-dedali-bilsh-dosy-84797","Крок за кроком ми робимо деокупацію Криму дедалі більш досяжною й продуманою – звернення Президента України"
"https://www.president.gov.ua/news/kozhen-hto-bere-okupantiv-u-polon-na-fronti-prishvidshuye-sv-84765","Кожен, хто бере окупантів у полон на фронті, пришвидшує свободу для українців – звернення Президента Володимира Зеленського"
"https://www.president.gov.ua/news/ukrayini-potribna-sila-j-maksimalna-zoseredzhenist-na-dosyag-84753","Україні потрібна сила й максимальна зосередженість на досягненні перемоги – звернення Президента Володимира Зеленського"
"https://www.president.gov.ua/news/mizhnarodnij-poryadok-zasnovanij-na-pravilah-i-porushenij-ro-84733","Міжнародний порядок, заснований на правилах і порушений російською агресією, має бути відновлений – звернення Президента України"
"https://www.president.gov.ua/news/spravedlive-j-chesne-zavershennya-rosijskoyi-agresiyi-dast-k-84729","Справедливе й чесне завершення російської агресії дасть користь усім у світі – звернення Президента України"
"https://www.president.gov.ua/news/usi-povinni-pracyuvati-na-peremogu-na-zahist-lyudej-i-ukrayi-84713","Усі повинні працювати на перемогу, на захист людей і України – звернення Президента Володимира Зеленського"
"https://www.president.gov.ua/news/zakarpattya-bude-odnim-iz-drajveriv-rozvitku-dlya-vsiyeyi-uk-84693","Закарпаття буде одним із драйверів розвитку для всієї України – звернення Президента Володимира Зеленського"
"https://www.president.gov.ua/news/vashe-zavdannya-shob-svit-zavzhdi-buv-razom-z-ukrayinoyu-vis-84665","Ваше завдання – щоб світ завжди був разом з Україною – виступ Президента на нараді з керівниками закордонних дипломатичних установ України"
"https://www.president.gov.ua/news/okupanti-serjozno-vidchuyut-naslidki-nashoyi-roboti-zvernenn-84661","Окупанти серйозно відчують наслідки нашої роботи – звернення Президента України"
"https://www.president.gov.ua/news/dlya-zahistu-zhittya-ukrayinciv-i-ukrayinok-potribno-shob-u-84645","Для захисту життя українців і українок потрібно, щоб у наших військових було достатньо далекобійної зброї – звернення Президента Володимира Зеленського"
"https://www.president.gov.ua/news/postupovo-vijna-povertayetsya-na-teritoriyu-rosiyi-i-ce-nemi-84621","Поступово війна повертається на територію Росії, і це неминучий, природний та справедливий процес – звернення Президента України"
"https://www.president.gov.ua/news/sili-specialnih-operacij-ce-geroyizm-pro-yakij-nemozhlivo-ro-84601","Сили спеціальних операцій – це героїзм, про який неможливо розповісти деталі, вони завдають особливо відчутних ударів по російських терористах – звернення Президента України"
"https://www.president.gov.ua/news/gotuyemo-dovoli-vagomi-mizhnarodni-rishennya-dlya-ukrayini-d-84577","Готуємо доволі вагомі міжнародні рішення для України, для наших воїнів – звернення Президента України"
"https://www.president.gov.ua/news/mav-chest-privitati-likariv-i-medichnih-sestrichok-frontovih-84561","Мав честь привітати лікарів і медичних сестричок, фронтових медиків із професійним святом; вдячний кожному й кожній, на кому тримається життя України – звернення Президента Володимира Зеленського"
"https://www.president.gov.ua/news/duzhe-vazhlivo-sho-zuhvalist-ciyeyi-ataki-rosijskih-terorist-84521","Дуже важливо, що зухвалість цієї атаки російських терористів вдалося знищити – звернення Президента України"
"https://www.president.gov.ua/news/koli-nashi-lyudi-roblyat-use-mozhlive-j-nemozhlive-dlya-pere-84509","Коли наші люди роблять усе можливе й неможливе для перемоги, будь-яке внутрішнє зрадництво викликає лють – звернення Президента України"
"https://www.president.gov.ua/news/rosiya-povinna-shodnya-vtrachati-ce-spravedlivo-zvernennya-p-84497","Росія повинна щодня втрачати – це справедливо – звернення Президента України"
"https://www.president.gov.ua/news/popri-bud-yaki-namagannya-zlamati-nashu-derzhavu-j-nashih-ly-84493","Попри будь-які намагання зламати нашу державу й наших людей ми знаємо: в України є майбутнє – звернення Президента Володимира Зеленського"
"https://www.president.gov.ua/news/trivaye-perevirka-vijskkomativ-vidpovidalnist-za-porushennya-84489","Триває перевірка «військкоматів»: відповідальність за порушення неминуча – звернення Президента України"
"https://www.president.gov.ua/news/z-pochatku-tizhnya-lishe-v-odeskij-oblasti-vid-rosijskogo-te-84469","З початку тижня лише в Одеській області від російського терору постраждали понад 20 людей; лише абсолютне зло може завдавати таких ударів – звернення Президента України"
"https://www.president.gov.ua/news/lyudi-mayut-vidchuvati-sho-resursi-byudzhetiv-vikoristovuyut-84457","Люди мають відчувати, що ресурси бюджетів використовуються справедливо й правильно – звернення Президента України"
"https://www.president.gov.ua/news/rosijskij-teror-zachipaye-vsih-kozhen-u-sviti-maye-buti-zaci-84433","Російський терор зачіпає всіх; кожен у світі має бути зацікавлений у притягненні Росії до відповідальності – звернення Президента України"
"https://www.president.gov.ua/news/pokarati-rosiyu-za-teror-ce-istorichne-zavdannya-suchasnogo-84409","Покарати Росію за терор – це історичне завдання сучасного покоління лідерів світу – звернення  Президента України"
"https://www.president.gov.ua/news/ukrayina-oon-i-turechchina-spilno-mozhut-zabezpechiti-robotu-84381","Україна, ООН і Туреччина спільно можуть забезпечити роботу продовольчого коридору та інспектування суден – звернення Президента Володимира Зеленського"
"https://www.president.gov.ua/news/bezpeka-nashogo-kontinentu-pochinayetsya-suverenitetom-i-sil-84365","Безпека нашого континенту починається суверенітетом і силою України – звернення Президента Володимира Зеленського"
"https://www.president.gov.ua/news/mi-ne-mozhemo-zalishiti-zhodnogo-mista-j-sela-v-rosijskij-ok-84357","Ми не можемо залишити жодного міста й села в російській окупації, яка несе насильство й приниження людей – звернення Президента України"
"https://www.president.gov.ua/news/kozhna-tisyacha-metriv-prosuvannya-vpered-kozhen-uspih-kozhn-84341","Кожна тисяча метрів просування вперед, кожен успіх кожної нашої бойової бригади заслуговує на вдячність – звернення Президента України"
"https://www.president.gov.ua/news/do-krayin-velikoyi-simki-iz-yakimi-mi-vchora-pogodili-garant-84329","До країн «Великої сімки», із якими ми вчора погодили гарантії безпеки для України, приєдналися вже шість держав – звернення Президента Володимира Зеленського"
"https://www.president.gov.ua/news/upershe-za-chas-nezalezhnosti-mi-sformuvali-fundament-bezpek-84305","Уперше за час незалежності ми сформували фундамент безпеки для України на шляху до НАТО – звернення Президента Володимира Зеленського"
"https://www.president.gov.ua/news/ukrayina-bude-v-nato-pracyuyemo-nad-algoritmom-nabuttya-chle-84233","Україна буде в НАТО, працюємо над алгоритмом набуття членства – звернення Президента Володимира Зеленського"
"https://www.president.gov.ua/news/cinuyemo-kozhne-zhittya-pamyatayemo-istoriyu-i-razom-zahisha-84229","Цінуємо кожне життя, пам’ятаємо історію і разом захищаємо свободу – звернення Президента України"
"https://www.president.gov.ua/news/zmiyinij-vilnij-ostriv-vilnoyi-ukrayini-zvernennya-prezident-84181","Зміїний. Вільний острів вільної України – звернення Президента зранку 500-го дня війни"
"https://www.president.gov.ua/news/oboronna-pidtrimka-ce-poryatunok-svobodi-vistup-prezidenta-u-84117","Оборонна підтримка – це порятунок свободи – виступ Президента України на зустрічі з представниками болгарських політичних кіл, громадськості та 3МІ"
"https://www.president.gov.ua/news/nihto-u-sviti-ne-maye-zalishatisya-naodinci-z-vorogom-svobod-84081","Ніхто у світі не має залишатися наодинці з ворогом свободи, який робить своєю зброєю екоцид і погрожує радіаційною катастрофою – звернення Президента до університетської спільноти Аргентини"
"https://www.president.gov.ua/news/maksimalno-pracyuyemo-z-partnerami-shob-nasha-spilna-bezpeka-84077","Максимально працюємо з партнерами, щоб наша спільна безпека у Вільнюсі перемогла; усе залежить від партнерів – звернення Президента України"
"https://www.president.gov.ua/news/svit-bachit-sho-yedinim-dzherelom-nebezpeki-dlya-zaporizkoyi-84065","Світ бачить, що єдиним джерелом небезпеки для Запорізької АЕС є саме Росія – звернення Президента України"
"https://www.president.gov.ua/news/mi-zrobimo-vse-mozhlive-j-nemozhlive-shob-nasha-ppo-stala-na-84033","Ми зробимо все можливе й неможливе, щоб наша ППО стала найсильнішою – звернення Президента України"
"https://www.president.gov.ua/news/nikoli-ukrayinski-beregi-ne-terpitimut-okupanta-zvernennya-p-84025","Ніколи українські береги не терпітимуть окупанта – звернення Президента України"
"https://www.president.gov.ua/news/usi-hto-dopomagatime-agresoru-otrimayut-vidpovid-ukrayini-ta-84005","Усі, хто допомагатиме агресору, отримають відповідь України та всього світу – звернення Президента Володимира Зеленського"
"https://www.president.gov.ua/news/ukrayina-j-ukrayinci-znachno-silnishi-nizh-bud-hto-dumaye-pr-83973","Україна й українці значно сильніші, ніж будь-хто думає про нас – звернення Президента Володимира Зеленського"
"https://www.president.gov.ua/news/protidiya-ekocidu-ce-odin-iz-punktiv-ukrayinskoyi-formuli-mi-83941","Протидія екоциду – це один із пунктів Української формули миру, і ми маємо реалізувати кожен її пункт – звернення Президента Володимира Зеленського"
"https://www.president.gov.ua/news/prezident-volodimir-zelenskij-na-ceremoniyi-vruchennya-premi-83937","Президент Володимир Зеленський на церемонії вручення премії Chatham House 2022: Ця відзнака для України – ще один доказ того, що світ вірить в нашу державу, українців і в нашу перемогу"
"https://www.president.gov.ua/news/ce-istorichnij-chas-shob-pochati-peregovori-pro-chlenstvo-uk-83925","Це історичний час, щоб почати переговори про членство України у Євросоюзі – виступ Президента Володимира Зеленського на засіданні Європейської ради"
"https://www.president.gov.ua/news/rosiya-ta-yiyi-spilniki-povinni-vidchuvati-sho-cina-yihnogo-83897","Росія та її спільники повинні відчувати, що ціна їхнього терору для них лише збільшуватиметься – звернення Президента України"
"https://www.president.gov.ua/news/ukrayina-peremogi-bude-krayinoyu-gidnoyu-svoyih-geroyiv-vist-83869","Україна перемоги буде країною, гідною своїх героїв – виступ Президента на пленарному засіданні Верховної Ради з нагоди 27-ї річниці ухвалення Конституції"
"https://www.president.gov.ua/news/kozhen-proyav-teroru-znovu-dovodit-usomu-svitu-sho-rosiya-za-83849","Кожен прояв терору знову доводить усьому світу, що Росія заслуговує лише на поразку й трибунал – звернення Президента України"
"https://www.president.gov.ua/news/sogodni-na-vsih-napryamkah-u-nashih-voyiniv-bulo-prosuvannya-83833","Сьогодні на всіх напрямках у наших воїнів було просування вперед, і це щасливий день – звернення Президента України"
"https://www.president.gov.ua/news/sho-dovshe-trivaye-rosijska-agresiya-bilshu-degradaciyu-vona-83801","Що довше триває російська агресія, то більшу деградацію вона викликає і в самій Росії – звернення Президента України"
"https://www.president.gov.ua/news/pravilno-shob-nashi-lyudi-nashi-diti-znali-komu-mi-zavdyachu-83785","Правильно, щоб наші люди, наші діти знали, кому ми завдячуємо своїм життям і свободою України – звернення Президента Володимира Зеленського"
"https://www.president.gov.ua/news/ukrayina-tochno-zmozhe-zahistiti-yevropu-vid-bud-yakih-rosij-83781","Україна точно зможе захистити Європу від будь-яких російських сил, і неважливо, хто ними командує – звернення Президента Володимира Зеленського"
"https://www.president.gov.ua/news/haj-peremoga-ukrayini-ta-uspishna-transformaciya-derzhavnih-83777","Хай перемога України та успішна трансформація державних інституцій буде найкращим ушануванням памʼяті всіх наших героїв – звернення Президента Володимира Зеленського"
"https://www.president.gov.ua/news/bezpeka-pershij-prioritet-zvernennya-prezidenta-ukrayini-za-83769","Безпека – перший пріоритет – звернення Президента України за підсумками засідання РНБО"
"https://www.president.gov.ua/news/vas-obyednuye-spilnij-vibir-visoka-vidpovidalnist-vidvaga-ri-83761","Вас об’єднує спільний вибір, висока відповідальність, відвага, рішучість і вірність Україні, а в майбутньому всіх об'єднає перемога – звернення Президента України до офіцерів – випускників військових вишів"
"https://www.president.gov.ua/news/potribna-povna-deokupaciya-zaporizkoyi-aes-bud-hto-hto-zaply-83753","Потрібна повна деокупація Запорізької АЕС, а будь-хто, хто заплющив очі на її окупацію Росією, фактично сприяють терору – звернення Президента України"
"https://www.president.gov.ua/news/rosiya-rozglyadaye-scenarij-teraktu-na-zaporizkij-aes-z-viki-83737","Росія розглядає сценарій теракту на Запорізькій АЕС з викидом радіації, світ повинен діяти – звернення Президента України"
"https://www.president.gov.ua/news/mayemo-stati-globalnoyu-gromadoyu-shob-mir-dlya-kozhnoyi-nac-83729","Маємо стати глобальною громадою, щоб мир для кожної нації був гарантований – звернення Президента Володимира Зеленського до Організації американських держав"
"https://www.president.gov.ua/news/same-na-nashij-derzhavi-sfokusovani-globalni-nadiyi-i-nashi-83717","Саме на нашій державі сфокусовані глобальні надії, і наші люди їх виправдають: Україна переможе – звернення Президента Володимира Зеленського"
"https://www.president.gov.ua/news/koli-mi-zbuduyemo-ukrayinu-mi-zbuduyemo-svobodu-onlajn-vistu-83705","Коли ми збудуємо Україну, ми збудуємо свободу – онлайн-виступ Президента Володимира Зеленського на Конференції з питань відновлення України, яка відбувається в Лондоні"
"https://www.president.gov.ua/news/vidbudovana-zmicnena-ukrayina-ce-zahishenist-vid-bud-yakih-f-83693","Відбудована, зміцнена Україна – це захищеність від будь-яких форм російського терору – звернення Президента Володимира Зеленського"
"https://www.president.gov.ua/news/nemaye-u-derzhavi-zla-takih-fortifikacij-chi-rezerviv-yaki-z-83681","Немає у держави-зла таких фортифікацій чи резервів, які зупинять Україну – звернення Президента Володимира Зеленського"
"https://www.president.gov.ua/news/nashi-vijskovi-ruhayutsya-krok-za-krokom-idemo-vpered-zverne-83669","Наші військові рухаються, крок за кроком ідемо вперед – звернення Президента України"
"https://www.president.gov.ua/news/hochetsya-podyakuvati-vsim-partneram-yaki-za-cej-tizhden-zro-83661","Хочеться подякувати всім партнерам, які за цей тиждень зробили нові кроки у підтримці нашої держави і людей – звернення Президента України"
"https://www.president.gov.ua/news/kozhen-nash-voyin-kozhen-novij-krok-kozhen-metr-zvilnenoyi-v-83653","Кожен наш воїн, кожен новий крок, кожен метр звільненої від ворога української землі – це найважливіше – звернення Президента Володимира Зеленського"
"https://www.president.gov.ua/news/chergovij-ramshtajn-vidbuvsya-dovoli-rezultativno-she-micnis-83633","Черговий «Рамштайн» відбувся доволі результативно, ще міцнішаємо – звернення Президента України"
"https://www.president.gov.ua/news/pidtrimuyuchi-ukrayinu-svit-pidtrimuye-zahist-vid-vijni-bo-d-83613","Підтримуючи Україну, світ підтримує захист від війни, бо джерело агресії – поза нашими кордонами – звернення Володимира Зеленського до Федеральних зборів та народу Швейцарської Конфедерації"
"https://www.president.gov.ua/news/koli-ruyini-znikayut-prograye-ne-prosto-agresor-sama-ideya-a-83601","Коли руїни зникають, то програє не просто агресор, а сама ідея агресії – звернення Президента України"
"https://www.president.gov.ua/news/mayemo-razom-iz-partnerami-zabezpechiti-fizichno-taki-umovi-83589","Маємо разом із партнерами забезпечити фізично такі умови, щоб російський терор став неможливим – звернення Президента України"
"https://www.president.gov.ua/news/micnist-nashih-voyiniv-daye-rezultat-i-ya-dyakuyu-za-ce-kozh-83561","Міцність наших воїнів дає результат, і я дякую за це кожному, хто зараз у бою – звернення Президента України"
"https://www.president.gov.ua/news/duzhe-vazhlivo-sho-predstavniki-mizhnarodnogo-pravosuddya-na-83553","Дуже важливо, що представники міжнародного правосуддя на власні очі побачили наслідки російського теракту на Каховській ГЕС – звернення Президента України"
"https://www.president.gov.ua/news/spilne-zvernennya-prezidenta-ukrayini-volodimira-zelenskogo-83549","Спільне звернення Президента України Володимира Зеленського та Прем'єр-міністра Канади Джастіна Трюдо до канадських журналістів у межах Press Gallery Dinner в Оттаві"
"https://www.president.gov.ua/news/ukrayinskij-sens-dlya-mizhnarodnih-vidnosin-polyagaye-v-tomu-83525","Український сенс для міжнародних відносин полягає в тому, що ми маємо дбати одне про одного завжди – звернення Президента Володимира Зеленського"
"https://www.president.gov.ua/news/mi-bachimo-geroyizm-nashih-voyiniv-i-vdyachni-za-kozhnu-hvil-83509","Ми бачимо героїзм наших воїнів і вдячні за кожну хвилину їхнього життя, яке є життям України – звернення Президента Володимира Зеленського"
"https://www.president.gov.ua/news/rosiyeyu-keruyut-nelyudi-yaki-osobisto-ye-najbilshoyu-katast-83493","Росією керують нелюди, які особисто є найбільшою катастрофою на планеті – звернення Президента України"
"https://www.president.gov.ua/news/neobhidno-konsoliduvati-svit-shob-rosiya-ponesla-vidpovidaln-83481","Необхідно консолідувати світ, щоб Росія понесла відповідальність за екоцид, а Україна не залишилася наодинці із цією трагедією – звернення Президента до представників світової екологічної спільноти"
"https://www.president.gov.ua/news/potribno-shob-mizhnarodni-organizaciyi-yak-mkchh-negajno-dol-83461","Потрібно, щоб міжнародні організації, як МКЧХ, негайно долучилися до порятунку людей на окупованій частині Херсонщини – звернення Президента України"
"https://www.president.gov.ua/news/potribna-negajna-j-maksimalna-reakciya-svitu-na-rosijskij-te-83453","Потрібна негайна й максимальна реакція світу на російський терор – звернення Володимира Зеленського щодо російського екоциду внаслідок підриву Каховської ГЕС"
"https://www.president.gov.ua/news/stvorena-rosijskimi-teroristami-katastrofa-na-kahovskij-ges-83449","Створена російськими терористами катастрофа на Каховській ГЕС не зупинить Україну й українців – звернення Президента Володимира Зеленського"
"https://www.president.gov.ua/news/cogorich-u-vilnyusi-nareshti-varto-viznachiti-sho-ukrayina-b-83421","Цьогоріч у Вільнюсі нарешті варто визначити, що Україна буде членом НАТО – звернення Президента України до учасників саміту «Бухарестської дев’ятки»"
"https://www.president.gov.ua/news/vorog-znaye-sho-ukrayina-peremozhe-zvernennya-prezidenta-vol-83413","Ворог знає, що Україна переможе – звернення Президента Володимира Зеленського"
"https://www.president.gov.ua/news/nastane-chas-koli-diti-na-zemli-zokrema-j-v-ukrayini-budut-z-83397","Настане час, коли діти на Землі, зокрема й в Україні, будуть захищені від такого зла, як російське – звернення Президента Володимира Зеленського"
"https://www.president.gov.ua/news/bud-laska-ne-zabuvajte-dyakuvati-nashim-voyinam-personalno-z-83389","Будь ласка, не забувайте дякувати нашим воїнам персонально – звернення Президента України"
"https://www.president.gov.ua/news/ukrayinskij-povitryanij-shit-maye-buti-zabezpechenij-usim-ne-83373","Український повітряний щит має бути забезпечений усім необхідним на постійній основі – звернення Президента Володимира Зеленського"
"https://www.president.gov.ua/news/obovyazok-miscevoyi-vladi-zabezpechiti-nayavnist-i-dostupnis-83337","Обовʼязок місцевої влади – забезпечити наявність і доступність укриттів цілодобово – звернення Президента України"
"https://www.president.gov.ua/news/kozhen-sumniv-u-yevropi-ce-okop-yakij-obovyazkovo-sprobuye-z-83305","Кожен сумнів у Європі – це окоп, який обов’язково спробує зайняти Росія – виступ Президента України на другій зустрічі Європейської політичної спільноти"
"https://www.president.gov.ua/news/svit-znaye-yaku-fundamentalnu-rol-nash-morskij-zernovij-eksp-83289","Світ знає, яку фундаментальну роль наш морський зерновий експорт відіграє для продовольчої безпеки – звернення Президента Володимира Зеленського"
"https://www.president.gov.ua/news/usi-462-dobi-mi-byemosya-za-nashe-majbutnye-znachit-za-nashi-83269","Усі 462 доби ми б’ємося за наше майбутнє, а значить – за наших дітей, за їхню волю та їхню долю – виступ Президента України на конференції «UA: Війна. Недоспівана колискова» з нагоди Міжнародного дня захисту дітей"
"https://www.president.gov.ua/news/prodovzhuyemo-konsolidaciyu-partneriv-dlya-togo-shob-ukrayin-83253","Продовжуємо консолідацію партнерів для того, щоб українська ППО стала максимально ефективною – звернення Президента України"
"https://www.president.gov.ua/news/nashimi-uspihami-tiskom-ta-petriotami-mi-vidpovidatimemo-ros-83229","Нашими успіхами, тиском та «Петріотами» ми відповідатимемо Росії на всі прояви її зла – звернення Президента України"
"https://www.president.gov.ua/news/zvernennya-prezidenta-ukrayini-do-amerikanskogo-narodu-z-nag-83225","Звернення Президента України до американського народу з нагоди Дня пам’яті"
"https://www.president.gov.ua/news/kiyiv-ta-vsi-nashi-mista-vsya-ukrayina-postavit-krapku-v-ist-83213","Київ та всі наші міста, вся Україна поставить крапку в історії московської деспотії – звернення Президента Володимира Зеленського"
"https://www.president.gov.ua/news/mi-prodovzhimo-nashi-sankcijni-kroki-na-cherzi-novi-she-bils-83201","Ми продовжимо наші санкційні кроки, на черзі – нові, ще більш масштабні санкційні пакети – звернення Президента України"
"https://www.president.gov.ua/news/za-cej-tizhden-mayemo-znachnij-progres-shodo-suchasnoyi-avia-83185","За цей тиждень маємо значний прогрес щодо сучасної авіації для України – звернення Президента Володимира Зеленського"
"https://www.president.gov.ua/news/vpevnenij-sho-vi-prodovzhite-vesti-za-soboyu-vilnij-svit-i-c-83165","Впевнений, що ви продовжите вести за собою вільний світ, і це буде наше століття, де пануватимуть свобода, інновації та демократичні цінності   – звернення Президента України до випускників Університету Джонса Гопкінса"
"https://www.president.gov.ua/news/sho-bilshe-rosijskih-polonenih-vizmemo-bilshe-povernemo-nash-83173","Що більше російських полонених візьмемо, то більше повернемо наших людей – звернення Президента України"
"https://www.president.gov.ua/news/koli-mista-j-gromadi-yevrosoyuzu-bezposeredno-spivpracyuyut-83157","Коли міста й громади Євросоюзу безпосередньо співпрацюють із містами й громадами України, це посилює нашу Європу – звернення Президента до Комітету регіонів ЄС"
"https://www.president.gov.ua/news/pershij-zhe-ukrayinskij-f-16-stane-odnim-iz-najsilnishih-sig-83129","Перший же український F-16 стане одним із найсильніших сигналів від світу, що Росія лише втрачатиме – звернення Президента України"
"https://www.president.gov.ua/news/golovne-zavdannya-nashoyi-derzhavi-same-u-zmicnenni-ukrayini-83125","Головне завдання нашої держави – саме у зміцненні України та посиленні нашої оборони – звернення Президента Володимира Зеленського"
"https://www.president.gov.ua/news/shotizhnya-dodayemo-zmistu-dlya-ukrayini-vid-samitu-nato-u-v-83105","Щотижня додаємо змісту для України від саміту НАТО у Вільнюсі – звернення Президента Володимира Зеленського"
"https://www.president.gov.ua/news/u-hirosimi-ukrayina-bula-pochesnim-uchasnikom-roboti-velikoy-83093","У Хіросімі Україна була почесним учасником роботи «Великої сімки», а українська тематика – центральною – звернення Президента Володимира Зеленського"
"https://www.president.gov.ua/news/kozhen-u-sviti-maye-robiti-vse-sho-mozhlivo-shob-vid-voyen-z-83085","Кожен у світі має робити все, що можливо, щоб від воєн залишилися тільки тіні на камінні історії – звернення Президента України до народу Японії"
"https://www.president.gov.ua/news/vistup-prezidenta-volodimira-zelenskogo-na-robochij-sesiyi-s-83057","Виступ Президента Володимира Зеленського на робочій сесії саміту «Назустріч мирному, стабільному та процвітаючому світу» за участю країн G7, України та партнерів"
"https://www.president.gov.ua/news/nam-potribne-globalne-liderstvo-demokratiyi-vistup-prezident-83053","Нам потрібне глобальне лідерство демократії – виступ Президента Володимира Зеленського на сесії саміту країн «Великої сімки» та України"
"https://www.president.gov.ua/news/zaluchayemo-yaknajbilshe-krayin-i-lideriv-zaradi-ukrayini-zv-83041","Залучаємо якнайбільше країн і лідерів заради України – звернення Президента Володимира Зеленського"
"https://www.president.gov.ua/news/zaklikayu-spriyati-zahistu-nashih-lyudej-vklyuchno-z-ukrayin-82997","Закликаю сприяти захисту наших людей, включно з українською мусульманською спільнотою – виступ Володимира Зеленського на саміті Ліги арабських держав"
"https://www.president.gov.ua/news/nashi-prioriteti-na-najblizhchij-chas-dodatkovi-sistemi-ppo-82973","Наші пріоритети на найближчий час – додаткові системи ППО, ракети, навчання й літаки, далекобійна зброя – звернення Президента України"
"https://www.president.gov.ua/news/bez-mizhnarodnogo-tribunalu-bez-prityagnennya-do-vidpovidaln-82977","Без міжнародного трибуналу, без притягнення до відповідальності всіх російських воєнних злочинців зло повернеться дуже скоро – звернення Володимира Зеленського до учасників другої конференції PISM Strategic Ark"
"https://www.president.gov.ua/news/potribno-she-bilshe-konsolidaciyi-svitu-dlya-tisku-na-rosiyu-82961","Потрібно ще більше консолідації світу для тиску на Росію, ще більше сили для наших воїнів – звернення Президента України"
"https://www.president.gov.ua/news/mi-yevropejci-otzhe-mi-diyemo-na-povnu-silu-koli-treba-zahis-82945","Ми – європейці, а отже, ми діємо на повну силу, коли треба захищати наш спосіб життя – виступ Президента України на відкритті четвертого саміту Ради Європи"
"https://www.president.gov.ua/news/razom-iz-partnerami-ukrayini-zrobimo-zahist-vid-teroru-maksi-82937","Разом із партнерами України зробимо захист від терору максимально міцним – звернення Президента Володимира Зеленського"
"https://www.president.gov.ua/news/golovni-rezultati-za-ci-dni-nashu-peremogu-vdalosya-zrobiti-82929","Головні результати за ці дні – нашу перемогу вдалося зробити ближчою – звернення Президента України"
"https://www.president.gov.ua/news/yevropa-ta-inshi-chastini-zemli-ne-mayut-buti-miscem-de-ambi-82901","Європа та інші частини землі не мають бути місцем, де амбіції тиранів ламають життя народів – виступ Президента України на врученні Міжнародної премії імені Карла Великого в Аахені"
"https://www.president.gov.ua/news/sogodni-u-rimi-domovilisya-pro-zbroyu-j-ppo-zvernennya-prezi-82857","Сьогодні – у Римі, домовилися про зброю й ППО – звернення Президента України"
"https://www.president.gov.ua/news/namagannya-obijti-sankciyi-maye-viznachatisya-yak-odin-iz-na-82833","Намагання обійти санкції має визначатися як один із найтяжчих злочинів проти міжнародного права та миру – звернення Президента України"
"https://www.president.gov.ua/news/sogodni-shvaliv-kompleksnij-strategichnij-plan-reformuvannya-82821","Сьогодні схвалив комплексний стратегічний план реформування нашої системи правопорядку – звернення Президента України"
"https://www.president.gov.ua/news/same-v-ukrayini-svit-bachitime-na-sho-zdatna-yevropa-zvernen-82809","Саме в Україні світ бачитиме, на що здатна Європа – звернення Президента Володимира Зеленського"
"https://www.president.gov.ua/news/lishe-pitannya-chasu-koli-mi-zmozhemo-vidnoviti-spravedlivij-82797","Лише питання часу, коли ми зможемо відновити справедливий мир для нашої частини Європи, для України – звернення Президента Володимира Зеленського"
"https://www.president.gov.ua/news/vidpovidalnist-agresora-za-zlochin-maye-buti-neminuchoyu-vis-82781","Відповідальність агресора за злочин має бути неминучою – виступ Президента на онлайн-саміті лідерів держав Core Group зі створення Спеціального трибуналу щодо злочину агресії проти України"
"https://www.president.gov.ua/news/uspihi-ukrayinciv-v-oboroni-proti-rosijskoyi-agresiyi-ce-ant-82769","Успіхи українців в обороні проти російської агресії – це антидот проти інших агресій – звернення Президента Володимира Зеленського"
"https://www.president.gov.ua/news/zvernennya-prezidenta-ukrayini-z-nagodi-dnya-pamyati-ta-pere-82761","Звернення Президента України з нагоди Дня пам'яті та перемоги над нацизмом у Другій світовій війні 1939–1945 років"
"https://www.president.gov.ua/news/usi-hto-dopomagaye-ukrayini-povertati-bezpeku-hto-tisne-na-r-82757","Усі, хто допомагає Україні повертати безпеку, хто тисне на Росію – усі є захисниками миру – звернення Президента Володимира Зеленського"
"https://www.president.gov.ua/news/mi-mayemo-povernuti-j-povernemo-vsih-nashih-lyudej-iz-rosijs-82745","Ми маємо повернути й повернемо всіх наших людей із російської неволі – звернення Президента України"
"https://www.president.gov.ua/news/robimo-vse-shob-svit-chuv-ukrayinu-rozumiv-i-dopomagav-nashi-82713","Робимо все, щоб світ чув Україну, розумів і допомагав нашій державі – звернення Президента Володимира Зеленського"
"https://www.president.gov.ua/news/do-united24-dodayutsya-she-dva-napryami-osvita-i-nauka-ta-ro-82705","До United24 додаються ще два напрями: «Освіта і наука» та «Розмінування» – Володимир Зеленський під час виступу на United24 Summit"
"https://www.president.gov.ua/news/vistup-volodimira-zelenskogo-pered-predstavnikami-gromadskos-82653","Виступ Володимира Зеленського перед представниками громадськості, політичних та експертних кіл Королівства Нідерланди й міжнародних інституцій, розташованих у Гаазі"
"https://www.president.gov.ua/news/gaaga-staye-spravzhnim-habom-spravedlivosti-dlya-vsih-hto-po-82649","Гаага стає справжнім хабом справедливості для всіх, хто постраждав від агресії та інших міжнародних злочинів – виступ Президента України в парламенті Нідерландів"
"https://www.president.gov.ua/news/gotuyemo-velikij-sankcijnij-paket-rishennya-vzhe-nezabarom-z-82593","Готуємо великий санкційний пакет, рішення вже незабаром – звернення Президента України"
"https://www.president.gov.ua/news/na-kozhen-udar-rosijski-okupanti-otrimayut-nashu-vidpovid-zv-82581","На кожен удар російські окупанти отримають нашу відповідь – звернення Президента України"
"https://www.president.gov.ua/news/okupantu-tochno-ne-vdastsya-vidibrati-u-nas-mir-yakij-ye-pri-82577","Окупанту точно не вдасться відібрати у нас мир, який є природною частиною українського характеру – звернення Президента України"
"https://www.president.gov.ua/news/nedostatno-lishe-togo-shob-rosiya-bula-slabkoyu-treba-shob-v-82565","Недостатньо лише того, щоб Росія була слабкою, треба, щоб вона відповіла за все скоєне – звернення Президента України"
"https://www.president.gov.ua/news/zupiniti-teror-i-vryatuvati-lyudej-mozhna-lishe-zbroyeyu-zve-82557","Зупинити терор і врятувати людей можна лише зброєю – звернення Президента України"
"https://www.president.gov.ua/news/prodovzhimo-pracyuvati-dlya-povernennya-vsih-deportovanih-uk-82525","Продовжимо працювати для повернення всіх депортованих українських дітей і для покарання Росії – звернення Президента України"
"https://www.president.gov.ua/news/zaraz-ye-mozhlivist-dati-novu-energiyu-vidnosinam-ukrayini-t-82501","Зараз є можливість дати нову енергію відносинам України та Китаю – звернення Президента Володимира Зеленського"
"https://www.president.gov.ua/news/ukrayina-maye-unikalnij-dosvid-zahistu-derzhavi-ta-lyudej-v-82493","Україна має унікальний досвід захисту держави та людей в умовах агресії, запрошуємо Італію разом будувати нову безпеку світу – Президент під час виступу на Конференції щодо відновлення України в Римі"
"https://www.president.gov.ua/news/kozhen-proyav-rosijskogo-teroru-ce-dodatkovi-argumenti-sho-v-82481","Кожен прояв російського терору – це додаткові аргументи, що все має завершитись у трибуналі – звернення Президента України"
"https://www.president.gov.ua/news/uzhe-gotuyemo-nashu-energetiku-do-nastupnoyi-zimi-zvernennya-82465","Уже готуємо нашу енергетику до наступної зими – звернення Президента України"
"https://www.president.gov.ua/news/nasha-peremoga-v-cij-vijni-bude-spilnoyu-usih-hto-yiyi-nabli-82441","Наша перемога в цій війні буде спільною – усіх, хто її наближав – звернення Президента України"
"https://www.president.gov.ua/news/zavdannya-pribrati-bud-yaki-mozhlivosti-rosiyi-obhoditi-sank-82433","Завдання – прибрати будь-які можливості Росії обходити санкції – звернення Президента України"
"https://www.president.gov.ua/news/zaraz-usim-nam-treba-zberigati-yednist-mobilizovanist-i-povn-82425","Зараз усім нам треба зберігати єдність, мобілізованість і повну концентрацію на обороні – звернення Президента України"
"https://www.president.gov.ua/news/mir-maye-stati-bezalternativnim-same-tomu-zlo-maye-prograti-82401","Мир має стати безальтернативним, саме тому зло має програти – виступ Президента України перед Генеральним конгресом Мексики"
"https://www.president.gov.ua/news/vazhlivo-shob-poki-trivaye-agresiya-rosiya-ne-mala-zhodnogo-82397","Важливо, щоб, поки триває агресія, Росія не мала жодного доступу до спортивних, олімпійських майданчиків – звернення Президента України"
"https://www.president.gov.ua/news/mi-vidkrivayemo-novij-riven-vzayemodiyi-mizh-gromadami-ukray-82373","Ми відкриваємо новий рівень взаємодії між громадами України та держав-партнерів – виступ Володимира Зеленського на Міжнародному саміті міст та регіонів у Києві"
"https://www.president.gov.ua/news/na-rivni-derzhavi-robitsya-vse-shob-zbilshuvati-mozhlivist-z-82365","На рівні держави робиться все, щоб збільшувати можливість захищатися від російських ударів – звернення Президента України"
"https://www.president.gov.ua/news/ce-nadihaye-j-pidtrimuye-koli-bachish-nashu-ukrayinsku-rishu-82337","Це надихає й підтримує, коли бачиш нашу українську рішучість і знаєш, що перемога буде – звернення Президента України"
"https://www.president.gov.ua/news/gotuyemosya-do-chergovoyi-zustrichi-u-formati-ramshtajn-ochi-82301","Готуємося до чергової зустрічі у форматі «Рамштайн», очікуємо ґрунтовних рішень, які відповідатимуть перспективам на полі бою – звернення Президента України"
"https://www.president.gov.ua/news/privitannya-prezidenta-ukrayini-z-velikodnem-82293","Привітання Президента України з Великоднем"
"https://www.president.gov.ua/news/povernemo-spravedlivist-yak-pamyat-pro-vsih-chiye-zhittya-za-82289","Повернемо справедливість як памʼять про всіх, чиє життя забрала Росія – звернення Президента України"
"https://www.president.gov.ua/news/kozhen-metr-ukrayinskoyi-zemli-maye-oznachati-dlya-okupanta-82273","Кожен метр української землі має означати для окупанта неминучість програшу Росії в цій війні – звернення Президента Володимира Зеленського"
"https://www.president.gov.ua/news/gotuyemo-hlopciv-i-duzhe-chekayemo-postachannya-zbroyi-obicy-82257","Готуємо хлопців і дуже чекаємо постачання зброї, обіцяного партнерами – звернення Президента України"
"https://www.president.gov.ua/news/na-vijni-vsi-fronti-potrebuyut-uvagi-ta-micnosti-finansovij-82241","На війні всі фронти потребують уваги та міцності, фінансовий фронт – особливо – виступ Президента на третьому засіданні міністерського круглого столу щодо підтримки України"
"https://www.president.gov.ua/news/zhodnoyi-ruyini-v-ukrayini-ne-bude-ce-nasha-meta-zvernennya-82237","Жодної руїни в Україні не буде – це наша мета – звернення Президента Володимира Зеленського"
"https://www.president.gov.ua/news/mi-nichogo-ne-zbirayemosya-zabuvati-j-proshati-vbivcyam-zako-82213","Ми нічого не збираємося забувати й прощати вбивцям, законна відповідальність буде за все – звернення Президента України"
"https://www.president.gov.ua/news/mi-zaraz-na-takomu-etapi-vijni-koli-vazhlivo-ne-vtrachati-vi-82205","Ми зараз на такому етапі війни, коли важливо не втрачати відчуття шляху, яким маємо пройти – звернення Президента України"
"https://www.president.gov.ua/news/mayemo-buti-vpevneni-sho-zlo-prograye-mayemo-nablizhati-prog-82173","Маємо бути впевнені, що зло програє, маємо наближати програш зла, і ми – наближаємо – звернення Президента України"
"https://www.president.gov.ua/news/priyemno-zavershuvati-cej-tizhden-iz-horoshimi-rezultatami-d-82169","Приємно завершувати цей тиждень із хорошими результатами для України – звернення Президента Володимира Зеленського"
"https://www.president.gov.ua/news/svit-maye-znati-lishe-todi-povernutsya-v-mizhnarodni-vidnosi-82153","Світ має знати: лише тоді повернуться в міжнародні відносини повага й порядок, коли у Крим повернеться український прапор – звернення Президента Володимира Зеленського"
"https://www.president.gov.ua/news/oborona-j-zahist-nashih-lyudej-pidtrimka-voyiniv-ce-pitannya-82145","Оборона й захист наших людей, підтримка воїнів – це питання номер один на всіх переговорах – звернення Президента України"
"https://www.president.gov.ua/news/rosiyi-ne-vigrati-u-yevropi-koli-ukrayinec-i-polyak-stoyat-p-82125","Росії не виграти у Європи, коли українець і поляк стоять пліч-о-пліч – виступ Президента України перед депутатами обох палат Національних зборів, представниками громадськості України та Польщі"
"https://www.president.gov.ua/news/ne-mozhut-buti-normoyu-taki-vijni-yak-zaraz-vede-rosiya-prot-82093","Не можуть бути нормою такі війни, як зараз веде Росія проти України – виступ Президента на спільному засіданні Сенату й Палати депутатів Національного конгресу Чилі"
"https://www.president.gov.ua/news/rosijska-agresiya-dovodit-lishe-kolektivni-preventivni-garan-82089","Російська агресія доводить: лише колективні превентивні гарантії безпеки можуть бути надійними – звернення Президента України"
"https://www.president.gov.ua/news/vorog-svobodi-maye-prograti-os-chomu-mi-zvertayemosya-po-pid-82085","Ворог свободи має програти, ось чому ми звертаємося по підтримку до Сполучених Штатів – виступ Президента України на зустрічі з членами Національної асоціації губернаторів США"
"https://www.president.gov.ua/news/shodnya-stayemo-micnishimi-shodnya-nablizhayemo-den-koli-der-82073","Щодня стаємо міцнішими, щодня наближаємо день, коли держава-терорист відповідатиме – звернення Президента України"
"https://www.president.gov.ua/news/rashizm-povinen-projti-cherez-povnu-porazku-vijskovu-ekonomi-82037","Рашизм повинен пройти через повну поразку: військову, економічну, політичну, юридичну – звернення Президента України"
"https://www.president.gov.ua/news/sogodni-derzhava-terorist-pochala-golovuvati-v-radbezi-oon-v-82025","Сьогодні держава-терорист почала головувати в Радбезі ООН, а вчора російська армія вбила ще одну українську дитину – звернення Президента Володимира Зеленського"
"https://www.president.gov.ua/news/golovne-slovo-sogodni-spravedlivist-dlya-nashoyi-derzhavi-ta-82001","Головне слово сьогодні – справедливість, для нашої держави та наших людей, які зазнали втрат через російську агресію – звернення Президента України"
"https://www.president.gov.ua/news/400-dniv-nashoyi-oboroni-vid-povnomasshtabnoyi-agresiyi-ce-k-81949","400 днів нашої оборони від повномасштабної агресії – це колосальний шлях, який ми пройшли всі разом – звернення Президента України"
"https://www.president.gov.ua/news/pidtrimati-nashih-lyudej-zaraz-ce-zrozumiti-naskilki-vazhliv-81933","Підтримати наших людей зараз – це зрозуміти, наскільки важливо не залишитися морально нейтральними до зла – звернення Президента України до Національної ради Австрії"
"https://www.president.gov.ua/news/shob-peremogti-tiraniyu-potribne-bilshe-yednannya-demokratic-81929","Щоб перемогти тиранію, потрібне більше єднання; демократичний світ здатен його досягти – звернення Володимира Зеленського"
"https://www.president.gov.ua/news/demokratiyi-potribna-peremoga-vzhe-zaraz-vistup-prezidenta-u-81925","Демократії потрібна перемога вже зараз – виступ Президента України на пленарному засіданні другого Саміту за демократію під головуванням Президента США"
"https://www.president.gov.ua/news/dyakuyu-vsim-hto-nagaduye-sho-rosijska-agresiya-mozhe-zakinc-81901","Дякую всім, хто нагадує, що російська агресія може закінчитися значно швидше, якщо світ буде швидшим – звернення Президента України"
"https://www.president.gov.ua/news/proviv-zasidannya-stavki-na-viyizdi-u-dnipri-strategichnomu-81861","Провів засідання Ставки на виїзді – у Дніпрі, стратегічному місті центру України – звернення Президента Володимира Зеленського"
"https://www.president.gov.ua/news/ne-mozhna-buti-podumki-daleko-vid-vijni-pidtrimujte-nashih-b-81817","Не можна бути подумки далеко від війни, підтримуйте наших бійців завжди, коли це можливо – звернення Президента України"
"https://www.president.gov.ua/news/same-povnomasshtabnij-progrash-rosiyi-bude-nadijnoyu-garanti-81813","Саме повномасштабний програш Росії буде надійною гарантією від нових агресій та криз – звернення Президента України"
"https://www.president.gov.ua/news/zvernennya-prezidenta-ukrayini-do-vipusknikiv-institutu-vms-81809","Звернення Президента України до випускників Інституту ВМС Національного університету «Одеська морська академія»"
"https://www.president.gov.ua/news/vorog-povinen-znati-ukrayina-ne-probachit-znushannya-z-nashi-81801","Ворог повинен знати: Україна не пробачить знущання з наших людей, не пробачить цих смертей і поранень – звернення Президента Володимира Зеленського"
"https://www.president.gov.ua/news/na-vilnij-teritoriyi-hersonshini-ponad-50-sil-majzhe-povnist-81773","На вільній території Херсонщини понад 50 сіл майже повністю зруйновані окупантом, але навіть у такі села люди повертаються – звернення Президента України"
"https://www.president.gov.ua/news/yaksho-yevropa-zvolikatime-zlo-mozhe-nalashtuvatisya-na-roki-81765","Якщо Європа зволікатиме, зло може налаштуватися на роки війни; у ваших силах не допустити цього – звернення Володимира Зеленського до учасників засідання Європейської ради"
"https://www.president.gov.ua/news/mi-zrobimo-vse-shob-sino-zhovti-kolori-prodovzhili-svij-vizv-81745","Ми зробимо все, щоб синьо-жовті кольори продовжили свій визвольний рух – звернення Президента України"
"https://www.president.gov.ua/news/sogodni-ukrayina-pochala-vidznachati-pershu-richnicyu-pershi-81725","Сьогодні Україна почала відзначати першу річницю перших переможних битв повномасштабної війни, які призвели до втечі окупанта – звернення Президента Володимира Зеленського"
"https://www.president.gov.ua/news/mayemo-sogodni-kilka-vazhlivih-oboronnih-rishen-te-sho-neobh-81697","Маємо сьогодні кілька важливих оборонних рішень – те, що необхідно для підтримки наших воїнів – звернення Президента України"
"https://www.president.gov.ua/news/vignati-okupanta-ochistiti-nashu-zemlyu-vid-slidiv-derzhavi-81685","Вигнати окупанта, очистити нашу землю від слідів держави-зла, покарати терористів – наші завдання, які ми виконаємо – звернення Президента України"
"https://www.president.gov.ua/news/koli-ukrayina-zahistit-sebe-koli-bude-vidnovleno-silu-sprave-81681","Коли Україна захистить себе, коли буде відновлено силу справедливості, це дасть гарантії миру й для багатьох інших частин світу – звернення Президента Володимира Зеленського"
"https://www.president.gov.ua/news/mizhnarodnij-kriminalnij-sud-vidav-order-na-aresht-putina-is-81665","Міжнародний кримінальний суд видав ордер на арешт Путіна; історичне рішення, з якого почнеться історична відповідальність – звернення Президента України"
"https://www.president.gov.ua/news/usi-rashisti-vidpovidatimut-za-kozhne-zabrane-ukrayinske-zhi-81653","Усі рашисти відповідатимуть за кожне забране українське життя – звернення Президента Володимира Зеленського"
"https://www.president.gov.ua/news/zaraz-vidchuvayetsya-sho-rosijska-agresiya-nablizhayetsya-do-81629","Зараз відчувається, що російська агресія наближається до моменту, коли вона може надірватися – звернення Президента України"
"https://www.president.gov.ua/news/micnist-nashih-sil-oboroni-j-bezpeki-u-micnosti-nashogo-naro-81621","Міцність наших сил оборони й безпеки – у міцності нашого народу – звернення Президента Володимира Зеленського"
"https://www.president.gov.ua/news/zrobimo-vse-mozhlive-j-nemozhlive-dlya-zmicnennya-nashih-voy-81589","Зробимо все можливе й неможливе для зміцнення наших воїнів – звернення Президента України"
"https://www.president.gov.ua/news/zaraz-chas-koli-vsi-istorichni-skladnoshi-dlya-ukrayini-mozh-81581","Зараз час, коли всі історичні складнощі для України можемо перемогти, якщо будемо берегти нашу єдність – звернення Президента України"
"https://www.president.gov.ua/news/rosiya-stala-sinonimom-teroru-j-stane-prikladom-porazki-ta-s-81573","Росія стала синонімом терору й стане прикладом поразки та справедливого покарання – звернення Президента України"
"https://www.president.gov.ua/news/dopomoga-ukrayini-zaraz-ce-investiciya-u-globalnij-mir-u-rea-81565","Допомога Україні зараз – це інвестиція у глобальний мир, у реальну архітектуру безпеки – звернення Президента до учасників American Enterprise Institute World Forum"
"https://www.president.gov.ua/news/ukrayinci-silni-koli-dbayut-odne-pro-odnogo-i-vilni-koli-zah-81569","Українці сильні, коли дбають одне про одного, і вільні, коли захищаються – звернення Президента Володимира Зеленського"
"https://www.president.gov.ua/news/hoch-bi-skilki-rosiya-robila-pidlostej-nasha-derzhava-j-naro-81537","Хоч би скільки Росія робила підлостей, наша держава й народ все одно не будуть у кайданах – звернення Президента України"
"https://www.president.gov.ua/news/robimo-vse-shob-nashi-taktichni-kroki-spracyuvali-na-strateg-81517","Робимо все, щоб наші тактичні кроки спрацювали на стратегічне завдання – успіх України – звернення Президента Володимира Зеленського"
"https://www.president.gov.ua/news/privitannya-volodimira-zelenskogo-z-mizhnarodnim-dnem-borotb-81501","Привітання Володимира Зеленського з Міжнародним днем боротьби за права жінок"
"https://www.president.gov.ua/news/ukrayina-zavzhdi-pamyatatime-svoyih-geroyiv-nasha-pamyat-pro-81485","Україна завжди пам’ятатиме своїх героїв, наша пам’ять про них не згине – згине наш ворог – звернення Президента Володимира Зеленського"
"https://www.president.gov.ua/news/okupant-ubivaye-za-sam-fakt-sho-mi-ukrayinci-za-odne-slovo-p-81473","Окупант убиває за сам факт, що ми українці, за одне слово про Україну – звернення Президента Володимира Зеленського"
"https://www.president.gov.ua/news/svit-dostatno-silnij-shob-pokarati-rosiyu-za-vijnu-i-mi-damo-81457","Світ достатньо сильний, щоб покарати Росію за війну, і ми дамо сміливість та інструментарій, щоб це відбулося – звернення Президента України"
"https://www.president.gov.ua/news/kabmin-vzhe-v-berezni-pidgotuye-rishennya-yaki-potribni-nash-81441","Кабмін вже в березні підготує рішення, які потрібні нашим громадам для бюджетної стійкості – звернення Президента України"
"https://www.president.gov.ua/news/mi-zbirayemo-maksimalnu-pidtrimku-dlya-tribunalu-shodo-agres-81421","Ми збираємо максимальну підтримку для трибуналу щодо агресії Росії проти України – звернення Президента Володимира Зеленського"
"https://www.president.gov.ua/news/svit-potrebuye-realnogo-vtilennya-verhovenstva-prava-yake-ub-81417","Світ потребує реального втілення верховенства права, яке убезпечить людство від джерела всіх агресій – виступ Президента Володимира Зеленського на конференції United for Justice у Львові"
"https://www.president.gov.ua/news/okupant-neminuche-vidchuvatime-nashu-silu-spravedlivosti-zve-81381","Окупант неминуче відчуватиме нашу силу справедливості – звернення Президента України"
"https://www.president.gov.ua/news/cya-zima-bula-duzhe-skladnoyu-ale-mi-zmogli-zabezpechiti-ukr-81373","Ця зима була дуже складною, але ми змогли забезпечити Україну енергією й теплом – звернення Президента Володимира Зеленського"
"https://www.president.gov.ua/news/gotuyemo-povernennya-nashih-voyiniv-do-aktivnih-dij-zaradi-z-81361","Готуємо повернення наших воїнів до активних дій заради звільнення нашої землі – звернення Президента України"
"https://www.president.gov.ua/news/zaklikayu-prihoditi-v-ukrayinu-vzhe-zaraz-shob-pislya-peremo-81345","Закликаю приходити в Україну вже зараз, щоб після перемоги ваша сумлінна праця дала результат – виступ Президента на весняному засіданні ради директорів Національної асоціації виробників США"
"https://www.president.gov.ua/news/nam-potribni-suchasni-bojovi-litaki-shob-ubezpechiti-vid-ros-81333","Нам потрібні сучасні бойові літаки, щоб убезпечити від російського терору всю територію України – звернення Президента Володимира Зеленського"
"https://www.president.gov.ua/news/tisk-ukrayini-ta-svitu-na-derzhavu-terorista-trivatime-zvern-81301","Тиск України та світу на державу-терориста триватиме – звернення Президента Володимира Зеленського"
"https://www.president.gov.ua/news/ukrayinski-prapori-na-vulicyah-mist-daniyi-svidchat-pro-vole-81285","Українські прапори на вулицях міст Данії свідчать про волелюбність і сміливість – звернення Президента до данського народу з нагоди річниці повномасштабного російського вторгнення в Україну"
"https://www.president.gov.ua/news/sankciyi-proti-rosiyi-zaprovadzhuvatimutsya-j-nadali-shob-ni-81289","Санкції проти Росії запроваджуватимуться й надалі, щоб нічого не залишилося від потенціалу російської агресії – звернення Президента України"
"https://www.president.gov.ua/news/nashoyu-smilivistyu-i-zbroyeyu-mozhemo-povernuti-mir-i-stvor-81281","Нашою сміливістю і зброєю можемо повернути мир і створити запобіжник для будь-яких агресій – звернення Володимира Зеленського до учасників заходу Федерального президента Німеччини, присвяченого солідарності з Україною"
"https://www.president.gov.ua/news/mi-zrobimo-ukrayinsku-formulu-miru-osnovoyu-novoyi-bezpeki-v-81277","Ми зробимо українську формулу миру основою нової безпеки в Європі і у світі – звернення Президента України до учасників Міжнародного форуму в Каунасі"
"https://www.president.gov.ua/news/zvernennya-prezidenta-ukrayini-volodimira-zelenskogo-lyutij-81213","Звернення Президента України Володимира Зеленського «Лютий. Рік незламності»"
"https://www.president.gov.ua/news/na-stavci-rozglyanuli-pitannya-virobnictva-ta-postachannya-b-81209","На Ставці розглянули питання виробництва та постачання боєприпасів і зброї; навіть у таких умовах маємо відповідний потенціал – звернення Президента України"
"https://www.president.gov.ua/news/mi-ne-zbavlyatimemo-tisku-na-voroga-yak-zovnishnogo-tak-i-vn-81173","Ми не збавлятимемо тиску на ворога – як зовнішнього, так і внутрішнього – звернення Президента України"
"https://www.president.gov.ua/news/vi-mayete-zmogu-zrobiti-chastinoyu-svoyeyi-doli-istorichnu-p-81157","Ви маєте змогу зробити частиною своєї долі історичну перемогу України – звернення Президента до випускників вищих військових навчальних закладів ЗСУ"
"https://www.president.gov.ua/news/duzhe-vazhlivo-sho-popri-ves-tisk-na-nashi-sili-liniya-front-81153","Дуже важливо, що попри весь тиск на наші сили лінія фронту не зазнала змін – звернення Президента України"
"https://www.president.gov.ua/news/zaraz-v-ukrayini-virishuyetsya-dolya-svitovogo-poryadku-sho-81125","Зараз в Україні вирішується доля світового порядку, що заснований на правилах, на людяності, на передбачуваності – звернення Президента Володимира Зеленського"
"https://www.president.gov.ua/news/zvernennya-prezidenta-ukrayini-volodimira-zelenskogo-z-nagod-81097","Звернення Президента України Володимира Зеленського з нагоди Дня Героїв Небесної Сотні"
"https://www.president.gov.ua/news/hochu-shob-zaraz-u-nashih-lyudej-bula-peredbachuvanist-i-vid-81093","Хочу, щоб зараз у наших людей була передбачуваність і відчуття, що Україна рухається до своїх цілей – звернення Президента Володимира Зеленського"
"https://www.president.gov.ua/news/mi-otrimali-vagomi-signali-vid-nashih-partneriv-shodo-neminu-81085","Ми отримали вагомі сигнали від наших партнерів щодо неминучості притягнення Росії до відповідальності за агресію й терор проти України – звернення Президента Володимира Зеленського"
"https://www.president.gov.ua/news/robimo-vse-shob-posiliti-nashih-voyiniv-na-peredovij-yaki-na-81073","Робимо все, щоб посилити наших воїнів на передовій, які надихають світ хоробрістю та стійкістю – звернення Президента України"
"https://www.president.gov.ua/news/agresor-zavzhdi-maye-progravati-i-kozhna-derzhava-u-sviti-po-81065","Агресор завжди має програвати, і кожна держава у світі повинна мати право на незалежність і повагу – звернення Президента України до учасників 44-го саміту лідерів країн Карибської співдружності"
"https://www.president.gov.ua/news/treba-zvilniti-ukrayinu-ta-yevropu-bo-koli-rosijska-zbroya-s-81061","Треба звільнити Україну та Європу, бо коли російська зброя стріляє в нас, її приціли вже наведені на наших сусідів – виступ Володимира Зеленського на Мюнхенській конференції з питань безпеки"
"https://www.president.gov.ua/news/kultura-j-kino-ne-mozhut-buti-poza-politikoyu-koli-ce-politi-81041","Культура й кіно не можуть бути поза політикою, коли це – політика агресії – звернення Президента України до учасників і гостей 73-го Берлінського міжнародного кінофестивалю"
"https://www.president.gov.ua/news/trimati-situaciyu-na-fronti-j-gotuvatisya-do-bud-yakih-eskal-81033","Тримати ситуацію на фронті й готуватися до будь-яких ескалаційних кроків ворога – це пріоритет на найближчий час – звернення Президента України"
"https://www.president.gov.ua/news/u-nas-uzhe-ye-vpevnenist-sho-naprikinci-shlyahu-mi-zalishimo-81009","У нас уже є впевненість, що наприкінці шляху ми залишимося вільними й здобудемо мир – виступ Президента України на спеціальному засіданні Стортингу"
"https://www.president.gov.ua/news/bud-yaki-namagannya-rosiyi-perehopiti-iniciativu-mayemo-zlam-81005","Будь-які намагання Росії перехопити ініціативу маємо зламати – звернення Президента України"
"https://www.president.gov.ua/news/mayemo-chergovi-silni-rishennya-dlya-zahistu-nashoyi-derzhav-80981","Маємо чергові сильні рішення для захисту нашої держави, для зміцнення наших воїнів – звернення Президента України"
"https://www.president.gov.ua/news/kozhen-novij-zdobutij-dlya-ukrayini-rezultat-ce-skorochennya-80965","Кожен новий здобутий для України результат – це скорочення часу до перемоги – звернення Президента Володимира Зеленського"
"https://www.president.gov.ua/news/elementi-rosijskoyi-sistemi-yaki-zalucheni-do-vijni-mayut-bu-80949","Елементи російської системи, які залучені до війни, мають бути ізольовані від світової системи – звернення Президента України"
"https://www.president.gov.ua/news/derzhava-prodovzhit-modernizaciyu-institucij-ta-procedur-zve-80945","Держава продовжить модернізацію інституцій та процедур – звернення Президента України"
"https://www.president.gov.ua/news/dlya-mene-zavzhdi-chest-predstavlyati-ukrayinu-i-ya-pishayus-80925","Для мене завжди честь представляти Україну, і я пишаюся нашим прекрасним і міцним народом – звернення Президента Володимира Зеленського"
"https://www.president.gov.ua/news/yaksho-rosijskih-sportsmeniv-dopustyat-do-olimpijskih-igor-l-80917","Якщо російських спортсменів допустять до Олімпійських ігор, лише питання часу, коли РФ змусить їх підіграти пропаганді війни – звернення Президента до учасників саміту міністрів спорту держав-партнерів"
"https://www.president.gov.ua/news/sogodnishni-raketi-ce-viklik-nato-j-kolektivnij-bezpeci-ce-t-80913","Сьогоднішні ракети – це виклик НАТО й колективній безпеці, це терор, який можна й треба зупинити – звернення Президента України"
"https://www.president.gov.ua/news/mi-mayemo-garantuvati-bezpeku-yevropi-zvernennya-prezidenta-80885","Ми маємо гарантувати безпеку Європи – звернення Президента України до учасників спеціального засідання Європейської ради"
"https://www.president.gov.ua/news/ukrayinskij-yevropejskij-sposib-zhittya-rosiya-namagayetsya-80881","Український європейський спосіб життя Росія намагається знищити; ми цього не дозволимо – виступ Президента на спеціальному пленарному засіданні Європарламенту"
"https://www.president.gov.ua/news/bojovi-litaki-dlya-ukrayini-krila-dlya-svobodi-vistup-prezid-80857","Бойові літаки – для України, крила – для свободи – виступ Президента Володимира Зеленського перед обома палатами парламенту Великої Британії"
"https://www.president.gov.ua/news/vsi-vorozhi-scenariyi-opracovuyemo-derzhavu-zahishayemo-zver-80833","Всі ворожі сценарії опрацьовуємо, державу захищаємо – звернення Президента України"
"https://www.president.gov.ua/news/horosha-motivaciya-plyus-horosha-pidgotovka-dorivnyuye-mozhl-80817","Хороша мотивація плюс хороша підготовка дорівнює можливості наших cил оборони повернути Україні своє – звернення Президента"
"https://www.president.gov.ua/news/vvedeno-v-diyu-rishennya-rnbo-shodo-sankcij-proti-atomnoyi-g-80805","Введено в дію рішення РНБО щодо санкцій проти атомної галузі Росії, це не останнє рішення щодо цієї галузі – звернення Президента України"
"https://www.president.gov.ua/news/zberegti-vsi-elementi-nashoyi-stijkosti-ce-garantuvati-perem-80801","Зберегти всі елементи нашої стійкості – це гарантувати перемогу – звернення Президента України"
"https://www.president.gov.ua/news/robimo-vse-dlya-yaknajshvidshogo-otrimannya-nashimi-voyinami-80781","Робимо все для якнайшвидшого отримання нашими воїнами сучасних танків – звернення Президента України"
"https://www.president.gov.ua/news/nam-v-ukrayini-potribno-govoriti-v-odin-golos-zi-svitom-shod-80753","Нам в Україні потрібно говорити в один голос зі світом щодо постачання для оборони та посилювати тиск на Росію – звернення Президента Володимира Зеленського"
"https://www.president.gov.ua/news/mayemo-zrobiti-vse-shob-nastupnogo-roku-mi-zmogli-pomolitisy-80741","Маємо зробити все, щоб наступного року ми змогли помолитися з подякою за здобутий порятунок від зла – звернення Володимира Зеленського до учасників Національного молитовного сніданку у США"
"https://www.president.gov.ua/news/cej-rik-maye-stati-chasom-koli-ne-zalishitsya-zhodnoyi-perep-80737","Цей рік має стати часом, коли не залишиться жодної перепони для початку переговорів щодо членства України в ЄС – Президент на спільному засіданні Кабінету Міністрів та Колегії Єврокомісії"
"https://www.president.gov.ua/news/spravedlivist-bude-zabezpechena-zvernennya-prezidenta-ukrayi-80721","Справедливість буде забезпечена – звернення Президента України"
"https://www.president.gov.ua/news/gotuyemo-novi-reformi-v-ukrayini-yaki-zminyat-socialno-pravo-80701","Готуємо нові реформи в Україні, які змінять соціально-правову та політичну реальності – звернення Президента Володимира Зеленського"
"https://www.president.gov.ua/news/rosijskij-teror-maye-prograti-v-usomu-i-na-poli-boyu-i-v-tom-80689","Російський терор має програти в усьому: і на полі бою, і в тому, щоб в Україні не залишилося жодної руїни – звернення Президента Володимира Зеленського"
"https://www.president.gov.ua/news/mayemo-zrobiti-chas-nashoyu-zbroyeyu-mayemo-prishvidshuvati-80673","Маємо зробити час нашою зброєю – маємо пришвидшувати постачання нових збройних опцій для України – звернення Президента Володимира Зеленського"
"https://www.president.gov.ua/news/shob-u-teroristiv-ne-bulo-vidchuttya-bezkarnosti-ukrayini-po-80661","Щоб у терористів не було відчуття безкарності, Україні потрібні далекобійні ракети – звернення Президента Володимира Зеленського"
"https://www.president.gov.ua/news/bud-yakij-nejtralnij-prapor-rosijskih-sportsmeniv-zaplyamova-80653","Будь-який нейтральний прапор російських спортсменів заплямований кров’ю – звернення Президента України"
"https://www.president.gov.ua/news/zvernennya-prezidenta-ukrayini-z-nagodi-mizhnarodnogo-dnya-p-80641","Звернення Президента України з нагоди Міжнародного дня пам’яті жертв Голокосту"
"https://www.president.gov.ua/news/rosijsku-agresiyu-mozhna-j-treba-zupinyati-lishe-adekvatnoyu-80633","Російську агресію можна й треба зупиняти лише адекватною зброєю – звернення Президента України"
"https://www.president.gov.ua/news/mayemo-sformuvati-takij-tankovij-kulak-svobodi-pislya-udariv-80621","Маємо сформувати такий танковий кулак свободи, після ударів якого тиранія вже не підніметься – звернення Президента України"
"https://www.president.gov.ua/news/nam-potribna-micna-derzhava-i-ukrayina-bude-same-takoyu-zver-80597","Нам потрібна міцна держава, і Україна буде саме такою – звернення Президента Володимира Зеленського"
"https://www.president.gov.ua/news/yizditi-za-kordon-iz-nederzhavnoyu-metoyu-posadovcyam-bilshe-80577","Їздити за кордон із недержавною метою посадовцям більше не вдасться – звернення Президента України"
"https://www.president.gov.ua/news/pislya-zavershennya-vijni-amerikanskij-biznes-mozhe-stati-lo-80561","Після завершення війни американський бізнес може стати локомотивом глобального економічного зростання – звернення Президента України до учасників зустрічі Національної асоціації торгово-промислових палат штатів"
"https://www.president.gov.ua/news/sila-suspilstva-j-micnist-derzhavi-poyednuyutsya-same-sprave-80557","Сила суспільства й міцність держави поєднуються саме справедливістю – звернення Президента України"
"https://www.president.gov.ua/news/ukrayina-yedina-bo-silna-silna-bo-yedina-privitannya-prezide-80541","Україна єдина, бо сильна. Сильна, бо єдина – привітання Президента з Днем Соборності"
"https://www.president.gov.ua/news/shodnya-vtrachayemo-lyudej-pro-yakih-budemo-zavzhdi-zgaduvat-80537","Щодня втрачаємо людей, про яких будемо завжди згадувати й шкодувати – звернення Президента України"
"https://www.president.gov.ua/news/svit-potrebuye-bilshoyi-rishuchosti-j-spivpraci-shob-zupinit-80533","Світ потребує більшої рішучості й співпраці, щоб зупинити тирана, який намагається зробити голод своїм інструментом – звернення Президента України до учасників Конференції міністрів сільського господарства в Берліні"
"https://www.president.gov.ua/news/sogodnishnij-ramshtajn-zmicnit-nashu-stijkist-zvernennya-pre-80521","Сьогоднішній «Рамштайн» зміцнить нашу стійкість – звернення Президента України"
"https://www.president.gov.ua/news/ce-u-vashih-silah-zrobiti-tankovij-ramshtajn-vistup-preziden-80505","Це у ваших силах – зробити танковий «Рамштайн» – виступ Президента Володимира Зеленського на зустрічі Консультативної групи з питань оборони України у форматі «Рамштайн»"
"https://www.president.gov.ua/news/klyuchove-zavdannya-nashoyi-derzhavi-ta-nashih-partneriv-pos-80501","Ключове завдання нашої держави та наших партнерів – посилювати у Росії відчуття, що їй не вдасться нічого добитися в Україні – звернення Президента Володимира Зеленського"
"https://www.president.gov.ua/news/rosiya-povinna-vidpovisti-za-kozhnu-znishenu-ukrayinsku-rodi-80469","Росія повинна відповісти за кожну знищену українську родину, кожне спалене місто й село, ми маємо повернути справедливість – звернення Президента України до учасників виставки Russian War Crimes у Давосі"
"https://www.president.gov.ua/news/dyakuyu-vsim-hto-sogodni-buv-zaluchenij-do-ryatuvalnoyi-oper-80461","Дякую всім, хто сьогодні був залучений до рятувальної операції у Броварах – звернення Президента України"
"https://www.president.gov.ua/news/mobilizaciya-svitu-maye-viperediti-chergovu-mobilizaciyu-nas-80453","Мобілізація світу має випередити чергову мобілізацію нашого спільного ворога – виступ Президента України на сесії «Відновлення безпеки та миру» під час Всесвітнього економічного форуму"
"https://www.president.gov.ua/news/svit-chuye-ukrayinu-u-davosi-j-znaye-sho-rosiya-zrobila-z-dn-80437","Світ чує Україну у Давосі й знає, що Росія зробила з Дніпром та іншими територіями, на які принесла смерть – звернення Президента Володимира Зеленського"
"https://www.president.gov.ua/news/mi-mozhemo-vidnoviti-mir-na-vsij-teritoriyi-ukrayini-ale-dly-80425","Ми можемо відновити мир на всій території України, але для цього маємо бути разом – виступ Володимира Зеленського під час онлайн-зустрічі зі студентською молоддю Німеччини"
"https://www.president.gov.ua/news/shodnya-j-shonochi-diyemo-shob-zmenshiti-potencial-voroga-zv-80405","Щодня й щоночі діємо, щоб зменшити потенціал ворога – звернення Президента України"
"https://www.president.gov.ua/news/vidpovidalnist-za-teror-bude-dlya-vsih-i-dlya-tih-hto-vbivay-80385","Відповідальність за терор буде для всіх: і для тих, хто вбиває, і для тих, хто допомагає вбивати – звернення Президента України"
"https://www.president.gov.ua/news/mayemo-zrobiti-vse-shob-zupiniti-rashizm-tak-samo-yak-vilnij-80381","Маємо зробити все, щоб зупинити рашизм так само, як вільний світ свого часу зупинив нацизм – звернення Президента України"
"https://www.president.gov.ua/news/cogo-tizhnya-nam-vdalosya-suttyevo-posiliti-rishuchist-partn-80373","Цього тижня нам вдалося суттєво посилити рішучість партнерів збільшувати постачання зброї для України – звернення Президента Володимира Зеленського"
"https://www.president.gov.ua/news/vistup-prezidenta-ukrayini-pid-chas-urochistogo-zasidannya-s-80361","Виступ Президента України під час урочистого засідання Сеймасу Литви з нагоди відзначення Дня захисників свободи та церемонії вручення премії Свободи Литовської Республіки"
"https://www.president.gov.ua/news/obovyazkovo-nastane-den-koli-ukrayinskij-prapor-bude-narivni-80353","Обов’язково настане день, коли український прапор буде нарівні з усіма прапорами держав – членів Євросоюзу – звернення Президента Володимира Зеленського"
"https://www.president.gov.ua/news/ukrayina-polsha-j-litva-razom-projdut-shlyah-do-vidnovlennya-80317","Україна, Польща й Литва разом пройдуть шлях до відновлення безпеки нашої держави та всієї Європи – звернення Президента Володимира Зеленського"
"https://www.president.gov.ua/news/vilnij-svit-maye-vse-neobhidne-shob-zupiniti-rosijsku-agresi-80305","Вільний світ має все необхідне, щоб зупинити російську агресію; це важливо для глобальної демократії – звернення Президента України"
"https://www.president.gov.ua/news/zavdyaki-stijkosti-nashih-voyiniv-u-soledari-mi-vigrali-dlya-80293","Завдяки стійкості наших воїнів у Соледарі ми виграли для України додатковий час і сили – звернення Президента Володимира Зеленського"
"https://www.president.gov.ua/news/vid-stijkosti-ta-efektivnosti-dij-u-kozhnij-tochci-frontu-za-80281","Від стійкості та ефективності дій у кожній точці фронту залежить стійкість та ефективність дій на фронті загалом – звернення Президента України"
"https://www.president.gov.ua/news/duzhe-vazhlivo-sho-u-kiyevo-pecherskij-lavri-sogodni-prozvuc-80277","Дуже важливо, що у Києво-Печерській лаврі сьогодні прозвучала і ще звучатиме щира молитва за Україну – звернення Президента Володимира Зеленського"
"https://www.president.gov.ua/news/nam-vdalosya-vivesti-silu-ukrayini-j-oboronnu-vzayemodiyu-z-80273","Нам вдалося вивести силу України й оборонну взаємодію з партнерами на новий рівень – звернення Президента Володимира Зеленського"
"https://www.president.gov.ua/news/vitannya-prezidenta-ukrayini-z-rizdvom-hristovim-80261","Вітання Президента України з Різдвом Христовим"
"https://www.president.gov.ua/news/vijna-zakinchitsya-koli-rosijski-soldati-abo-pidut-abo-mi-yi-80249","Війна закінчиться, коли російські солдати або підуть, або ми їх виженемо – звернення Президента України"
"https://www.president.gov.ua/news/treba-postaviti-krapku-v-rosijskij-agresiyi-same-cogo-roku-z-80225","Треба поставити крапку в російській агресії саме цього року – звернення Президента України"
"https://www.president.gov.ua/news/mayemo-zirvati-rosijskij-scenarij-teroristi-povinni-prograti-80217","Маємо зірвати російський сценарій, терористи повинні програти – звернення Президента України"
"https://www.president.gov.ua/news/zaraz-usim-hto-zaluchenij-do-zahistu-neba-treba-buti-osobliv-80209","Зараз усім, хто залучений до захисту неба, треба бути особливо уважними – звернення Президента України"
"https://www.president.gov.ua/news/nashe-z-vami-vidchuttya-yednosti-spravzhnosti-tak-kontrastuy-80201","Наше з вами відчуття єдності, справжності так контрастує зі страхом, який запанував у Росії – звернення Президента України"
"https://www.president.gov.ua/news/novorichne-privitannya-prezidenta-ukrayini-volodimira-zelens-80197","Новорічне привітання Президента України Володимира Зеленського"
"https://www.president.gov.ua/news/derzhava-terorist-ne-matime-proshennya-ti-hto-viddaye-nakazi-80193","Держава-терорист не матиме прощення, а ті, хто віддає накази та здійснює удари, не отримають помилування – звернення Президента України"
"https://www.president.gov.ua/news/u-novomu-roci-ukrayinska-ppo-stane-she-silnishoyu-she-rezult-80185","У новому році українська ППО стане ще сильнішою, ще результативнішою – звернення Президента Володимира Зеленського"
"https://www.president.gov.ua/news/kozhna-rosijska-raketa-lishe-zakriplyuye-sho-vse-ce-maye-zav-80161","Кожна російська ракета лише закріплює, що все це має завершитися трибуналом – звернення Президента України"
"https://www.president.gov.ua/news/hoch-bi-sho-vidbuvalosya-i-bulo-u-vas-na-dushi-obovyazkovo-p-80129","Хоч би що відбувалося і було у вас на душі, обовʼязково підтримуйте одне одного – звернення Президента України"
"https://www.president.gov.ua/news/vistup-prezidenta-zi-shorichnim-poslannyam-do-verhovnoyi-rad-80113","Виступ Президента зі щорічним Посланням до Верховної Ради про внутрішнє і зовнішнє становище України"
"https://www.president.gov.ua/news/mi-zahodimo-v-nastupnij-rik-i-mayemo-zberegti-spilne-rozumin-80097","Ми заходимо в наступний рік і маємо зберегти спільне розуміння національних цілей – звернення Президента України"
"https://www.president.gov.ua/news/na-donbasi-situaciya-vazhka-ya-dyakuyu-nashim-hlopcyam-yaki-80081","На Донбасі ситуація важка; я дякую нашим хлопцям, які стоять на позиціях міцно й знаходять можливості «мінусувати» окупантів – звернення Президента України"
"https://www.president.gov.ua/news/temryava-ne-zavazhatime-nam-privoditi-okupantiv-do-novih-yih-80077","Темрява не заважатиме нам приводити окупантів до нових їхніх поразок – звернення Президента України"
"https://www.president.gov.ua/news/vitannya-prezidenta-ukrayini-hristiyanam-zahidnogo-obryadu-z-80069","Вітання Президента України християнам західного обряду з Різдвом"
"https://www.president.gov.ua/news/bachimo-perspektivi-na-fronti-bachimo-namiri-derzhavi-terori-80057","Бачимо перспективи на фронті, бачимо наміри держави-терориста й будемо відповідати – звернення Президента України"
"https://www.president.gov.ua/news/shodnya-vi-mayete-vidchuvati-sho-vid-vashoyi-roboti-zalezhit-80041","Щодня ви маєте відчувати, що від вашої роботи залежить життя людей і ситуація в нашій країні – виступ Президента на Конференції послів України"
"https://www.president.gov.ua/news/koli-mi-kazhemo-patrioti-v-ukrayini-j-u-ssha-mi-odnakovo-may-80029","Коли ми кажемо «патріоти» в Україні й у США, ми однаково маємо на увазі захист держави та людей – звернення Президента Володимира Зеленського"
"https://www.president.gov.ua/news/mi-stoyimo-boremos-i-vigrayemo-bo-mi-razom-ukrayina-amerika-80017","Ми стоїмо, боремось і виграємо, бо ми разом – Україна, Америка й увесь вільний світ – виступ Володимира Зеленського на спільному засіданні обох палат Конгресу США"
"https://www.president.gov.ua/news/pidtrimujte-nash-neskorenij-bahmut-i-jogo-zahisnikiv-zvernen-79981","Підтримуйте наш нескорений Бахмут і його захисників – звернення Президента України"
"https://www.president.gov.ua/news/klyuchove-zavdannya-dlya-vsih-nas-zaraz-shob-svitova-pidtrim-79969","Ключове завдання для всіх нас зараз – щоб світова підтримка України наступного року збільшилася – звернення Президента Володимира Зеленського"
"https://www.president.gov.ua/news/rosijska-agresiya-mozhe-j-povinna-zaznati-krahu-nashe-zavdan-79957","Російська агресія може й повинна зазнати краху; наше завдання – прискорити це – звернення Президента України до лідерів Об’єднаних експедиційних сил Сполученого Королівства (JEF)"
"https://www.president.gov.ua/news/mi-gotuyemo-ciyeyi-zimi-specialnij-samit-zaradi-miru-j-zapro-79949","Ми готуємо цієї зими спеціальний саміт заради миру й запрошуємо партнерів проявляти своє лідерство – звернення Президента України"
"https://www.president.gov.ua/news/nadijnij-shit-ppo-zrobit-nemozhlivim-rosijskij-raketnij-tero-79941","Надійний щит ППО зробить неможливим російський ракетний терор, і це означатиме безпеку для мільйонів людей – звернення Президента України"
"https://www.president.gov.ua/news/rosiyi-she-vistachit-raket-dlya-kilkoh-masovanih-udariv-nam-79917","Росії ще вистачить ракет для кількох масованих ударів, а нам вистачить цілеспрямованості й віри в себе, щоб повертати своє – звернення Президента України"
"https://www.president.gov.ua/news/okupanti-ne-mozhut-zdolati-nashu-armiyu-tomu-znishuyut-kozhn-79905","Окупанти не можуть здолати нашу армію, а тому знищують кожне місто й село; єдиний шлях це припинити – витісняти їх із нашої землі – звернення Президента України"
"https://www.president.gov.ua/news/makrofinansova-pidtrimka-ukrayini-ta-posilennya-sankcij-yes-79889","Макрофінансова підтримка України та посилення санкцій ЄС проти Росії – це також зброя в захисті свободи – виступ Президента на засіданні Європейської Ради"
"https://www.president.gov.ua/news/gotuyemo-domovlenosti-yaki-posilyat-oboronni-spromozhnosti-u-79877","Готуємо домовленості, які посилять оборонні спроможності України – звернення Президента Володимира Зеленського"
"https://www.president.gov.ua/news/najefektivnishij-zahist-svobodi-prav-lyudini-ta-verhovenstva-79861","Найефективніший захист свободи, прав людини та верховенства права – це притягнення до відповідальності всіх, хто розв’язав війну – Президент України на врученні премії Сахарова"
"https://www.president.gov.ua/news/zaklikayu-pidtrimati-ukrayinsku-formulu-miru-j-rozpochati-ko-79841","Закликаю підтримати українську формулу миру й розпочати консолідацію світу заради протидії екоциду – промова Президента в парламенті Нової Зеландії"
"https://www.president.gov.ua/news/istoriya-oask-zavershilas-istoriya-reform-trivaye-navit-pid-79837","Історія ОАСК завершилась, історія реформ триває навіть під час війни – звернення Президента України"
"https://www.president.gov.ua/news/sho-rezultativnishe-obyednayemo-mic-ukrayini-ta-franciyi-bil-79829","Що результативніше об’єднаємо міць України та Франції, то більше виграємо від цього, то надійнішим буде мир – звернення Президента до учасників форуму зі стійкості та відбудови України в Парижі"
"https://www.president.gov.ua/news/nam-potriben-parizkij-mehanizm-yakij-dopomozhe-davati-vchasn-79825","Нам потрібен Паризький механізм, який допоможе давати вчасні відповіді на виклики російського енерготерору – звернення Президента України до учасників конференції «Солідарні з українським народом»"
"https://www.president.gov.ua/news/blekauti-ce-ostannya-nadiya-teroristiv-ale-j-bez-svitla-mi-d-79817","Блекаути – це остання надія терористів, але й без світла ми добре знаємо, куди стріляти та що звільняти – звернення Президента України"
"https://www.president.gov.ua/news/proponuyu-sklikati-global-peace-formula-summit-shob-viznachi-79813","Пропоную скликати Global Peace Formula Summit, щоб визначитись, як ми зможемо реалізувати українську формулу миру – звернення Президента до лідерів країн – учасниць G7"
"https://www.president.gov.ua/news/robimo-vse-shob-derzhava-agresor-ne-mala-zhodnoyi-nitochki-z-79797","Робимо все, щоб держава-агресор не мала жодної ниточки, за яку могла б смикати українське суспільство – звернення Президента"
"https://www.president.gov.ua/news/v-energosistemi-zaraz-zberigayetsya-znachnij-deficit-ale-nas-79793","В енергосистемі зараз зберігається значний дефіцит, але наші енергетики й комунальники роблять героїчні речі – звернення Президента України"
"https://www.president.gov.ua/news/zaluchiti-svit-do-realizaciyi-formuli-miru-zaraz-odne-z-klyu-79761","Залучити світ до реалізації формули миру – зараз одне з ключових завдань для України – звернення Президента Володимира Зеленського"
"https://www.president.gov.ua/news/maye-buti-yedinij-pravovij-front-yakij-zdolaye-rosijsku-geno-79753","Має бути єдиний правовий фронт, який здолає російську геноцидну політику – виступ Президента України на Міжнародній конференції «UA: Права людини за темних часів» у Києві"
"https://www.president.gov.ua/news/garantuvannya-bezpeki-mikolayivskij-oblasti-ta-yiyi-portam-b-79745","Гарантування безпеки Миколаївській області та її портам буде черговим кроком до забезпечення глобальної продовольчої безпеки – звернення Президента України до учасників TRT World Forum 2022 у Стамбулі"
"https://www.president.gov.ua/news/duh-ukrayini-ce-duh-svobodi-yakij-vidgukuyetsya-v-dushah-lyu-79741","Дух України – це дух свободи, який відгукується в душах людей по всьому світу – виступ Президента на заході Time, присвяченому оголошенню визначних людей та подій 2022 року"
"https://www.president.gov.ua/news/vpevnenij-minnij-teror-bude-sered-punktiv-obvinuvachennya-pr-79737","Впевнений, мінний терор буде серед пунктів обвинувачення проти Росії за агресію – звернення Президента України"
"https://www.president.gov.ua/news/dlya-mene-chest-predstavlyati-vsih-ukrayinciv-vistup-prezide-79721","Для мене честь представляти всіх українців – виступ Президента на щорічному оголошенні списку найвпливовіших людей у Європі Politico 28"
"https://www.president.gov.ua/news/rosiya-vidpovidatime-za-vsi-vkradeni-aktivi-ukrayinskoyi-der-79713","Росія відповідатиме за всі вкрадені активи Української держави та компаній – звернення Президента України"
"https://www.president.gov.ua/news/na-poli-boyu-v-ukrayini-virishuyetsya-dolya-miljoniv-lyudej-79697","На полі бою в Україні вирішується доля мільйонів людей, які можуть бути врятовані – звернення Президента Володимира Зеленського до Robert F. Kennedy Human Rights Foundation"
"https://www.president.gov.ua/news/toj-hto-pochav-zlochinnu-vijnu-povinen-prograti-j-ponesti-vi-79693","Той, хто почав злочинну війну, повинен програти й понести відповідальність - виступ Президента України на церемонії нагородження Madeleine K. Albright Democracy Awards"
"https://www.president.gov.ua/news/teper-den-zsu-nashi-lyudi-vidznachatimut-slovami-vdyachnosti-79677","Тепер День ЗСУ наші люди відзначатимуть словами вдячності, відчуттям вдячності, сльозами вдячності – звернення Президента України"
"https://www.president.gov.ua/news/koli-terorist-destabilizuye-zhittya-vsih-zupiniti-teror-ce-s-79657","Коли терорист дестабілізує життя всіх, зупинити терор – це спільне завдання – звернення Президента України"
"https://www.president.gov.ua/news/volonteri-ce-najpotuzhnisha-chastina-gromadyanskogo-suspilst-79637","Волонтери – це найпотужніша частина громадянського суспільства України – звернення Президента Володимира Зеленського з нагоди Міжнародного дня волонтера"
"https://www.president.gov.ua/news/shob-projti-zimu-mi-mayemo-buti-she-bilsh-stijkimi-i-she-bil-79633","Щоб пройти зиму, ми маємо бути ще більш стійкими і ще більш єдиними – звернення Президента України"
"https://www.president.gov.ua/news/nasha-peremoga-zdobuvayetsya-siloyu-zbroyi-j-duhu-siloyu-nas-79617","Наша перемога здобувається силою зброї й духу, силою нашої єдності – звернення Президента Володимира Зеленського"
"https://www.president.gov.ua/news/dyakuyu-vsim-hto-popri-postijni-rosijski-obstrili-robit-use-79597","Дякую всім, хто попри постійні російські обстріли робить усе, щоб українці могли жити нормально – звернення Президента України"
"https://www.president.gov.ua/news/mi-garantuyemo-ukrayini-duhovnu-nezalezhnist-zvernennya-prez-79577","Ми гарантуємо Україні духовну незалежність – звернення Президента Володимира Зеленського"
"https://www.president.gov.ua/news/analizuyemo-namiri-okupantiv-i-gotuyemo-protidiyu-she-potuzh-79561","Аналізуємо наміри окупантів і готуємо протидію – ще потужнішу, ніж зараз – звернення Президента України"
"https://www.president.gov.ua/news/shob-bula-vidpovidalnist-rosiyi-za-agresiyu-potriben-special-79537","Щоб була відповідальність Росії за агресію, потрібен спеціальний трибунал, і ми робимо все, щоб його створити – звернення Президента України"
"https://www.president.gov.ua/news/ukrayina-stane-vzircem-vidbudovi-prezident-zvernuvsya-do-gen-79513","Україна стане взірцем відбудови – Президент звернувся до Генеральної асамблеї Міжнародного бюро виставок щодо проведення Експо-2030 в Одесі"
"https://www.president.gov.ua/news/ukrayina-nikoli-ne-bude-miscem-rozruhi-zvernennya-prezidenta-79501","Україна ніколи не буде місцем розрухи – звернення Президента Володимира Зеленського"
"https://www.president.gov.ua/news/dopomagayuchi-odne-odnomu-mi-projdemo-cyu-zimu-j-ce-namagann-79481","Допомагаючи одне одному, ми пройдемо цю зиму й це намагання Росії використати холод проти людей – звернення Президента України"
"https://www.president.gov.ua/news/nikoli-bilshe-golod-ne-maye-vikoristovuvatis-yak-zbroya-zver-79469","Ніколи більше голод не має використовуватись як зброя – звернення Президента Володимира Зеленського"
"https://www.president.gov.ua/news/vistup-prezidenta-ukrayini-na-mizhnarodnomu-ustanovchomu-sam-79449","Виступ Президента України на Міжнародному установчому саміті International Summit оn Food Security в межах гуманітарної програми Grain from Ukraine"
"https://www.president.gov.ua/news/klyuchove-zavdannya-cogo-tizhnya-energetika-zvernennya-prezi-79441","Ключове завдання цього тижня – енергетика – звернення Президента"
"https://www.president.gov.ua/news/zalezhnist-yevropi-vid-rosijskih-energoresursiv-pochala-zmen-79425","Залежність Європи від російських енергоресурсів почала зменшуватися і має повністю зникнути – звернення Президента України до учасників міжнародного симпозіуму «Європейська ідея»"
"https://www.president.gov.ua/news/rosiya-tak-i-ne-znajshla-sposobu-nas-zlamati-i-ne-znajde-zve-79409","Росія так і не знайшла способу нас зламати і не знайде – звернення Президента України"
"https://www.president.gov.ua/news/zaklikayu-vas-robiti-vse-mozhlive-shob-obsye-stala-spivtvorc-79397","Закликаю вас робити все можливе, щоб ОБСЄ стала співтворцем перемоги над російським терором – Президент під час виступу на ПА ОБСЄ"
"https://www.president.gov.ua/news/energetiki-komunalniki-dsns-pracyuvatimut-cilodobovo-postupo-79385","Енергетики, комунальники, ДСНС працюватимуть цілодобово; поступово підключаємо нові й нові райони – звернення Президента України"
"https://www.president.gov.ua/news/ukrayina-proponuye-uhvalili-rezolyuciyu-pro-zasudzhennya-ene-79381","Україна пропонує ухвалили резолюцію про засудження енергетичного терору – виступ Президента Володимира Зеленського на засіданні Ради Безпеки ООН, скликаному після ракетних ударів РФ"
"https://www.president.gov.ua/news/po-vsij-krayini-rozgortayemo-novij-proekt-pidtrimki-lyudej-p-79361","По всій країні розгортаємо новий проект підтримки людей – «Пункти незламності» – звернення Президента України"
"https://www.president.gov.ua/news/dopomoga-ukrayini-sogodni-ce-ne-prosto-pitannya-pro-tehniku-79349","Допомога Україні сьогодні – це не просто питання про техніку, це захист від терору – звернення Президента Володимира Зеленського до 104-го Конгресу мерів і голів муніципалітетів Франції"
"https://www.president.gov.ua/news/mi-zaraz-mayemo-istorichnu-mozhlivist-raz-i-nazavzhdi-zahist-79333","Ми зараз маємо історичну можливість раз і назавжди захистити українську волю – звернення Президента Володимира Зеленського"
"https://www.president.gov.ua/news/mayemo-zberigati-principovist-u-protistoyanni-rosijskij-agre-79325","Маємо зберігати принциповість у протистоянні російській агресії, спільні дії – це і є справжня миротворчість – виступ Президента України на щорічній сесії Парламентської асамблеї НАТО"
"https://www.president.gov.ua/news/zvernennya-prezidenta-ukrayini-z-nagodi-dnya-gidnosti-ta-svo-79309","Звернення Президента України з нагоди Дня Гідності та Свободи"
"https://www.president.gov.ua/news/cogorich-svit-pobachiv-yakim-vagomim-ye-vnesok-ukrayinciv-u-79305","Цьогоріч світ побачив, яким вагомим є внесок українців у глобальну продовольчу безпеку – звернення Президента України"
"https://www.president.gov.ua/news/ukrayina-bazhaye-miru-ale-dlya-jogo-vidnovlennya-mi-potrebuy-79297","Україна бажає миру, але для його відновлення ми потребуємо підтримки – звернення Президента до учасників Міжнародної організації Франкофонії"
"https://www.president.gov.ua/news/zabezpechimo-vse-sho-potribno-dlya-nashogo-zahistu-zvernenny-79285","Забезпечимо все, що потрібно для нашого захисту – звернення Президента України"
"https://www.president.gov.ua/news/shob-buv-mir-mayemo-zrobiti-nemozhlivimi-vsi-elementi-rosijs-79253","Щоб був мир, маємо зробити неможливими всі елементи російської агресії – звернення Президента України до учасників Halifax International Security Forum"
"https://www.president.gov.ua/news/nide-na-fronti-ne-pasuyemo-pered-vorogom-na-viznachenih-dily-79261","Ніде на фронті не пасуємо перед ворогом, на визначених ділянках готуємо майбутні успіхи – звернення Президента України"
"https://www.president.gov.ua/news/rosijska-agresiya-ne-zupinyayetsya-ni-na-den-tozh-ne-maye-zu-79241","Російська агресія не зупиняється ні на день, тож не має зупинятися й тиск на Росію, і це може робити кожен на своєму рівні – звернення Президента України до університетської спільноти Ірландії"
"https://www.president.gov.ua/news/yaksho-svit-pracyuvatime-v-yednosti-golod-bude-peremozhenij-79233","Якщо світ працюватиме в єдності, голод буде переможений – звернення Президента України"
"https://www.president.gov.ua/news/sho-bilshe-form-teroru-vikoristaye-rosiya-v-cij-vijni-bilshe-79205","Що більше форм терору використає Росія в цій війні, то більше коштів світ спрямує на зброю й захист – звернення Президента України до учасників Bloomberg New Economy Forum"
"https://www.president.gov.ua/news/na-hersonshinu-ta-mikolayivshinu-povertayemo-vse-sho-neobhid-79189","На Херсонщину та Миколаївщину повертаємо все, що необхідно для нормального життя – звернення Президента України"
"https://www.president.gov.ua/news/vizmit-ukrayinskij-dosvid-zahistu-shob-garantuvati-bezpeku-v-79169","Візьміть український досвід захисту, щоб гарантувати безпеку вашим народам – виступ Президента під час участі у панелі «Цифрова трансформація» у межах саміту «Великої двадцятки»"
"https://www.president.gov.ua/news/rosiyi-kazhut-pro-mir-vona-vidpovidaye-raketami-zvernennya-p-79161","Росії кажуть про мир, вона відповідає ракетами – звернення Президента України"
"https://www.president.gov.ua/news/ukrayina-zavzhdi-bula-liderom-mirotvorchih-zusil-yaksho-rosi-79141","Україна завжди була лідером миротворчих зусиль; якщо Росія хоче закінчити цю війну, хай доведе це діями – виступ Президента України на саміті «Групи двадцяти»"
"https://www.president.gov.ua/news/reparaciyi-yaki-rosiyi-dovedetsya-zaplatiti-za-skoyene-ce-te-79137","Репарації, які Росії доведеться заплатити за скоєне, – це тепер частина міжнародно-правової реальності – звернення Президента України"
"https://www.president.gov.ua/news/usi-mi-vzhe-vidchuvayemo-yak-nablizhayetsya-nasha-peremoga-z-79109","Усі ми вже відчуваємо, як наближається наша перемога – звернення Президента України"
"https://www.president.gov.ua/news/sili-oboroni-vstanovili-kontrol-u-ponad-60-naselenih-punktah-79105","Сили оборони встановили контроль у понад 60 населених пунктах Херсонщини – звернення Президента України"
"https://www.president.gov.ua/news/sogodni-istorichnij-den-mi-povertayemo-herson-zvernennya-pre-79101","Сьогодні історичний день, ми повертаємо Херсон – звернення Президента України"
"https://www.president.gov.ua/news/privitannya-volodimira-zelenskogo-veteranam-ssha-79093","Привітання Володимира Зеленського ветеранам США"
"https://www.president.gov.ua/news/uzhe-desyatki-ukrayinskih-praporiv-povernulisya-na-svoye-zak-79077","Уже десятки українських прапорів повернулися на своє законне місце в межах оборонної операції – звернення Президента України"
"https://www.president.gov.ua/news/vorog-ne-robit-nam-podarunkiv-ta-zhestiv-dobroyi-voli-mi-vse-79061","Ворог не робить нам подарунків та «жестів доброї волі», ми все це виборюємо – звернення Президента України"
"https://www.president.gov.ua/news/robimo-vse-shob-rosijskij-plan-peretvoriti-zimu-na-zbroyu-za-79041","Робимо все, щоб російський план перетворити зиму на зброю зазнав провалу – звернення Президента України"
"https://www.president.gov.ua/news/ne-mozhe-buti-efektivnoyi-klimatichnoyi-politiki-bez-miru-na-78993","Не може бути ефективної кліматичної політики без миру на Землі – звернення Президента України до учасників 27-ї Конференції ООН зі зміни клімату в Шарм-еш-Шейху"
"https://www.president.gov.ua/news/medal-cvobodi-dlya-vsih-hto-voyuye-j-pracyuye-shob-zahistiti-79001","Медаль Cвободи – для всіх, хто воює й працює, щоб захистити Україну, усіх, хто підтримує нас – промова Президента на 34-й церемонії вручення нагороди Національного конституційного центру"
"https://www.president.gov.ua/news/eskalaciya-rosijskogo-raketnogo-j-dronovogo-teroru-prizvela-78997","Ескалація російського ракетного й дронового терору призвела лише до того, що світ відповідає новою допомогою Україні – звернення Президента Володимира Зеленського"
"https://www.president.gov.ua/news/kozhen-hto-dopomagaye-rosiyi-podovzhuvati-vijnu-maye-razom-z-78977","Кожен, хто допомагає Росії подовжувати війну, має разом з нею відповідати за наслідки – звернення Президента України"
"https://www.president.gov.ua/news/mayemo-zabezpechiti-povnij-zahist-ukrayinskogo-neba-j-budemo-78973","Маємо забезпечити повний захист українського неба й будемо робити все для цього – звернення Президента Володимира Зеленського"
"https://www.president.gov.ua/news/dobre-sho-svit-zvertaye-uvagu-lishe-na-te-sho-derzhava-teror-78961","Добре, що світ звертає увагу лише на те, що держава-терорист реально робить, а не що говорить – звернення Президента України"
"https://www.president.gov.ua/news/viterpiti-rosijskij-energoteror-ce-zaraz-nashe-nacionalne-za-78933","Витерпіти російський енерготерор – це зараз наше національне завдання – звернення Президента України"
"https://www.president.gov.ua/news/zernova-iniciativa-prodovzhit-pracyuvati-rosijskij-shantazh-78897","Зернова ініціатива продовжить працювати, російський шантаж виявився безрезультатним – звернення Президента України"
"https://www.president.gov.ua/news/mi-zrobimo-vse-shob-dati-lyudyam-elektriku-j-teplo-ale-rosiy-78865","Ми зробимо все, щоб дати людям електрику й тепло, але Росія зробить усе, щоб руйнувати нормальне життя – звернення Президента України"
"https://www.president.gov.ua/news/kozhen-rosijskij-udar-po-nashih-civilnih-obyektah-nablizhaye-78833","Кожен російський удар по наших цивільних об’єктах наближає міжнародний консенсус щодо відповідальності Росії – звернення Президента Володимира Зеленського"
"https://www.president.gov.ua/news/krapku-v-cij-vijni-pislya-vijskovih-pislya-politikiv-postavl-78829","Крапку в цій війні після військових, після політиків поставлять юристи – звернення Президента України до учасників зустрічі, організованої Міжнародною асоціацією юристів (IBA)"
"https://www.president.gov.ua/news/u-krayini-sogodni-ne-bulo-avarijnih-vidklyuchen-ale-deficit-78805","У країні сьогодні не було аварійних відключень, але дефіцит генерації зберігається, тому ощадливе споживання електрики має тривати – звернення Президента України"
"https://www.president.gov.ua/news/yak-rosiya-mozhe-buti-sered-inshih-u-g20-yaksho-vona-svidomo-78797","Як Росія може бути серед інших у G20, якщо вона свідомо працює на голод на кількох континентах – звернення Президента України"
"https://www.president.gov.ua/news/same-v-ukrayini-viznachitsya-globalna-dolya-demokratiyi-zver-78781","Саме в Україні визначиться глобальна доля демократії – звернення Президента Володимира Зеленського до американських сенаторів і спільноти Єльського університету"
"https://www.president.gov.ua/news/rosiya-namagayetsya-zrobiti-hersonshinu-bukvalno-zonoyu-vidc-78773","Росія намагається зробити Херсонщину буквально зоною відчуження; світ повинен на це відреагувати – звернення Президента України"
"https://www.president.gov.ua/news/sogodni-mi-zgaduyemo-vignannya-nacistiv-nablizhayuchi-vignan-78753","Сьогодні ми згадуємо вигнання нацистів, наближаючи вигнання рашистів – звернення Президента України"
"https://www.president.gov.ua/news/ukrayini-potribna-peremoga-nad-rosiyeyu-zokrema-i-v-energeti-78741","Україні потрібна перемога над Росією, зокрема і в енергетиці – звернення Президента Володимира Зеленського"
"https://www.president.gov.ua/news/sho-shvidshe-v-ukrayini-bude-dosyagnutij-mir-zavdyaki-nashij-78713","Що швидше в Україні буде досягнутий мир завдяки нашій перемозі, то менше зла Росія встигне принести іншим регіонам – звернення Президента Володимира Зеленського"
"https://www.president.gov.ua/news/povernennya-ukrayinskogo-prapora-v-krim-oznachatime-vidrodzh-78697","Повернення українського прапора в Крим означатиме відродження справжнього миру – виступ Президента на першому парламентському саміті Кримської платформи"
"https://www.president.gov.ua/news/investuyuchi-u-vidnovlennya-ukrayini-vi-investuyete-u-majbut-78693","Інвестуючи у відновлення України, ви інвестуєте у майбутнього члена ЄС – виступ Президента на Міжнародній експертній конференції з питань відновлення, відбудови та модернізації України"
"https://www.president.gov.ua/news/mi-vidstoyali-nezalezhnist-ukrayini-i-rosiyi-cogo-vzhe-ne-zm-78689","Ми відстояли незалежність України, і Росії цього вже не змінити, але нам ще треба пройти шлях до перемоги – звернення Президента Володимира Зеленського"
"https://www.president.gov.ua/news/mozhna-pozbaviti-sensu-alyans-rosiyi-ta-iranu-yaksho-mi-bude-78681","Можна позбавити сенсу альянс Росії та Ірану, якщо ми будемо діяти разом – звернення Президента України Володимира Зеленського до учасників Саміту демократії Haaretz"
"https://www.president.gov.ua/news/rosiya-prinosit-smert-i-degradaciyu-ukrayina-ce-zavzhdi-pro-78669","Росія приносить смерть і деградацію, Україна – це завжди про відновлення – звернення Президента Володимира Зеленського"
"https://www.president.gov.ua/news/zhoden-udar-teroristiv-ne-zupinit-nashih-zahisnikiv-zvernenn-78657","Жоден удар терористів не зупинить наших захисників – звернення Президента України"
"https://www.president.gov.ua/news/rosijski-namagannya-zagostriti-prodovolchu-krizu-ce-agresiya-78641","Російські намагання загострити продовольчу кризу – це агресія проти кожної людини на землі – звернення Президента України"
"https://www.president.gov.ua/news/robit-use-shob-lyudi-znali-pro-teror-rosiyi-v-ukrayini-poshi-78621","Робіть усе, щоб люди знали про терор Росії в Україні, поширюйте історії про перемоги свободи – звернення Президента до учасників Франкфуртського книжкового ярмарку"
"https://www.president.gov.ua/news/usi-svitovi-lideri-mayut-dati-rosiyi-zrozumiti-sho-terakt-na-78617","Усі світові лідери мають дати Росії зрозуміти, що теракт на Каховській ГЕС прирівнюватиметься до застосування зброї масового ураження – звернення Президента України"
"https://www.president.gov.ua/news/rosijskij-teror-maye-prograti-ukrayina-j-usya-yevropa-mayut-78613","Російський терор має програти, Україна й уся Європа мають перемогти – звернення Президента Володимира Зеленського до Європейської ради"
"https://www.president.gov.ua/news/okupanti-namagatimutsya-zabrati-cholovikiv-u-svoyu-armiyu-un-78581","Окупанти намагатимуться забрати чоловіків у свою армію, уникайте цього, як можете – звернення Президента України"
"https://www.president.gov.ua/news/hoch-bi-sho-planuvav-i-robiv-vorog-ukrayina-zahistit-sebe-zv-78549","Хоч би що планував і робив ворог, Україна захистить себе – звернення Президента Володимира Зеленського"
"https://www.president.gov.ua/news/sho-menshe-teroristichnih-mozhlivostej-bude-v-rosiyi-shvidsh-78537","Що менше терористичних можливостей буде в Росії, то швидше закінчиться ця війна – звернення Президента України"
"https://www.president.gov.ua/news/kozhen-hto-bere-v-polon-rosijskih-vijskovih-zabezpechuye-moz-78521","Кожен, хто бере в полон російських військових, забезпечує можливість звільняти наших героїв – звернення Президента України"
"https://www.president.gov.ua/news/lishe-realni-peremogi-ukrayini-ta-demontazh-agresivnih-mozhl-78517","Лише реальні перемоги України та демонтаж агресивних можливостей держави-терориста – це шлях до миру – звернення Президента Володимира Зеленського"
"https://www.president.gov.ua/news/mayemo-povernuti-mir-i-zabezpechiti-nashij-derzhavi-istorich-78509","Маємо повернути мир і забезпечити нашій державі історичну перемогу – і зробимо це – звернення Президента України"
"https://www.president.gov.ua/news/zvernennya-prezidenta-volodimira-zelenskogo-z-nagodi-dnya-za-78485","Звернення Президента Володимира Зеленського з нагоди Дня захисників і захисниць України"
"https://www.president.gov.ua/news/teroru-treba-vidpovidati-siloyu-na-vsih-rivnyah-i-na-poli-bo-78477","Терору треба відповідати силою на всіх рівнях: і на полі бою, і санкційно, і юридично – звернення Президента України"
"https://www.president.gov.ua/news/vistup-prezidenta-ukrayini-na-plenarnomu-zasidanni-osinnoyi-78453","Виступ Президента України на пленарному засіданні осінньої сесії Парламентської асамблеї Ради Європи"
"https://www.president.gov.ua/news/nasha-spivpracya-nablizhaye-peremogu-ukrayini-vistup-prezide-78445","Наша співпраця наближає перемогу України – виступ Президента Володимира Зеленського на другому засіданні міністерського круглого столу щодо підтримки України під керівництвом українського уряду, групи Світового банку та МВФ"
"https://www.president.gov.ua/news/usya-rosijska-mashina-teroru-maye-buti-j-bude-zneshkodzhena-78441","Уся російська машина терору має бути й буде знешкоджена – звернення Президента України"
"https://www.president.gov.ua/news/po-vsij-ukrayini-dovoli-shvidko-j-efektivno-vidbuvayutsya-vi-78429","По всій Україні доволі швидко й ефективно відбуваються відновлювальні роботи – звернення Президента Володимира Зеленського"
"https://www.president.gov.ua/news/mi-pidgotuvali-nominacijne-dosye-odesi-dlya-vklyuchennya-do-78421","Ми підготували номінаційне досьє Одеси для включення до списку Всесвітньої спадщини – звернення Президента України до учасників 215-ї сесії Виконавчої ради ЮНЕСКО"
"https://www.president.gov.ua/news/neobhidno-zbilshiti-spilni-zusillya-shob-stvoriti-povitryani-78417","Необхідно збільшити спільні зусилля, щоб створити повітряний щит для України – виступ Президента Володимира Зеленського на відеоконференції лідерів «Групи семи» та України"
"https://www.president.gov.ua/news/ukrayinu-nemozhlivo-zalyakati-tilki-she-bilshe-obyednati-zve-78401","Україну неможливо залякати – тільки ще більше об’єднати – звернення Президента Володимира Зеленського"
"https://www.president.gov.ua/news/mi-ukrayinci-dopomagayemo-odne-odnomu-virimo-v-sebe-vidnovly-78381","Ми – українці, допомагаємо одне одному, віримо в себе, відновлюємо зруйноване – звернення Президента Володимира Зеленського"
"https://www.president.gov.ua/news/postijnij-teror-proti-civilnogo-naselennya-ye-ochevidnoyu-vi-78377","Постійний терор проти цивільного населення є очевидною відмовою Росії від справжніх переговорів – звернення Президента України"
"https://www.president.gov.ua/news/yaksho-okupanti-vtechut-ce-bude-najkrashij-dlya-nih-variant-78373","Якщо окупанти втечуть, це буде найкращий для них варіант – звернення Президента України"
"https://www.president.gov.ua/news/mayemo-posilyuvati-nashi-soyuzi-j-spivpracyu-mayemo-pozbutis-78369","Маємо посилювати наші союзи й співпрацю, маємо позбутися всіх видів залежності від Росії – звернення Президента України до учасників 2BS Forum, що відбувається в Чорногорії"
"https://www.president.gov.ua/news/treba-zvilnyati-vid-rosijskoyi-okupaciyi-vsi-zemli-yaki-rf-n-78365","Треба звільняти від російської окупації всі землі, які РФ намагається залишити за собою – звернення Президента України"
"https://www.president.gov.ua/news/mi-nikoli-ne-mayemo-zupinyatisya-v-zahisti-svobodi-j-demokra-78353","Ми ніколи не маємо зупинятися в захисті свободи й демократії – виступ Президента України на засіданні Європейської ради"
"https://www.president.gov.ua/news/vid-pochatku-zhovtnya-tilki-na-hersonshini-vid-rosijskih-oku-78341","Від початку жовтня тільки на Херсонщині від російських окупантів звільнено понад півтисячі квадратних кілометрів – звернення Президента України"
"https://www.president.gov.ua/news/rosijske-zlo-prograye-koli-nasha-formula-miru-peremozhe-vist-78329","Російське зло програє, коли наша формула миру переможе – виступ Президента України на зустрічі лідерів Європейської політичної спільноти"
"https://www.president.gov.ua/news/svit-povinen-pokazati-silu-shob-postaviti-krapku-u-spromozhn-78325","Світ повинен показати силу, щоб поставити крапку у спроможності агресора до ескалації – Президент України під час виступу в австралійському Інституті Лоуї"
"https://www.president.gov.ua/news/nam-potribna-vasha-pidtrimka-shob-priskoriti-nastannya-miru-78305","Нам потрібна ваша підтримка, щоб прискорити настання миру – звернення Президента України до учасників сесії Генеральної асамблеї Організації американських держав (ОАД), яка триває в Лімі"
"https://www.president.gov.ua/news/povernennya-prapora-ukrayini-na-deokupovani-teritoriyi-oznac-78313","Повернення прапора України на деокуповані території означає, що спокійне й соціально забезпечене життя знову стає можливим – звернення Президента Володимира Зеленського"
"https://www.president.gov.ua/news/mayemo-stvoriti-specialnij-tribunal-shodo-zlochinu-agresiyi-78285","Маємо створити спеціальний трибунал щодо злочину агресії проти України – звернення Президента Володимира Зеленського до учасників публічних дебатів «Війна і закон» у Парижі"
"https://www.president.gov.ua/news/ukrayinska-armiya-zdijsnyuye-na-pivdni-nashoyi-krayini-shvid-78281","Українська армія здійснює на півдні нашої країни швидкий і потужний рух – звернення Президента Володимира Зеленського"
"https://www.president.gov.ua/news/ukrayina-cinuye-lyudej-ryatuye-lyudej-ce-fundamentalni-pravi-78265","Україна цінує людей, рятує людей – це фундаментальні правила для нашої держави – звернення Президента Володимира Зеленського"
"https://www.president.gov.ua/news/ukrayina-bula-j-bude-odnim-iz-yevropejskih-centriv-vijskovoy-78249","Україна була й буде одним із європейських центрів військової та авіаційної промисловості – звернення Президента Володимира Зеленського"
"https://www.president.gov.ua/news/za-cej-tizhden-ukrayinskih-praporiv-na-donbasi-stalo-bilshe-78213","За цей тиждень українських прапорів на Донбасі стало більше, і стане ще більше – звернення Президента України"
"https://www.president.gov.ua/news/nash-shlyah-ce-shlyah-nezalezhnosti-teritorialnoyi-cilisnost-78197","Наш шлях – це шлях незалежності, територіальної цілісності, інтеграції з цивілізованим світом, шлях РФ – поразка й ганьба – звернення Президента України"
"https://www.president.gov.ua/news/mi-robimo-svij-viznachalnij-krok-pidpisuyuchi-zayavku-ukrayi-78173","Ми робимо свій визначальний крок, підписуючи заявку України на вступ у пришвидшеному порядку до НАТО – звернення Президента Володимира Зеленського"
"https://www.president.gov.ua/news/koli-mi-vitisnimo-rosiyu-normalne-zhittya-povernetsya-na-ukr-78145","Коли ми витіснимо Росію, нормальне життя повернеться на українську землю – звернення Президента Володимира Зеленського"
"https://www.president.gov.ua/news/zvernennya-prezidenta-ukrayini-do-korinnih-narodiv-rosiyi-bo-78137","Звернення Президента України до корінних народів Росії: Боріться, щоб не загинути, захищайте свою свободу на вулицях і площах"
"https://www.president.gov.ua/news/sho-bilshe-u-nas-yednosti-vidchutnishi-rosijski-porazki-prez-78097","Що більше у нас єдності, то відчутніші російські поразки – Президент України на Афінському демократичному форумі"
"https://www.president.gov.ua/news/ukrayina-ne-mozhe-j-ne-bude-miritisya-zi-sprobami-rosiyi-zah-78101","Україна не може й не буде миритися зі спробами Росії захопити будь-яку частину нашої землі – звернення Президента Володимира Зеленського"
"https://www.president.gov.ua/news/diyati-preventivno-oznachaye-ne-dopuskati-katastrofichnoyi-s-78049","Діяти превентивно означає не допускати катастрофічної шкоди від подальших дій Росії – звернення Президента України до студентів і викладачів Гарвардського університету"
"https://www.president.gov.ua/news/yedina-racionalna-vidpovid-na-zuhvalist-rf-ce-she-bilshe-pid-78057","Єдина раціональна відповідь на зухвалість РФ – це ще більше підтримки для України – звернення Президента Володимира Зеленського"
"https://www.president.gov.ua/news/vistup-prezidenta-volodimira-zelenskogo-na-zasidanni-radi-be-78053","Виступ Президента Володимира Зеленського на засіданні Ради Безпеки ООН, скликаному за ініціативою України"
"https://www.president.gov.ua/news/rosiya-vidchula-sho-prograye-i-namagayetsya-vidtyagnuti-cej-78033","Росія відчула, що програє, і намагається відтягнути цей момент, забезпечити якусь активність на фронті – звернення Президента України"
"https://www.president.gov.ua/news/zlochinna-mobilizaciya-vikoristovuyetsya-rosiyeyu-ne-lishe-d-78005","Злочинна мобілізація використовується Росією не лише для продовження страждань українців, а й щоб знищити представників корінних народів – звернення Президента України"
"https://www.president.gov.ua/news/geroyizm-i-muzhnist-nashih-voyiniv-ne-zalishayut-zhodnih-sum-77997","Героїзм і мужність наших воїнів не залишають жодних сумнівів, що Україна переможе – звернення Президента Володимира Зеленського"
"https://www.president.gov.ua/news/ukrayina-pokazala-sho-za-nami-pravda-sila-iniciativa-ta-vpev-77985","Україна показала, що за нами правда, сила, ініціатива та впевненість у перемозі – звернення Президента Володимира Зеленського"
"https://www.president.gov.ua/news/davati-lyudyam-nadiyu-na-majbutnye-ta-vidchuttya-povagi-os-n-77961","Давати людям надію на майбутнє та відчуття поваги – ось навіщо перша леді України створила фундацію – виступ Президента на презентації Фундації Олени Зеленської"
"https://www.president.gov.ua/news/sho-bilshe-dodanoyi-vartosti-viroblyaye-ukrayina-bilshe-doda-77933","Що більше доданої вартості виробляє Україна, то більше доданої безпеки отримують люди у світі – виступ Президента України на саміті філантропії Forbes 400"
"https://www.president.gov.ua/news/rosijske-rishennya-pro-mobilizaciyu-ce-viznannya-sho-yihnya-77929","Російське рішення про мобілізацію – це визнання, що їхня кадрова армія не витримала й посипалась – звернення Президента України"
"https://www.president.gov.ua/news/vistup-prezidenta-ukrayini-na-zagalnih-debatah-77-yi-sesiyi-77905","Виступ Президента України на загальних дебатах 77-ї сесії Генеральної Асамблеї ООН"
"https://www.president.gov.ua/news/derzhava-yaka-provokuye-golod-maye-otrimuvati-vid-svitu-najz-77893","Держава, яка провокує голод, має отримувати від світу найжорсткішу реакцію – виступ Президента на Global Food Security Summit"
"https://www.president.gov.ua/news/situaciya-na-peredovij-chitko-svidchit-pro-te-sho-iniciativa-77889","Ситуація на передовій чітко свідчить про те, що ініціатива – за Україною – звернення Президента Володимира Зеленського"
"https://www.president.gov.ua/news/temp-nadannya-partnerami-dopomogi-ukrayini-maye-vidpovidati-77869","Темп надання партнерами допомоги Україні має відповідати темпу нашого руху – звернення Президента Володимира Зеленського"
"https://www.president.gov.ua/news/mozhlivo-komus-zdayetsya-sho-pislya-nizki-peremog-mayemo-pev-77857","Можливо, комусь здається, що після низки перемог маємо певне затишшя, але це – підготовка – звернення Президента України"
"https://www.president.gov.ua/news/mi-vstanovimo-osobi-vsih-hto-prinis-zvirstvo-z-rosiyi-na-ukr-77853","Ми встановимо особи всіх, хто приніс звірство з Росії на українську землю – звернення Президента Володимира Зеленського"
"https://www.president.gov.ua/news/rosiya-povtorila-v-izyumi-te-sho-zrobila-v-buchi-svit-povine-77849","Росія повторила в Ізюмі те, що зробила в Бучі; світ повинен на це відреагувати – звернення Президента України"
"https://www.president.gov.ua/news/mayemo-pokazati-sho-na-kozhen-proyav-teroru-rosiyi-bude-zhor-77825","Маємо показати, що на кожен прояв терору Росії буде жорстка й принципова реакція – звернення Президента України"
"https://www.president.gov.ua/news/vidpovimo-teroristam-na-kozhnu-yihnyu-pidlist-na-kozhnu-rake-77801","Відповімо терористам на кожну їхню підлість, на кожну ракету – ми це можемо – звернення Президента України"
"https://www.president.gov.ua/news/razom-z-nashimi-vijskami-ta-nashim-praporom-na-deokupovanu-t-77765","Разом з нашими військами та нашим прапором на деокуповану територію заходить і звичайне нормальне життя – звернення Президента України"
"https://www.president.gov.ua/news/mayemo-she-posiliti-nashu-spivpracyu-z-partnerami-shob-podol-77717","Маємо ще посилити нашу співпрацю з партнерами, щоб подолати російський терор – звернення Президента України"
"https://www.president.gov.ua/news/ce-zvernennya-hochu-prisvyatiti-tim-hto-muzhno-stoyit-200-dn-77701","Це звернення хочу присвятити тим, хто мужньо стоїть 200 днів, а тому стоїть Україна – Президент Володимир Зеленський"
"https://www.president.gov.ua/news/zaraz-vidbuvayetsya-zmina-geopolitichnoyi-konfiguraciyi-u-sv-77637","Зараз відбувається зміна геополітичної конфігурації у світі, але завершення об’єднання Європи неможливе без України – виступ Президента Володимира Зеленського на щорічній зустрічі YES"
"https://www.president.gov.ua/news/z-pochatku-veresnya-zvilneno-vzhe-blizko-2-tisyach-kilometri-77661","З початку вересня звільнено вже близько 2 тисяч кілометрів території України – звернення Президента Володимира Зеленського"
"https://www.president.gov.ua/news/na-cej-chas-zsu-zvilnili-ta-vzyali-pid-kontrol-ponad-30-nase-77621","На цей час ЗСУ звільнили та взяли під контроль понад 30 населених пунктів на Харківщині – звернення Президента України"
"https://www.president.gov.ua/news/zagalom-iz-pochatku-veresnya-zvilneno-ponad-tisyachu-kvadrat-77597","Загалом із початку вересня звільнено понад тисячу квадратних кілометрів території України – звернення Президента Володимира Зеленського"
"https://www.president.gov.ua/news/cogo-tizhnya-mayemo-horoshi-novini-z-harkivshini-dumayu-kozh-77569","Цього тижня маємо хороші новини з Харківщини; думаю, кожен громадянин відчуває гордість за наших воїнів – звернення Президента України"
"https://www.president.gov.ua/news/yevropa-ne-misce-dlya-progulyanok-rosijskih-ubivc-i-tih-hto-77561","Європа – не місце для прогулянок російських убивць і тих, хто їх підтримує – звернення Президента України"
"https://www.president.gov.ua/news/same-na-ukrayinskij-zemli-bude-novij-centr-ekonomichnogo-zro-77549","Саме на українській землі буде новий центр економічного зростання у Європі – виступ Президента на зустрічі з керівниками великого бізнесу в межах відкриття Нью-Йоркської фондової біржі"
"https://www.president.gov.ua/news/obstril-teritoriyi-zaes-oznachaye-sho-rosiyi-bajduzhe-sho-sk-77533","Обстріл території ЗАЕС означає, що Росії байдуже, що скаже МАГАТЕ й що вирішить міжнародна спільнота – звернення Президента України"
"https://www.president.gov.ua/news/mi-povernemo-svobodu-krimu-j-obovyazkovo-zrobimo-pivostriv-o-77521","Ми повернемо свободу Криму й обовʼязково зробимо півострів одним із найкомфортніших місць у Європі – звернення Президента України"
"https://www.president.gov.ua/news/vzimku-rosiya-gotuyetsya-do-energetichnogo-udaru-po-yevropej-77513","Взимку Росія готується до енергетичного удару по європейцях; відповіддю мають бути наша єдність і посилення тиску – звернення Президента України"
"https://www.president.gov.ua/news/ruh-ukrayini-v-yes-i-transformaciya-vseredini-krayini-ye-gar-77505","Рух України в ЄС і трансформація всередині країни є гарантією свободи для всіх українців – звернення Президента Володимира Зеленського"
"https://www.president.gov.ua/news/mi-primusimo-rosiyu-do-miru-yaksho-vsi-nashi-partneri-dotrim-77493","Ми примусимо Росію до миру, якщо всі наші партнери дотримуватимуть свого слова, як робить це Україна – виступ Президента Володимира Зеленського на міжнародному економічному форумі «Амброзетті»"
"https://www.president.gov.ua/news/same-demilitarizaciya-teritoriyi-zaporizkoyi-aes-ye-metoyu-u-77489","Саме демілітаризація території Запорізької АЕС є метою українських і міжнародних зусиль – звернення Президента Володимира Зеленського"
"https://www.president.gov.ua/news/mi-zrobimo-vse-shob-ukrayinci-polyaki-i-vsi-narodi-yevropi-z-77477","Ми зробимо все, щоб українці, поляки і всі народи Європи жили вільно – Президент України звернувся до народу Польщі у 83-тю річницю початку Другої світової війни"
"https://www.president.gov.ua/news/znati-j-zahishati-zavzhdi-jdut-poruch-prezident-ukrayini-pri-77473","«Знати» й «захищати» завжди йдуть поруч – Президент України привітав дошкільнят, школярів і студентів із початком нового навчального року"
"https://www.president.gov.ua/news/rosiya-hoche-shob-svit-zrobiv-tri-pomilki-zvik-do-vijni-zmir-77469","Росія хоче, щоб світ зробив три помилки: звик до війни, змирився з війною і забув про війну; цей задум ніколи не має здійснитися – звернення Президента України до учасників Венеціанського кінофестивалю"
"https://www.president.gov.ua/news/vid-imeni-rozvidki-dyakuyu-vsim-nashim-lyudyam-na-pivdni-ukr-77465","Від імені розвідки дякую всім нашим людям на півдні України та в Криму за надану інформацію – звернення Президента Володимира Зеленського"
"https://www.president.gov.ua/news/v-ukrayini-zaraz-virishalna-bitva-za-svobodu-mi-vdyachni-vam-77453","В Україні зараз вирішальна битва за свободу; ми вдячні вам, що в цій битві ми не наодинці – звернення Президента до учасників щорічної конференції Forum 2000 у Празі"
"https://www.president.gov.ua/news/ukrayina-bude-povnopravnim-chlenom-yes-i-vzhe-najblizhcha-z-77437","Україна буде повноправним членом ЄС і вже найближча з Європою, ніж будь-коли – звернення Президента Володимира Зеленського"
"https://www.president.gov.ua/news/okupanti-mayut-znati-mi-gnatimemo-yih-do-nashogo-kordonu-lin-77413","Окупанти мають знати: ми гнатимемо їх до нашого кордону, лінія якого не змінювалась – звернення Президента України"
"https://www.president.gov.ua/news/krayini-yevropi-ta-ves-vilnij-svit-mayut-stimulyuvati-gromad-77397","Країни Європи та весь вільний світ мають стимулювати громадян Росії до боротьби за зміну російської політики – звернення Президента України до учасників Стратегічного форуму у м. Блед (Словенія)"
"https://www.president.gov.ua/news/vazhlivo-robiti-vse-shob-rosiya-bilshe-nikoli-ne-mogla-shant-77381","Важливо робити все, щоб Росія більше ніколи не могла шантажувати ані Україну, ані Францію – виступ Президента Володимира Зеленського на щорічних зборах французьких підприємців під егідою бізнес-об’єднання MEDEF"
"https://www.president.gov.ua/news/energetichna-nezalezhnist-vid-rosiyi-maye-fundamentalne-znac-77377","Енергетична незалежність від Росії має фундаментальне значення для всіх європейців, і лише спільно ми можемо захистити Європу – виступ Президента України на конференції «Шельфу північних морів»"
"https://www.president.gov.ua/news/mi-ne-zabuli-j-ne-zabudemo-pro-zhodne-svoye-misto-j-pro-zhod-77369","Ми не забули й не забудемо про жодне своє місто й про жодну свою людину – звернення Президента України"
"https://www.president.gov.ua/news/sogodni-dyakuyu-vsim-nashim-lotchikam-yaki-roblyat-duzhe-bag-77361","Сьогодні дякую всім нашим льотчикам, які роблять дуже багато, щоб наблизити перемогу України – звернення Президента Володимира Зеленського"
"https://www.president.gov.ua/news/zsu-i-nash-narod-shodnya-dovodyat-okupantam-sho-v-nih-nemaye-77353","ЗСУ і наш народ щодня доводять окупантам, що в них немає шансів вберегтися на українській землі – звернення Президента Володимира Зеленського"
"https://www.president.gov.ua/news/rosiya-postavila-ukrayinu-ta-vsih-yevropejciv-za-krok-vid-ra-77329","Росія поставила Україну та всіх європейців за крок від радіаційної катастрофи – звернення Президента України"
"https://www.president.gov.ua/news/nemaye-takih-raket-yaki-mozhut-zlamati-volyu-narodu-sho-viri-77309","Немає таких ракет, які можуть зламати волю народу, що вірить у себе – звернення Президента України"
"https://www.president.gov.ua/news/mi-vsi-mayemo-zmusiti-rosiyu-viznati-sho-neporushnist-kordon-77305","Ми всі маємо змусити Росію визнати, що непорушність кордонів і мир є безумовними цінностями для всіх народів – виступ Президента України на засіданні Ради Безпеки ООН"
"https://www.president.gov.ua/news/privitannya-prezidenta-volodimira-zelenskogo-z-nagodi-dnya-n-77265","Привітання Президента Володимира Зеленського з нагоди Дня Незалежності України"
"https://www.president.gov.ua/news/sogodnishnij-den-pokazav-naskilki-micnoyu-stala-nasha-derzha-77245","Сьогоднішній день показав, наскільки міцною стала наша держава, і це ще не межа – звернення Президента України"
"https://www.president.gov.ua/news/z-krimu-vse-pochalosya-nim-i-zavershitsya-potribno-zvilniti-77237","З Криму все почалося, ним і завершиться – потрібно звільнити півострів з-під окупації – промова Президента України на відкритті другого саміту Кримської платформи"
"https://www.president.gov.ua/news/cimi-dnyami-yaksho-vi-za-kordonom-budte-tam-iz-praporom-ukra-77205","Цими днями, якщо ви за кордоном, будьте там із прапором України й поширюйте правду про злочини окупантів – звернення Президента Володимира Зеленського"
"https://www.president.gov.ua/news/rosiya-sama-sebe-vidrizhe-vid-peregovoriv-yaksho-vlashtuye-s-77185","Росія сама себе відріже від переговорів, якщо влаштує судилище над полоненими українськими захисниками – звернення Президента Володимира Зеленського"
"https://www.president.gov.ua/news/zaradi-peremogi-she-potribno-borotisya-ale-ukrayinci-vzhe-mo-77181","Заради перемоги ще потрібно боротися, але українці вже можуть по праву відчувати гордість за себе, свою державу та своїх героїв – звернення Президента України"
"https://www.president.gov.ua/news/z-misiyi-na-zaporizku-atomnu-elektrostanciyu-mozhe-pochatisy-77177","З місії на Запорізьку атомну електростанцію може початися відновлення повної безпеки на ЗАЕС і в Енергодарі – звернення Президента України"
"https://www.president.gov.ua/news/mi-z-vami-mozhemo-j-povinni-dumati-tilki-pro-te-yak-peremogt-77141","Ми з вами можемо й повинні думати тільки про те, як перемогти – звернення Президента України"
"https://www.president.gov.ua/news/lishe-absolyutna-prozorist-i-kontrolovanist-situaciyi-na-zae-77101","Лише абсолютна прозорість і контрольованість ситуації на ЗАЕС і навколо неї може гарантувати повернення до нормальної ядерної безпеки – звернення Президента України"
"https://www.president.gov.ua/news/rf-svidomo-posilyuye-krizu-vartosti-zhittya-v-bagatoh-krayin-77097","РФ свідомо посилює кризу вартості життя в багатьох країнах, ось чому ми маємо спільно протистояти її агресії – виступ Президента України перед університетською спільнотою Чилі"
"https://www.president.gov.ua/news/shob-mi-vignali-okupantiv-z-ukrayini-rosiyi-maye-stavati-skl-77081","Щоб ми вигнали окупантів з України, Росії має ставати складніше воювати щодня – звернення Президента Володимира Зеленського"
"https://www.president.gov.ua/news/rosijski-sili-povinni-negajno-zabratisya-z-teritoriyi-zapori-77065","Російські сили повинні негайно забратися з території Запорізької АЕС без жодних умов – звернення Президента України"
"https://www.president.gov.ua/news/sho-silnishoyu-bude-ukrayina-slabshoyu-bude-rosiya-i-menshe-77045","Що сильнішою буде Україна, то слабшою буде Росія і менше триватиме ця війна – звернення Президента Володимира Зеленського"
"https://www.president.gov.ua/news/robitimemo-vse-shob-novi-sankciyi-proti-rosiyi-blokuvali-yiy-77041","Робитимемо все, щоб нові санкції проти Росії блокували її атомну галузь – звернення Президента України"
"https://www.president.gov.ua/news/vizovi-obmezhennya-dlya-gromadyan-rf-spravedlivi-i-vsi-zahis-77037","Візові обмеження для громадян РФ справедливі, і всі захисники європейських цінностей мають на них наполягати – звернення Президента України"
"https://www.president.gov.ua/news/lishe-povnij-vidhid-rosiyan-iz-zaporizkoyi-aes-garantuye-vid-77017","Лише повний відхід росіян із Запорізької АЕС гарантує відновлення атомної безпеки для всієї Європи – звернення Президента України"
"https://www.president.gov.ua/news/nihto-ne-zmozhe-zupiniti-viter-yakij-nestime-radiaciyu-ale-v-77001","Ніхто не зможе зупинити вітер, який нестиме радіацію, але всі ми разом здатні зупинити державу-терориста Росію – виступ Президента на Донорській конференції союзників України з країн Північної Європи"
"https://www.president.gov.ua/news/sho-bilshe-bude-vtrat-v-okupantiv-shvidshe-mi-zmozhemo-zviln-76997","Що більше буде втрат в окупантів, то швидше ми зможемо звільнити нашу землю – звернення Президента України"
"https://www.president.gov.ua/news/rosijska-vijna-proti-ukrayini-ta-vsiyeyi-vilnoyi-yevropi-poc-76965","Російська війна проти України та всієї вільної Європи почалася з Криму і ним має закінчитися – звернення Президента Володимира Зеленського"
"https://www.president.gov.ua/news/pislya-ciyeyi-rosijskoyi-vijni-proti-ukrayini-ne-maye-zalish-76953","Після цієї російської війни проти України не має залишитись ані тліючого, ані замороженого конфлікту – звернення Президента Володимира Зеленського"
"https://www.president.gov.ua/news/vzhe-zaraz-potribna-principova-vidpovid-mizhnarodnoyi-spilno-76929","Вже зараз потрібна принципова відповідь міжнародної спільноти на російські удари по Запорізькій АЕС – звернення Президента України"
"https://www.president.gov.ua/news/robimo-vse-shob-otrimati-she-bilshe-efektivnoyi-ta-suchasnoy-76917","Робимо все, щоб отримати ще більше ефективної та сучасної зброї – звернення Президента України"
"https://www.president.gov.ua/news/sho-bilshe-nashogo-zerna-bude-na-svitovomu-rinku-menshim-bud-76905","Що більше нашого зерна буде на світовому ринку, то меншим буде врожай політичного хаосу – звернення Президента України"
"https://www.president.gov.ua/news/nemaye-j-ne-mozhe-buti-zhodnoyi-umovi-za-yakoyi-bud-yakij-ro-76889","Немає й не може бути жодної умови, за якої будь-який російський удар по Україні стає виправданим – звернення Президента Володимира Зеленського"
"https://www.president.gov.ua/news/krihkist-svobodi-mozhna-zahistiti-lishe-spilnimi-diyami-maye-76869","Крихкість свободи можна захистити лише спільними діями, має бути ефективна архітектура глобальної безпеки – звернення Президента України"
"https://www.president.gov.ua/news/svit-maye-zrobiti-vibir-pripinennya-zvirstv-rosiyi-abo-cherg-76849","Світ має зробити вибір: припинення звірств Росії або чергові вибухи російських бомб – звернення Президента України до студентів і викладачів вишів Австралії"
"https://www.president.gov.ua/news/kozhna-grivnya-yaku-zaroblyayut-nashi-agrariyi-i-vidnovleni-76845","Кожна гривня, яку заробляють наші аграрії, і відновлені міжнародні зв’язки стануть внеском у посилення України – звернення Президента Володимира Зеленського"
"https://www.president.gov.ua/news/sila-demokratichnogo-svitu-dobre-vidchuvayetsya-na-poli-boyu-76821","Сила демократичного світу добре відчувається на полі бою в Україні цими тижнями – звернення Президента Володимира Зеленського"
"https://www.president.gov.ua/news/ukrayina-j-nashi-lyudi-nashi-mozhlivosti-mogutnishi-za-bud-y-76805","Україна й наші люди, наші можливості могутніші за будь-які російські ракети – звернення Президента Володимира Зеленського"
"https://www.president.gov.ua/news/viznannya-rosiyi-derzhavoyu-teroristom-potribne-ne-yak-polit-76797","Визнання Росії державою-терористом потрібне не як політичний жест, а як дієвий захист вільного світу – звернення Президента України"
"https://www.president.gov.ua/news/nasha-diplomatiya-vinesla-informaciyu-pro-rosijskij-udar-po-76785","Наша дипломатія винесла інформацію про російський удар по Оленівці на найвищий міжнародний рівень; Росії нікого не вдасться обманути – звернення Президента України"
"https://www.president.gov.ua/news/nihto-u-sviti-ne-vkladayetsya-v-terorizm-bilshe-nizh-rosiya-76757","Ніхто у світі не вкладається в тероризм більше, ніж Росія, і це потребує юридичної реакції – звернення Президента України"
"https://www.president.gov.ua/news/vistup-prezidenta-volodimira-zelenskogo-na-zasidanni-verhovn-76717","Виступ Президента Володимира Зеленського на засіданні Верховної Ради з нагоди Дня Української Державності"
"https://www.president.gov.ua/news/vsi-etapi-istoriyi-derzhavnosti-ukrayini-mozhna-opisati-odni-76705","Всі етапи історії державності України можна описати одним реченням: ми були, є й будемо – звернення Президента Володимира Зеленського з нагоди Дня Української Державності"
"https://www.president.gov.ua/news/shotizhnya-posilyuyemo-ukrayinu-nablizhayemosya-do-yevrosoyu-76701","Щотижня посилюємо Україну, наближаємося до Євросоюзу, забезпечуємо сили, щоб протистояти Росії – звернення Президента Володимира Зеленського"
"https://www.president.gov.ua/news/ukrayinska-smilivist-nadihaye-vsi-vilni-naciyi-i-lishe-uyavi-76689","Українська сміливість надихає всі вільні нації, і лише уявіть, як надихатиме наша перемога – звернення Президента Володимира Зеленського"
"https://www.president.gov.ua/news/demokratiyi-svitu-zdatni-zupiniti-bud-yaku-tiraniyu-vistup-p-76673","Демократії світу здатні зупинити будь-яку тиранію – виступ Президента України під час нагородження Премією Вінстона Черчилля за лідерство"
"https://www.president.gov.ua/news/gazova-vijna-yaku-rosiya-vede-proti-yevropi-ce-riznovid-tero-76669","Газова війна, яку Росія веде проти Європи, – це різновид терору, тому потрібно бити у відповідь – звернення Президента України"
"https://www.president.gov.ua/news/den-ukrayinskoyi-derzhavnosti-28-lipnya-utverdzhuvatime-zvya-76645","День Української Державності 28 липня утверджуватиме зв’язок багатьох поколінь нашого народу – звернення Президента України"
"https://www.president.gov.ua/news/zsu-krok-za-krokom-prosuvayutsya-v-hersonskij-oblasti-zverne-76637","ЗСУ крок за кроком просуваються в Херсонській області – звернення Президента Володимира Зеленського"
"https://www.president.gov.ua/news/vijna-ne-zlamala-ukrayinu-j-ne-zlamaye-ne-zupinit-zhittya-v-76633","Війна не зламала Україну й не зламає, не зупинить життя в нашій державі – виступ Президента Володимира Зеленського на другому Саміті перших леді та джентльменів"
"https://www.president.gov.ua/news/rosiya-robila-vse-shob-znishiti-eksportnij-potencial-ukrayin-76617","Росія робила все, щоб знищити експортний потенціал України; ми цього не дозволили – звернення Президента Володимира Зеленського"
"https://www.president.gov.ua/news/mayemo-istotnij-potencial-dlya-prosuvannya-nashih-sil-na-fro-76605","Маємо істотний потенціал для просування наших сил на фронті та для завдання окупантам відчутних втрат – звернення Президента України"
"https://www.president.gov.ua/news/predstavniki-ukrayini-ni-na-den-ne-pripinyali-robotu-shob-ot-76577","Представники України ні на день не припиняли роботу, щоб отримати ефективну систему ППО – звернення Президента Володимира Зеленського"
"https://www.president.gov.ua/news/hoch-bi-yak-okupanti-namagalisya-shovatisya-zsu-j-nasha-rozv-76541","Хоч би як окупанти намагалися сховатися, ЗСУ й наша розвідка забезпечать удари у відповідь, а кожен російський злочинець буде встановлений – звернення Президента України"
"https://www.president.gov.ua/news/pidtrimujte-informacijno-ta-emocijno-nashih-lyudej-v-okupova-76533","Підтримуйте інформаційно та емоційно наших людей в окупованих районах, говоріть їм про Україну – звернення Президента Володимира Зеленського"
"https://www.president.gov.ua/news/diyi-ta-bezdiyalnist-kozhnoyi-posadovoyi-osobi-v-sektori-bez-76529","Дії та бездіяльність кожної посадової особи в секторі безпеки і в правоохоронних органах будуть оцінені – звернення Президента України"
"https://www.president.gov.ua/news/raketami-ta-artileriyeyu-rosiyi-ne-vdastsya-zlamati-nashu-ye-76521","Ракетами та артилерією Росії не вдасться зламати нашу єдність і збити нас зі свого шляху – звернення Президента України"
"https://www.president.gov.ua/news/mi-prijdemo-do-togo-dnya-koli-rosijskij-teror-stane-nemozhli-76505","Ми прийдемо до того дня, коли російський терор стане неможливим, але для цього ще потрібно боротися – звернення Президента України"
"https://www.president.gov.ua/news/cej-den-ukotre-doviv-sho-rosiya-maye-buti-viznana-derzhavoyu-76493","Цей день укотре довів, що Росія має бути визнана державою-терористом – звернення Президента України"
"https://www.president.gov.ua/news/maye-buti-obovyazkove-j-principove-pokarannya-dlya-vsih-rosi-76477","Має бути обовʼязкове й принципове покарання для всіх російських злочинців – виступ Президента на Міжнародній конференції щодо притягнення Росії до відповідальності за злочини в Україні (Гаага)"
"https://www.president.gov.ua/news/yaksho-vdastsya-znyati-rosijsku-zagrozu-sudnoplavstvu-v-chor-76461","Якщо вдасться зняти російську загрозу судноплавству в Чорному морі, це зніме гостроту світової продовольчої кризи – звернення Президента України"
"https://www.president.gov.ua/news/rosijska-taktika-ne-maye-stati-normoyu-svitovij-poryadok-may-76453","Російська тактика не має стати нормою, світовий порядок має бути відновлений – звернення Президента України до учасників конференції «Азійське лідерство» в Сеулі"
"https://www.president.gov.ua/news/ukrayina-teper-ne-lishe-vprovadzhuye-standarti-nato-j-mozhe-76449","Україна тепер не лише впроваджує стандарти НАТО, а й може брати участь у розробці нових стандартів – звернення Президента Володимира Зеленського"
"https://www.president.gov.ua/news/rishennya-pro-sankcijnij-vinyatok-bude-sprijmatisya-v-rosiyi-76429","Рішення про санкційний виняток буде сприйматися в Росії виключно як прояв слабкості – звернення Президента України"
"https://www.president.gov.ua/news/vtecha-okupantiv-z-ukrayinskoyi-zemli-nevidvorotna-yak-i-pok-76409","Втеча окупантів з української землі невідворотна, як і покарання для них, але для цього маємо битися разом – звернення Президента України"
"https://www.president.gov.ua/news/zupiniti-teroristichni-diyi-rosiyi-mozhna-tilki-suchasnoyu-t-76405","Зупинити терористичні дії Росії можна тільки сучасною точною й потужною зброєю – звернення Президента України"
"https://www.president.gov.ua/news/posadovci-na-miscyah-povinni-robiti-bilshe-nizh-mozhlivo-sho-76389","Посадовці на місцях повинні робити більше, ніж можливо, щоб у воєнних умовах гарантувати людям нормальний рівень життя – звернення Президента України"
"https://www.president.gov.ua/news/promova-prezidenta-ukrayini-v-parlamenti-sloveniyi-76369","Промова Президента України в парламенті Словенії"
"https://www.president.gov.ua/news/sho-bilshoyu-bude-zaraz-oboronna-dopomoga-ukrayini-shvidshe-76357","Що більшою буде зараз оборонна допомога Україні, то швидше закінчиться війна і меншими будуть збитки усіх країн світу – звернення Президента Володимира Зеленського"
"https://www.president.gov.ua/news/duzhe-potuzhno-zapracyuvala-artileriya-vid-nashih-zahidnih-p-76329","Дуже потужно запрацювала артилерія від наших західних партнерів, тож втрати окупантів тільки зростатимуть ­­­­– звернення Президента України"
"https://www.president.gov.ua/news/zavdannya-maksimum-dlya-nashoyi-derzhavi-vzhe-cogo-roku-dati-76305","Завдання-максимум для нашої держави – вже цього року дати українцям базовий захист від ракетних ударів – звернення Президента України"
"https://www.president.gov.ua/news/vistup-prezidenta-ukrayini-na-vidkritti-26-go-uryadovogo-kru-76293","Виступ Президента України на відкритті 26-го урядового круглого столу The Economist"
"https://www.president.gov.ua/news/vidbudova-ukrayini-ce-ne-tilki-pro-te-sho-treba-zrobiti-pisl-76289","Відбудова України – це не тільки про те, що треба зробити після перемоги, а й про те, що маємо робити зараз разом з партнерами – звернення Президента Володимира Зеленського"
"https://www.president.gov.ua/news/vidbudova-ukrayini-bude-najbilshim-vneskom-u-pidtrimku-globa-76261","Відбудова України буде найбільшим внеском у підтримку глобального миру – промова Президента на Міжнародній конференції з питань відновлення України в Лугано"
"https://www.president.gov.ua/news/rosiya-obrala-dorogu-vijni-ukrayina-boretsya-na-shlyahu-do-m-76253","Росія обрала дорогу війни, Україна бореться на шляху до миру – виступ Президента Володимира Зеленського перед університетською спільнотою Японії"
"https://www.president.gov.ua/news/ukrayina-nichogo-ne-viddaye-mi-povernemosya-zavdyaki-taktici-76249","Україна нічого не віддає; ми повернемося завдяки тактиці та нарощуванню постачання сучасної зброї – звернення Президента Володимира Зеленського"
"https://www.president.gov.ua/news/ukrayina-predstavit-u-lugano-nacionalnij-poglyad-na-vidbudov-76217","Україна представить у Лугано національний погляд на відбудову; треба створити нову основу для нашого життя – звернення Президента Володимира Зеленського"
"https://www.president.gov.ua/news/ssha-ogolosili-novij-paket-pidtrimki-dlya-ukrayini-sho-misti-76205","США оголосили новий пакет підтримки для України, що містить потужні системи NASAMS, які суттєво посилять нашу ППО – звернення Президента Володимира Зеленського"
"https://www.president.gov.ua/news/yevropejska-integraciya-ukrayini-ce-garantuvannya-vilnogo-j-76165","Європейська інтеграція України – це гарантування вільного й забезпеченого життя всім поколінням нашого народу – виступ Президента Володимира Зеленського на пленарному засіданні Верховної Ради"
"https://www.president.gov.ua/news/mi-zobovyazani-peremogti-u-rozpochatij-rosiyeyu-vijni-shob-z-76153","Ми зобов’язані перемогти у розпочатій Росією війні, щоб змогли здійснитися надії всіх народів на мирне майбутнє – звернення Президента України до учасників фестивалю 4GameСhangers у Відні"
"https://www.president.gov.ua/news/ostriv-zmiyinij-ce-strategichnij-punkt-jogo-zvilnennya-znach-76149","Острів Зміїний – це стратегічний пункт, його звільнення значно змінює ситуацію в Чорному морі – звернення Президента України"
"https://www.president.gov.ua/news/povernuli-z-rosijskogo-polonu-144-ukrayinskih-voyiniv-zrobim-76141","Повернули з російського полону 144 українських воїнів, зробимо все, щоб повернути додому кожного й кожну – звернення Президента України"
"https://www.president.gov.ua/news/vi-mayete-znajti-dlya-ukrayini-misce-u-spilnomu-bezpekovomu-76121","Ви маєте знайти для України місце у спільному безпековому просторі – виступ Президента Володимира Зеленського на саміті НАТО"
"https://www.president.gov.ua/news/pravoohoronci-ta-rozvidka-ukrayini-roblyat-use-shob-vstanovi-76113","Правоохоронці та розвідка України роблять усе, щоб встановити всіх російських військових, які відповідальні за терор проти наших міст – звернення Президента Володимира Зеленського"
"https://www.president.gov.ua/news/potribno-shob-rosiya-pripinila-vbivati-lyudej-potribno-prity-76109","Потрібно, щоб Росія припинила вбивати людей, потрібно притягти її до відповідальності за тероризм – виступ Президента України на засіданні Ради Безпеки ООН"
"https://www.president.gov.ua/news/zvernennya-prezidenta-volodimira-zelenskogo-z-nagodi-dnya-ko-76093","Звернення Президента Володимира Зеленського з нагоди Дня Конституції України"
"https://www.president.gov.ua/news/rosiya-stala-najbilshoyu-teroristichnoyu-organizaciyeyu-svit-76089","Росія стала найбільшою терористичною організацією світу, і це має бути юридичним фактом – звернення Президента України"
"https://www.president.gov.ua/news/ukrayini-potribna-potuzhna-suchasna-protipovitryana-oborona-76065","Україні потрібна потужна сучасна протиповітряна оборона, про це щоденно говоримо з партнерами – звернення Президента Володимира Зеленського"
"https://www.president.gov.ua/news/zhodni-rosijski-raketi-zhodni-udari-ne-zdatni-zlamati-duh-uk-76057","Жодні російські ракети, жодні удари не здатні зламати дух українців – звернення Президента України"
"https://www.president.gov.ua/news/ukrayina-stala-kandidatom-na-vstup-u-yes-gruziya-na-comu-shl-76049","Україна стала кандидатом на вступ у ЄС, Грузія – на цьому шляху – звернення Президента Володимира Зеленського до учасників мітингу «Home, to Europe» в Тбілісі"
"https://www.president.gov.ua/news/ukrayina-zdobula-status-kandidata-na-vstup-do-yes-vin-ne-vpa-76045","Україна здобула статус кандидата на вступ до ЄС – він не впав з неба, тож пишаймося цим – звернення Президента Володимира Зеленського"
"https://www.president.gov.ua/news/dilitsya-vidchuttyam-svobodi-poshiryujte-pravdu-pro-rosijsku-76041","Діліться відчуттям свободи, поширюйте правду про російську війну, допомагайте українцям – звернення Президента України до учасників фестивалю Ґластонбері"
"https://www.president.gov.ua/news/oficijno-viznano-ukrayina-ce-majbutnij-rivnij-partner-dlya-2-76029","Офіційно визнано: Україна – це майбутній рівний партнер для 27 країн ЄС – звернення Президента, Голови Верховної Ради та Прем’єр-міністра"
"https://www.president.gov.ua/news/ce-najbilshij-krok-na-posilennya-yevropi-yakij-mozhna-bulo-z-76025","Це найбільший крок на посилення Європи, який можна було зробити зараз – звернення Президента Володимира Зеленського до учасників саміту ЄС після надання Україні статусу кандидата на членство"
"https://www.president.gov.ua/news/vistup-prezidenta-volodimira-zelenskogo-pered-spilnotoyu-pro-76009","Виступ Президента Володимира Зеленського перед спільнотою провідних освітніх закладів Ізраїлю"
"https://www.president.gov.ua/news/zvilniti-nashu-zemlyu-i-prijti-do-peremogi-ce-nasha-nacional-76001","Звільнити нашу землю і прийти до перемоги – це наша національна мета, над реалізацією якої маємо працювати щодня – звернення Президента України"
"https://www.president.gov.ua/news/mi-byemosya-za-svoye-majbutnye-svoyu-svobodu-svoyu-zemlyu-i-75989","Ми б’ємося за своє майбутнє, свою свободу, свою землю і можливість збудувати нову Україну – виступ Президента Володимира Зеленського перед студентською спільнотою ключових університетів Канади"
"https://www.president.gov.ua/news/zvernennya-prezidenta-ukrayini-volodimira-zelenskogo-do-ucha-75977","Звернення Президента України Володимира Зеленського до учасників благодійного телемарафону Embrace Ukraine – #StrivingTogether, який відбувся в Амстердамі"
"https://www.president.gov.ua/news/shodenno-boremosya-za-pozitivne-rishennya-yevrosoyuzu-shodo-75973","Щоденно боремося за позитивне рішення Євросоюзу щодо кандидатства для України та за постачання сучасної зброї – звернення Президента Володимира Зеленського"
"https://www.president.gov.ua/news/viryu-sho-sila-lyudskoyi-kreativnosti-bilsha-nizh-sila-yader-75937","Вірю, що сила людської креативності більша, ніж сила ядерної держави – звернення Президента України до учасників Міжнародного фестивалю «Каннські леви»"
"https://www.president.gov.ua/news/ruhayemosya-do-rishennya-yevropejskoyi-radi-shodo-kandidatst-75953","Рухаємося до рішення Європейської ради щодо кандидатства України, Росія дуже нервово сприймає нашу активність – звернення Президента Володимира Зеленського"
"https://www.president.gov.ua/news/mayemo-zrobiti-she-bilshe-dlya-togo-shob-ukrayina-peremogla-75925","Маємо зробити ще більше для того, щоб Україна перемогла – виступ Президента Володимира Зеленського на відкритті Форуму глобальної політики Інституту міжнародних політичних досліджень"
"https://www.president.gov.ua/news/shob-ne-bulo-zagrozi-golodu-mayut-pripinitisya-namagannya-ro-75921","Щоб не було загрози голоду, мають припинитися намагання Росії повернутися до загарбницької політики колоніалізму – виступ Президента України на засіданні Бюро Асамблеї Африканського Союзу"
"https://www.president.gov.ua/news/potencial-ukrayini-potriben-trimoryu-zvernennya-prezidenta-v-75917","Потенціал України потрібен Тримор’ю – звернення Президента Володимира Зеленського до учасників саміту Ініціативи трьох морів"
"https://www.president.gov.ua/news/zavtra-pochinayetsya-istorichnij-tizhden-koli-mi-pochuyemo-v-75913","Завтра починається історичний тиждень, коли ми почуємо відповідь від ЄС щодо статусу кандидата для України – звернення Президента Володимира Зеленського"
"https://www.president.gov.ua/news/pivden-mi-nikomu-ne-viddamo-vse-svoye-povernemo-i-more-bude-75909","Південь ми нікому не віддамо, все своє повернемо, і море буде українським – звернення Президента Володимира Зеленського"
"https://www.president.gov.ua/news/vdalosya-zvilniti-z-polonu-ukrayinskogo-paramedika-yuliyu-ta-75877","Вдалося звільнити з полону українського парамедика Юлію «Тайру» Паєвську – звернення Президента України"
"https://www.president.gov.ua/news/i-ukrayina-i-derzhavi-zahidnih-balkan-odnakovo-zacikavleni-u-75857","І Україна, і держави Західних Балкан однаково зацікавлені у єдиній Європі – звернення Президента Володимира Зеленського до учасників Діалогу Преспанського форуму"
"https://www.president.gov.ua/news/vazhlivo-bulo-pochuti-vid-lideriv-krayin-yes-sho-zakinchenny-75853","Важливо було почути від лідерів країн ЄС, що закінчення війни та мир для України мають бути такими, як їх бачить наш народ – звернення Президента Володимира Зеленського"
"https://www.president.gov.ua/news/shodnya-boremosya-za-otrimannya-ukrayinoyu-neobhidnoyi-zbroy-75837","Щодня боремося за отримання Україною необхідної зброї й техніки, але хоробрість, мудрість і тактичні вміння наших героїв неможливо імпортувати – звернення Президента Володимира Зеленського"
"https://www.president.gov.ua/news/promova-prezidenta-ukrayini-pered-oboma-palatami-parlamentu-75825","Промова Президента України перед обома палатами парламенту Чеської Республіки"
"https://www.president.gov.ua/news/navit-popri-te-sho-suchasnih-raket-u-rosiyi-vse-menshe-potre-75821","Навіть попри те, що сучасних ракет у Росії все менше, потреба України в протиракетних системах зберігається – звернення Президента Володимира Зеленського"
"https://www.president.gov.ua/news/govorit-lyudyam-na-okupovanih-teritoriyah-pro-ukrayinu-pro-t-75801","Говоріть людям на окупованих територіях про Україну, про те, що українська армія обов'язково прийде – звернення Президента Володимира Зеленського"
"https://www.president.gov.ua/news/zvernennya-prezidenta-volodimira-zelenskogo-do-uchasnikiv-am-75797","Звернення Президента Володимира Зеленського до учасників American Jewish Committee Global Forum"
"https://www.president.gov.ua/news/nabralosya-vzhe-2606-stverdnih-vidpovidej-na-zapitannya-chi-75793","Набралося вже 2606 ствердних відповідей на запитання, чи потрібні Україні сучасні системи ПРО – звернення Президента Володимира Зеленського"
"https://www.president.gov.ua/news/zvernennya-prezidenta-ukrayini-do-uchasnikiv-blagodijnogo-ve-75789","Звернення Президента України до учасників благодійного вечора, який провела організація CORE"
"https://www.president.gov.ua/news/rishennya-pro-nadannya-ukrayini-statusu-kandidata-posilit-ne-75781","Рішення про надання Україні статусу кандидата посилить не тільки нашу державу, а й увесь ЄС – звернення Президента Володимира Зеленського"
"https://www.president.gov.ua/news/na-poli-boyu-v-ukrayini-virishuyetsya-za-yakimi-pravilami-zh-75761","На полі бою в Україні вирішується, за якими правилами житиме світ – виступ Президента Володимира Зеленського на Азійському саміті з безпеки «Діалог Шангрі-Ла»"
"https://www.president.gov.ua/news/zaraz-vsi-ukrayinci-mayut-buti-yedinim-narodom-yakij-boretsy-75749","Зараз всі українці мають бути єдиним народом, який бореться й не дозволяє світу перемкнути увагу з подій в Україні – звернення Президента Володимира Зеленського"
"https://www.president.gov.ua/news/ukrayina-voyuye-za-svoye-majbutnye-rosiya-za-chuzhe-minule-s-75741","Україна воює за своє майбутнє, Росія – за чуже минуле, саме тому ми переможемо – звернення Президента Володимира Зеленського до студентської спільноти провідних університетів Великої Британії"
"https://www.president.gov.ua/news/demokratiya-mozhe-prograti-na-yevropejskomu-kontinenti-yaksh-75721","Демократія може програти на Європейському континенті, якщо слова не підкріплюватимуться діями – звернення Президента України до учасників Копенгагенського демократичного саміту"
"https://www.president.gov.ua/news/v-ukrayinskomu-suspilstvi-mozhut-buti-tilki-ti-hto-zahishaye-75713","В українському суспільстві можуть бути тільки ті, хто захищає нашу незалежність, і ті, хто працює, щоб забезпечити цей захист – звернення Президента України"
"https://www.president.gov.ua/news/svit-povinen-pribrati-vse-sho-zavazhaye-spivpraci-ta-rozvitk-75709","Світ повинен прибрати все, що заважає співпраці та розвитку, а російська агресія – це ключова перешкода – виступ Президента на відкритті засідання Організації економічного співробітництва та розвитку"
"https://www.president.gov.ua/news/mayemo-vikoristati-ves-nash-vpliv-i-liderstvo-shob-zahistiti-75693","Маємо використати весь наш вплив і лідерство, щоб захистити свободу й забезпечити поразку тиранії – Президент України під час участі у TIME100 Gala"
"https://www.president.gov.ua/news/bitva-za-syevyerodoneck-mabut-odna-z-najvazhchih-za-cyu-vijn-75705","Битва за Сєвєродонецьк, мабуть, одна з найважчих за цю війну, і зокрема там вирішується доля Донбасу – звернення Президента України"
"https://www.president.gov.ua/news/politichna-istoriya-zavzhdi-jde-poryad-z-ekonomichnoyu-i-usp-75697","Політична історія завжди йде поряд з економічною, і успіх буває тільки спільний – звернення Президента Володимира Зеленського до учасників Ukraine Virtual Investor Conference"
"https://www.president.gov.ua/news/mayemo-gotuvatisya-do-nastupnogo-opalyuvalnogo-sezonu-yakij-75689","Маємо готуватися до наступного опалювального сезону, який через агресію РФ буде найскладнішим за час незалежності – звернення Президента України"
"https://www.president.gov.ua/news/kozhen-i-kozhna-mayut-govoriti-pro-te-sho-vidbuvayetsya-v-uk-75657","Кожен і кожна мають говорити про те, що відбувається в Україні, щоб не зменшувалась увага до нашої боротьби за свободу – звернення Президента Володимира Зеленського"
"https://www.president.gov.ua/news/zvernennya-prezidenta-ukrayini-volodimira-zelenskogo-za-pids-75629","Звернення Президента України Володимира Зеленського за підсумками робочої поїздки до Запорізької, Донецької та Луганської областей"
"https://www.president.gov.ua/news/zvernennya-prezidenta-ukrayini-do-gostej-ta-uchasnikiv-litov-75621","Звернення Президента України до гостей та учасників Литовської національної кінопремії Sidabrinė gervė у Вільнюсі"
"https://www.president.gov.ua/news/rosijska-armiya-mozhe-perestati-vbivati-yaksho-odna-lyudina-75605","Російська армія може перестати вбивати, якщо одна людина в Москві віддасть такий наказ, і відсутність такого наказу є приниженням для всього світу – звернення Президента України"
"https://www.president.gov.ua/news/vistup-prezidenta-ukrayini-volodimira-zelenskogo-na-prezenta-75593","Виступ Президента України Володимира Зеленського на презентації платформи United24 у Вашингтоні"
"https://www.president.gov.ua/news/ne-dopomagajte-rosiyi-vipravdovuvati-sebe-j-ne-dozvolyajte-v-75589","Не допомагайте Росії виправдовувати себе й не дозволяйте вбивцям називати вас своїми побратимами – звернення Президента України до учасників 90-ї щорічної Конференції мерів США"
"https://www.president.gov.ua/news/mir-peremoga-ukrayina-tri-slova-zadlya-yakih-mi-boremosya-pr-75585","«Мир», «перемога», «Україна» – три слова, задля яких ми боремося протягом уже ста днів після восьми років – звернення Президента Володимира Зеленського"
"https://www.president.gov.ua/news/mi-vzhe-pochali-pracyuvati-nad-novimi-sankcijnimi-paketami-p-75569","Ми вже почали працювати над новими санкційними пакетами проти Росії, вона заплатить повну ціну за знищення життя сусідів – звернення Президента України"
"https://www.president.gov.ua/news/prezident-ukrayini-na-mizhnarodnomu-bezpekovomu-forumi-globs-75549","Президент України на Міжнародному безпековому форумі GLOBSEC у Братиславі: Маємо дати відповіді на всі виклики та небезпеки, які створила Росія для нас із вами"
"https://www.president.gov.ua/news/promova-prezidenta-ukrayini-v-palati-deputativ-lyuksemburgu-75533","Промова Президента України в Палаті депутатів Люксембургу"
"https://www.president.gov.ua/news/kozhna-lyudina-maye-znachennya-ce-golovne-sho-vidriznyaye-na-75517","Кожна людина має значення, це головне, що відрізняє нас від окупантів – звернення Президента України"
"https://www.president.gov.ua/news/kozhen-i-kozhna-maye-buti-lobistom-postachannya-ukrayini-vaz-75501","Кожен і кожна має бути лобістом постачання Україні важкої зброї, яка може прискорити нашу перемогу – звернення Президента Володимира Зеленського"
"https://www.president.gov.ua/news/yevropi-u-bud-yakomu-razi-dovedetsya-vidmovitisya-vid-rosijs-75473","Європі у будь-якому разі доведеться відмовитися від російської нафти та нафтопродуктів, бо це про незалежність самих європейців від енергетичної зброї РФ – звернення Президента України"
"https://www.president.gov.ua/news/zvernennya-prezidenta-ukrayini-volodimira-zelenskogo-do-yevr-75465","Звернення Президента України Володимира Зеленського до Європейської ради"
"https://www.president.gov.ua/news/za-shastya-zhiti-svoyim-zvichajnim-zhittyam-i-prosto-gulyati-75453","За щастя жити своїм звичайним життям і просто гуляти вулицями свого міста зараз і йде ця війна, ось що ми виборюємо в ній – звернення Президента України"
"https://www.president.gov.ua/news/teror-stav-sogodni-faktichno-yedinoyu-formoyu-dij-rosiyi-i-s-75441","Терор став сьогодні фактично єдиною формою дій Росії і щодо України, і щодо Європи – звернення Президента Володимира Зеленського"
"https://www.president.gov.ua/news/yaksho-okupanti-dumayut-sho-liman-chi-syevyerodoneck-budut-y-75433","Якщо окупанти думають, що Лиман чи Сєвєродонецьк будуть їхніми, то вони помиляються; Донбас буде українським – звернення Президента України"
"https://www.president.gov.ua/news/ukrayinci-j-amerikanci-stali-znachno-blizhchimi-mi-odnakovo-75421","Українці й американці стали значно ближчими: ми однаково розуміємо слово «свобода» – звернення Президента України до спільноти Стенфордського університету"
"https://www.president.gov.ua/news/rozvyazana-rosiyeyu-vijna-proti-ukrayini-vplivaye-na-globaln-75401","Розв'язана Росією війна проти України впливає на глобальну ситуацію – звернення Президента України до співтовариства Foreign Policy Community of Indonesia (FPC)"
"https://www.president.gov.ua/news/tisk-na-rosiyu-ce-pitannya-zberezhennya-zhittiv-kozhen-den-z-75393","Тиск на Росію – це питання збереження життів, а кожен день зволікання – це нові вбиті українці й нові загрози на континенті – звернення Президента України"
"https://www.president.gov.ua/news/vistup-prezidenta-ukrayini-volodimira-zelenskogo-u-saejmi-la-75385","Виступ Президента України Володимира Зеленського у Саеймі Латвії"
"https://www.president.gov.ua/news/ti-hto-radit-ukrayini-viddati-rosiyi-teritoriyi-ne-hochut-ba-75377","Ті, хто радить Україні віддати Росії території, не хочуть бачити звичайних українців, які там живуть – звернення Президента Володимира Зеленського"
"https://www.president.gov.ua/news/postachannya-ukrayini-ozbroyennya-ce-najkrasha-investiciya-u-75361","Постачання Україні озброєння – це найкраща інвестиція у збереження стабільності у світі – звернення Президента Володимира Зеленського"
"https://www.president.gov.ua/news/najblizhchi-tizhni-vijni-budut-skladnimi-ale-v-nas-nemaye-zh-75325","Найближчі тижні війни будуть складними, але в нас немає жодної альтернативи, крім як боротись і перемогти – звернення Президента України"
"https://www.president.gov.ua/news/mayemo-ne-boyatisya-stvoryuvati-novi-precedenti-vistup-prezi-75293","Маємо не боятися створювати нові прецеденти – виступ Президента України на Всесвітньому економічному форумі в Давосі"
"https://www.president.gov.ua/news/ukrayina-shotizhnevo-rozshiryuye-svoyi-mizhnarodni-zvyazki-s-75285","Україна щотижнево розширює свої міжнародні зв'язки, щоб отримати все необхідне для якнайшвидшого завершення війни – звернення Президента Володимира Зеленського"
"https://www.president.gov.ua/news/vistup-prezidenta-ukrayini-volodimira-zelenskogo-pid-chas-sp-75261","Виступ Президента України Володимира Зеленського під час спільної з Президентом Польщі Анджеєм Дудою участі у пленарному засіданні Верховної Ради"
"https://www.president.gov.ua/news/vijna-trivaye-i-kozhen-ta-kozhna-z-nas-mayut-shodenno-dbati-75257","Війна триває, і кожен та кожна з нас мають щоденно дбати про те, щоб допомогти обороні – звернення Президента України"
"https://www.president.gov.ua/news/proponuyemo-derzhavam-partneram-viznati-sho-rosiya-povinna-p-75221","Пропонуємо державам-партнерам визнати, що Росія повинна понести матеріальну відповідальність за скоєні нею злочини – звернення Президента України"
"https://www.president.gov.ua/news/usi-razom-mayemo-zabezpechiti-shob-rosiya-ne-mala-zhodnogo-u-75201","Усі разом маємо забезпечити, щоб Росія не мала жодного успіху в агресії проти України – звернення Президента Володимира Зеленського"
"https://www.president.gov.ua/news/zvernennya-prezidenta-volodimira-zelenskogo-do-studentiv-i-r-75173","Звернення Президента Володимира Зеленського до студентів і ректорів українських закладів вищої освіти"
"https://www.president.gov.ua/news/rosiya-probuye-znajti-svoyu-divo-zbroyu-sho-svidchit-pro-pov-75169","Росія пробує знайти свою «диво-зброю», що свідчить про повний провал вторгнення та страх визнати допущені катастрофічні помилки – звернення Президента України"
"https://www.president.gov.ua/news/zvernennya-prezidenta-ukrayini-z-nagodi-dnya-pamyati-zhertv-75129","Звернення Президента України з нагоди Дня пам’яті жертв геноциду кримськотатарського народу"
"https://www.president.gov.ua/news/raketni-obstrili-nizki-oblastej-i-diversijna-aktivnist-na-ko-75125","Ракетні обстріли низки областей і диверсійна активність на кордоні – це спроба компенсації армії РФ за серію провалів на сході та півдні України – звернення Президента Володимира Зеленського"
"https://www.president.gov.ua/news/sogodni-znovu-vijna-za-svobodu-i-znovu-potribno-shob-kinemat-75121","Сьогодні знову війна за свободу, і знову потрібно, щоб кінематограф не був німим – звернення Президента України до кінематографічної спільноти на відкритті 75-го Каннського міжнародного кінофестивалю"
"https://www.president.gov.ua/news/ukrayinski-geroyi-potribni-ukrayini-zhivimi-ce-nash-princip-75105","Українські герої потрібні Україні живими – це наш принцип – звернення Президента Володимира Зеленського"
"https://www.president.gov.ua/news/zvernennya-prezidenta-ukrayini-volodimira-zelenskogo-do-amer-75085","Звернення Президента України Володимира Зеленського до американських студентів під час онлайн-спілкування з університетською спільнотою США"
"https://www.president.gov.ua/news/robimo-vse-shob-zberigati-maksimalnu-uvagu-svitu-do-ukrayini-75073","Робимо все, щоб зберігати максимальну увагу світу до України та наших потреб – звернення Президента Володимира Зеленського"
"https://www.president.gov.ua/news/zaraz-pidtrimka-ukrayini-oznachaye-robotu-na-nedopushennya-g-75065","Зараз підтримка України означає роботу на недопущення глобального голоду – звернення Президента Володимира Зеленського"
"https://www.president.gov.ua/news/kozhnogo-dnya-pracyuvati-tak-shob-vijna-bula-korotshoyu-v-co-75049","Кожного дня працювати так, щоб війна була коротшою – в цьому наш пріоритет – звернення Президента України"
"https://www.president.gov.ua/news/rosijska-strategichna-porazka-ochevidna-vzhe-vsim-u-sviti-pr-75021","Російська стратегічна поразка очевидна вже всім у світі, просто в Росії поки немає сміливості це визнати – звернення Президента України"
"https://www.president.gov.ua/news/vistup-prezidenta-volodimira-zelenskogo-na-vruchenni-nagorod-74977","Виступ Президента Володимира Зеленського на врученні нагороди The Atlantic Council «За видатне лідерство», лауреатом якої став український народ"
"https://www.president.gov.ua/news/mi-zvilnimo-nashu-zemlyu-i-lyudej-z-dopomogoyu-vilnogo-svitu-74997","Ми звільнимо нашу землю і людей, а з допомогою вільного світу це буде зробити легше – звернення Президента України"
"https://www.president.gov.ua/news/vistup-prezidenta-ukrayini-volodimira-zelenskogo-pered-stude-74969","Виступ Президента України Володимира Зеленського перед студентами провідних французьких університетів"
"https://www.president.gov.ua/news/zbrojni-sili-ukrayini-roblyat-use-dlya-zvilnennya-vsih-nashi-74965","Збройні Сили України роблять усе для звільнення всіх наших міст і наших людей – звернення Президента Володимира Зеленського"
"https://www.president.gov.ua/news/promova-prezidenta-ukrayini-u-nacionalnij-radi-slovachchini-74949","Промова Президента України у Національній раді Словаччини"
"https://www.president.gov.ua/news/rosiya-yedinij-vinuvatec-togo-sho-mir-buv-zrujnovanij-i-ce-y-74945","Росія – єдиний винуватець того, що мир був зруйнований, і це її історична відповідальність – звернення Президента України"
"https://www.president.gov.ua/news/zvernennya-prezidenta-ukrayini-z-nagodi-dnya-peremogi-nad-na-74925","Звернення Президента України з нагоди Дня перемоги над нацизмом у Другій світовій війні"
"https://www.president.gov.ua/news/ukrayina-vzhe-povnopravna-chastina-vilnogo-svitu-ta-obyednan-74917","Україна – вже повноправна частина вільного світу та об'єднаної Європи – звернення Президента Володимира Зеленського"
"https://www.president.gov.ua/news/vistup-prezidenta-ukrayini-na-videokonferenciyi-lideriv-grup-74905","Виступ Президента України на відеоконференції лідерів «Групи семи»"
"https://www.president.gov.ua/news/zvernennya-prezidenta-ukrayini-z-nagodi-dnya-pamyati-ta-prim-74885","Звернення Президента України з нагоди Дня пам'яті та примирення"
"https://www.president.gov.ua/news/zlo-povertayetsya-koli-znevazhayut-prava-lyudej-zakon-i-rujn-74881","Зло повертається, коли зневажають права людей, закон і руйнують культуру; саме це сталося з Росією – звернення Президента України"
"https://www.president.gov.ua/news/ukrayina-zahishayetsya-vid-napadu-tiraniyi-i-cya-borotba-za-74865","Україна захищається від нападу тиранії, і ця боротьба за свободу зрозуміла в будь-якому куточку планети – звернення Президента Володимира Зеленського"
"https://www.president.gov.ua/news/promova-prezidenta-ukrayini-v-altingu-parlamenti-islandiyi-74845","Промова Президента України в Альтингу, парламенті Ісландії"
"https://www.president.gov.ua/news/promova-prezidenta-ukrayini-volodimira-zelenskogo-v-chatham-74849","Промова Президента України Володимира Зеленського в Chatham House"
"https://www.president.gov.ua/news/zvernennya-prezidenta-volodimira-zelenskogo-do-uchasnikiv-bl-74821","Звернення Президента Володимира Зеленського до учасників благодійного вечора Brave Ukraine, народу Великої Британії та народу України"
"https://www.president.gov.ua/news/vistup-prezidenta-volodimira-zelenskogo-na-mizhnarodnij-dono-74793","Виступ Президента Володимира Зеленського на Міжнародній донорській конференції високого рівня на підтримку України у Варшаві"
"https://www.president.gov.ua/news/pamyatati-peremogu-nad-nacizmom-oznachaye-realno-ne-dopuskat-74785","Пам’ятати перемогу над нацизмом означає реально не допускати ніколи знову того, що завдали Європі нацисти – звернення Президента Володимира Зеленського"
"https://www.president.gov.ua/news/zvernennya-prezidenta-ukrayini-do-danskogo-narodu-v-richnicy-74781","Звернення Президента України до данського народу в річницю звільнення Данії від нацистів"
"https://www.president.gov.ua/news/zavdayuchi-udariv-po-ukrayinskih-mistah-rosiya-namagayetsya-74753","Завдаючи ударів по українських містах, Росія намагається вимістити своє безсилля, бо Україна їй не до снаги – звернення Президента Володимира Зеленського"
"https://www.president.gov.ua/news/promova-prezidenta-ukrayini-v-narodnih-zborah-albaniyi-74745","Промова Президента України в Народних зборах Албанії"
"https://www.president.gov.ua/news/vistup-prezidenta-ukrayini-volodimira-zelenskogo-u-verhovnij-74737","Виступ Президента України Володимира Зеленського у Верховній Раді"
"https://www.president.gov.ua/news/uves-vilnij-svit-obyednavsya-shob-nihto-ne-vipravdovuvav-nac-74733","Увесь вільний світ обʼєднався, щоб ніхто не виправдовував нацизм, не вбивав дітей, не руйнував мирні міста, як це робить Росія – звернення Президента України"
"https://www.president.gov.ua/news/sogodni-nam-nareshti-vdalosya-rozpochati-evakuaciyu-lyudej-z-74705","Сьогодні нам нарешті вдалося розпочати евакуацію людей з «Азовсталі», будемо й надалі робити все, щоб евакуювати наших людей із Маріуполя – звернення Президента України"
"https://www.president.gov.ua/news/she-potribno-voyuvati-j-spryamovuvati-vsi-sili-shob-vignati-74697","Ще потрібно воювати й спрямовувати всі сили, щоб вигнати окупантів, і ми це зробимо – звернення Президента України"
"https://www.president.gov.ua/news/lend-liz-ta-inshi-programi-pidtrimki-ukrayini-ce-dokaz-sho-s-74669","Ленд-ліз та інші програми підтримки України – це доказ, що свобода й нині уміє захищатися від тиранії – звернення Президента Володимира Зеленського"
"https://www.president.gov.ua/news/razom-iz-soyuznikami-mi-tochno-mozhemo-zupiniti-rosijsku-agr-74653","Разом із союзниками ми точно можемо зупинити російську агресію та надійно захистити свободу у Європі – звернення Президента України"
"https://www.president.gov.ua/news/rosiya-namagayetsya-sprovokuvati-globalnu-cinovu-krizu-ta-uk-74621","Росія намагається спровокувати глобальну цінову кризу, та український експорт допоможе стабілізувати ринки – звернення Президента Володимира Зеленського"
"https://www.president.gov.ua/news/vilnij-svit-maye-pravo-na-samozahist-i-same-tomu-bude-dopoma-74593","Вільний світ має право на самозахист і саме тому буде допомагати Україні ще більше – звернення Президента Володимира Зеленського"
"https://www.president.gov.ua/news/ukrayina-ce-spravzhnij-simvol-borotbi-za-svobodu-zvernennya-74569","Україна – це справжній символ боротьби за свободу – звернення Президента Володимира Зеленського"
"https://www.president.gov.ua/news/pravoslavnij-svit-pobachiv-sho-dlya-rosiyi-velikden-nichogo-74541","Православний світ побачив, що для Росії Великдень нічого не означає – звернення Президента України"
"https://www.president.gov.ua/news/privitannya-prezidenta-ukrayini-volodimira-zelenskogo-z-veli-74529","Привітання Президента України Володимира Зеленського з Великоднем"
"https://www.president.gov.ua/news/ce-lishe-pitannya-chasu-koli-vsi-rosijski-vbivci-otrimayut-s-74521","Це лише питання часу, коли всі російські вбивці отримають справедливу відповідь за скоєні ними злочини – звернення Президента України"
"https://www.president.gov.ua/news/zbrojni-sili-ukrayini-ce-fundament-na-yakomu-maye-stoyati-fo-74489","Збройні Сили України – це фундамент, на якому має стояти фортеця з нашої національної єдності – звернення Президента Володимира Зеленського"
"https://www.president.gov.ua/news/sproba-novoyi-aneksiyi-z-boku-rosiyi-prizvede-do-novih-potuz-74477","Спроба нової анексії з боку Росії призведе до нових потужних санкцій, які зроблять її такою бідною, як за часів громадянської війни 1917 року – звернення Президента України"
"https://www.president.gov.ua/news/zvernennya-prezidenta-volodimira-zelenskogo-pid-chas-ministe-74473","Звернення Президента Володимира Зеленського під час міністерського круглого столу Світового банку на підтримку України"
"https://www.president.gov.ua/news/promova-prezidenta-ukrayini-volodimira-zelenskogo-v-asambley-74465","Промова Президента України Володимира Зеленського в Асамблеї Республіки, парламенті Португалії"
"https://www.president.gov.ua/news/sogodni-istorichnij-moment-koli-ukrayina-mozhe-rozvinuti-mak-74441","Сьогодні – історичний момент, коли Україна може розвинути максимальну швидкість у приєднанні до ЄС – звернення Президента Володимира Зеленського"
"https://www.president.gov.ua/news/yaksho-nashi-partneri-mayut-potribnu-ukrayini-zbroyu-yihnij-74417","Якщо наші партнери мають потрібну Україні зброю, то їхній обов'язок – допомогти захистити свободу й життя людей – звернення Президента Володимира Зеленського"
"https://www.president.gov.ua/news/mi-svit-ta-istoriya-zaberut-u-rosiyi-znachno-bilshe-nizh-ros-74409","Ми, світ та історія заберуть у Росії значно більше, ніж російські ракети – в України – звернення Президента Володимира Зеленського"
"https://www.president.gov.ua/news/vidpoviddyu-na-sprobu-rublovoyi-okupaciyi-hersonskoyi-ta-zap-74397","Відповіддю на спробу «рубльової окупації» Херсонської та Запорізької областей має бути повне охоплення санкціями російської банківської системи – звернення Президента України"
"https://www.president.gov.ua/news/mi-boremosya-zaradi-vilnogo-majbutnogo-ta-rozvitku-nashoyi-k-74393","Ми боремося заради вільного майбутнього та розвитку нашої країни – звернення Президента України"
"https://www.president.gov.ua/news/vid-efektivnosti-instrumentiv-vplivu-na-rosiyu-zalezhit-skil-74349","Від ефективності інструментів впливу на Росію залежить, скільки триватиме ця війна – звернення Президента України"
"https://www.president.gov.ua/news/za-50-dniv-ciyeyi-vijni-ukrayina-stala-geroyem-dlya-vsogo-vi-74329","За 50 днів цієї війни Україна стала героєм для всього вільного світу – звернення Президента Володимира Зеленського"
"https://www.president.gov.ua/news/abo-rosiya-bude-realno-shukati-mir-abo-vnaslidok-ciyeyi-vijn-74317","Або Росія буде реально шукати мир, або внаслідок цієї війни назавжди залишить міжнародну арену – звернення Президента України"
"https://www.president.gov.ua/news/promova-prezidenta-ukrayini-volodimira-zelenskogo-v-rijgikog-74297","Промова Президента України Володимира Зеленського в Рійгікогу, парламенті Естонії"
"https://www.president.gov.ua/news/vid-sili-nashogo-sprotivu-v-usih-jogo-formah-pryamo-zalezhit-74293","Від сили нашого спротиву в усіх його формах прямо залежить майбутнє України – звернення Президента Володимира Зеленського"
"https://www.president.gov.ua/news/novij-paket-sankcij-maye-buti-takim-shob-rosiya-navit-ne-gov-74277","Новий пакет санкцій має бути таким, щоб Росія навіть не говорила про зброю масового ураження – звернення Президента України"
"https://www.president.gov.ua/news/promova-prezidenta-ukrayini-v-nacionalnij-asambleyi-respubli-74257","Промова Президента України в Національній асамблеї Республіки Корея"
"https://www.president.gov.ua/news/usi-nashi-diyi-j-kozhna-hvilina-spryamovani-na-te-shob-rosiy-74241","Усі наші дії й кожна хвилина спрямовані на те, щоб Росія визнала правду – звернення Президента України"
"https://www.president.gov.ua/news/strategiya-zahistu-dlya-kozhnoyi-civilizovanoyi-derzhavi-tis-74225","Стратегія захисту для кожної цивілізованої держави – тиснути на Росію, щоб відновити мир – звернення Президента України"
"https://www.president.gov.ua/news/udar-po-kramatorsku-maye-stati-odnim-zi-zvinuvachen-na-tribu-74197","Удар по Краматорську має стати одним зі звинувачень на трибуналі щодо воєнних злочинів Росії – звернення Президента Володимира Зеленського"
"https://www.president.gov.ua/news/promova-prezidenta-ukrayini-volodimira-zelenskogo-v-eduskunt-74181","Промова Президента України Володимира Зеленського в Едускунті, парламенті Фінляндії"
"https://www.president.gov.ua/news/buti-smilivimi-ce-nash-brend-budemo-poshiryuvati-nashu-smili-74165","Бути сміливими – це наш бренд; будемо поширювати нашу сміливість у світі – звернення Президента Володимира Зеленського"
"https://www.president.gov.ua/news/promova-prezidenta-ukrayini-v-palati-predstavnikiv-kipru-74161","Промова Президента України в Палаті представників Кіпру"
"https://www.president.gov.ua/news/promova-prezidenta-ukrayini-volodimira-zelenskogo-v-parlamen-74157","Промова Президента України Володимира Зеленського в парламенті Греції"
"https://www.president.gov.ua/news/yaksho-ne-bude-spravdi-bolisnogo-paketu-sankcij-proti-rosiyi-74149","Якщо не буде справді болісного пакету санкцій проти Росії, це буде розглядатися Москвою як дозвіл наступати – звернення Президента Володимира Зеленського"
"https://www.president.gov.ua/news/promova-prezidenta-ukrayini-v-erahtasi-parlamenti-irlandiyi-74137","Промова Президента України в Ерахтасі, парламенті Ірландії"
"https://www.president.gov.ua/news/zaraz-kiyiv-ce-stolicya-globalnoyi-demokratiyi-stolicya-boro-74129","Зараз Київ – це столиця глобальної демократії, столиця боротьби за свободу для усіх в Європі – звернення Президента Володимира Зеленського"
"https://www.president.gov.ua/news/promova-prezidenta-ukrayini-u-generalnih-kortesah-ispaniyi-74125","Промова Президента України у Генеральних кортесах Іспанії"
"https://www.president.gov.ua/news/vistup-prezidenta-ukrayini-na-zasidanni-radi-bezpeki-oon-74121","Виступ Президента України на засіданні Ради Безпеки ООН"
"https://www.president.gov.ua/news/ye-bezlich-dokaziv-sho-same-rosijski-vijska-znishuyut-mirni-74089","Є безліч доказів, що саме російські війська знищують мирні міста, катують та вбивають мирних людей – звернення Президента Володимира Зеленського"
"https://www.president.gov.ua/news/promova-prezidenta-ukrayini-volodimira-zelenskogo-v-parlamen-74081","Промова Президента України Володимира Зеленського в парламенті Румунії"
"https://www.president.gov.ua/news/chas-zrobiti-vse-shob-voyenni-zlochini-rosijskih-vijskovih-s-74053","Час зробити все, щоб воєнні злочини російських військових стали останнім проявом цього зла на землі – звернення Президента України"
"https://www.president.gov.ua/news/robit-use-sho-mozhete-shob-mi-razom-vistoyali-v-cij-vijni-za-74041","Робіть усе, що можете, щоб ми разом вистояли в цій війні за нашу свободу і незалежність – звернення Президента України Володимира Зеленського"
"https://www.president.gov.ua/news/yevropa-ne-maye-prava-reaguvati-movchannyam-na-te-sho-vidbuv-74029","Європа не має права реагувати мовчанням на те, що відбувається з нашим Маріуполем – звернення Президента України"
"https://www.president.gov.ua/news/mi-vsi-odnakovo-hochemo-peremogi-ale-poperedu-budut-bitvi-zv-74009","Ми всі однаково хочемо перемоги, але попереду будуть битви – звернення Президента Володимира Зеленського"
"https://www.president.gov.ua/news/promova-prezidenta-ukrayini-volodimira-zelenskogo-u-federaln-74005","Промова Президента України Володимира Зеленського у Федеральному парламенті Бельгії"
"https://www.president.gov.ua/news/promova-prezidenta-ukrayini-volodimira-zelenskogo-u-generaln-74001","Промова Президента України Володимира Зеленського у Генеральних штатах, парламенті Нідерландів"
"https://www.president.gov.ua/news/promova-prezidenta-ukrayini-volodimira-zelenskogo-v-parlamen-73993","Промова Президента України Володимира Зеленського в парламенті Австралії"
"https://www.president.gov.ua/news/mi-nichogo-ne-viddamo-i-budemo-borotisya-za-kozhen-metr-nash-73973","Ми нічого не віддамо і будемо боротися за кожен метр нашої землі, за кожну людину – звернення Президента України"
"https://www.president.gov.ua/news/promova-prezidenta-ukrayini-volodimira-zelenskogo-v-parlamen-73961","Промова Президента України Володимира Зеленського в парламенті Норвегії – Стортингу"
"https://www.president.gov.ua/news/signali-z-peregovoriv-mozhna-nazvati-pozitivnimi-ale-voni-ne-73937","Сигнали з переговорів можна назвати позитивними, але вони не заглушають розривів російських снарядів – звернення Президента України"
"https://www.president.gov.ua/news/promova-prezidenta-ukrayini-volodimira-zelenskogo-u-folketin-73925","Промова Президента України Володимира Зеленського у Фолькетингу"
"https://www.president.gov.ua/news/mi-povinni-borotisya-nam-ne-mozhna-vipalyuvati-emociyi-shob-73913","Ми повинні боротися, нам не можна випалювати емоції, щоб не перегоріти – звернення Президента України"
"https://www.president.gov.ua/news/tizhden-ochikuyetsya-duzhe-nasichenij-tozh-nikomu-ne-vdastsy-73905","Тиждень очікується дуже насичений, тож нікому не вдасться сховати український інтерес десь у політичних кабінетах – звернення Президента України"
"https://www.president.gov.ua/news/rosijski-vijska-znishuyut-use-sho-robit-nas-narodom-ale-za-c-73873","Російські війська знищують усе, що робить нас народом, але за це на них чекає відповідальність – звернення Президента Володимира Зеленського"
"https://www.president.gov.ua/news/promova-kerivnika-ofisu-prezidenta-ukrayini-andriya-yermaka-73833","Промова керівника Офісу Президента України Андрія Єрмака під час участі у відеозустрічі Atlantic Council"
"https://www.president.gov.ua/news/strimuyuchi-rosijski-diyi-nashi-zahisniki-pidvodyat-kerivnic-73829","Стримуючи російські дії, наші захисники підводять керівництво Росії до думки: треба говорити – звернення Президента України Володимира Зеленського"
"https://www.president.gov.ua/news/yakbi-rosiya-znala-sho-yiyi-chekaye-v-ukrayini-vona-b-tochno-73813","Якби Росія знала, що її чекає в Україні, вона б точно побоялася сюди йти – звернення Президента Володимира Зеленського"
"https://www.president.gov.ua/news/promova-prezidenta-ukrayini-volodimira-zelenskogo-na-zasidan-73809","Промова Президента України Володимира Зеленського на засіданні Європейської ради"
"https://www.president.gov.ua/news/zvernennya-prezidenta-ukrayini-volodimira-zelenskogo-do-ucha-73801","Звернення Президента України Володимира Зеленського до учасників саміту «Групи семи»"
"https://www.president.gov.ua/news/promova-prezidenta-ukrayini-u-riksdagu-shveciyi-73793","Промова Президента України у Риксдагу Швеції"
"https://www.president.gov.ua/news/vistup-prezidenta-ukrayini-volodimira-zelenskogo-na-samiti-n-73785","Виступ Президента України Володимира Зеленського на саміті НАТО"
"https://www.president.gov.ua/news/zvernennya-prezidenta-volodimira-zelenskogo-do-ukrayinciv-i-73777","Звернення Президента Володимира Зеленського до українців і народів світу"
"https://www.president.gov.ua/news/promova-prezidenta-ukrayini-na-spilnomu-zibranni-senatu-naci-73773","Промова Президента України на спільному зібранні Сенату, Національних зборів Французької Республіки та Ради міста Парижа"
"https://www.president.gov.ua/news/promova-prezidenta-ukrayini-volodimira-zelenskogo-v-parlamen-73769","Промова Президента України Володимира Зеленського в парламенті Японії"
"https://www.president.gov.ua/news/cogo-tizhnya-samiti-velikoyi-simki-nato-i-yes-novi-paketi-sa-73749","Цього тижня – саміти «Великої сімки», НАТО і ЄС, нові пакети санкцій і нова допомога – звернення Президента України"
"https://www.president.gov.ua/news/promova-kerivnika-ofisu-prezidenta-andriya-yermaka-v-chatham-73745","Промова керівника Офісу Президента Андрія Єрмака в Chatham House"
"https://www.president.gov.ua/news/promova-prezidenta-ukrayini-volodimira-zelenskogo-v-palati-d-73733","Промова Президента України Володимира Зеленського в Палаті депутатів Італії"
"https://www.president.gov.ua/news/ce-buv-ishe-odin-den-yakij-nablizhaye-nas-usih-do-peremogi-z-73717","Це був іще один день, який наближає нас усіх до перемоги – звернення Президента Володимира Зеленського"
"https://www.president.gov.ua/news/zhenit-okupantiv-zhenit-cih-rabiv-zvernennya-prezidenta-volo-73713","Женіть окупантів, женіть цих рабів: звернення Президента Володимира Зеленського до жителів українських міст"
"https://www.president.gov.ua/news/mi-pracyuyemo-nad-tim-shob-druzyami-ukrayini-buv-uves-svit-z-73705","Ми працюємо над тим, щоб друзями України був увесь світ – звернення Президента Володимира Зеленського"
"https://www.president.gov.ua/news/promova-prezidenta-ukrayini-volodimira-zelenskogo-v-kneseti-73701","Промова Президента України Володимира Зеленського в Кнесеті"
"https://www.president.gov.ua/news/sho-bilshe-rosiya-zastosovuye-teroru-proti-ukrayini-girshi-n-73685","Що більше Росія застосовує терору проти України, то гірші наслідки для неї – звернення Президента Володимира Зеленського"
"https://www.president.gov.ua/news/zvernennya-prezidenta-ukrayini-volodimira-zelenskogo-do-naro-73677","Звернення Президента України Володимира Зеленського до народу Швейцарії"
"https://www.president.gov.ua/news/zmistovni-peregovori-pro-mir-i-bezpeku-dlya-ukrayini-yedinij-73661","Змістовні переговори про мир і безпеку для України – єдиний шанс для Росії зменшити шкоду від власних помилок – звернення Президента Володимира Зеленського"
"https://www.president.gov.ua/news/atakuyuchi-ukrayinu-rosiya-znishit-use-chogo-dosyagla-za-min-73657","Атакуючи Україну, Росія знищить усе, чого досягла за минулі 25 років – звернення Президента Володимира Зеленського"
"https://www.president.gov.ua/news/nasha-taktika-koli-suprotivnik-ne-znaye-chogo-vid-nas-chekat-73645","Наша тактика – коли супротивник не знає, чого від нас чекати – звернення Президента України"
"https://www.president.gov.ua/news/promova-prezidenta-ukrayini-volodimira-zelenskogo-u-bundesta-73621","Промова Президента України Володимира Зеленського у Бундестазі"
"https://www.president.gov.ua/news/svit-povinen-oficijno-viznati-sho-rosiya-stala-derzhavoyu-te-73613","Світ повинен офіційно визнати, що Росія стала державою-терористом – звернення Президента України"
"https://www.president.gov.ua/news/promova-prezidenta-ukrayini-volodimira-zelenskogo-pered-kong-73609","Промова Президента України Володимира Зеленського перед Конгресом США"
"https://www.president.gov.ua/news/za-kozhen-akt-terorizmu-rosijskih-vijsk-na-teritoriyi-ukrayi-73597","За кожен акт тероризму російських військ на території України буде міжнародний трибунал – звернення Президента Володимира Зеленського"
"https://www.president.gov.ua/news/opir-stijkist-ta-horobrist-nashih-zahisnikiv-dayut-zmogu-zbe-73589","Опір, стійкість та хоробрість наших захисників дають змогу зберегти наш народ і нашу землю – звернення Президента України"
"https://www.president.gov.ua/news/promova-prezidenta-ukrayini-volodimira-zelenskogo-u-parlamen-73581","Промова Президента України Володимира Зеленського у парламенті Канади"
"https://www.president.gov.ua/news/kozhen-postril-rosiyi-po-ukrayini-ce-krok-do-yiyi-samoznishe-73577","Кожен постріл Росії по Україні – це крок до її самознищення – звернення Президента Володимира Зеленського"
"https://www.president.gov.ua/news/vidpovidalnist-za-voyenni-zlochini-dlya-rosijskih-vijskovih-73561","Відповідальність за воєнні злочини для російських військових неминуча – звернення Президента України"
"https://www.president.gov.ua/news/sogodni-dobrovolcyami-ye-vsi-hto-vidchuvaye-vilnij-poklik-do-73557","Сьогодні добровольцями є всі, хто відчуває вільний поклик до захисту України – звернення Президента Володимира Зеленського"
"https://www.president.gov.ua/news/peremozhemo-zavdyaki-nashomu-vminnyu-gurtuvatisya-ta-zavzhdi-73541","Переможемо завдяки нашому вмінню гуртуватися та завжди памʼятати про своїх – звернення Президента України Володимира Зеленського"
"https://www.president.gov.ua/news/she-potribno-borotis-i-zavdati-vorogu-maksimalnoyi-shkodi-na-73529","Ще потрібно боротись і завдати ворогу максимальної шкоди на всіх напрямках оборони – звернення Президента України"
"https://www.president.gov.ua/news/zvernennya-prezidenta-ukrayini-volodimira-zelenskogo-do-ital-73525","Звернення Президента України Володимира Зеленського до італійців та усіх європейців"
"https://www.president.gov.ua/news/chas-buti-efektivnimi-v-rutinnih-spravah-i-viddavati-vse-neo-73509","Час бути ефективними в рутинних справах і віддавати все необхідне для оборони – звернення Президента України Володимира Зеленського"
"https://www.president.gov.ua/news/sogodni-kozhen-zdobuvaye-ukrayini-slavu-na-svoyemu-misci-zve-73501","Сьогодні кожен здобуває Україні славу на своєму місці – звернення Президента Володимира Зеленського"
"https://www.president.gov.ua/news/vistup-prezidenta-ukrayini-volodimira-zelenskogo-v-sejmi-res-73497","Виступ Президента України Володимира Зеленського в Сеймі Республіки Польща"
"https://www.president.gov.ua/news/mi-vzhe-dosyagli-strategichnogo-perelomu-i-jdemo-do-nashoyi-73493","Ми вже досягли стратегічного перелому і йдемо до нашої перемоги – звернення Президента Володимира Зеленського"
"https://www.president.gov.ua/news/derzhava-robit-use-shob-dopomogti-mariupolyu-zvernennya-prez-73485","Держава робить усе, щоб допомогти Маріуполю – звернення Президента Володимира Зеленського"
"https://www.president.gov.ua/news/zavdyaki-nashim-zahisnikam-ukrayinci-ne-stali-rabami-j-nikol-73477","Завдяки нашим захисникам українці не стали рабами й ніколи не стануть – звернення Президента Володимира Зеленського"
"https://www.president.gov.ua/news/yevropejci-povinni-posilyuvati-sankciyi-proti-rosiyi-tak-sho-73465","Європейці повинні посилювати санкції проти Росії так, щоб у неї не було жодної можливості продовжувати геноцид в Україні – звернення Президента Володимира Зеленського"
"https://www.president.gov.ua/news/ukrayinci-vistoyali-j-nadihnuli-ves-svit-svoyeyu-rishuchisty-73457","Українці вистояли й надихнули весь світ своєю рішучістю – звернення Президента Володимира Зеленського"
"https://www.president.gov.ua/news/svit-ne-virit-u-majbutnye-rosiyi-govorit-pro-ukrayinu-dopoma-73445","Світ не вірить у майбутнє Росії, а говорить про Україну, допомагає і готується підтримати нашу відбудову після війни – звернення Президента Володимира Зеленського"
"https://www.president.gov.ua/news/zvernennya-prezidenta-ukrayini-volodimira-zelenskogo-do-parl-73441","Звернення Президента України Володимира Зеленського до парламенту Великої Британії"
"https://www.president.gov.ua/news/u-providnih-stolicyah-lyudyanist-povinna-peremogti-strah-ta-73429","У провідних столицях людяність повинна перемогти страх та вигоди, і тоді українське небо буде безпечне, а міста – розблоковані – звернення Президента Володимира Зеленського"
"https://www.president.gov.ua/news/kozhen-den-sprotivu-stvoryuye-dlya-ukrayini-krashi-umovi-na-73417","Кожен день спротиву створює для України кращі умови на переговорах, щоб гарантувати наше майбутнє у мирі – звернення Президента Володимира Зеленського"
"https://www.president.gov.ua/news/majbutnye-kontinentu-virishuyemo-mi-svoyim-sprotivom-i-nashi-73397","Майбутнє континенту вирішуємо ми своїм спротивом і наші друзі своєю допомогою – звернення Президента Володимира Зеленського"
"https://www.president.gov.ua/news/zuhvalist-agresora-ce-chitkij-signal-sho-zastosovanih-proti-73393","Зухвалість агресора – це чіткий сигнал, що застосованих проти Росії санкцій недостатньо – звернення Президента"
"https://www.president.gov.ua/news/ukrayina-otrimuye-vid-partneriv-pidtrimku-pidkriplenu-konkre-73377","Україна отримує від партнерів підтримку, підкріплену конкретними кроками – звернення Президента Володимира Зеленського"
"https://www.president.gov.ua/news/ukrayinci-ne-vidstupayut-ne-zdayutsya-ne-zupinyayut-sprotivu-73373","Українці не відступають, не здаються, не зупиняють спротиву – звернення Президента Володимира Зеленського"
"https://www.president.gov.ua/news/upevnenij-sho-vzhe-skoro-mi-zmozhemo-skazati-nashim-lyudyam-73365","Упевнений, що вже скоро ми зможемо сказати нашим людям: повертайтеся, бо загрози більше немає – звернення Президента Володимира Зеленського"
"https://www.president.gov.ua/news/mi-prodovzhuyemo-borotisya-mi-zahistimo-nashu-derzhavu-i-zvi-73357","Ми продовжуємо боротися, ми захистимо нашу державу і звільнимо нашу землю завдяки нашим героям – звернення Президента України"
"https://www.president.gov.ua/news/mi-perezhili-nich-yaka-mogla-zupiniti-istoriyu-ukrayini-ta-y-73337","Ми пережили ніч, яка могла зупинити історію України та Європи – звернення Президента Володимира Зеленського"
"https://www.president.gov.ua/news/ukrayinu-stilki-raziv-hotili-znishiti-ale-ne-zmogli-zvernenn-73297","Україну стільки разів хотіли знищити, але не змогли – звернення Президента Володимира Зеленського"
"https://www.president.gov.ua/news/dlya-nas-ce-vitchiznyana-vijna-i-mi-znayemo-chim-taki-vijni-73293","Для нас це вітчизняна війна, і ми знаємо, чим такі війни закінчуються для загарбників – звернення Президента України"
"https://www.president.gov.ua/news/zvernennya-prezidenta-ukrayinci-simvol-nezlamnosti-73281","Звернення Президента: українці – символ незламності"
"https://www.president.gov.ua/news/raketa-po-centralnij-ploshi-harkova-ce-terorizm-i-rosiya-may-73261","Ракета по центральній площі Харкова – це тероризм, і Росія має відповісти за це в міжнародних судах – звернення Президента України"
"https://www.president.gov.ua/news/zlo-ozbroyene-raketami-bombami-j-artileriyeyu-treba-zupiniti-73257","Зло, озброєне ракетами, бомбами й артилерією, треба зупинити негайно – звернення Президента України"
"https://www.president.gov.ua/news/stoyimo-micno-zvernennya-prezidenta-ukrayini-73241","Стоїмо міцно: звернення Президента України"
"https://www.president.gov.ua/news/zvernennya-prezidenta-volodimira-zelenskogo-do-gromadyan-73233","Звернення Президента Володимира Зеленського до громадян"
"https://www.president.gov.ua/news/zvernennya-prezidenta-ukrayini-do-gromadyan-u-chetvertij-den-73221","Звернення Президента України до громадян у четвертий день війни"
"https://www.president.gov.ua/news/prezident-ukrainy-vladimir-zelenskij-obratilsya-k-grazhdanam-73217","Президент Украины Владимир Зеленский обратился к гражданам Беларуси"
"https://www.president.gov.ua/news/mi-vistoyali-zvernennya-prezidenta-ukrayini-u-tretij-den-vij-73197","Ми вистояли: звернення Президента України у третій день війни"
"https://www.president.gov.ua/news/zvernennya-prezidenta-ukrayini-vvecheri-drugogo-dnya-masshta-73189","Звернення Президента України ввечері другого дня масштабної війни"
"https://www.president.gov.ua/news/zvernennya-prezidenta-ukrayini-73165","Звернення Президента України"
"https://www.president.gov.ua/news/zvernennya-prezidenta-na-drugij-ranok-masshtabnoyi-vijni-73153","Звернення Президента на другий ранок масштабної війни"
"https://www.president.gov.ua/news/zvernennya-prezidenta-do-ukrayinciv-naprikinci-pershogo-dnya-73149","Звернення Президента до українців наприкінці першого дня атак Росії"
"https://www.president.gov.ua/news/zvernennya-prezidenta-ukrayini-73137","Звернення Президента України"
"https://www.president.gov.ua/news/vistup-prezidenta-ukrayini-na-58-j-myunhenskij-konferenciyi-72997","Виступ Президента України на 58-й Мюнхенській конференції з питань безпеки"
"https://www.president.gov.ua/news/zvernennya-prezidenta-ukrayini-shodo-yednosti-ukrayinskogo-s-72893","Звернення Президента України щодо єдності українського суспільства"
"https://www.president.gov.ua/news/zvernennya-prezidenta-z-nagodi-dnya-sobornosti-ukrayini-72489","Звернення Президента з нагоди Дня Соборності України"
"https://www.president.gov.ua/news/vistup-prezidenta-volodimira-zelenskogo-u-verhovnij-radi-zi-71805","Виступ Президента Володимира Зеленського у Верховній Раді зі щорічним Посланням про внутрішнє і зовнішнє становище України"
"https://www.president.gov.ua/news/zvernennya-prezidenta-do-svitovogo-ukrayinstva-71757","Звернення Президента до світового українства"
"https://www.president.gov.ua/news/zvernennya-prezidenta-ukrayini-z-nagodi-dnya-pamyati-zhertv-71749","Звернення Президента України з нагоди Дня пам'яті жертв голодоморів"
"https://www.president.gov.ua/news/zvernennya-prezidenta-ukrayini-z-nagodi-dnya-gidnosti-ta-svo-71637","Звернення Президента України з нагоди Дня Гідності та Свободи"
"https://www.president.gov.ua/news/vistup-prezidenta-ukrayini-volodimira-zelenskogo-na-zagalnih-70773","Виступ Президента України Володимира Зеленського на загальних дебатах 76-ї сесії Генеральної Асамблеї ООН"
"https://www.president.gov.ua/news/promova-prezidenta-volodimira-zelenskogo-z-nagodi-30-yi-rich-70333","Промова Президента Володимира Зеленського з нагоди 30-ї річниці незалежності України"
"https://www.president.gov.ua/news/ukrayina-kiyivska-rus-1033-zvernennya-prezidenta-volodimira-69757","«Україна. Київська Русь. 1033»: звернення Президента Володимира Зеленського з нагоди Дня Хрещення Київської Русі – України"
"https://www.president.gov.ua/news/zvernennya-prezidenta-do-ukrayinskih-olimpijciv-69705","Звернення Президента до українських олімпійців"
"https://www.president.gov.ua/news/zvernennya-glavi-derzhavi-za-rezultatami-zasidannya-radi-nac-68849","Звернення Глави держави за результатами засідання Ради національної безпеки і оборони 4 червня"
"https://www.president.gov.ua/news/zvernennya-glavi-derzhavi-z-nagodi-dnya-pamyati-zhertv-genoc-68513","Звернення Глави держави з нагоди Дня пам’яті жертв геноциду кримськотатарського народу"
"https://www.president.gov.ua/news/zvernennya-prezidenta-ukrayini-za-rezultatami-zasidannya-rad-68457","Звернення Президента України за результатами засідання Ради національної безпеки і оборони 14 травня"
"https://www.president.gov.ua/news/zvernennya-prezidenta-ukrayini-z-nagodi-dnya-peremogi-nad-na-68341","Звернення Президента України з нагоди Дня перемоги над нацизмом у Другій світовій війні"
"https://www.president.gov.ua/news/zvernennya-prezidenta-ukrayini-z-nagodi-dnya-pamyati-ta-prim-68321","Звернення Президента України з нагоди Дня пам'яті та примирення"
"https://www.president.gov.ua/news/zvernennya-prezidenta-volodimira-zelenskogo-shodo-rishen-rnb-67761","Звернення Президента Володимира Зеленського щодо рішень РНБО, ситуації на Донбасі та підтримки України з боку США"
"https://www.president.gov.ua/news/zvernennya-prezidenta-volodimira-zelenskogo-shodo-ostannih-r-67249","Звернення Президента Володимира Зеленського щодо останніх рішень РНБО та посилення карантину в окремих регіонах"
"https://www.president.gov.ua/news/zvernennya-prezidenta-ukrayini-shodo-ostannih-rishen-rnbo-67109","Звернення Президента України щодо останніх рішень РНБО"
"https://www.president.gov.ua/news/zvernennya-prezidenta-ukrayini-z-nagodi-dnya-sprotivu-okupac-66821","Звернення Президента України з нагоди Дня спротиву окупації АР Крим та міста Севастополя"
"https://www.president.gov.ua/news/zvernennya-prezidenta-shodo-pochatku-vakcinaciyi-vid-covid-1-66181","Звернення Президента щодо початку вакцинації від COVID-19"
"https://www.president.gov.ua/news/zvernennya-prezidenta-do-uchasnikiv-vseukrayinskogo-onlajn-f-65653","Звернення Президента до учасників Всеукраїнського онлайн-форуму Національної ради дітей і молоді"
"https://www.president.gov.ua/news/zvernennya-prezidenta-ukrayini-volodimira-zelenskogo-u-den-p-65325","Звернення Президента України Володимира Зеленського у День пам’яті жертв голодоморів"
"https://www.president.gov.ua/news/zvernennya-prezidenta-ukrayini-z-nagodi-dnya-gidnosti-ta-svo-65169","Звернення Президента України з нагоди Дня Гідності та Свободи"
"https://www.president.gov.ua/news/poslannya-prezidenta-ukrayini-volodimira-zelenskogo-do-verho-64717","Послання Президента України Володимира Зеленського до Верховної Ради про внутрішнє та зовнішнє становище України"
"https://www.president.gov.ua/news/vistup-prezidenta-ukrayini-volodimira-zelenskogo-na-zagalnih-63889","Виступ Президента України Володимира Зеленського на загальних дебатах 75-ї сесії Генеральної Асамблеї ООН"
"https://www.president.gov.ua/news/promova-prezidenta-z-nagodi-dnya-nezalezhnosti-ukrayini-62953","Промова Президента з нагоди Дня Незалежності України"
"https://www.president.gov.ua/news/vistup-prezidenta-ukrayini-na-urochistomu-zasidanni-verhovno-62293","Виступ Президента України на урочистому засіданні Верховної Ради з нагоди 30-річчя ухвалення Декларації про державний суверенітет"
"https://www.president.gov.ua/news/zvernennya-prezidenta-ukrayini-z-nagodi-dnya-konstituciyi-61937","Звернення Президента України з нагоди Дня Конституції"
"https://www.president.gov.ua/news/zvernennya-prezidenta-u-zvyazku-z-povinnyu-v-zahidnih-oblast-61821","Звернення Президента у зв'язку з повінню в західних областях України"
"https://www.president.gov.ua/news/zvernennya-prezidenta-ukrayini-z-nagodi-dnya-medichnogo-prac-61745","Звернення Президента України з нагоди Дня медичного працівника"
"https://www.president.gov.ua/news/zvernennya-prezidenta-ukrayini-shodo-poslablennya-karantinu-61141","Звернення Президента України щодо послаблення карантину"
"https://www.president.gov.ua/news/zvernennya-prezidenta-z-nagodi-dnya-peremogi-nad-nacizmom-u-61097","Звернення Президента з нагоди Дня перемоги над нацизмом у Другій світовій війні"
"https://www.president.gov.ua/news/zvernennya-glavi-derzhavi-z-nagodi-dnya-pamyati-ta-primirenn-61081","Звернення Глави держави з нагоди Дня пам’яті та примирення"
"https://www.president.gov.ua/news/koronavirus-viplati-likaryam-i-miscevi-vibori-zvernennya-pre-61041","Коронавірус, виплати лікарям і місцеві вибори: звернення Президента України до громадян"
"https://www.president.gov.ua/news/poslablennya-karantinu-ta-drugij-etap-medichnoyi-reformi-zve-60981","Послаблення карантину та другий етап медичної реформи: звернення Президента до українців"
"https://www.president.gov.ua/news/zvernennya-glavi-derzhavi-shodo-situaciyi-z-karantinnimi-obm-60969","Звернення Глави держави щодо ситуації з карантинними обмеженнями"
"https://www.president.gov.ua/news/zvernennya-prezidenta-shodo-pidtrimki-ukrayinciv-pid-chas-ep-60889","Звернення Президента щодо підтримки українців під час епідемії COVID-19"
"https://www.president.gov.ua/news/zvernennya-prezidenta-ukrayini-shodo-situaciyi-z-protidiyeyu-60813","Звернення Президента України щодо ситуації з протидією коронавірусу"
"https://www.president.gov.ua/news/zvernennya-prezidenta-z-nagodi-velikodnya-60713","Звернення Президента з нагоди Великодня"
"https://www.president.gov.ua/news/situaciya-v-zoni-vidchuzhennya-svyatkuvannya-velikodnya-ta-b-60637","Ситуація в Зоні відчуження, святкування Великодня та боротьба з коронавірусом: звернення Президента України до громадян"
"https://www.president.gov.ua/news/zmini-do-byudzhetu-pokarannya-za-vipalyuvannya-travi-ta-pidt-60581","Зміни до бюджету, покарання за випалювання трави та підтримка вчителів: звернення Глави держави до українців"
"https://www.president.gov.ua/news/zvernennya-prezidenta-shodo-zahodiv-yakih-vzhivaye-derzhava-60525","Звернення Президента щодо заходів, яких вживає держава для протидії коронавірусу"
"https://www.president.gov.ua/news/zvernennya-prezidenta-shodo-zabezpechennya-medichnih-pracivn-60493","Звернення Президента щодо забезпечення медичних працівників засобами захисту"
"https://www.president.gov.ua/news/zabezpechennya-zasobami-zahistu-vid-koronavirusu-socialna-pi-60445","Забезпечення засобами захисту від коронавірусу, соціальна підтримка та робочі місця: звернення Володимира Зеленського до українців"
"https://www.president.gov.ua/news/zvernennya-prezidenta-ukrayini-shodo-situaciyi-z-protidiyeyu-60373","Звернення Президента України щодо ситуації з протидією коронавірусу"
"https://www.president.gov.ua/news/zvernennya-glavi-derzhavi-shodo-prodovzhennya-borotbi-z-koro-60329","Звернення Глави держави щодо продовження боротьби з коронавірусом в Україні"
"https://www.president.gov.ua/news/zvernennya-prezidenta-ukrayini-shodo-zabezpechennya-zasobami-60261","Звернення Президента України щодо забезпечення засобами, необхідними для боротьби з поширенням коронавірусу"
"https://www.president.gov.ua/news/zvernennya-prezidenta-ukrayini-shodo-protidiyi-poshirennyu-k-60237","Звернення Президента України щодо протидії поширенню коронавірусної інфекції"
"https://www.president.gov.ua/news/zvernennya-glavi-derzhavi-shodo-protidiyi-koronavirusu-60225","Звернення Глави держави щодо протидії коронавірусу"
"https://www.president.gov.ua/news/zvernennya-prezidenta-ukrayini-u-zvyazku-iz-zaprovadzhennyam-60205","Звернення Президента України у зв’язку із запровадженням карантину"
"https://www.president.gov.ua/news/zvernennya-glavi-derzhavi-shodo-protidiyi-koronavirusu-60181","Звернення Глави держави щодо протидії коронавірусу"
"https://www.president.gov.ua/news/zvernennya-prezidenta-volodimira-zelenskogo-shodo-zahodiv-z-60161","Звернення Президента Володимира Зеленського щодо заходів з протидії поширенню коронавірусу в Україні"
"https://www.president.gov.ua/news/vistup-prezidenta-ukrayini-volodimira-zelenskogo-na-pozacher-60017","Виступ Президента України Володимира Зеленського на позачерговому засіданні Верховної Ради"
"https://www.president.gov.ua/news/zvernennya-prezidenta-ukrayini-z-nagodi-dnya-geroyiv-nebesno-59913","Звернення Президента України з нагоди Дня Героїв Небесної Сотні"
"https://www.president.gov.ua/news/vistup-prezidenta-ukrayini-volodimira-zelenskogo-na-myunhens-59817","Виступ Президента України Володимира Зеленського на Мюнхенській безпековій конференції"
"https://www.president.gov.ua/news/zvernennya-prezidenta-z-nagodi-dnya-vshanuvannya-uchasnikiv-59793","Звернення Президента з нагоди Дня вшанування учасників бойових дій на території інших держав"
"https://www.president.gov.ua/news/prezident-ukrayini-pidtrimav-zvernennya-do-centru-pamyati-go-59485","Президент України підтримав звернення до центру пам’яті Голокосту про присвоєння митрополиту Андрею Шептицькому почесного звання Праведника народів світу"
"https://www.president.gov.ua/news/zvernennya-prezidenta-z-nagodi-dnya-sobornosti-ukrayini-59353","Звернення Президента з нагоди Дня соборності України"
"https://www.president.gov.ua/news/zvernennya-prezidenta-ukrayini-shodo-situaciyi-zi-zbittyam-l-59253","Звернення Президента України щодо ситуації зі збиттям літака МАУ в Тегерані"
"https://www.president.gov.ua/news/zvernennya-prezidenta-ukrayini-volodimira-zelenskogo-u-zvyaz-59185","Звернення Президента України Володимира Зеленського у зв’язку з катастрофою пасажирського літака української авіакомпанії в Ірані 8 січня"
"https://www.president.gov.ua/news/prezident-u-zvernenni-do-gromadyan-ya-prisyagnuv-boroniti-su-57789","Президент у зверненні до громадян: Я присягнув боронити суверенітет і незалежність України, я залишатимуся вірним цій клятві завжди"
"https://www.president.gov.ua/news/zvernennya-prezidenta-ukrayini-volodimira-zelenskogo-57593","Звернення Президента України Володимира Зеленського"
"https://www.president.gov.ua/news/zvernennya-prezidenta-ukrayini-do-ukrayinskogo-narodu-u-zvya-57541","Звернення Президента України до Українського народу у зв’язку з 78-ми роковинами трагедії Бабиного Яру"
"https://www.president.gov.ua/news/vistup-prezidenta-ukrayini-volodimira-zelenskogo-na-zagalnih-57477","Виступ Президента України Володимира Зеленського на загальних дебатах 74-ї сесії Генеральної Асамблеї ООН"
"https://www.president.gov.ua/news/vistup-prezidenta-ukrayini-volodimira-zelenskogo-na-16-j-sho-57257","Виступ Президента України Володимира Зеленського на 16-й щорічній зустрічі Ялтинської європейської стратегії"
"https://www.president.gov.ua/news/pozachergove-poslannya-prezidenta-ukrayini-do-verhovnoyi-rad-56981","Позачергове послання Президента України до Верховної Ради"
"https://www.president.gov.ua/news/vistup-prezidenta-ukrayini-pid-chas-urochistostej-z-nagodi-d-56937","Виступ Президента України під час урочистостей з нагоди Дня Незалежності"
"https://www.president.gov.ua/news/zvernennya-prezidenta-ukrayini-volodimira-zelenskogo-56257","Звернення Президента України Володимира Зеленського"
"https://www.president.gov.ua/news/inavguracijna-promova-prezidenta-ukrayini-volodimira-zelensk-55489","Інавгураційна промова Президента України Володимира Зеленського"
